
=============
== PyTorch ==
=============

NVIDIA Release 22.04 (build 36527063)
PyTorch Version 1.12.0a0+bd13bc6

Container image Copyright (c) 2022, NVIDIA CORPORATION & AFFILIATES. All rights reserved.

Copyright (c) 2014-2022 Facebook Inc.
Copyright (c) 2011-2014 Idiap Research Institute (Ronan Collobert)
Copyright (c) 2012-2014 Deepmind Technologies    (Koray Kavukcuoglu)
Copyright (c) 2011-2012 NEC Laboratories America (Koray Kavukcuoglu)
Copyright (c) 2011-2013 NYU                      (Clement Farabet)
Copyright (c) 2006-2010 NEC Laboratories America (Ronan Collobert, Leon Bottou, Iain Melvin, Jason Weston)
Copyright (c) 2006      Idiap Research Institute (Samy Bengio)
Copyright (c) 2001-2004 Idiap Research Institute (Ronan Collobert, Samy Bengio, Johnny Mariethoz)
Copyright (c) 2015      Google Inc.
Copyright (c) 2015      Yangqing Jia
Copyright (c) 2013-2016 The Caffe contributors
All rights reserved.

Various files include modifications (c) NVIDIA CORPORATION & AFFILIATES.  All rights reserved.

This container image and its contents are governed by the NVIDIA Deep Learning Container License.
By pulling and using the container, you accept the terms and conditions of this license:
https://developer.nvidia.com/ngc/nvidia-deep-learning-container-license

=== FULL TRAIN COMMAND START ===
2026-06-27 11:16:00 | INFO | unicore_cli.train | Namespace(activation_dropout=0.0, activation_fn='gelu', adam_betas='(0.9, 0.99)', adam_eps=1e-06, all_gather_list_size=16384, allreduce_fp32_grad=False, arch='docking_pose_v2', attention_dropout=0.1, batch_size=8, batch_size_valid=8, best_checkpoint_metric='loss', bf16=False, bf16_sr=False, broadcast_buffers=False, bucket_cap_mb=25, checkpoint_suffix='', clip_norm=1.0, conf_size=10, cpu=False, curriculum=0, data='/home/bdldt_team007/DLDockingBenchSeminar/data/processed_full', data_buffer_size=10, ddp_backend='c10d', delta_pair_repr_norm_loss=-1.0, device_id=0, disable_validation=False, dist_threshold=8.0, distributed_backend='nccl', distributed_init_method=None, distributed_no_spawn=False, distributed_num_procs=1, distributed_port=-1, distributed_rank=0, distributed_world_size=1, dropout=0.1, ema_decay=-1.0, emb_dropout=0.1, empty_cache_freq=0, encoder_attention_heads=64, encoder_embed_dim=512, encoder_ffn_embed_dim=2048, encoder_layers=15, end_learning_rate=0.0, fast_stat_sync=False, find_unused_parameters=False, finetune_from_model=None, finetune_mol_model='/home/bdldt_team007/DLDockingBenchSeminar/unimol/unimol_docking_v2/weights/mol_pre_no_h_220816.pt', finetune_pocket_model='/home/bdldt_team007/DLDockingBenchSeminar/unimol/unimol_docking_v2/weights/pocket_pre_220816.pt', fix_batches_to_gpus=False, fixed_validation_seed=None, force_anneal=None, fp16=False, fp16_init_scale=128, fp16_no_flatten_grads=False, fp16_scale_tolerance=0.0, fp16_scale_window=None, keep_best_checkpoints=-1, keep_interval_updates=-1, keep_last_epochs=30, load_from_ema=False, log_format='simple', log_interval=50, loss='docking_pose_v2', lr=[1e-05], lr_scheduler='polynomial_decay', masked_coord_loss=-1.0, masked_dist_loss=-1.0, masked_token_loss=-1.0, max_epoch=30, max_pocket_atoms=256, max_seq_len=512, max_update=0, max_valid_steps=None, maximize_best_checkpoint_metric=False, min_loss_scale=0.0001, mol=Namespace(activation_dropout=0.0, activation_fn='gelu', attention_dropout=0.1, delta_pair_repr_norm_loss=-1.0, dropout=0.1, emb_dropout=0.1, encoder_attention_heads=64, encoder_embed_dim=512, encoder_ffn_embed_dim=2048, encoder_layers=15, masked_coord_loss=-1.0, masked_dist_loss=-1.0, masked_token_loss=-1.0, max_seq_len=512, pooler_activation_fn='tanh', pooler_dropout=0.2, post_ln=False, x_norm_loss=-1.0), mol_pooler_dropout=0.2, no_epoch_checkpoints=False, no_last_checkpoints=False, no_progress_bar=False, no_save=False, no_save_optimizer_state=False, no_seed_provided=False, nprocs_per_node=1, num_workers=0, optimizer='adam', optimizer_overrides='{}', patience=-1, per_sample_clip_norm=0, pocket=Namespace(activation_dropout=0.0, activation_fn='gelu', attention_dropout=0.1, delta_pair_repr_norm_loss=-1.0, dropout=0.1, emb_dropout=0.1, encoder_attention_heads=64, encoder_embed_dim=512, encoder_ffn_embed_dim=2048, encoder_layers=15, masked_coord_loss=-1.0, masked_dist_loss=-1.0, masked_token_loss=-1.0, max_seq_len=512, pooler_activation_fn='tanh', pooler_dropout=0.2, post_ln=False, x_norm_loss=-1.0), pocket_pooler_dropout=0.2, pooler_activation_fn='tanh', pooler_dropout=0.0, post_ln=False, power=1.0, profile=False, recycling=1, required_batch_size_multiple=1, reset_dataloader=False, reset_lr_scheduler=False, reset_meters=False, reset_optimizer=False, restore_file='checkpoint_last.pt', save_dir='/home/bdldt_team007/DLDockingBenchSeminar/results/checkpoints_full', save_interval=1, save_interval_updates=500, seed=42, skip_invalid_size_inputs_valid_test=True, stop_min_lr=-1, stop_time_hours=0, suppress_crashes=False, task='docking_pose_v2', tensorboard_logdir='', threshold_loss_scale=None, tmp_save_dir='./', total_num_update=87930, train_subset='train', update_freq=[1], user_dir='/home/bdldt_team007/DLDockingBenchSeminar/unimol/unimol_docking_v2/unimol', valid_subset='valid', validate_after_updates=0, validate_interval=1, validate_interval_updates=0, validate_with_ema=False, wandb_name='', wandb_project='', warmup_ratio=-1.0, warmup_updates=5276, weight_decay=0.0, x_norm_loss=-1.0)
2026-06-27 11:16:00 | INFO | unimol.tasks.docking_pose_v2 | ligand dictionary: 30 types
2026-06-27 11:16:00 | INFO | unimol.tasks.docking_pose_v2 | pocket dictionary: 9 types
load pretrain model weight from... /home/bdldt_team007/DLDockingBenchSeminar/unimol/unimol_docking_v2/weights/mol_pre_no_h_220816.pt
load pretrain model weight from... /home/bdldt_team007/DLDockingBenchSeminar/unimol/unimol_docking_v2/weights/pocket_pre_220816.pt
2026-06-27 11:16:02 | INFO | unicore_cli.train | DockingPoseV2Model(
  (mol_model): UniMolModel(
    (embed_tokens): Embedding(31, 512, padding_idx=0)
    (encoder): TransformerEncoderWithPair(
      (emb_layer_norm): LayerNorm(torch.Size([512]), eps=1e-05, elementwise_affine=True)
      (final_layer_norm): LayerNorm(torch.Size([512]), eps=1e-05, elementwise_affine=True)
      (layers): ModuleList(
        (0): TransformerEncoderLayer(
          (self_attn): SelfMultiheadAttention(
            (in_proj): Linear(in_features=512, out_features=1536, bias=True)
            (out_proj): Linear(in_features=512, out_features=512, bias=True)
          )
          (self_attn_layer_norm): LayerNorm(torch.Size([512]), eps=1e-05, elementwise_affine=True)
          (fc1): Linear(in_features=512, out_features=2048, bias=True)
          (fc2): Linear(in_features=2048, out_features=512, bias=True)
          (final_layer_norm): LayerNorm(torch.Size([512]), eps=1e-05, elementwise_affine=True)
        )
        (1): TransformerEncoderLayer(
          (self_attn): SelfMultiheadAttention(
            (in_proj): Linear(in_features=512, out_features=1536, bias=True)
            (out_proj): Linear(in_features=512, out_features=512, bias=True)
          )
          (self_attn_layer_norm): LayerNorm(torch.Size([512]), eps=1e-05, elementwise_affine=True)
          (fc1): Linear(in_features=512, out_features=2048, bias=True)
          (fc2): Linear(in_features=2048, out_features=512, bias=True)
          (final_layer_norm): LayerNorm(torch.Size([512]), eps=1e-05, elementwise_affine=True)
        )
        (2): TransformerEncoderLayer(
          (self_attn): SelfMultiheadAttention(
            (in_proj): Linear(in_features=512, out_features=1536, bias=True)
            (out_proj): Linear(in_features=512, out_features=512, bias=True)
          )
          (self_attn_layer_norm): LayerNorm(torch.Size([512]), eps=1e-05, elementwise_affine=True)
          (fc1): Linear(in_features=512, out_features=2048, bias=True)
          (fc2): Linear(in_features=2048, out_features=512, bias=True)
          (final_layer_norm): LayerNorm(torch.Size([512]), eps=1e-05, elementwise_affine=True)
        )
        (3): TransformerEncoderLayer(
          (self_attn): SelfMultiheadAttention(
            (in_proj): Linear(in_features=512, out_features=1536, bias=True)
            (out_proj): Linear(in_features=512, out_features=512, bias=True)
          )
          (self_attn_layer_norm): LayerNorm(torch.Size([512]), eps=1e-05, elementwise_affine=True)
          (fc1): Linear(in_features=512, out_features=2048, bias=True)
          (fc2): Linear(in_features=2048, out_features=512, bias=True)
          (final_layer_norm): LayerNorm(torch.Size([512]), eps=1e-05, elementwise_affine=True)
        )
        (4): TransformerEncoderLayer(
          (self_attn): SelfMultiheadAttention(
            (in_proj): Linear(in_features=512, out_features=1536, bias=True)
            (out_proj): Linear(in_features=512, out_features=512, bias=True)
          )
          (self_attn_layer_norm): LayerNorm(torch.Size([512]), eps=1e-05, elementwise_affine=True)
          (fc1): Linear(in_features=512, out_features=2048, bias=True)
          (fc2): Linear(in_features=2048, out_features=512, bias=True)
          (final_layer_norm): LayerNorm(torch.Size([512]), eps=1e-05, elementwise_affine=True)
        )
        (5): TransformerEncoderLayer(
          (self_attn): SelfMultiheadAttention(
            (in_proj): Linear(in_features=512, out_features=1536, bias=True)
            (out_proj): Linear(in_features=512, out_features=512, bias=True)
          )
          (self_attn_layer_norm): LayerNorm(torch.Size([512]), eps=1e-05, elementwise_affine=True)
          (fc1): Linear(in_features=512, out_features=2048, bias=True)
          (fc2): Linear(in_features=2048, out_features=512, bias=True)
          (final_layer_norm): LayerNorm(torch.Size([512]), eps=1e-05, elementwise_affine=True)
        )
        (6): TransformerEncoderLayer(
          (self_attn): SelfMultiheadAttention(
            (in_proj): Linear(in_features=512, out_features=1536, bias=True)
            (out_proj): Linear(in_features=512, out_features=512, bias=True)
          )
          (self_attn_layer_norm): LayerNorm(torch.Size([512]), eps=1e-05, elementwise_affine=True)
          (fc1): Linear(in_features=512, out_features=2048, bias=True)
          (fc2): Linear(in_features=2048, out_features=512, bias=True)
          (final_layer_norm): LayerNorm(torch.Size([512]), eps=1e-05, elementwise_affine=True)
        )
        (7): TransformerEncoderLayer(
          (self_attn): SelfMultiheadAttention(
            (in_proj): Linear(in_features=512, out_features=1536, bias=True)
            (out_proj): Linear(in_features=512, out_features=512, bias=True)
          )
          (self_attn_layer_norm): LayerNorm(torch.Size([512]), eps=1e-05, elementwise_affine=True)
          (fc1): Linear(in_features=512, out_features=2048, bias=True)
          (fc2): Linear(in_features=2048, out_features=512, bias=True)
          (final_layer_norm): LayerNorm(torch.Size([512]), eps=1e-05, elementwise_affine=True)
        )
        (8): TransformerEncoderLayer(
          (self_attn): SelfMultiheadAttention(
            (in_proj): Linear(in_features=512, out_features=1536, bias=True)
            (out_proj): Linear(in_features=512, out_features=512, bias=True)
          )
          (self_attn_layer_norm): LayerNorm(torch.Size([512]), eps=1e-05, elementwise_affine=True)
          (fc1): Linear(in_features=512, out_features=2048, bias=True)
          (fc2): Linear(in_features=2048, out_features=512, bias=True)
          (final_layer_norm): LayerNorm(torch.Size([512]), eps=1e-05, elementwise_affine=True)
        )
        (9): TransformerEncoderLayer(
          (self_attn): SelfMultiheadAttention(
            (in_proj): Linear(in_features=512, out_features=1536, bias=True)
            (out_proj): Linear(in_features=512, out_features=512, bias=True)
          )
          (self_attn_layer_norm): LayerNorm(torch.Size([512]), eps=1e-05, elementwise_affine=True)
          (fc1): Linear(in_features=512, out_features=2048, bias=True)
          (fc2): Linear(in_features=2048, out_features=512, bias=True)
          (final_layer_norm): LayerNorm(torch.Size([512]), eps=1e-05, elementwise_affine=True)
        )
        (10): TransformerEncoderLayer(
          (self_attn): SelfMultiheadAttention(
            (in_proj): Linear(in_features=512, out_features=1536, bias=True)
            (out_proj): Linear(in_features=512, out_features=512, bias=True)
          )
          (self_attn_layer_norm): LayerNorm(torch.Size([512]), eps=1e-05, elementwise_affine=True)
          (fc1): Linear(in_features=512, out_features=2048, bias=True)
          (fc2): Linear(in_features=2048, out_features=512, bias=True)
          (final_layer_norm): LayerNorm(torch.Size([512]), eps=1e-05, elementwise_affine=True)
        )
        (11): TransformerEncoderLayer(
          (self_attn): SelfMultiheadAttention(
            (in_proj): Linear(in_features=512, out_features=1536, bias=True)
            (out_proj): Linear(in_features=512, out_features=512, bias=True)
          )
          (self_attn_layer_norm): LayerNorm(torch.Size([512]), eps=1e-05, elementwise_affine=True)
          (fc1): Linear(in_features=512, out_features=2048, bias=True)
          (fc2): Linear(in_features=2048, out_features=512, bias=True)
          (final_layer_norm): LayerNorm(torch.Size([512]), eps=1e-05, elementwise_affine=True)
        )
        (12): TransformerEncoderLayer(
          (self_attn): SelfMultiheadAttention(
            (in_proj): Linear(in_features=512, out_features=1536, bias=True)
            (out_proj): Linear(in_features=512, out_features=512, bias=True)
          )
          (self_attn_layer_norm): LayerNorm(torch.Size([512]), eps=1e-05, elementwise_affine=True)
          (fc1): Linear(in_features=512, out_features=2048, bias=True)
          (fc2): Linear(in_features=2048, out_features=512, bias=True)
          (final_layer_norm): LayerNorm(torch.Size([512]), eps=1e-05, elementwise_affine=True)
        )
        (13): TransformerEncoderLayer(
          (self_attn): SelfMultiheadAttention(
            (in_proj): Linear(in_features=512, out_features=1536, bias=True)
            (out_proj): Linear(in_features=512, out_features=512, bias=True)
          )
          (self_attn_layer_norm): LayerNorm(torch.Size([512]), eps=1e-05, elementwise_affine=True)
          (fc1): Linear(in_features=512, out_features=2048, bias=True)
          (fc2): Linear(in_features=2048, out_features=512, bias=True)
          (final_layer_norm): LayerNorm(torch.Size([512]), eps=1e-05, elementwise_affine=True)
        )
        (14): TransformerEncoderLayer(
          (self_attn): SelfMultiheadAttention(
            (in_proj): Linear(in_features=512, out_features=1536, bias=True)
            (out_proj): Linear(in_features=512, out_features=512, bias=True)
          )
          (self_attn_layer_norm): LayerNorm(torch.Size([512]), eps=1e-05, elementwise_affine=True)
          (fc1): Linear(in_features=512, out_features=2048, bias=True)
          (fc2): Linear(in_features=2048, out_features=512, bias=True)
          (final_layer_norm): LayerNorm(torch.Size([512]), eps=1e-05, elementwise_affine=True)
        )
      )
    )
    (gbf_proj): NonLinearHead(
      (linear1): Linear(in_features=128, out_features=128, bias=True)
      (linear2): Linear(in_features=128, out_features=64, bias=True)
    )
    (gbf): GaussianLayer(
      (means): Embedding(1, 128)
      (stds): Embedding(1, 128)
      (mul): Embedding(961, 1)
      (bias): Embedding(961, 1)
    )
    (classification_heads): ModuleDict()
  )
  (pocket_model): UniMolModel(
    (embed_tokens): Embedding(10, 512, padding_idx=0)
    (encoder): TransformerEncoderWithPair(
      (emb_layer_norm): LayerNorm(torch.Size([512]), eps=1e-05, elementwise_affine=True)
      (final_layer_norm): LayerNorm(torch.Size([512]), eps=1e-05, elementwise_affine=True)
      (layers): ModuleList(
        (0): TransformerEncoderLayer(
          (self_attn): SelfMultiheadAttention(
            (in_proj): Linear(in_features=512, out_features=1536, bias=True)
            (out_proj): Linear(in_features=512, out_features=512, bias=True)
          )
          (self_attn_layer_norm): LayerNorm(torch.Size([512]), eps=1e-05, elementwise_affine=True)
          (fc1): Linear(in_features=512, out_features=2048, bias=True)
          (fc2): Linear(in_features=2048, out_features=512, bias=True)
          (final_layer_norm): LayerNorm(torch.Size([512]), eps=1e-05, elementwise_affine=True)
        )
        (1): TransformerEncoderLayer(
          (self_attn): SelfMultiheadAttention(
            (in_proj): Linear(in_features=512, out_features=1536, bias=True)
            (out_proj): Linear(in_features=512, out_features=512, bias=True)
          )
          (self_attn_layer_norm): LayerNorm(torch.Size([512]), eps=1e-05, elementwise_affine=True)
          (fc1): Linear(in_features=512, out_features=2048, bias=True)
          (fc2): Linear(in_features=2048, out_features=512, bias=True)
          (final_layer_norm): LayerNorm(torch.Size([512]), eps=1e-05, elementwise_affine=True)
        )
        (2): TransformerEncoderLayer(
          (self_attn): SelfMultiheadAttention(
            (in_proj): Linear(in_features=512, out_features=1536, bias=True)
            (out_proj): Linear(in_features=512, out_features=512, bias=True)
          )
          (self_attn_layer_norm): LayerNorm(torch.Size([512]), eps=1e-05, elementwise_affine=True)
          (fc1): Linear(in_features=512, out_features=2048, bias=True)
          (fc2): Linear(in_features=2048, out_features=512, bias=True)
          (final_layer_norm): LayerNorm(torch.Size([512]), eps=1e-05, elementwise_affine=True)
        )
        (3): TransformerEncoderLayer(
          (self_attn): SelfMultiheadAttention(
            (in_proj): Linear(in_features=512, out_features=1536, bias=True)
            (out_proj): Linear(in_features=512, out_features=512, bias=True)
          )
          (self_attn_layer_norm): LayerNorm(torch.Size([512]), eps=1e-05, elementwise_affine=True)
          (fc1): Linear(in_features=512, out_features=2048, bias=True)
          (fc2): Linear(in_features=2048, out_features=512, bias=True)
          (final_layer_norm): LayerNorm(torch.Size([512]), eps=1e-05, elementwise_affine=True)
        )
        (4): TransformerEncoderLayer(
          (self_attn): SelfMultiheadAttention(
            (in_proj): Linear(in_features=512, out_features=1536, bias=True)
            (out_proj): Linear(in_features=512, out_features=512, bias=True)
          )
          (self_attn_layer_norm): LayerNorm(torch.Size([512]), eps=1e-05, elementwise_affine=True)
          (fc1): Linear(in_features=512, out_features=2048, bias=True)
          (fc2): Linear(in_features=2048, out_features=512, bias=True)
          (final_layer_norm): LayerNorm(torch.Size([512]), eps=1e-05, elementwise_affine=True)
        )
        (5): TransformerEncoderLayer(
          (self_attn): SelfMultiheadAttention(
            (in_proj): Linear(in_features=512, out_features=1536, bias=True)
            (out_proj): Linear(in_features=512, out_features=512, bias=True)
          )
          (self_attn_layer_norm): LayerNorm(torch.Size([512]), eps=1e-05, elementwise_affine=True)
          (fc1): Linear(in_features=512, out_features=2048, bias=True)
          (fc2): Linear(in_features=2048, out_features=512, bias=True)
          (final_layer_norm): LayerNorm(torch.Size([512]), eps=1e-05, elementwise_affine=True)
        )
        (6): TransformerEncoderLayer(
          (self_attn): SelfMultiheadAttention(
            (in_proj): Linear(in_features=512, out_features=1536, bias=True)
            (out_proj): Linear(in_features=512, out_features=512, bias=True)
          )
          (self_attn_layer_norm): LayerNorm(torch.Size([512]), eps=1e-05, elementwise_affine=True)
          (fc1): Linear(in_features=512, out_features=2048, bias=True)
          (fc2): Linear(in_features=2048, out_features=512, bias=True)
          (final_layer_norm): LayerNorm(torch.Size([512]), eps=1e-05, elementwise_affine=True)
        )
        (7): TransformerEncoderLayer(
          (self_attn): SelfMultiheadAttention(
            (in_proj): Linear(in_features=512, out_features=1536, bias=True)
            (out_proj): Linear(in_features=512, out_features=512, bias=True)
          )
          (self_attn_layer_norm): LayerNorm(torch.Size([512]), eps=1e-05, elementwise_affine=True)
          (fc1): Linear(in_features=512, out_features=2048, bias=True)
          (fc2): Linear(in_features=2048, out_features=512, bias=True)
          (final_layer_norm): LayerNorm(torch.Size([512]), eps=1e-05, elementwise_affine=True)
        )
        (8): TransformerEncoderLayer(
          (self_attn): SelfMultiheadAttention(
            (in_proj): Linear(in_features=512, out_features=1536, bias=True)
            (out_proj): Linear(in_features=512, out_features=512, bias=True)
          )
          (self_attn_layer_norm): LayerNorm(torch.Size([512]), eps=1e-05, elementwise_affine=True)
          (fc1): Linear(in_features=512, out_features=2048, bias=True)
          (fc2): Linear(in_features=2048, out_features=512, bias=True)
          (final_layer_norm): LayerNorm(torch.Size([512]), eps=1e-05, elementwise_affine=True)
        )
        (9): TransformerEncoderLayer(
          (self_attn): SelfMultiheadAttention(
            (in_proj): Linear(in_features=512, out_features=1536, bias=True)
            (out_proj): Linear(in_features=512, out_features=512, bias=True)
          )
          (self_attn_layer_norm): LayerNorm(torch.Size([512]), eps=1e-05, elementwise_affine=True)
          (fc1): Linear(in_features=512, out_features=2048, bias=True)
          (fc2): Linear(in_features=2048, out_features=512, bias=True)
          (final_layer_norm): LayerNorm(torch.Size([512]), eps=1e-05, elementwise_affine=True)
        )
        (10): TransformerEncoderLayer(
          (self_attn): SelfMultiheadAttention(
            (in_proj): Linear(in_features=512, out_features=1536, bias=True)
            (out_proj): Linear(in_features=512, out_features=512, bias=True)
          )
          (self_attn_layer_norm): LayerNorm(torch.Size([512]), eps=1e-05, elementwise_affine=True)
          (fc1): Linear(in_features=512, out_features=2048, bias=True)
          (fc2): Linear(in_features=2048, out_features=512, bias=True)
          (final_layer_norm): LayerNorm(torch.Size([512]), eps=1e-05, elementwise_affine=True)
        )
        (11): TransformerEncoderLayer(
          (self_attn): SelfMultiheadAttention(
            (in_proj): Linear(in_features=512, out_features=1536, bias=True)
            (out_proj): Linear(in_features=512, out_features=512, bias=True)
          )
          (self_attn_layer_norm): LayerNorm(torch.Size([512]), eps=1e-05, elementwise_affine=True)
          (fc1): Linear(in_features=512, out_features=2048, bias=True)
          (fc2): Linear(in_features=2048, out_features=512, bias=True)
          (final_layer_norm): LayerNorm(torch.Size([512]), eps=1e-05, elementwise_affine=True)
        )
        (12): TransformerEncoderLayer(
          (self_attn): SelfMultiheadAttention(
            (in_proj): Linear(in_features=512, out_features=1536, bias=True)
            (out_proj): Linear(in_features=512, out_features=512, bias=True)
          )
          (self_attn_layer_norm): LayerNorm(torch.Size([512]), eps=1e-05, elementwise_affine=True)
          (fc1): Linear(in_features=512, out_features=2048, bias=True)
          (fc2): Linear(in_features=2048, out_features=512, bias=True)
          (final_layer_norm): LayerNorm(torch.Size([512]), eps=1e-05, elementwise_affine=True)
        )
        (13): TransformerEncoderLayer(
          (self_attn): SelfMultiheadAttention(
            (in_proj): Linear(in_features=512, out_features=1536, bias=True)
            (out_proj): Linear(in_features=512, out_features=512, bias=True)
          )
          (self_attn_layer_norm): LayerNorm(torch.Size([512]), eps=1e-05, elementwise_affine=True)
          (fc1): Linear(in_features=512, out_features=2048, bias=True)
          (fc2): Linear(in_features=2048, out_features=512, bias=True)
          (final_layer_norm): LayerNorm(torch.Size([512]), eps=1e-05, elementwise_affine=True)
        )
        (14): TransformerEncoderLayer(
          (self_attn): SelfMultiheadAttention(
            (in_proj): Linear(in_features=512, out_features=1536, bias=True)
            (out_proj): Linear(in_features=512, out_features=512, bias=True)
          )
          (self_attn_layer_norm): LayerNorm(torch.Size([512]), eps=1e-05, elementwise_affine=True)
          (fc1): Linear(in_features=512, out_features=2048, bias=True)
          (fc2): Linear(in_features=2048, out_features=512, bias=True)
          (final_layer_norm): LayerNorm(torch.Size([512]), eps=1e-05, elementwise_affine=True)
        )
      )
    )
    (gbf_proj): NonLinearHead(
      (linear1): Linear(in_features=128, out_features=128, bias=True)
      (linear2): Linear(in_features=128, out_features=64, bias=True)
    )
    (gbf): GaussianLayer(
      (means): Embedding(1, 128)
      (stds): Embedding(1, 128)
      (mul): Embedding(100, 1)
      (bias): Embedding(100, 1)
    )
    (classification_heads): ModuleDict()
  )
  (concat_decoder): TransformerEncoderWithPair(
    (emb_layer_norm): LayerNorm(torch.Size([512]), eps=1e-05, elementwise_affine=True)
    (final_layer_norm): LayerNorm(torch.Size([512]), eps=1e-05, elementwise_affine=True)
    (final_head_layer_norm): LayerNorm(torch.Size([64]), eps=1e-05, elementwise_affine=True)
    (layers): ModuleList(
      (0): TransformerEncoderLayer(
        (self_attn): SelfMultiheadAttention(
          (in_proj): Linear(in_features=512, out_features=1536, bias=True)
          (out_proj): Linear(in_features=512, out_features=512, bias=True)
        )
        (self_attn_layer_norm): LayerNorm(torch.Size([512]), eps=1e-05, elementwise_affine=True)
        (fc1): Linear(in_features=512, out_features=2048, bias=True)
        (fc2): Linear(in_features=2048, out_features=512, bias=True)
        (final_layer_norm): LayerNorm(torch.Size([512]), eps=1e-05, elementwise_affine=True)
      )
      (1): TransformerEncoderLayer(
        (self_attn): SelfMultiheadAttention(
          (in_proj): Linear(in_features=512, out_features=1536, bias=True)
          (out_proj): Linear(in_features=512, out_features=512, bias=True)
        )
        (self_attn_layer_norm): LayerNorm(torch.Size([512]), eps=1e-05, elementwise_affine=True)
        (fc1): Linear(in_features=512, out_features=2048, bias=True)
        (fc2): Linear(in_features=2048, out_features=512, bias=True)
        (final_layer_norm): LayerNorm(torch.Size([512]), eps=1e-05, elementwise_affine=True)
      )
      (2): TransformerEncoderLayer(
        (self_attn): SelfMultiheadAttention(
          (in_proj): Linear(in_features=512, out_features=1536, bias=True)
          (out_proj): Linear(in_features=512, out_features=512, bias=True)
        )
        (self_attn_layer_norm): LayerNorm(torch.Size([512]), eps=1e-05, elementwise_affine=True)
        (fc1): Linear(in_features=512, out_features=2048, bias=True)
        (fc2): Linear(in_features=2048, out_features=512, bias=True)
        (final_layer_norm): LayerNorm(torch.Size([512]), eps=1e-05, elementwise_affine=True)
      )
      (3): TransformerEncoderLayer(
        (self_attn): SelfMultiheadAttention(
          (in_proj): Linear(in_features=512, out_features=1536, bias=True)
          (out_proj): Linear(in_features=512, out_features=512, bias=True)
        )
        (self_attn_layer_norm): LayerNorm(torch.Size([512]), eps=1e-05, elementwise_affine=True)
        (fc1): Linear(in_features=512, out_features=2048, bias=True)
        (fc2): Linear(in_features=2048, out_features=512, bias=True)
        (final_layer_norm): LayerNorm(torch.Size([512]), eps=1e-05, elementwise_affine=True)
      )
    )
  )
  (cross_distance_project): NonLinearHead(
    (linear1): Linear(in_features=1088, out_features=1088, bias=True)
    (linear2): Linear(in_features=1088, out_features=1, bias=True)
  )
  (holo_distance_project): DistanceHead(
    (dense): Linear(in_features=576, out_features=576, bias=True)
    (layer_norm): LayerNorm((576,), eps=1e-05, elementwise_affine=True)
    (out_proj): Linear(in_features=576, out_features=1, bias=True)
  )
  (concat_gbf): GaussianLayer(
    (means): Embedding(1, 128)
    (stds): Embedding(1, 128)
    (mul): Embedding(1681, 1)
    (bias): Embedding(1681, 1)
  )
  (concat_gbf_proj): NonLinearHead(
    (linear1): Linear(in_features=128, out_features=128, bias=True)
    (linear2): Linear(in_features=128, out_features=64, bias=True)
  )
  (coord_decoder): TransformerEncoderWithPair(
    (emb_layer_norm): LayerNorm(torch.Size([512]), eps=1e-05, elementwise_affine=True)
    (final_layer_norm): LayerNorm(torch.Size([512]), eps=1e-05, elementwise_affine=True)
    (final_head_layer_norm): LayerNorm(torch.Size([64]), eps=1e-05, elementwise_affine=True)
    (layers): ModuleList(
      (0): TransformerEncoderLayer(
        (self_attn): SelfMultiheadAttention(
          (in_proj): Linear(in_features=512, out_features=1536, bias=True)
          (out_proj): Linear(in_features=512, out_features=512, bias=True)
        )
        (self_attn_layer_norm): LayerNorm(torch.Size([512]), eps=1e-05, elementwise_affine=True)
        (fc1): Linear(in_features=512, out_features=2048, bias=True)
        (fc2): Linear(in_features=2048, out_features=512, bias=True)
        (final_layer_norm): LayerNorm(torch.Size([512]), eps=1e-05, elementwise_affine=True)
      )
      (1): TransformerEncoderLayer(
        (self_attn): SelfMultiheadAttention(
          (in_proj): Linear(in_features=512, out_features=1536, bias=True)
          (out_proj): Linear(in_features=512, out_features=512, bias=True)
        )
        (self_attn_layer_norm): LayerNorm(torch.Size([512]), eps=1e-05, elementwise_affine=True)
        (fc1): Linear(in_features=512, out_features=2048, bias=True)
        (fc2): Linear(in_features=2048, out_features=512, bias=True)
        (final_layer_norm): LayerNorm(torch.Size([512]), eps=1e-05, elementwise_affine=True)
      )
      (2): TransformerEncoderLayer(
        (self_attn): SelfMultiheadAttention(
          (in_proj): Linear(in_features=512, out_features=1536, bias=True)
          (out_proj): Linear(in_features=512, out_features=512, bias=True)
        )
        (self_attn_layer_norm): LayerNorm(torch.Size([512]), eps=1e-05, elementwise_affine=True)
        (fc1): Linear(in_features=512, out_features=2048, bias=True)
        (fc2): Linear(in_features=2048, out_features=512, bias=True)
        (final_layer_norm): LayerNorm(torch.Size([512]), eps=1e-05, elementwise_affine=True)
      )
      (3): TransformerEncoderLayer(
        (self_attn): SelfMultiheadAttention(
          (in_proj): Linear(in_features=512, out_features=1536, bias=True)
          (out_proj): Linear(in_features=512, out_features=512, bias=True)
        )
        (self_attn_layer_norm): LayerNorm(torch.Size([512]), eps=1e-05, elementwise_affine=True)
        (fc1): Linear(in_features=512, out_features=2048, bias=True)
        (fc2): Linear(in_features=2048, out_features=512, bias=True)
        (final_layer_norm): LayerNorm(torch.Size([512]), eps=1e-05, elementwise_affine=True)
      )
    )
  )
  (coord_delta_project): NonLinearHead(
    (linear1): Linear(in_features=64, out_features=64, bias=True)
    (linear2): Linear(in_features=64, out_features=1, bias=True)
  )
  (prmsd_project): NonLinearHead(
    (linear1): Linear(in_features=512, out_features=512, bias=True)
    (linear2): Linear(in_features=512, out_features=32, bias=True)
  )
)
2026-06-27 11:16:02 | INFO | unicore_cli.train | task: DockingPoseV2
2026-06-27 11:16:02 | INFO | unicore_cli.train | model: DockingPoseV2Model
2026-06-27 11:16:02 | INFO | unicore_cli.train | loss: DockingPosseV2Loss
2026-06-27 11:16:02 | INFO | unicore_cli.train | num. model params: 121,703,887 (num. trained: 121,703,887)
2026-06-27 11:16:04 | INFO | unicore.utils | ***********************CUDA enviroments for all 1 workers***********************
2026-06-27 11:16:04 | INFO | unicore.utils | rank   0: capabilities =  8.0  ; total memory = 39.495 GB ; name = NVIDIA A100-PCIE-40GB                   
2026-06-27 11:16:04 | INFO | unicore.utils | ***********************CUDA enviroments for all 1 workers***********************
2026-06-27 11:16:04 | INFO | unicore_cli.train | training on 1 devices (GPUs)
2026-06-27 11:16:04 | INFO | unicore_cli.train | batch size per device = 8
2026-06-27 11:16:04 | INFO | unicore.trainer | Preparing to load checkpoint /home/bdldt_team007/DLDockingBenchSeminar/results/checkpoints_full/checkpoint_last.pt
2026-06-27 11:16:07 | INFO | unicore.trainer | NOTE: your device may support faster training with --fp16
2026-06-27 11:16:07 | INFO | unicore.optim.adam | using FusedAdam
2026-06-27 11:16:08 | INFO | unicore.trainer | Loaded checkpoint /home/bdldt_team007/DLDockingBenchSeminar/results/checkpoints_full/checkpoint_last.pt (epoch 4 @ 9000 updates)
2026-06-27 11:16:08 | INFO | unicore.trainer | loading train data for epoch 4
2026-06-27 11:16:08 | INFO | unicore.tasks.unicore_task | get EpochBatchIterator for epoch 4
2026-06-27 11:16:08 | INFO | unicore.trainer | begin training epoch 4
2026-06-27 11:16:08 | INFO | unicore_cli.train | Start iterating over samples
2026-06-27 11:18:32 | INFO | train_inner | epoch 004:    257 / 2931 loss=6.359, train_loss=6.359, cross_distance_loss=0.905, distance_loss=0.397, coord_loss=4.762, RMSD=4.761, prmsd_loss=2.958, ups=0.01, bsz=8, num_updates=9050, lr=9.5434e-06, gnorm=29.834, clip=100, train_wall=144.47, gb_free=31.7, wall=0
2026-06-27 11:20:55 | INFO | train_inner | epoch 004:    307 / 2931 loss=6.506, train_loss=6.506, cross_distance_loss=0.912, distance_loss=0.411, coord_loss=4.888, RMSD=4.887, prmsd_loss=2.957, ups=0.35, bsz=8, num_updates=9100, lr=9.53735e-06, gnorm=16.136, clip=100, train_wall=141.94, gb_free=28.5, wall=0
2026-06-27 11:23:07 | INFO | train_inner | epoch 004:    357 / 2931 loss=6.272, train_loss=6.272, cross_distance_loss=0.909, distance_loss=0.402, coord_loss=4.667, RMSD=4.665, prmsd_loss=2.95, ups=0.38, bsz=8, num_updates=9150, lr=9.5313e-06, gnorm=60.222, clip=100, train_wall=132.46, gb_free=28, wall=0
2026-06-27 11:25:35 | INFO | train_inner | epoch 004:    407 / 2931 loss=6.453, train_loss=6.453, cross_distance_loss=0.923, distance_loss=0.431, coord_loss=4.805, RMSD=4.804, prmsd_loss=2.935, ups=0.34, bsz=8, num_updates=9200, lr=9.52525e-06, gnorm=47.179, clip=100, train_wall=148.08, gb_free=33.1, wall=0
2026-06-27 11:28:09 | INFO | train_inner | epoch 004:    457 / 2931 loss=6.528, train_loss=6.528, cross_distance_loss=0.91, distance_loss=0.416, coord_loss=4.91, RMSD=4.909, prmsd_loss=2.932, ups=0.33, bsz=8, num_updates=9250, lr=9.5192e-06, gnorm=35.572, clip=100, train_wall=153.62, gb_free=27.3, wall=0
2026-06-27 11:30:37 | INFO | train_inner | epoch 004:    507 / 2931 loss=6.343, train_loss=6.343, cross_distance_loss=0.918, distance_loss=0.431, coord_loss=4.698, RMSD=4.697, prmsd_loss=2.954, ups=0.34, bsz=8, num_updates=9300, lr=9.51315e-06, gnorm=18.446, clip=100, train_wall=147.26, gb_free=33.1, wall=0
2026-06-27 11:33:01 | INFO | train_inner | epoch 004:    557 / 2931 loss=6.363, train_loss=6.363, cross_distance_loss=0.909, distance_loss=0.421, coord_loss=4.74, RMSD=4.739, prmsd_loss=2.938, ups=0.35, bsz=8, num_updates=9350, lr=9.5071e-06, gnorm=44.264, clip=100, train_wall=144.59, gb_free=29.6, wall=0
2026-06-27 11:35:16 | INFO | train_inner | epoch 004:    607 / 2931 loss=6.379, train_loss=6.379, cross_distance_loss=0.912, distance_loss=0.471, coord_loss=4.702, RMSD=4.701, prmsd_loss=2.943, ups=0.37, bsz=8, num_updates=9400, lr=9.50105e-06, gnorm=30.574, clip=100, train_wall=134.1, gb_free=26.6, wall=0
2026-06-27 11:37:44 | INFO | train_inner | epoch 004:    657 / 2931 loss=6.306, train_loss=6.306, cross_distance_loss=0.893, distance_loss=0.442, coord_loss=4.675, RMSD=4.673, prmsd_loss=2.967, ups=0.34, bsz=8, num_updates=9450, lr=9.495e-06, gnorm=24.831, clip=100, train_wall=148.02, gb_free=27.9, wall=0
2026-06-27 11:40:15 | INFO | train_inner | epoch 004:    707 / 2931 loss=6.406, train_loss=6.406, cross_distance_loss=0.928, distance_loss=0.415, coord_loss=4.766, RMSD=4.765, prmsd_loss=2.971, ups=0.33, bsz=8, num_updates=9500, lr=9.48895e-06, gnorm=39.239, clip=100, train_wall=150.64, gb_free=22.6, wall=0
2026-06-27 11:40:15 | INFO | unicore_cli.train | begin validation on "valid" subset
2026-06-27 11:40:15 | INFO | unicore.tasks.unicore_task | get EpochBatchIterator for epoch 1
2026-06-27 13:33:51 | INFO | valid | epoch 004 | valid on 'valid' subset | loss 6.088 | valid_loss 6.088 | cross_distance_loss 0.893 | distance_loss 0.294 | coord_loss 4.6 | RMSD 4.6 | prmsd_loss 3.007 | bsz 26010 | num_updates 9500 | best_loss 6.088
2026-06-27 13:33:51 | INFO | unicore.checkpoint_utils | Preparing to save checkpoint for epoch 4 @ 9500 updates
2026-06-27 13:33:51 | INFO | unicore.trainer | Saving checkpoint to ./checkpoint_4_9500.pt
2026-06-27 13:34:19 | INFO | unicore.trainer | Finished saving checkpoint to ./checkpoint_4_9500.pt
2026-06-27 13:34:19 | INFO | unicore.checkpoint_utils | Saved checkpoint ./checkpoint_4_9500.pt (epoch 4 @ 9500 updates, score 6.088) (writing took 27.620311827864498 seconds)
2026-06-27 13:34:19 | INFO | unicore.checkpoint_utils | copy ./checkpoint_4_9500.pt to /home/bdldt_team007/DLDockingBenchSeminar/results/checkpoints_full/checkpoint_4_9500.pt
2026-06-27 13:35:12 | INFO | unicore.checkpoint_utils | copy ./checkpoint_4_9500.pt to /home/bdldt_team007/DLDockingBenchSeminar/results/checkpoints_full/checkpoint_best.pt
2026-06-27 13:35:34 | INFO | unicore.checkpoint_utils | copy ./checkpoint_4_9500.pt to /home/bdldt_team007/DLDockingBenchSeminar/results/checkpoints_full/checkpoint_last.pt
2026-06-27 13:35:56 | INFO | unicore.checkpoint_utils | removing temp file ./checkpoint_4_9500.pt ...
2026-06-27 13:35:56 | INFO | unicore.checkpoint_utils | finished async ckp saving.
2026-06-27 13:36:52 | INFO | train_inner | epoch 004:    757 / 2931 loss=6.538, train_loss=6.538, cross_distance_loss=0.918, distance_loss=0.427, coord_loss=4.9, RMSD=4.9, prmsd_loss=2.928, ups=0.01, bsz=8, num_updates=9550, lr=9.4829e-06, gnorm=26.161, clip=100, train_wall=148.64, gb_free=30.7, wall=0
2026-06-27 13:39:18 | INFO | train_inner | epoch 004:    807 / 2931 loss=6.636, train_loss=6.636, cross_distance_loss=0.904, distance_loss=0.471, coord_loss=4.974, RMSD=4.974, prmsd_loss=2.866, ups=0.34, bsz=8, num_updates=9600, lr=9.47686e-06, gnorm=53.269, clip=100, train_wall=144.72, gb_free=28, wall=0
2026-06-27 13:41:56 | INFO | train_inner | epoch 004:    857 / 2931 loss=6.414, train_loss=6.414, cross_distance_loss=0.911, distance_loss=0.452, coord_loss=4.76, RMSD=4.76, prmsd_loss=2.917, ups=0.32, bsz=8, num_updates=9650, lr=9.47081e-06, gnorm=35.532, clip=100, train_wall=157.98, gb_free=33.1, wall=0
2026-06-27 13:44:26 | INFO | train_inner | epoch 004:    907 / 2931 loss=6.342, train_loss=6.342, cross_distance_loss=0.91, distance_loss=0.415, coord_loss=4.725, RMSD=4.724, prmsd_loss=2.924, ups=0.33, bsz=8, num_updates=9700, lr=9.46476e-06, gnorm=264.396, clip=100, train_wall=149.49, gb_free=32.6, wall=0
2026-06-27 13:46:38 | INFO | train_inner | epoch 004:    957 / 2931 loss=6.18, train_loss=6.18, cross_distance_loss=0.899, distance_loss=0.37, coord_loss=4.615, RMSD=4.614, prmsd_loss=2.965, ups=0.38, bsz=8, num_updates=9750, lr=9.45871e-06, gnorm=51.548, clip=100, train_wall=132.11, gb_free=24.5, wall=0
2026-06-27 13:48:55 | INFO | train_inner | epoch 004:   1007 / 2931 loss=6.526, train_loss=6.526, cross_distance_loss=0.903, distance_loss=0.426, coord_loss=4.903, RMSD=4.903, prmsd_loss=2.936, ups=0.36, bsz=8, num_updates=9800, lr=9.45266e-06, gnorm=35.058, clip=100, train_wall=137.17, gb_free=19.3, wall=0
2026-06-27 13:51:14 | INFO | train_inner | epoch 004:   1057 / 2931 loss=6.54, train_loss=6.54, cross_distance_loss=0.918, distance_loss=0.444, coord_loss=4.887, RMSD=4.886, prmsd_loss=2.912, ups=0.36, bsz=8, num_updates=9850, lr=9.44661e-06, gnorm=29.258, clip=100, train_wall=137.99, gb_free=26, wall=0
2026-06-27 13:53:41 | INFO | train_inner | epoch 004:   1107 / 2931 loss=6.354, train_loss=6.354, cross_distance_loss=0.882, distance_loss=0.39, coord_loss=4.79, RMSD=4.79, prmsd_loss=2.919, ups=0.34, bsz=8, num_updates=9900, lr=9.44056e-06, gnorm=50.595, clip=100, train_wall=147.36, gb_free=27.3, wall=0
2026-06-27 13:56:19 | INFO | train_inner | epoch 004:   1157 / 2931 loss=6.397, train_loss=6.397, cross_distance_loss=0.911, distance_loss=0.421, coord_loss=4.773, RMSD=4.772, prmsd_loss=2.904, ups=0.32, bsz=8, num_updates=9950, lr=9.43451e-06, gnorm=59.88, clip=100, train_wall=158, gb_free=31.3, wall=0
2026-06-27 13:58:55 | INFO | train_inner | epoch 004:   1207 / 2931 loss=6.516, train_loss=6.516, cross_distance_loss=0.907, distance_loss=0.419, coord_loss=4.897, RMSD=4.896, prmsd_loss=2.931, ups=0.32, bsz=8, num_updates=10000, lr=9.42846e-06, gnorm=51.826, clip=100, train_wall=155.45, gb_free=24.6, wall=0
2026-06-27 13:58:55 | INFO | unicore_cli.train | begin validation on "valid" subset
2026-06-27 13:58:55 | INFO | unicore.tasks.unicore_task | get EpochBatchIterator for epoch 1
2026-06-27 15:46:14 | INFO | valid | epoch 004 | valid on 'valid' subset | loss 6.112 | valid_loss 6.112 | cross_distance_loss 0.886 | distance_loss 0.294 | coord_loss 4.63 | RMSD 4.627 | prmsd_loss 3.015 | bsz 26010 | num_updates 10000 | best_loss 6.088
2026-06-27 15:46:14 | INFO | unicore.checkpoint_utils | Preparing to save checkpoint for epoch 4 @ 10000 updates
2026-06-27 15:46:14 | INFO | unicore.trainer | Saving checkpoint to ./checkpoint_4_10000.pt
2026-06-27 15:46:17 | INFO | unicore.trainer | Finished saving checkpoint to ./checkpoint_4_10000.pt
2026-06-27 15:46:18 | INFO | unicore.checkpoint_utils | Saved checkpoint ./checkpoint_4_10000.pt (epoch 4 @ 10000 updates, score 6.112) (writing took 3.571227496024221 seconds)
2026-06-27 15:46:18 | INFO | unicore.checkpoint_utils | copy ./checkpoint_4_10000.pt to /home/bdldt_team007/DLDockingBenchSeminar/results/checkpoints_full/checkpoint_4_10000.pt
2026-06-27 15:46:22 | INFO | unicore.checkpoint_utils | copy ./checkpoint_4_10000.pt to /home/bdldt_team007/DLDockingBenchSeminar/results/checkpoints_full/checkpoint_last.pt
2026-06-27 15:46:25 | INFO | unicore.checkpoint_utils | removing temp file ./checkpoint_4_10000.pt ...
2026-06-27 15:46:25 | INFO | unicore.checkpoint_utils | finished async ckp saving.
2026-06-27 15:48:51 | INFO | train_inner | epoch 004:   1257 / 2931 loss=6.261, train_loss=6.261, cross_distance_loss=0.885, distance_loss=0.389, coord_loss=4.697, RMSD=4.696, prmsd_loss=2.899, ups=0.01, bsz=8, num_updates=10050, lr=9.42241e-06, gnorm=37.759, clip=100, train_wall=153.36, gb_free=29.6, wall=0
2026-06-27 15:51:20 | INFO | train_inner | epoch 004:   1307 / 2931 loss=6.563, train_loss=6.563, cross_distance_loss=0.886, distance_loss=0.497, coord_loss=4.891, RMSD=4.89, prmsd_loss=2.88, ups=0.34, bsz=8, num_updates=10100, lr=9.41636e-06, gnorm=99.592, clip=100, train_wall=148.77, gb_free=19.2, wall=0
2026-06-27 15:53:31 | INFO | train_inner | epoch 004:   1357 / 2931 loss=6.223, train_loss=6.223, cross_distance_loss=0.9, distance_loss=0.396, coord_loss=4.635, RMSD=4.634, prmsd_loss=2.924, ups=0.38, bsz=8, num_updates=10150, lr=9.41031e-06, gnorm=52.846, clip=100, train_wall=131.21, gb_free=30.7, wall=0
2026-06-27 15:55:49 | INFO | train_inner | epoch 004:   1407 / 2931 loss=6.324, train_loss=6.324, cross_distance_loss=0.898, distance_loss=0.401, coord_loss=4.729, RMSD=4.728, prmsd_loss=2.953, ups=0.36, bsz=8, num_updates=10200, lr=9.40426e-06, gnorm=33.078, clip=100, train_wall=136.87, gb_free=20.2, wall=0
2026-06-27 15:58:28 | INFO | train_inner | epoch 004:   1457 / 2931 loss=6.349, train_loss=6.349, cross_distance_loss=0.904, distance_loss=0.42, coord_loss=4.736, RMSD=4.735, prmsd_loss=2.885, ups=0.31, bsz=8, num_updates=10250, lr=9.39821e-06, gnorm=25.052, clip=100, train_wall=159.57, gb_free=32.1, wall=0
2026-06-27 16:00:50 | INFO | train_inner | epoch 004:   1507 / 2931 loss=6.348, train_loss=6.348, cross_distance_loss=0.905, distance_loss=0.441, coord_loss=4.712, RMSD=4.711, prmsd_loss=2.905, ups=0.35, bsz=8, num_updates=10300, lr=9.39216e-06, gnorm=42.25, clip=100, train_wall=141.88, gb_free=31.2, wall=0
2026-06-27 16:03:13 | INFO | train_inner | epoch 004:   1557 / 2931 loss=6.266, train_loss=6.266, cross_distance_loss=0.893, distance_loss=0.408, coord_loss=4.675, RMSD=4.675, prmsd_loss=2.899, ups=0.35, bsz=8, num_updates=10350, lr=9.38612e-06, gnorm=13.34, clip=100, train_wall=142.78, gb_free=30.7, wall=0
2026-06-27 16:05:33 | INFO | train_inner | epoch 004:   1607 / 2931 loss=6.182, train_loss=6.182, cross_distance_loss=0.886, distance_loss=0.371, coord_loss=4.632, RMSD=4.631, prmsd_loss=2.931, ups=0.36, bsz=8, num_updates=10400, lr=9.38007e-06, gnorm=26.868, clip=100, train_wall=139.62, gb_free=27.2, wall=0
2026-06-27 16:07:53 | INFO | train_inner | epoch 004:   1657 / 2931 loss=6.353, train_loss=6.353, cross_distance_loss=0.889, distance_loss=0.411, coord_loss=4.762, RMSD=4.761, prmsd_loss=2.911, ups=0.36, bsz=8, num_updates=10450, lr=9.37402e-06, gnorm=32.17, clip=100, train_wall=139.61, gb_free=30.1, wall=0
2026-06-27 16:10:11 | INFO | train_inner | epoch 004:   1707 / 2931 loss=6.198, train_loss=6.198, cross_distance_loss=0.877, distance_loss=0.424, coord_loss=4.601, RMSD=4.6, prmsd_loss=2.96, ups=0.36, bsz=8, num_updates=10500, lr=9.36797e-06, gnorm=20.343, clip=100, train_wall=138.31, gb_free=33.1, wall=0
2026-06-27 16:10:11 | INFO | unicore_cli.train | begin validation on "valid" subset
2026-06-27 16:10:11 | INFO | unicore.tasks.unicore_task | get EpochBatchIterator for epoch 1
2026-06-27 17:43:47 | INFO | valid | epoch 004 | valid on 'valid' subset | loss 6.127 | valid_loss 6.127 | cross_distance_loss 0.88 | distance_loss 0.323 | coord_loss 4.62 | RMSD 4.618 | prmsd_loss 3.052 | bsz 26010 | num_updates 10500 | best_loss 6.088
2026-06-27 17:43:47 | INFO | unicore.checkpoint_utils | Preparing to save checkpoint for epoch 4 @ 10500 updates
2026-06-27 17:43:47 | INFO | unicore.trainer | Saving checkpoint to ./checkpoint_4_10500.pt
2026-06-27 17:43:51 | INFO | unicore.trainer | Finished saving checkpoint to ./checkpoint_4_10500.pt
2026-06-27 17:43:51 | INFO | unicore.checkpoint_utils | Saved checkpoint ./checkpoint_4_10500.pt (epoch 4 @ 10500 updates, score 6.127) (writing took 3.592805679887533 seconds)
2026-06-27 17:43:51 | INFO | unicore.checkpoint_utils | copy ./checkpoint_4_10500.pt to /home/bdldt_team007/DLDockingBenchSeminar/results/checkpoints_full/checkpoint_4_10500.pt
2026-06-27 17:43:56 | INFO | unicore.checkpoint_utils | copy ./checkpoint_4_10500.pt to /home/bdldt_team007/DLDockingBenchSeminar/results/checkpoints_full/checkpoint_last.pt
2026-06-27 17:43:59 | INFO | unicore.checkpoint_utils | removing temp file ./checkpoint_4_10500.pt ...
2026-06-27 17:43:59 | INFO | unicore.checkpoint_utils | finished async ckp saving.
2026-06-27 17:46:11 | INFO | train_inner | epoch 004:   1757 / 2931 loss=6.099, train_loss=6.099, cross_distance_loss=0.873, distance_loss=0.371, coord_loss=4.559, RMSD=4.558, prmsd_loss=2.963, ups=0.01, bsz=8, num_updates=10550, lr=9.36192e-06, gnorm=22.675, clip=100, train_wall=138.32, gb_free=29.6, wall=0
2026-06-27 17:48:31 | INFO | train_inner | epoch 004:   1807 / 2931 loss=6.211, train_loss=6.211, cross_distance_loss=0.888, distance_loss=0.431, coord_loss=4.6, RMSD=4.599, prmsd_loss=2.916, ups=0.36, bsz=8, num_updates=10600, lr=9.35587e-06, gnorm=44.131, clip=100, train_wall=140.15, gb_free=30.7, wall=0
2026-06-27 17:50:56 | INFO | train_inner | epoch 004:   1857 / 2931 loss=6.124, train_loss=6.124, cross_distance_loss=0.886, distance_loss=0.383, coord_loss=4.562, RMSD=4.561, prmsd_loss=2.934, ups=0.34, bsz=8, num_updates=10650, lr=9.34982e-06, gnorm=65.394, clip=100, train_wall=144.91, gb_free=30.7, wall=0
2026-06-27 17:53:27 | INFO | train_inner | epoch 004:   1907 / 2931 loss=6.513, train_loss=6.513, cross_distance_loss=0.899, distance_loss=0.459, coord_loss=4.868, RMSD=4.867, prmsd_loss=2.871, ups=0.33, bsz=8, num_updates=10700, lr=9.34377e-06, gnorm=21.385, clip=100, train_wall=151, gb_free=30.7, wall=0
2026-06-27 17:55:38 | INFO | train_inner | epoch 004:   1957 / 2931 loss=6.083, train_loss=6.083, cross_distance_loss=0.857, distance_loss=0.397, coord_loss=4.534, RMSD=4.533, prmsd_loss=2.947, ups=0.38, bsz=8, num_updates=10750, lr=9.33772e-06, gnorm=17.289, clip=100, train_wall=130.36, gb_free=29.6, wall=0
2026-06-27 17:57:50 | INFO | train_inner | epoch 004:   2007 / 2931 loss=6.23, train_loss=6.23, cross_distance_loss=0.884, distance_loss=0.404, coord_loss=4.651, RMSD=4.65, prmsd_loss=2.904, ups=0.38, bsz=8, num_updates=10800, lr=9.33167e-06, gnorm=31.526, clip=100, train_wall=131.78, gb_free=33.1, wall=0
2026-06-27 18:00:06 | INFO | train_inner | epoch 004:   2057 / 2931 loss=6.221, train_loss=6.221, cross_distance_loss=0.879, distance_loss=0.435, coord_loss=4.615, RMSD=4.614, prmsd_loss=2.92, ups=0.37, bsz=8, num_updates=10850, lr=9.32562e-06, gnorm=38.142, clip=100, train_wall=136.15, gb_free=26.7, wall=0
2026-06-27 18:02:17 | INFO | train_inner | epoch 004:   2107 / 2931 loss=6.191, train_loss=6.191, cross_distance_loss=0.879, distance_loss=0.392, coord_loss=4.624, RMSD=4.624, prmsd_loss=2.95, ups=0.38, bsz=8, num_updates=10900, lr=9.31957e-06, gnorm=32.531, clip=100, train_wall=130.63, gb_free=29.1, wall=0
2026-06-27 18:04:27 | INFO | train_inner | epoch 004:   2157 / 2931 loss=6.219, train_loss=6.219, cross_distance_loss=0.898, distance_loss=0.391, coord_loss=4.637, RMSD=4.636, prmsd_loss=2.928, ups=0.38, bsz=8, num_updates=10950, lr=9.31352e-06, gnorm=17.838, clip=100, train_wall=129.78, gb_free=33.1, wall=0
2026-06-27 18:06:52 | INFO | train_inner | epoch 004:   2207 / 2931 loss=6.239, train_loss=6.239, cross_distance_loss=0.901, distance_loss=0.452, coord_loss=4.593, RMSD=4.592, prmsd_loss=2.925, ups=0.34, bsz=8, num_updates=11000, lr=9.30747e-06, gnorm=28.566, clip=100, train_wall=145.02, gb_free=30.7, wall=0
2026-06-27 18:06:52 | INFO | unicore_cli.train | begin validation on "valid" subset
2026-06-27 18:06:52 | INFO | unicore.tasks.unicore_task | get EpochBatchIterator for epoch 1
2026-06-27 19:51:09 | INFO | valid | epoch 004 | valid on 'valid' subset | loss 6.124 | valid_loss 6.124 | cross_distance_loss 0.862 | distance_loss 0.294 | coord_loss 4.664 | RMSD 4.662 | prmsd_loss 3.051 | bsz 26010 | num_updates 11000 | best_loss 6.088
2026-06-27 19:51:09 | INFO | unicore.checkpoint_utils | Preparing to save checkpoint for epoch 4 @ 11000 updates
2026-06-27 19:51:09 | INFO | unicore.trainer | Saving checkpoint to ./checkpoint_4_11000.pt
2026-06-27 19:51:13 | INFO | unicore.trainer | Finished saving checkpoint to ./checkpoint_4_11000.pt
2026-06-27 19:51:13 | INFO | unicore.checkpoint_utils | Saved checkpoint ./checkpoint_4_11000.pt (epoch 4 @ 11000 updates, score 6.124) (writing took 3.4816355551593006 seconds)
2026-06-27 19:51:13 | INFO | unicore.checkpoint_utils | copy ./checkpoint_4_11000.pt to /home/bdldt_team007/DLDockingBenchSeminar/results/checkpoints_full/checkpoint_4_11000.pt
2026-06-27 19:51:17 | INFO | unicore.checkpoint_utils | copy ./checkpoint_4_11000.pt to /home/bdldt_team007/DLDockingBenchSeminar/results/checkpoints_full/checkpoint_last.pt
2026-06-27 19:51:27 | INFO | unicore.checkpoint_utils | removing temp file ./checkpoint_4_11000.pt ...
2026-06-27 19:51:27 | INFO | unicore.checkpoint_utils | finished async ckp saving.
2026-06-27 19:53:34 | INFO | train_inner | epoch 004:   2257 / 2931 loss=6.273, train_loss=6.273, cross_distance_loss=0.865, distance_loss=0.364, coord_loss=4.756, RMSD=4.754, prmsd_loss=2.877, ups=0.01, bsz=8, num_updates=11050, lr=9.30143e-06, gnorm=16.274, clip=100, train_wall=141.56, gb_free=28.5, wall=0
2026-06-27 19:55:58 | INFO | train_inner | epoch 004:   2307 / 2931 loss=6.224, train_loss=6.224, cross_distance_loss=0.893, distance_loss=0.392, coord_loss=4.645, RMSD=4.644, prmsd_loss=2.947, ups=0.35, bsz=8, num_updates=11100, lr=9.29538e-06, gnorm=15.768, clip=100, train_wall=143.12, gb_free=28, wall=0
2026-06-27 19:58:34 | INFO | train_inner | epoch 004:   2357 / 2931 loss=6.235, train_loss=6.235, cross_distance_loss=0.88, distance_loss=0.395, coord_loss=4.67, RMSD=4.669, prmsd_loss=2.896, ups=0.32, bsz=8, num_updates=11150, lr=9.28933e-06, gnorm=15.894, clip=100, train_wall=155.86, gb_free=30.7, wall=0
2026-06-27 20:00:53 | INFO | train_inner | epoch 004:   2407 / 2931 loss=6.188, train_loss=6.188, cross_distance_loss=0.883, distance_loss=0.398, coord_loss=4.613, RMSD=4.612, prmsd_loss=2.94, ups=0.36, bsz=8, num_updates=11200, lr=9.28328e-06, gnorm=19.166, clip=100, train_wall=138.58, gb_free=29.6, wall=0
2026-06-27 20:03:10 | INFO | train_inner | epoch 004:   2457 / 2931 loss=6.151, train_loss=6.151, cross_distance_loss=0.862, distance_loss=0.35, coord_loss=4.644, RMSD=4.644, prmsd_loss=2.94, ups=0.36, bsz=8, num_updates=11250, lr=9.27723e-06, gnorm=20.44, clip=100, train_wall=137.79, gb_free=25.9, wall=0
2026-06-27 20:05:37 | INFO | train_inner | epoch 004:   2507 / 2931 loss=6.239, train_loss=6.239, cross_distance_loss=0.899, distance_loss=0.456, coord_loss=4.592, RMSD=4.592, prmsd_loss=2.924, ups=0.34, bsz=8, num_updates=11300, lr=9.27118e-06, gnorm=31.204, clip=100, train_wall=146.71, gb_free=30.2, wall=0
2026-06-27 20:07:53 | INFO | train_inner | epoch 004:   2557 / 2931 loss=6.061, train_loss=6.061, cross_distance_loss=0.867, distance_loss=0.376, coord_loss=4.524, RMSD=4.523, prmsd_loss=2.943, ups=0.37, bsz=8, num_updates=11350, lr=9.26513e-06, gnorm=32.561, clip=100, train_wall=135.96, gb_free=29.6, wall=0
2026-06-27 20:10:28 | INFO | train_inner | epoch 004:   2607 / 2931 loss=6.474, train_loss=6.474, cross_distance_loss=0.892, distance_loss=0.517, coord_loss=4.779, RMSD=4.778, prmsd_loss=2.858, ups=0.32, bsz=8, num_updates=11400, lr=9.25908e-06, gnorm=13.724, clip=100, train_wall=154.14, gb_free=27.9, wall=0
2026-06-27 20:12:45 | INFO | train_inner | epoch 004:   2657 / 2931 loss=6.138, train_loss=6.138, cross_distance_loss=0.865, distance_loss=0.439, coord_loss=4.54, RMSD=4.539, prmsd_loss=2.937, ups=0.36, bsz=8, num_updates=11450, lr=9.25303e-06, gnorm=22.851, clip=100, train_wall=137, gb_free=31.2, wall=0
2026-06-27 20:15:09 | INFO | train_inner | epoch 004:   2707 / 2931 loss=6.222, train_loss=6.222, cross_distance_loss=0.885, distance_loss=0.468, coord_loss=4.578, RMSD=4.578, prmsd_loss=2.905, ups=0.35, bsz=8, num_updates=11500, lr=9.24698e-06, gnorm=22.267, clip=100, train_wall=143.43, gb_free=28.5, wall=0
2026-06-27 20:15:09 | INFO | unicore_cli.train | begin validation on "valid" subset
2026-06-27 20:15:09 | INFO | unicore.tasks.unicore_task | get EpochBatchIterator for epoch 1
2026-06-27 21:37:17 | INFO | valid | epoch 004 | valid on 'valid' subset | loss 6.348 | valid_loss 6.348 | cross_distance_loss 0.867 | distance_loss 0.313 | coord_loss 4.85 | RMSD 4.848 | prmsd_loss 3.185 | bsz 26010 | num_updates 11500 | best_loss 6.088
2026-06-27 21:37:17 | INFO | unicore.checkpoint_utils | Preparing to save checkpoint for epoch 4 @ 11500 updates
2026-06-27 21:37:17 | INFO | unicore.trainer | Saving checkpoint to ./checkpoint_4_11500.pt
2026-06-27 21:37:20 | INFO | unicore.trainer | Finished saving checkpoint to ./checkpoint_4_11500.pt
2026-06-27 21:37:20 | INFO | unicore.checkpoint_utils | Saved checkpoint ./checkpoint_4_11500.pt (epoch 4 @ 11500 updates, score 6.348) (writing took 3.530287487898022 seconds)
2026-06-27 21:37:20 | INFO | unicore.checkpoint_utils | copy ./checkpoint_4_11500.pt to /home/bdldt_team007/DLDockingBenchSeminar/results/checkpoints_full/checkpoint_4_11500.pt
2026-06-27 21:37:25 | INFO | unicore.checkpoint_utils | copy ./checkpoint_4_11500.pt to /home/bdldt_team007/DLDockingBenchSeminar/results/checkpoints_full/checkpoint_last.pt
2026-06-27 21:37:28 | INFO | unicore.checkpoint_utils | removing temp file ./checkpoint_4_11500.pt ...
2026-06-27 21:37:28 | INFO | unicore.checkpoint_utils | finished async ckp saving.
2026-06-27 21:39:44 | INFO | train_inner | epoch 004:   2757 / 2931 loss=6.33, train_loss=6.33, cross_distance_loss=0.872, distance_loss=0.459, coord_loss=4.711, RMSD=4.71, prmsd_loss=2.886, ups=0.01, bsz=8, num_updates=11550, lr=9.24093e-06, gnorm=18.943, clip=100, train_wall=143.36, gb_free=31.7, wall=0
2026-06-27 21:41:50 | INFO | train_inner | epoch 004:   2807 / 2931 loss=5.897, train_loss=5.897, cross_distance_loss=0.858, distance_loss=0.335, coord_loss=4.41, RMSD=4.409, prmsd_loss=2.945, ups=0.39, bsz=8, num_updates=11600, lr=9.23488e-06, gnorm=30.381, clip=100, train_wall=126.41, gb_free=27.3, wall=0
2026-06-27 21:44:07 | INFO | train_inner | epoch 004:   2857 / 2931 loss=6.133, train_loss=6.133, cross_distance_loss=0.871, distance_loss=0.427, coord_loss=4.544, RMSD=4.543, prmsd_loss=2.916, ups=0.36, bsz=8, num_updates=11650, lr=9.22883e-06, gnorm=50.086, clip=100, train_wall=136.98, gb_free=29.1, wall=0
2026-06-27 21:46:23 | INFO | train_inner | epoch 004:   2907 / 2931 loss=6.148, train_loss=6.148, cross_distance_loss=0.874, distance_loss=0.411, coord_loss=4.571, RMSD=4.57, prmsd_loss=2.924, ups=0.37, bsz=8, num_updates=11700, lr=9.22278e-06, gnorm=19.274, clip=100, train_wall=135.31, gb_free=30.7, wall=0
2026-06-27 21:47:30 | INFO | unicore_cli.train | begin validation on "valid" subset
2026-06-27 21:47:30 | INFO | unicore.tasks.unicore_task | get EpochBatchIterator for epoch 1
2026-06-27 23:28:24 | INFO | valid | epoch 004 | valid on 'valid' subset | loss 5.928 | valid_loss 5.928 | cross_distance_loss 0.854 | distance_loss 0.292 | coord_loss 4.485 | RMSD 4.483 | prmsd_loss 2.977 | bsz 26010 | num_updates 11724 | best_loss 5.928
2026-06-27 23:28:24 | INFO | unicore.checkpoint_utils | Preparing to save checkpoint for epoch 4 @ 11724 updates
2026-06-27 23:28:24 | INFO | unicore.trainer | Saving checkpoint to ./checkpoint4.pt
2026-06-27 23:28:27 | INFO | unicore.trainer | Finished saving checkpoint to ./checkpoint4.pt
2026-06-27 23:28:27 | INFO | unicore.checkpoint_utils | Saved checkpoint ./checkpoint4.pt (epoch 4 @ 11724 updates, score 5.928) (writing took 3.371464901138097 seconds)
2026-06-27 23:28:27 | INFO | unicore_cli.train | end of epoch 4 (average epoch stats below)
2026-06-27 23:28:27 | INFO | unicore.checkpoint_utils | copy ./checkpoint4.pt to /home/bdldt_team007/DLDockingBenchSeminar/results/checkpoints_full/checkpoint4.pt
2026-06-27 23:28:27 | INFO | train | epoch 004 | loss 6.309 | train_loss 6.309 | cross_distance_loss 0.893 | distance_loss 0.419 | coord_loss 4.705 | RMSD 4.704 | prmsd_loss 2.925 | ups 0.06 | bsz 8 | num_updates 11724 | lr 9.21988e-06 | gnorm 37.989 | clip 100 | train_wall 8363.43 | gb_free 31.8 | wall 0
2026-06-27 23:28:27 | INFO | unicore.tasks.unicore_task | get EpochBatchIterator for epoch 5
2026-06-27 23:28:27 | INFO | unicore.trainer | begin training epoch 5
2026-06-27 23:28:27 | INFO | unicore_cli.train | Start iterating over samples
2026-06-27 23:28:32 | INFO | unicore.checkpoint_utils | copy ./checkpoint4.pt to /home/bdldt_team007/DLDockingBenchSeminar/results/checkpoints_full/checkpoint_best.pt
2026-06-27 23:28:35 | INFO | unicore.checkpoint_utils | copy ./checkpoint4.pt to /home/bdldt_team007/DLDockingBenchSeminar/results/checkpoints_full/checkpoint_last.pt
2026-06-27 23:28:37 | INFO | unicore.checkpoint_utils | removing temp file ./checkpoint4.pt ...
2026-06-27 23:28:37 | INFO | unicore.checkpoint_utils | finished async ckp saving.
2026-06-27 23:29:36 | INFO | train_inner | epoch 005:     26 / 2931 loss=6.195, train_loss=6.195, cross_distance_loss=0.882, distance_loss=0.397, coord_loss=4.628, RMSD=4.627, prmsd_loss=2.883, ups=0.01, bsz=8, num_updates=11750, lr=9.21673e-06, gnorm=22.871, clip=100, train_wall=135.4, gb_free=28.5, wall=0
2026-06-27 23:32:00 | INFO | train_inner | epoch 005:     76 / 2931 loss=5.951, train_loss=5.951, cross_distance_loss=0.86, distance_loss=0.376, coord_loss=4.423, RMSD=4.422, prmsd_loss=2.921, ups=0.35, bsz=8, num_updates=11800, lr=9.21069e-06, gnorm=39.447, clip=100, train_wall=143.88, gb_free=31.2, wall=0
2026-06-27 23:34:04 | INFO | train_inner | epoch 005:    126 / 2931 loss=6.034, train_loss=6.034, cross_distance_loss=0.862, distance_loss=0.363, coord_loss=4.515, RMSD=4.514, prmsd_loss=2.949, ups=0.4, bsz=8, num_updates=11850, lr=9.20464e-06, gnorm=30.881, clip=100, train_wall=123.47, gb_free=27.3, wall=0
2026-06-27 23:36:05 | INFO | train_inner | epoch 005:    176 / 2931 loss=6.076, train_loss=6.076, cross_distance_loss=0.855, distance_loss=0.39, coord_loss=4.538, RMSD=4.537, prmsd_loss=2.941, ups=0.41, bsz=8, num_updates=11900, lr=9.19859e-06, gnorm=42.917, clip=100, train_wall=121.1, gb_free=29.1, wall=0
2026-06-27 23:38:40 | INFO | train_inner | epoch 005:    226 / 2931 loss=6.231, train_loss=6.231, cross_distance_loss=0.876, distance_loss=0.437, coord_loss=4.629, RMSD=4.629, prmsd_loss=2.884, ups=0.32, bsz=8, num_updates=11950, lr=9.19254e-06, gnorm=36.653, clip=100, train_wall=154.34, gb_free=31.7, wall=0
2026-06-27 23:41:06 | INFO | train_inner | epoch 005:    276 / 2931 loss=6.137, train_loss=6.137, cross_distance_loss=0.88, distance_loss=0.387, coord_loss=4.579, RMSD=4.578, prmsd_loss=2.907, ups=0.34, bsz=8, num_updates=12000, lr=9.18649e-06, gnorm=14.513, clip=100, train_wall=145.76, gb_free=23.3, wall=0
2026-06-27 23:41:06 | INFO | unicore_cli.train | begin validation on "valid" subset
2026-06-27 23:41:06 | INFO | unicore.tasks.unicore_task | get EpochBatchIterator for epoch 1
2026-06-28 01:13:21 | INFO | valid | epoch 005 | valid on 'valid' subset | loss 6.505 | valid_loss 6.505 | cross_distance_loss 0.859 | distance_loss 0.284 | coord_loss 5.038 | RMSD 5.036 | prmsd_loss 3.231 | bsz 26010 | num_updates 12000 | best_loss 5.928
2026-06-28 01:13:21 | INFO | unicore.checkpoint_utils | Preparing to save checkpoint for epoch 5 @ 12000 updates
2026-06-28 01:13:21 | INFO | unicore.trainer | Saving checkpoint to ./checkpoint_5_12000.pt
2026-06-28 01:13:24 | INFO | unicore.trainer | Finished saving checkpoint to ./checkpoint_5_12000.pt
2026-06-28 01:13:24 | INFO | unicore.checkpoint_utils | Saved checkpoint ./checkpoint_5_12000.pt (epoch 5 @ 12000 updates, score 6.505) (writing took 2.880753773264587 seconds)
2026-06-28 01:13:24 | INFO | unicore.checkpoint_utils | copy ./checkpoint_5_12000.pt to /home/bdldt_team007/DLDockingBenchSeminar/results/checkpoints_full/checkpoint_5_12000.pt
2026-06-28 01:13:29 | INFO | unicore.checkpoint_utils | copy ./checkpoint_5_12000.pt to /home/bdldt_team007/DLDockingBenchSeminar/results/checkpoints_full/checkpoint_last.pt
2026-06-28 01:13:32 | INFO | unicore.checkpoint_utils | removing temp file ./checkpoint_5_12000.pt ...
2026-06-28 01:13:32 | INFO | unicore.checkpoint_utils | finished async ckp saving.
2026-06-28 01:15:34 | INFO | train_inner | epoch 005:    326 / 2931 loss=6.236, train_loss=6.236, cross_distance_loss=0.863, distance_loss=0.475, coord_loss=4.608, RMSD=4.607, prmsd_loss=2.902, ups=0.01, bsz=8, num_updates=12050, lr=9.18044e-06, gnorm=58.393, clip=100, train_wall=130.63, gb_free=30.7, wall=0
2026-06-28 01:17:54 | INFO | train_inner | epoch 005:    376 / 2931 loss=6.045, train_loss=6.045, cross_distance_loss=0.853, distance_loss=0.406, coord_loss=4.5, RMSD=4.5, prmsd_loss=2.857, ups=0.36, bsz=8, num_updates=12100, lr=9.17439e-06, gnorm=13.794, clip=100, train_wall=139.67, gb_free=29.6, wall=0
2026-06-28 01:19:55 | INFO | train_inner | epoch 005:    426 / 2931 loss=6.143, train_loss=6.143, cross_distance_loss=0.874, distance_loss=0.388, coord_loss=4.591, RMSD=4.59, prmsd_loss=2.899, ups=0.41, bsz=8, num_updates=12150, lr=9.16834e-06, gnorm=23.997, clip=100, train_wall=120.96, gb_free=28.5, wall=0
2026-06-28 01:22:13 | INFO | train_inner | epoch 005:    476 / 2931 loss=6.011, train_loss=6.011, cross_distance_loss=0.854, distance_loss=0.402, coord_loss=4.465, RMSD=4.464, prmsd_loss=2.906, ups=0.36, bsz=8, num_updates=12200, lr=9.16229e-06, gnorm=28.549, clip=100, train_wall=137.14, gb_free=28.4, wall=0
2026-06-28 01:24:19 | INFO | train_inner | epoch 005:    526 / 2931 loss=5.913, train_loss=5.913, cross_distance_loss=0.859, distance_loss=0.381, coord_loss=4.383, RMSD=4.382, prmsd_loss=2.9, ups=0.39, bsz=8, num_updates=12250, lr=9.15624e-06, gnorm=47.471, clip=100, train_wall=126.68, gb_free=33.1, wall=0
2026-06-28 01:26:30 | INFO | train_inner | epoch 005:    576 / 2931 loss=6.248, train_loss=6.248, cross_distance_loss=0.862, distance_loss=0.412, coord_loss=4.69, RMSD=4.689, prmsd_loss=2.845, ups=0.38, bsz=8, num_updates=12300, lr=9.15019e-06, gnorm=31.244, clip=100, train_wall=130.69, gb_free=32.1, wall=0
2026-06-28 01:28:39 | INFO | train_inner | epoch 005:    626 / 2931 loss=6.021, train_loss=6.021, cross_distance_loss=0.849, distance_loss=0.362, coord_loss=4.515, RMSD=4.514, prmsd_loss=2.944, ups=0.39, bsz=8, num_updates=12350, lr=9.14414e-06, gnorm=42.102, clip=100, train_wall=128.48, gb_free=32.6, wall=0
2026-06-28 01:30:37 | INFO | train_inner | epoch 005:    676 / 2931 loss=6.112, train_loss=6.112, cross_distance_loss=0.856, distance_loss=0.388, coord_loss=4.58, RMSD=4.579, prmsd_loss=2.882, ups=0.42, bsz=8, num_updates=12400, lr=9.13809e-06, gnorm=32.935, clip=100, train_wall=118.13, gb_free=29.6, wall=0
2026-06-28 01:32:44 | INFO | train_inner | epoch 005:    726 / 2931 loss=6.084, train_loss=6.084, cross_distance_loss=0.86, distance_loss=0.397, coord_loss=4.532, RMSD=4.532, prmsd_loss=2.94, ups=0.4, bsz=8, num_updates=12450, lr=9.13204e-06, gnorm=23.667, clip=100, train_wall=125.94, gb_free=32.6, wall=0
2026-06-28 01:34:42 | INFO | train_inner | epoch 005:    776 / 2931 loss=6.075, train_loss=6.075, cross_distance_loss=0.861, distance_loss=0.391, coord_loss=4.53, RMSD=4.529, prmsd_loss=2.93, ups=0.42, bsz=8, num_updates=12500, lr=9.126e-06, gnorm=14.557, clip=100, train_wall=118.12, gb_free=32.2, wall=0
2026-06-28 01:34:42 | INFO | unicore_cli.train | begin validation on "valid" subset
2026-06-28 01:34:42 | INFO | unicore.tasks.unicore_task | get EpochBatchIterator for epoch 1
2026-06-28 02:59:54 | INFO | valid | epoch 005 | valid on 'valid' subset | loss 6.114 | valid_loss 6.114 | cross_distance_loss 0.836 | distance_loss 0.285 | coord_loss 4.688 | RMSD 4.686 | prmsd_loss 3.064 | bsz 26010 | num_updates 12500 | best_loss 5.928
2026-06-28 02:59:54 | INFO | unicore.checkpoint_utils | Preparing to save checkpoint for epoch 5 @ 12500 updates
2026-06-28 02:59:54 | INFO | unicore.trainer | Saving checkpoint to ./checkpoint_5_12500.pt
2026-06-28 02:59:56 | INFO | unicore.trainer | Finished saving checkpoint to ./checkpoint_5_12500.pt
2026-06-28 02:59:56 | INFO | unicore.checkpoint_utils | Saved checkpoint ./checkpoint_5_12500.pt (epoch 5 @ 12500 updates, score 6.114) (writing took 2.864985296037048 seconds)
2026-06-28 02:59:56 | INFO | unicore.checkpoint_utils | copy ./checkpoint_5_12500.pt to /home/bdldt_team007/DLDockingBenchSeminar/results/checkpoints_full/checkpoint_5_12500.pt
2026-06-28 03:00:02 | INFO | unicore.checkpoint_utils | copy ./checkpoint_5_12500.pt to /home/bdldt_team007/DLDockingBenchSeminar/results/checkpoints_full/checkpoint_last.pt
2026-06-28 03:00:04 | INFO | unicore.checkpoint_utils | removing temp file ./checkpoint_5_12500.pt ...
2026-06-28 03:00:05 | INFO | unicore.checkpoint_utils | finished async ckp saving.
2026-06-28 03:02:01 | INFO | train_inner | epoch 005:    826 / 2931 loss=5.952, train_loss=5.952, cross_distance_loss=0.845, distance_loss=0.384, coord_loss=4.432, RMSD=4.431, prmsd_loss=2.912, ups=0.01, bsz=8, num_updates=12550, lr=9.11995e-06, gnorm=22.164, clip=100, train_wall=124.69, gb_free=28.5, wall=0
2026-06-28 03:04:08 | INFO | train_inner | epoch 005:    876 / 2931 loss=6.136, train_loss=6.136, cross_distance_loss=0.864, distance_loss=0.396, coord_loss=4.588, RMSD=4.587, prmsd_loss=2.89, ups=0.4, bsz=8, num_updates=12600, lr=9.1139e-06, gnorm=19.615, clip=100, train_wall=126.14, gb_free=30.2, wall=0
2026-06-28 03:06:15 | INFO | train_inner | epoch 005:    926 / 2931 loss=5.916, train_loss=5.916, cross_distance_loss=0.828, distance_loss=0.368, coord_loss=4.429, RMSD=4.429, prmsd_loss=2.909, ups=0.39, bsz=8, num_updates=12650, lr=9.10785e-06, gnorm=45.683, clip=100, train_wall=127.49, gb_free=32.6, wall=0
2026-06-28 03:08:23 | INFO | train_inner | epoch 005:    976 / 2931 loss=6.028, train_loss=6.028, cross_distance_loss=0.865, distance_loss=0.391, coord_loss=4.481, RMSD=4.48, prmsd_loss=2.917, ups=0.39, bsz=8, num_updates=12700, lr=9.1018e-06, gnorm=32.193, clip=100, train_wall=128.08, gb_free=29.1, wall=0
2026-06-28 03:10:27 | INFO | train_inner | epoch 005:   1026 / 2931 loss=6.078, train_loss=6.078, cross_distance_loss=0.857, distance_loss=0.406, coord_loss=4.52, RMSD=4.52, prmsd_loss=2.936, ups=0.4, bsz=8, num_updates=12750, lr=9.09575e-06, gnorm=27.669, clip=100, train_wall=123.54, gb_free=30.7, wall=0
2026-06-28 03:12:22 | INFO | train_inner | epoch 005:   1076 / 2931 loss=6.134, train_loss=6.134, cross_distance_loss=0.862, distance_loss=0.465, coord_loss=4.513, RMSD=4.512, prmsd_loss=2.946, ups=0.44, bsz=8, num_updates=12800, lr=9.0897e-06, gnorm=29.899, clip=100, train_wall=114.78, gb_free=30.2, wall=0
2026-06-28 03:14:37 | INFO | train_inner | epoch 005:   1126 / 2931 loss=6.295, train_loss=6.295, cross_distance_loss=0.867, distance_loss=0.422, coord_loss=4.716, RMSD=4.716, prmsd_loss=2.897, ups=0.37, bsz=8, num_updates=12850, lr=9.08365e-06, gnorm=23.694, clip=100, train_wall=134.98, gb_free=31.2, wall=0
2026-06-28 03:16:38 | INFO | train_inner | epoch 005:   1176 / 2931 loss=6.166, train_loss=6.166, cross_distance_loss=0.836, distance_loss=0.448, coord_loss=4.602, RMSD=4.601, prmsd_loss=2.803, ups=0.41, bsz=8, num_updates=12900, lr=9.0776e-06, gnorm=34.902, clip=100, train_wall=120.49, gb_free=29.7, wall=0
2026-06-28 03:18:42 | INFO | train_inner | epoch 005:   1226 / 2931 loss=6.083, train_loss=6.083, cross_distance_loss=0.851, distance_loss=0.406, coord_loss=4.532, RMSD=4.531, prmsd_loss=2.936, ups=0.4, bsz=8, num_updates=12950, lr=9.07155e-06, gnorm=36.726, clip=100, train_wall=123.86, gb_free=32.6, wall=0
2026-06-28 03:20:51 | INFO | train_inner | epoch 005:   1276 / 2931 loss=6.002, train_loss=6.002, cross_distance_loss=0.848, distance_loss=0.374, coord_loss=4.492, RMSD=4.491, prmsd_loss=2.881, ups=0.39, bsz=8, num_updates=13000, lr=9.0655e-06, gnorm=57.914, clip=100, train_wall=129.05, gb_free=27.9, wall=0
2026-06-28 03:20:51 | INFO | unicore_cli.train | begin validation on "valid" subset
2026-06-28 03:20:51 | INFO | unicore.tasks.unicore_task | get EpochBatchIterator for epoch 1
2026-06-28 04:40:46 | INFO | valid | epoch 005 | valid on 'valid' subset | loss 6.04 | valid_loss 6.04 | cross_distance_loss 0.832 | distance_loss 0.279 | coord_loss 4.619 | RMSD 4.618 | prmsd_loss 3.103 | bsz 26010 | num_updates 13000 | best_loss 5.928
2026-06-28 04:40:46 | INFO | unicore.checkpoint_utils | Preparing to save checkpoint for epoch 5 @ 13000 updates
2026-06-28 04:40:46 | INFO | unicore.trainer | Saving checkpoint to ./checkpoint_5_13000.pt
2026-06-28 04:40:49 | INFO | unicore.trainer | Finished saving checkpoint to ./checkpoint_5_13000.pt
2026-06-28 04:40:49 | INFO | unicore.checkpoint_utils | Saved checkpoint ./checkpoint_5_13000.pt (epoch 5 @ 13000 updates, score 6.04) (writing took 3.121016409713775 seconds)
2026-06-28 04:40:49 | INFO | unicore.checkpoint_utils | copy ./checkpoint_5_13000.pt to /home/bdldt_team007/DLDockingBenchSeminar/results/checkpoints_full/checkpoint_5_13000.pt
2026-06-28 04:40:54 | INFO | unicore.checkpoint_utils | copy ./checkpoint_5_13000.pt to /home/bdldt_team007/DLDockingBenchSeminar/results/checkpoints_full/checkpoint_last.pt
2026-06-28 04:40:57 | INFO | unicore.checkpoint_utils | removing temp file ./checkpoint_5_13000.pt ...
2026-06-28 04:40:58 | INFO | unicore.checkpoint_utils | finished async ckp saving.
2026-06-28 04:42:58 | INFO | train_inner | epoch 005:   1326 / 2931 loss=6.058, train_loss=6.058, cross_distance_loss=0.846, distance_loss=0.36, coord_loss=4.56, RMSD=4.559, prmsd_loss=2.915, ups=0.01, bsz=8, num_updates=13050, lr=9.05945e-06, gnorm=34.183, clip=100, train_wall=128.82, gb_free=29.6, wall=0
2026-06-28 04:45:06 | INFO | train_inner | epoch 005:   1376 / 2931 loss=5.845, train_loss=5.845, cross_distance_loss=0.837, distance_loss=0.391, coord_loss=4.327, RMSD=4.326, prmsd_loss=2.903, ups=0.39, bsz=8, num_updates=13100, lr=9.0534e-06, gnorm=15.627, clip=100, train_wall=127.4, gb_free=28, wall=0
2026-06-28 04:47:14 | INFO | train_inner | epoch 005:   1426 / 2931 loss=5.867, train_loss=5.867, cross_distance_loss=0.825, distance_loss=0.36, coord_loss=4.39, RMSD=4.389, prmsd_loss=2.93, ups=0.39, bsz=8, num_updates=13150, lr=9.04735e-06, gnorm=16.236, clip=100, train_wall=128.22, gb_free=29, wall=0
2026-06-28 04:49:14 | INFO | train_inner | epoch 005:   1476 / 2931 loss=6.122, train_loss=6.122, cross_distance_loss=0.856, distance_loss=0.416, coord_loss=4.558, RMSD=4.557, prmsd_loss=2.923, ups=0.42, bsz=8, num_updates=13200, lr=9.0413e-06, gnorm=18.552, clip=100, train_wall=119.85, gb_free=27.4, wall=0
2026-06-28 04:51:13 | INFO | train_inner | epoch 005:   1526 / 2931 loss=5.941, train_loss=5.941, cross_distance_loss=0.838, distance_loss=0.406, coord_loss=4.408, RMSD=4.407, prmsd_loss=2.892, ups=0.42, bsz=8, num_updates=13250, lr=9.03526e-06, gnorm=16.049, clip=100, train_wall=118.87, gb_free=30.2, wall=0
2026-06-28 04:53:18 | INFO | train_inner | epoch 005:   1576 / 2931 loss=6.03, train_loss=6.03, cross_distance_loss=0.847, distance_loss=0.41, coord_loss=4.484, RMSD=4.483, prmsd_loss=2.891, ups=0.4, bsz=8, num_updates=13300, lr=9.02921e-06, gnorm=30.934, clip=100, train_wall=125.34, gb_free=25.4, wall=0
2026-06-28 04:55:21 | INFO | train_inner | epoch 005:   1626 / 2931 loss=5.963, train_loss=5.963, cross_distance_loss=0.84, distance_loss=0.424, coord_loss=4.408, RMSD=4.407, prmsd_loss=2.906, ups=0.41, bsz=8, num_updates=13350, lr=9.02316e-06, gnorm=21.496, clip=100, train_wall=122.01, gb_free=30.2, wall=0
2026-06-28 04:57:31 | INFO | train_inner | epoch 005:   1676 / 2931 loss=5.989, train_loss=5.989, cross_distance_loss=0.854, distance_loss=0.405, coord_loss=4.437, RMSD=4.437, prmsd_loss=2.924, ups=0.38, bsz=8, num_updates=13400, lr=9.01711e-06, gnorm=21.696, clip=100, train_wall=130.5, gb_free=29.1, wall=0
2026-06-28 04:59:29 | INFO | train_inner | epoch 005:   1726 / 2931 loss=6.06, train_loss=6.06, cross_distance_loss=0.854, distance_loss=0.367, coord_loss=4.548, RMSD=4.547, prmsd_loss=2.913, ups=0.42, bsz=8, num_updates=13450, lr=9.01106e-06, gnorm=21.952, clip=100, train_wall=117.66, gb_free=19.2, wall=0
2026-06-28 05:01:44 | INFO | train_inner | epoch 005:   1776 / 2931 loss=6.042, train_loss=6.042, cross_distance_loss=0.859, distance_loss=0.405, coord_loss=4.49, RMSD=4.489, prmsd_loss=2.874, ups=0.37, bsz=8, num_updates=13500, lr=9.00501e-06, gnorm=15.987, clip=100, train_wall=134.68, gb_free=26.7, wall=0
2026-06-28 05:01:44 | INFO | unicore_cli.train | begin validation on "valid" subset
2026-06-28 05:01:44 | INFO | unicore.tasks.unicore_task | get EpochBatchIterator for epoch 1
2026-06-28 06:23:36 | INFO | valid | epoch 005 | valid on 'valid' subset | loss 5.958 | valid_loss 5.958 | cross_distance_loss 0.822 | distance_loss 0.272 | coord_loss 4.561 | RMSD 4.56 | prmsd_loss 3.029 | bsz 26010 | num_updates 13500 | best_loss 5.928
2026-06-28 06:23:36 | INFO | unicore.checkpoint_utils | Preparing to save checkpoint for epoch 5 @ 13500 updates
2026-06-28 06:23:36 | INFO | unicore.trainer | Saving checkpoint to ./checkpoint_5_13500.pt
2026-06-28 06:23:39 | INFO | unicore.trainer | Finished saving checkpoint to ./checkpoint_5_13500.pt
2026-06-28 06:23:39 | INFO | unicore.checkpoint_utils | Saved checkpoint ./checkpoint_5_13500.pt (epoch 5 @ 13500 updates, score 5.958) (writing took 2.9793078061193228 seconds)
2026-06-28 06:23:39 | INFO | unicore.checkpoint_utils | copy ./checkpoint_5_13500.pt to /home/bdldt_team007/DLDockingBenchSeminar/results/checkpoints_full/checkpoint_5_13500.pt
2026-06-28 06:23:44 | INFO | unicore.checkpoint_utils | copy ./checkpoint_5_13500.pt to /home/bdldt_team007/DLDockingBenchSeminar/results/checkpoints_full/checkpoint_last.pt
2026-06-28 06:23:47 | INFO | unicore.checkpoint_utils | removing temp file ./checkpoint_5_13500.pt ...
2026-06-28 06:23:47 | INFO | unicore.checkpoint_utils | finished async ckp saving.
2026-06-28 06:25:37 | INFO | train_inner | epoch 005:   1826 / 2931 loss=5.935, train_loss=5.935, cross_distance_loss=0.83, distance_loss=0.373, coord_loss=4.44, RMSD=4.439, prmsd_loss=2.912, ups=0.01, bsz=8, num_updates=13550, lr=8.99896e-06, gnorm=14.614, clip=100, train_wall=118.08, gb_free=30.7, wall=0
2026-06-28 06:27:47 | INFO | train_inner | epoch 005:   1876 / 2931 loss=6.005, train_loss=6.005, cross_distance_loss=0.835, distance_loss=0.362, coord_loss=4.517, RMSD=4.516, prmsd_loss=2.918, ups=0.39, bsz=8, num_updates=13600, lr=8.99291e-06, gnorm=21.307, clip=100, train_wall=129.33, gb_free=31.7, wall=0
2026-06-28 06:29:54 | INFO | train_inner | epoch 005:   1926 / 2931 loss=6.106, train_loss=6.106, cross_distance_loss=0.845, distance_loss=0.427, coord_loss=4.548, RMSD=4.548, prmsd_loss=2.855, ups=0.39, bsz=8, num_updates=13650, lr=8.98686e-06, gnorm=46.763, clip=100, train_wall=127.34, gb_free=32.1, wall=0
2026-06-28 06:31:54 | INFO | train_inner | epoch 005:   1976 / 2931 loss=5.88, train_loss=5.88, cross_distance_loss=0.842, distance_loss=0.403, coord_loss=4.347, RMSD=4.346, prmsd_loss=2.886, ups=0.42, bsz=8, num_updates=13700, lr=8.98081e-06, gnorm=18.104, clip=100, train_wall=119.31, gb_free=27.4, wall=0
2026-06-28 06:33:58 | INFO | train_inner | epoch 005:   2026 / 2931 loss=5.919, train_loss=5.919, cross_distance_loss=0.837, distance_loss=0.387, coord_loss=4.403, RMSD=4.402, prmsd_loss=2.915, ups=0.4, bsz=8, num_updates=13750, lr=8.97476e-06, gnorm=20.319, clip=100, train_wall=123.71, gb_free=21, wall=0
2026-06-28 06:36:01 | INFO | train_inner | epoch 005:   2076 / 2931 loss=5.993, train_loss=5.993, cross_distance_loss=0.848, distance_loss=0.402, coord_loss=4.455, RMSD=4.454, prmsd_loss=2.877, ups=0.4, bsz=8, num_updates=13800, lr=8.96871e-06, gnorm=26.828, clip=100, train_wall=123.62, gb_free=28, wall=0
2026-06-28 06:38:07 | INFO | train_inner | epoch 005:   2126 / 2931 loss=5.811, train_loss=5.811, cross_distance_loss=0.83, distance_loss=0.362, coord_loss=4.328, RMSD=4.328, prmsd_loss=2.911, ups=0.4, bsz=8, num_updates=13850, lr=8.96266e-06, gnorm=15.501, clip=100, train_wall=125.27, gb_free=29.6, wall=0
2026-06-28 06:40:15 | INFO | train_inner | epoch 005:   2176 / 2931 loss=5.882, train_loss=5.882, cross_distance_loss=0.825, distance_loss=0.407, coord_loss=4.364, RMSD=4.363, prmsd_loss=2.863, ups=0.39, bsz=8, num_updates=13900, lr=8.95661e-06, gnorm=13.509, clip=100, train_wall=127.79, gb_free=30.2, wall=0
2026-06-28 06:42:09 | INFO | train_inner | epoch 005:   2226 / 2931 loss=5.92, train_loss=5.92, cross_distance_loss=0.832, distance_loss=0.376, coord_loss=4.42, RMSD=4.419, prmsd_loss=2.924, ups=0.44, bsz=8, num_updates=13950, lr=8.95057e-06, gnorm=19.404, clip=100, train_wall=114.44, gb_free=29, wall=0
2026-06-28 06:44:20 | INFO | train_inner | epoch 005:   2276 / 2931 loss=5.79, train_loss=5.79, cross_distance_loss=0.826, distance_loss=0.389, coord_loss=4.288, RMSD=4.287, prmsd_loss=2.874, ups=0.38, bsz=8, num_updates=14000, lr=8.94452e-06, gnorm=25.707, clip=100, train_wall=130.35, gb_free=30.7, wall=0
2026-06-28 06:44:20 | INFO | unicore_cli.train | begin validation on "valid" subset
2026-06-28 06:44:20 | INFO | unicore.tasks.unicore_task | get EpochBatchIterator for epoch 1
2026-06-28 08:10:24 | INFO | valid | epoch 005 | valid on 'valid' subset | loss 5.934 | valid_loss 5.934 | cross_distance_loss 0.814 | distance_loss 0.285 | coord_loss 4.531 | RMSD 4.529 | prmsd_loss 3.049 | bsz 26010 | num_updates 14000 | best_loss 5.928
2026-06-28 08:10:24 | INFO | unicore.checkpoint_utils | Preparing to save checkpoint for epoch 5 @ 14000 updates
2026-06-28 08:10:24 | INFO | unicore.trainer | Saving checkpoint to ./checkpoint_5_14000.pt
2026-06-28 08:10:29 | INFO | unicore.trainer | Finished saving checkpoint to ./checkpoint_5_14000.pt
2026-06-28 08:10:29 | INFO | unicore.checkpoint_utils | Saved checkpoint ./checkpoint_5_14000.pt (epoch 5 @ 14000 updates, score 5.934) (writing took 5.392434600740671 seconds)
2026-06-28 08:10:29 | INFO | unicore.checkpoint_utils | copy ./checkpoint_5_14000.pt to /home/bdldt_team007/DLDockingBenchSeminar/results/checkpoints_full/checkpoint_5_14000.pt
2026-06-28 08:11:11 | INFO | unicore.checkpoint_utils | copy ./checkpoint_5_14000.pt to /home/bdldt_team007/DLDockingBenchSeminar/results/checkpoints_full/checkpoint_last.pt
2026-06-28 08:11:35 | INFO | unicore.checkpoint_utils | removing temp file ./checkpoint_5_14000.pt ...
2026-06-28 08:11:35 | INFO | unicore.checkpoint_utils | finished async ckp saving.
2026-06-28 08:12:55 | INFO | train_inner | epoch 005:   2326 / 2931 loss=6.031, train_loss=6.031, cross_distance_loss=0.848, distance_loss=0.439, coord_loss=4.458, RMSD=4.458, prmsd_loss=2.854, ups=0.01, bsz=8, num_updates=14050, lr=8.93847e-06, gnorm=25.95, clip=100, train_wall=141.49, gb_free=29.7, wall=0
2026-06-28 08:14:53 | INFO | train_inner | epoch 005:   2376 / 2931 loss=6.008, train_loss=6.008, cross_distance_loss=0.831, distance_loss=0.419, coord_loss=4.468, RMSD=4.468, prmsd_loss=2.893, ups=0.42, bsz=8, num_updates=14100, lr=8.93242e-06, gnorm=26.56, clip=100, train_wall=118.33, gb_free=32.2, wall=0
2026-06-28 08:17:17 | INFO | train_inner | epoch 005:   2426 / 2931 loss=5.926, train_loss=5.926, cross_distance_loss=0.852, distance_loss=0.381, coord_loss=4.404, RMSD=4.403, prmsd_loss=2.89, ups=0.35, bsz=8, num_updates=14150, lr=8.92637e-06, gnorm=27.376, clip=100, train_wall=143.15, gb_free=29.1, wall=0
2026-06-28 08:19:31 | INFO | train_inner | epoch 005:   2476 / 2931 loss=5.898, train_loss=5.898, cross_distance_loss=0.831, distance_loss=0.408, coord_loss=4.368, RMSD=4.367, prmsd_loss=2.917, ups=0.37, bsz=8, num_updates=14200, lr=8.92032e-06, gnorm=33.004, clip=100, train_wall=134.2, gb_free=26.6, wall=0
2026-06-28 08:21:42 | INFO | train_inner | epoch 005:   2526 / 2931 loss=6.104, train_loss=6.104, cross_distance_loss=0.837, distance_loss=0.4, coord_loss=4.579, RMSD=4.578, prmsd_loss=2.878, ups=0.38, bsz=8, num_updates=14250, lr=8.91427e-06, gnorm=20.76, clip=100, train_wall=130.92, gb_free=31.7, wall=0
2026-06-28 08:23:41 | INFO | train_inner | epoch 005:   2576 / 2931 loss=5.848, train_loss=5.848, cross_distance_loss=0.828, distance_loss=0.365, coord_loss=4.361, RMSD=4.36, prmsd_loss=2.933, ups=0.42, bsz=8, num_updates=14300, lr=8.90822e-06, gnorm=24.319, clip=100, train_wall=118.79, gb_free=31.7, wall=0
2026-06-28 08:25:36 | INFO | train_inner | epoch 005:   2626 / 2931 loss=5.79, train_loss=5.79, cross_distance_loss=0.817, distance_loss=0.347, coord_loss=4.332, RMSD=4.331, prmsd_loss=2.932, ups=0.44, bsz=8, num_updates=14350, lr=8.90217e-06, gnorm=49.141, clip=100, train_wall=114.1, gb_free=27.1, wall=0
2026-06-28 08:27:40 | INFO | train_inner | epoch 005:   2676 / 2931 loss=5.806, train_loss=5.806, cross_distance_loss=0.825, distance_loss=0.368, coord_loss=4.323, RMSD=4.322, prmsd_loss=2.911, ups=0.4, bsz=8, num_updates=14400, lr=8.89612e-06, gnorm=20.462, clip=100, train_wall=123.91, gb_free=30.2, wall=0
2026-06-28 08:29:45 | INFO | train_inner | epoch 005:   2726 / 2931 loss=6.129, train_loss=6.129, cross_distance_loss=0.841, distance_loss=0.426, coord_loss=4.57, RMSD=4.569, prmsd_loss=2.912, ups=0.4, bsz=8, num_updates=14450, lr=8.89007e-06, gnorm=63.313, clip=100, train_wall=124.51, gb_free=30.7, wall=0
2026-06-28 08:31:43 | INFO | train_inner | epoch 005:   2776 / 2931 loss=5.828, train_loss=5.828, cross_distance_loss=0.814, distance_loss=0.373, coord_loss=4.351, RMSD=4.35, prmsd_loss=2.895, ups=0.42, bsz=8, num_updates=14500, lr=8.88402e-06, gnorm=20.711, clip=100, train_wall=118.15, gb_free=31.2, wall=0
2026-06-28 08:31:43 | INFO | unicore_cli.train | begin validation on "valid" subset
2026-06-28 08:31:43 | INFO | unicore.tasks.unicore_task | get EpochBatchIterator for epoch 1
2026-06-28 10:00:18 | INFO | valid | epoch 005 | valid on 'valid' subset | loss 5.828 | valid_loss 5.828 | cross_distance_loss 0.798 | distance_loss 0.275 | coord_loss 4.463 | RMSD 4.463 | prmsd_loss 2.92 | bsz 26010 | num_updates 14500 | best_loss 5.828
2026-06-28 10:00:18 | INFO | unicore.checkpoint_utils | Preparing to save checkpoint for epoch 5 @ 14500 updates
2026-06-28 10:00:18 | INFO | unicore.trainer | Saving checkpoint to ./checkpoint_5_14500.pt
2026-06-28 10:00:22 | INFO | unicore.trainer | Finished saving checkpoint to ./checkpoint_5_14500.pt
2026-06-28 10:00:22 | INFO | unicore.checkpoint_utils | Saved checkpoint ./checkpoint_5_14500.pt (epoch 5 @ 14500 updates, score 5.828) (writing took 4.150578370783478 seconds)
2026-06-28 10:00:22 | INFO | unicore.checkpoint_utils | copy ./checkpoint_5_14500.pt to /home/bdldt_team007/DLDockingBenchSeminar/results/checkpoints_full/checkpoint_5_14500.pt
2026-06-28 10:00:28 | INFO | unicore.checkpoint_utils | copy ./checkpoint_5_14500.pt to /home/bdldt_team007/DLDockingBenchSeminar/results/checkpoints_full/checkpoint_best.pt
2026-06-28 10:00:31 | INFO | unicore.checkpoint_utils | copy ./checkpoint_5_14500.pt to /home/bdldt_team007/DLDockingBenchSeminar/results/checkpoints_full/checkpoint_last.pt
2026-06-28 10:00:33 | INFO | unicore.checkpoint_utils | removing temp file ./checkpoint_5_14500.pt ...
2026-06-28 10:00:33 | INFO | unicore.checkpoint_utils | finished async ckp saving.
2026-06-28 10:02:24 | INFO | train_inner | epoch 005:   2826 / 2931 loss=5.825, train_loss=5.825, cross_distance_loss=0.83, distance_loss=0.367, coord_loss=4.335, RMSD=4.334, prmsd_loss=2.926, ups=0.01, bsz=8, num_updates=14550, lr=8.87797e-06, gnorm=39.45, clip=100, train_wall=122.15, gb_free=30.7, wall=0
2026-06-28 10:04:29 | INFO | train_inner | epoch 005:   2876 / 2931 loss=5.83, train_loss=5.83, cross_distance_loss=0.838, distance_loss=0.41, coord_loss=4.292, RMSD=4.291, prmsd_loss=2.898, ups=0.4, bsz=8, num_updates=14600, lr=8.87192e-06, gnorm=172.05, clip=100, train_wall=124.66, gb_free=31.2, wall=0
2026-06-28 10:06:32 | INFO | train_inner | epoch 005:   2926 / 2931 loss=5.912, train_loss=5.912, cross_distance_loss=0.822, distance_loss=0.426, coord_loss=4.379, RMSD=4.378, prmsd_loss=2.854, ups=0.41, bsz=8, num_updates=14650, lr=8.86587e-06, gnorm=56.799, clip=100, train_wall=122.53, gb_free=30.7, wall=0
2026-06-28 10:06:46 | INFO | unicore_cli.train | begin validation on "valid" subset
2026-06-28 10:06:46 | INFO | unicore.tasks.unicore_task | get EpochBatchIterator for epoch 1
2026-06-28 11:35:15 | INFO | valid | epoch 005 | valid on 'valid' subset | loss 6.062 | valid_loss 6.062 | cross_distance_loss 0.83 | distance_loss 0.277 | coord_loss 4.644 | RMSD 4.644 | prmsd_loss 3.105 | bsz 26010 | num_updates 14655 | best_loss 5.828
2026-06-28 11:35:15 | INFO | unicore.checkpoint_utils | Preparing to save checkpoint for epoch 5 @ 14655 updates
2026-06-28 11:35:15 | INFO | unicore.trainer | Saving checkpoint to ./checkpoint5.pt
2026-06-28 11:35:18 | INFO | unicore.trainer | Finished saving checkpoint to ./checkpoint5.pt
2026-06-28 11:35:18 | INFO | unicore.checkpoint_utils | Saved checkpoint ./checkpoint5.pt (epoch 5 @ 14655 updates, score 6.062) (writing took 3.0409308215603232 seconds)
2026-06-28 11:35:18 | INFO | unicore_cli.train | end of epoch 5 (average epoch stats below)
2026-06-28 11:35:18 | INFO | unicore.checkpoint_utils | copy ./checkpoint5.pt to /home/bdldt_team007/DLDockingBenchSeminar/results/checkpoints_full/checkpoint5.pt
2026-06-28 11:35:18 | INFO | train | epoch 005 | loss 6.004 | train_loss 6.004 | cross_distance_loss 0.846 | distance_loss 0.396 | coord_loss 4.472 | RMSD 4.471 | prmsd_loss 2.902 | ups 0.07 | bsz 8 | num_updates 14655 | lr 8.86527e-06 | gnorm 31.358 | clip 100 | train_wall 7430.66 | gb_free 30.7 | wall 0
2026-06-28 11:35:18 | INFO | unicore.tasks.unicore_task | get EpochBatchIterator for epoch 6
2026-06-28 11:35:18 | INFO | unicore.trainer | begin training epoch 6
2026-06-28 11:35:18 | INFO | unicore_cli.train | Start iterating over samples
2026-06-28 11:35:24 | INFO | unicore.checkpoint_utils | copy ./checkpoint5.pt to /home/bdldt_team007/DLDockingBenchSeminar/results/checkpoints_full/checkpoint_last.pt
2026-06-28 11:35:27 | INFO | unicore.checkpoint_utils | removing temp file ./checkpoint5.pt ...
2026-06-28 11:35:27 | INFO | unicore.checkpoint_utils | finished async ckp saving.
2026-06-28 11:37:09 | INFO | train_inner | epoch 006:     45 / 2931 loss=5.855, train_loss=5.855, cross_distance_loss=0.822, distance_loss=0.392, coord_loss=4.359, RMSD=4.358, prmsd_loss=2.818, ups=0.01, bsz=8, num_updates=14700, lr=8.85983e-06, gnorm=41.739, clip=100, train_wall=125.33, gb_free=29.6, wall=0
2026-06-28 11:39:23 | INFO | train_inner | epoch 006:     95 / 2931 loss=6.03, train_loss=6.03, cross_distance_loss=0.824, distance_loss=0.408, coord_loss=4.514, RMSD=4.513, prmsd_loss=2.84, ups=0.38, bsz=8, num_updates=14750, lr=8.85378e-06, gnorm=38.241, clip=100, train_wall=133.04, gb_free=32.1, wall=0
2026-06-28 11:41:24 | INFO | train_inner | epoch 006:    145 / 2931 loss=5.872, train_loss=5.872, cross_distance_loss=0.814, distance_loss=0.368, coord_loss=4.394, RMSD=4.393, prmsd_loss=2.956, ups=0.41, bsz=8, num_updates=14800, lr=8.84773e-06, gnorm=50.455, clip=100, train_wall=121.56, gb_free=30.7, wall=0
2026-06-28 11:43:35 | INFO | train_inner | epoch 006:    195 / 2931 loss=5.904, train_loss=5.904, cross_distance_loss=0.831, distance_loss=0.394, coord_loss=4.39, RMSD=4.39, prmsd_loss=2.892, ups=0.38, bsz=8, num_updates=14850, lr=8.84168e-06, gnorm=16.813, clip=100, train_wall=130.76, gb_free=29.2, wall=0
2026-06-28 11:45:46 | INFO | train_inner | epoch 006:    245 / 2931 loss=5.936, train_loss=5.936, cross_distance_loss=0.833, distance_loss=0.446, coord_loss=4.369, RMSD=4.368, prmsd_loss=2.881, ups=0.38, bsz=8, num_updates=14900, lr=8.83563e-06, gnorm=23.821, clip=100, train_wall=130.74, gb_free=29.6, wall=0
2026-06-28 11:47:47 | INFO | train_inner | epoch 006:    295 / 2931 loss=5.918, train_loss=5.918, cross_distance_loss=0.826, distance_loss=0.456, coord_loss=4.35, RMSD=4.349, prmsd_loss=2.859, ups=0.41, bsz=8, num_updates=14950, lr=8.82958e-06, gnorm=25.75, clip=100, train_wall=120.75, gb_free=28.5, wall=0
2026-06-28 11:49:46 | INFO | train_inner | epoch 006:    345 / 2931 loss=5.795, train_loss=5.795, cross_distance_loss=0.828, distance_loss=0.402, coord_loss=4.275, RMSD=4.274, prmsd_loss=2.899, ups=0.42, bsz=8, num_updates=15000, lr=8.82353e-06, gnorm=19.764, clip=100, train_wall=119.12, gb_free=30.7, wall=0
2026-06-28 11:49:46 | INFO | unicore_cli.train | begin validation on "valid" subset
2026-06-28 11:49:46 | INFO | unicore.tasks.unicore_task | get EpochBatchIterator for epoch 1
2026-06-28 13:07:41 | INFO | valid | epoch 006 | valid on 'valid' subset | loss 6.487 | valid_loss 6.487 | cross_distance_loss 0.811 | distance_loss 0.266 | coord_loss 5.074 | RMSD 5.073 | prmsd_loss 3.366 | bsz 26010 | num_updates 15000 | best_loss 5.828
2026-06-28 13:07:41 | INFO | unicore.checkpoint_utils | Preparing to save checkpoint for epoch 6 @ 15000 updates
2026-06-28 13:07:41 | INFO | unicore.trainer | Saving checkpoint to ./checkpoint_6_15000.pt
2026-06-28 13:07:45 | INFO | unicore.trainer | Finished saving checkpoint to ./checkpoint_6_15000.pt
2026-06-28 13:07:45 | INFO | unicore.checkpoint_utils | Saved checkpoint ./checkpoint_6_15000.pt (epoch 6 @ 15000 updates, score 6.487) (writing took 3.9372293390333652 seconds)
2026-06-28 13:07:45 | INFO | unicore.checkpoint_utils | copy ./checkpoint_6_15000.pt to /home/bdldt_team007/DLDockingBenchSeminar/results/checkpoints_full/checkpoint_6_15000.pt
2026-06-28 13:07:50 | INFO | unicore.checkpoint_utils | copy ./checkpoint_6_15000.pt to /home/bdldt_team007/DLDockingBenchSeminar/results/checkpoints_full/checkpoint_last.pt
2026-06-28 13:07:52 | INFO | unicore.checkpoint_utils | removing temp file ./checkpoint_6_15000.pt ...
2026-06-28 13:07:52 | INFO | unicore.checkpoint_utils | finished async ckp saving.
2026-06-28 13:09:49 | INFO | train_inner | epoch 006:    395 / 2931 loss=5.85, train_loss=5.85, cross_distance_loss=0.827, distance_loss=0.352, coord_loss=4.38, RMSD=4.379, prmsd_loss=2.904, ups=0.01, bsz=8, num_updates=15050, lr=8.81748e-06, gnorm=22.892, clip=100, train_wall=124.2, gb_free=31.2, wall=0
2026-06-28 13:11:46 | INFO | train_inner | epoch 006:    445 / 2931 loss=5.636, train_loss=5.636, cross_distance_loss=0.796, distance_loss=0.319, coord_loss=4.233, RMSD=4.232, prmsd_loss=2.882, ups=0.43, bsz=8, num_updates=15100, lr=8.81143e-06, gnorm=26.077, clip=100, train_wall=116.06, gb_free=28.5, wall=0
2026-06-28 13:13:46 | INFO | train_inner | epoch 006:    495 / 2931 loss=5.584, train_loss=5.584, cross_distance_loss=0.801, distance_loss=0.356, coord_loss=4.136, RMSD=4.135, prmsd_loss=2.906, ups=0.41, bsz=8, num_updates=15150, lr=8.80538e-06, gnorm=23.81, clip=100, train_wall=120.65, gb_free=23.2, wall=0
2026-06-28 13:15:58 | INFO | train_inner | epoch 006:    545 / 2931 loss=5.759, train_loss=5.759, cross_distance_loss=0.811, distance_loss=0.367, coord_loss=4.291, RMSD=4.29, prmsd_loss=2.901, ups=0.38, bsz=8, num_updates=15200, lr=8.79933e-06, gnorm=30.189, clip=100, train_wall=131.22, gb_free=30.2, wall=0
2026-06-28 13:17:59 | INFO | train_inner | epoch 006:    595 / 2931 loss=5.633, train_loss=5.633, cross_distance_loss=0.796, distance_loss=0.347, coord_loss=4.2, RMSD=4.2, prmsd_loss=2.902, ups=0.41, bsz=8, num_updates=15250, lr=8.79328e-06, gnorm=65.079, clip=100, train_wall=121.18, gb_free=32.6, wall=0
2026-06-28 13:20:10 | INFO | train_inner | epoch 006:    645 / 2931 loss=5.701, train_loss=5.701, cross_distance_loss=0.818, distance_loss=0.327, coord_loss=4.262, RMSD=4.261, prmsd_loss=2.938, ups=0.38, bsz=8, num_updates=15300, lr=8.78723e-06, gnorm=43.693, clip=100, train_wall=131.14, gb_free=29.1, wall=0
2026-06-28 13:22:04 | INFO | train_inner | epoch 006:    695 / 2931 loss=5.77, train_loss=5.77, cross_distance_loss=0.829, distance_loss=0.348, coord_loss=4.303, RMSD=4.302, prmsd_loss=2.9, ups=0.44, bsz=8, num_updates=15350, lr=8.78118e-06, gnorm=91.715, clip=100, train_wall=113.51, gb_free=31.2, wall=0
2026-06-28 13:24:08 | INFO | train_inner | epoch 006:    745 / 2931 loss=5.632, train_loss=5.632, cross_distance_loss=0.791, distance_loss=0.361, coord_loss=4.192, RMSD=4.191, prmsd_loss=2.87, ups=0.4, bsz=8, num_updates=15400, lr=8.77513e-06, gnorm=75.238, clip=100, train_wall=123.49, gb_free=27.9, wall=0
2026-06-28 13:26:15 | INFO | train_inner | epoch 006:    795 / 2931 loss=5.834, train_loss=5.834, cross_distance_loss=0.815, distance_loss=0.394, coord_loss=4.338, RMSD=4.337, prmsd_loss=2.876, ups=0.39, bsz=8, num_updates=15450, lr=8.76909e-06, gnorm=26.271, clip=100, train_wall=126.64, gb_free=29.1, wall=0
2026-06-28 13:28:29 | INFO | train_inner | epoch 006:    845 / 2931 loss=5.908, train_loss=5.908, cross_distance_loss=0.821, distance_loss=0.379, coord_loss=4.418, RMSD=4.417, prmsd_loss=2.896, ups=0.37, bsz=8, num_updates=15500, lr=8.76304e-06, gnorm=32.896, clip=100, train_wall=134.2, gb_free=32.1, wall=0
2026-06-28 13:28:29 | INFO | unicore_cli.train | begin validation on "valid" subset
2026-06-28 13:28:29 | INFO | unicore.tasks.unicore_task | get EpochBatchIterator for epoch 1
2026-06-28 14:54:41 | INFO | valid | epoch 006 | valid on 'valid' subset | loss 5.919 | valid_loss 5.919 | cross_distance_loss 0.794 | distance_loss 0.263 | coord_loss 4.555 | RMSD 4.554 | prmsd_loss 3.067 | bsz 26010 | num_updates 15500 | best_loss 5.828
2026-06-28 14:54:41 | INFO | unicore.checkpoint_utils | Preparing to save checkpoint for epoch 6 @ 15500 updates
2026-06-28 14:54:41 | INFO | unicore.trainer | Saving checkpoint to ./checkpoint_6_15500.pt
2026-06-28 14:54:45 | INFO | unicore.trainer | Finished saving checkpoint to ./checkpoint_6_15500.pt
2026-06-28 14:54:45 | INFO | unicore.checkpoint_utils | Saved checkpoint ./checkpoint_6_15500.pt (epoch 6 @ 15500 updates, score 5.919) (writing took 4.740564365871251 seconds)
2026-06-28 14:54:45 | INFO | unicore.checkpoint_utils | copy ./checkpoint_6_15500.pt to /home/bdldt_team007/DLDockingBenchSeminar/results/checkpoints_full/checkpoint_6_15500.pt
2026-06-28 14:54:50 | INFO | unicore.checkpoint_utils | copy ./checkpoint_6_15500.pt to /home/bdldt_team007/DLDockingBenchSeminar/results/checkpoints_full/checkpoint_last.pt
2026-06-28 14:54:53 | INFO | unicore.checkpoint_utils | removing temp file ./checkpoint_6_15500.pt ...
2026-06-28 14:54:53 | INFO | unicore.checkpoint_utils | finished async ckp saving.
2026-06-28 14:56:59 | INFO | train_inner | epoch 006:    895 / 2931 loss=5.673, train_loss=5.673, cross_distance_loss=0.796, distance_loss=0.361, coord_loss=4.224, RMSD=4.224, prmsd_loss=2.92, ups=0.01, bsz=8, num_updates=15550, lr=8.75699e-06, gnorm=21.697, clip=100, train_wall=133.06, gb_free=31.7, wall=0
2026-06-28 14:59:08 | INFO | train_inner | epoch 006:    945 / 2931 loss=5.858, train_loss=5.858, cross_distance_loss=0.808, distance_loss=0.403, coord_loss=4.358, RMSD=4.357, prmsd_loss=2.887, ups=0.39, bsz=8, num_updates=15600, lr=8.75094e-06, gnorm=27.132, clip=100, train_wall=128.75, gb_free=29.6, wall=0
2026-06-28 15:01:09 | INFO | train_inner | epoch 006:    995 / 2931 loss=5.824, train_loss=5.824, cross_distance_loss=0.822, distance_loss=0.371, coord_loss=4.341, RMSD=4.34, prmsd_loss=2.902, ups=0.41, bsz=8, num_updates=15650, lr=8.74489e-06, gnorm=71.371, clip=100, train_wall=120.86, gb_free=32.1, wall=0
2026-06-28 15:03:07 | INFO | train_inner | epoch 006:   1045 / 2931 loss=5.719, train_loss=5.719, cross_distance_loss=0.822, distance_loss=0.343, coord_loss=4.263, RMSD=4.263, prmsd_loss=2.909, ups=0.42, bsz=8, num_updates=15700, lr=8.73884e-06, gnorm=76.421, clip=100, train_wall=118.3, gb_free=30.7, wall=0
2026-06-28 15:05:10 | INFO | train_inner | epoch 006:   1095 / 2931 loss=5.743, train_loss=5.743, cross_distance_loss=0.806, distance_loss=0.351, coord_loss=4.299, RMSD=4.298, prmsd_loss=2.875, ups=0.41, bsz=8, num_updates=15750, lr=8.73279e-06, gnorm=36.052, clip=100, train_wall=122.49, gb_free=29.1, wall=0
2026-06-28 15:07:12 | INFO | train_inner | epoch 006:   1145 / 2931 loss=5.72, train_loss=5.72, cross_distance_loss=0.806, distance_loss=0.379, coord_loss=4.245, RMSD=4.244, prmsd_loss=2.898, ups=0.41, bsz=8, num_updates=15800, lr=8.72674e-06, gnorm=30.854, clip=100, train_wall=121.99, gb_free=27.9, wall=0
2026-06-28 15:09:14 | INFO | train_inner | epoch 006:   1195 / 2931 loss=5.623, train_loss=5.623, cross_distance_loss=0.82, distance_loss=0.375, coord_loss=4.139, RMSD=4.138, prmsd_loss=2.899, ups=0.41, bsz=8, num_updates=15850, lr=8.72069e-06, gnorm=31.469, clip=100, train_wall=122.05, gb_free=31.2, wall=0
2026-06-28 15:11:24 | INFO | train_inner | epoch 006:   1245 / 2931 loss=5.909, train_loss=5.909, cross_distance_loss=0.813, distance_loss=0.414, coord_loss=4.395, RMSD=4.394, prmsd_loss=2.874, ups=0.39, bsz=8, num_updates=15900, lr=8.71464e-06, gnorm=28.745, clip=100, train_wall=129.65, gb_free=31.2, wall=0
2026-06-28 15:13:27 | INFO | train_inner | epoch 006:   1295 / 2931 loss=5.673, train_loss=5.673, cross_distance_loss=0.799, distance_loss=0.333, coord_loss=4.25, RMSD=4.25, prmsd_loss=2.914, ups=0.41, bsz=8, num_updates=15950, lr=8.70859e-06, gnorm=19.487, clip=100, train_wall=122.67, gb_free=28.5, wall=0
2026-06-28 15:15:42 | INFO | train_inner | epoch 006:   1345 / 2931 loss=5.883, train_loss=5.883, cross_distance_loss=0.811, distance_loss=0.403, coord_loss=4.381, RMSD=4.38, prmsd_loss=2.881, ups=0.37, bsz=8, num_updates=16000, lr=8.70254e-06, gnorm=38.523, clip=100, train_wall=134.72, gb_free=30.7, wall=0
2026-06-28 15:15:42 | INFO | unicore_cli.train | begin validation on "valid" subset
2026-06-28 15:15:42 | INFO | unicore.tasks.unicore_task | get EpochBatchIterator for epoch 1
2026-06-28 16:41:41 | INFO | valid | epoch 006 | valid on 'valid' subset | loss 6.084 | valid_loss 6.084 | cross_distance_loss 0.786 | distance_loss 0.261 | coord_loss 4.717 | RMSD 4.715 | prmsd_loss 3.203 | bsz 26010 | num_updates 16000 | best_loss 5.828
2026-06-28 16:41:41 | INFO | unicore.checkpoint_utils | Preparing to save checkpoint for epoch 6 @ 16000 updates
2026-06-28 16:41:41 | INFO | unicore.trainer | Saving checkpoint to ./checkpoint_6_16000.pt
2026-06-28 16:41:45 | INFO | unicore.trainer | Finished saving checkpoint to ./checkpoint_6_16000.pt
2026-06-28 16:41:46 | INFO | unicore.checkpoint_utils | Saved checkpoint ./checkpoint_6_16000.pt (epoch 6 @ 16000 updates, score 6.084) (writing took 4.790690139867365 seconds)
2026-06-28 16:41:46 | INFO | unicore.checkpoint_utils | copy ./checkpoint_6_16000.pt to /home/bdldt_team007/DLDockingBenchSeminar/results/checkpoints_full/checkpoint_6_16000.pt
2026-06-28 16:41:50 | INFO | unicore.checkpoint_utils | copy ./checkpoint_6_16000.pt to /home/bdldt_team007/DLDockingBenchSeminar/results/checkpoints_full/checkpoint_last.pt
2026-06-28 16:41:53 | INFO | unicore.checkpoint_utils | removing temp file ./checkpoint_6_16000.pt ...
2026-06-28 16:41:53 | INFO | unicore.checkpoint_utils | finished async ckp saving.
2026-06-28 16:43:50 | INFO | train_inner | epoch 006:   1395 / 2931 loss=5.532, train_loss=5.532, cross_distance_loss=0.79, distance_loss=0.312, coord_loss=4.14, RMSD=4.139, prmsd_loss=2.911, ups=0.01, bsz=8, num_updates=16050, lr=8.69649e-06, gnorm=46.749, clip=100, train_wall=124.46, gb_free=30.1, wall=0
2026-06-28 16:45:47 | INFO | train_inner | epoch 006:   1445 / 2931 loss=5.731, train_loss=5.731, cross_distance_loss=0.813, distance_loss=0.392, coord_loss=4.237, RMSD=4.236, prmsd_loss=2.893, ups=0.43, bsz=8, num_updates=16100, lr=8.69044e-06, gnorm=27.705, clip=100, train_wall=116.34, gb_free=29.1, wall=0
2026-06-28 16:47:42 | INFO | train_inner | epoch 006:   1495 / 2931 loss=5.879, train_loss=5.879, cross_distance_loss=0.823, distance_loss=0.378, coord_loss=4.388, RMSD=4.387, prmsd_loss=2.905, ups=0.44, bsz=8, num_updates=16150, lr=8.6844e-06, gnorm=34.221, clip=100, train_wall=114.74, gb_free=28.6, wall=0
2026-06-28 16:49:49 | INFO | train_inner | epoch 006:   1545 / 2931 loss=5.779, train_loss=5.779, cross_distance_loss=0.809, distance_loss=0.388, coord_loss=4.295, RMSD=4.294, prmsd_loss=2.876, ups=0.39, bsz=8, num_updates=16200, lr=8.67835e-06, gnorm=28.256, clip=100, train_wall=127.59, gb_free=26.6, wall=0
2026-06-28 16:51:59 | INFO | train_inner | epoch 006:   1595 / 2931 loss=5.688, train_loss=5.688, cross_distance_loss=0.806, distance_loss=0.366, coord_loss=4.228, RMSD=4.227, prmsd_loss=2.884, ups=0.39, bsz=8, num_updates=16250, lr=8.6723e-06, gnorm=64.678, clip=100, train_wall=129.64, gb_free=29.1, wall=0
2026-06-28 16:53:57 | INFO | train_inner | epoch 006:   1645 / 2931 loss=5.804, train_loss=5.804, cross_distance_loss=0.815, distance_loss=0.379, coord_loss=4.322, RMSD=4.321, prmsd_loss=2.877, ups=0.42, bsz=8, num_updates=16300, lr=8.66625e-06, gnorm=43.88, clip=100, train_wall=117.71, gb_free=29.7, wall=0
2026-06-28 16:56:05 | INFO | train_inner | epoch 006:   1695 / 2931 loss=5.57, train_loss=5.57, cross_distance_loss=0.79, distance_loss=0.325, coord_loss=4.165, RMSD=4.164, prmsd_loss=2.901, ups=0.39, bsz=8, num_updates=16350, lr=8.6602e-06, gnorm=26.741, clip=100, train_wall=127.35, gb_free=30.2, wall=0
2026-06-28 16:58:14 | INFO | train_inner | epoch 006:   1745 / 2931 loss=5.727, train_loss=5.727, cross_distance_loss=0.81, distance_loss=0.359, coord_loss=4.269, RMSD=4.268, prmsd_loss=2.889, ups=0.39, bsz=8, num_updates=16400, lr=8.65415e-06, gnorm=24.523, clip=100, train_wall=129.49, gb_free=30.1, wall=0
2026-06-28 17:00:29 | INFO | train_inner | epoch 006:   1795 / 2931 loss=5.696, train_loss=5.696, cross_distance_loss=0.809, distance_loss=0.361, coord_loss=4.234, RMSD=4.234, prmsd_loss=2.916, ups=0.37, bsz=8, num_updates=16450, lr=8.6481e-06, gnorm=35.201, clip=100, train_wall=135.01, gb_free=32.6, wall=0
2026-06-28 17:02:38 | INFO | train_inner | epoch 006:   1845 / 2931 loss=5.68, train_loss=5.68, cross_distance_loss=0.812, distance_loss=0.375, coord_loss=4.204, RMSD=4.204, prmsd_loss=2.889, ups=0.39, bsz=8, num_updates=16500, lr=8.64205e-06, gnorm=33.958, clip=100, train_wall=128.41, gb_free=30.1, wall=0
2026-06-28 17:02:38 | INFO | unicore_cli.train | begin validation on "valid" subset
2026-06-28 17:02:38 | INFO | unicore.tasks.unicore_task | get EpochBatchIterator for epoch 1
2026-06-28 18:25:19 | INFO | valid | epoch 006 | valid on 'valid' subset | loss 5.823 | valid_loss 5.823 | cross_distance_loss 0.786 | distance_loss 0.257 | coord_loss 4.476 | RMSD 4.476 | prmsd_loss 3.035 | bsz 26010 | num_updates 16500 | best_loss 5.823
2026-06-28 18:25:19 | INFO | unicore.checkpoint_utils | Preparing to save checkpoint for epoch 6 @ 16500 updates
2026-06-28 18:25:19 | INFO | unicore.trainer | Saving checkpoint to ./checkpoint_6_16500.pt
2026-06-28 18:25:24 | INFO | unicore.trainer | Finished saving checkpoint to ./checkpoint_6_16500.pt
2026-06-28 18:25:24 | INFO | unicore.checkpoint_utils | Saved checkpoint ./checkpoint_6_16500.pt (epoch 6 @ 16500 updates, score 5.823) (writing took 4.822865752968937 seconds)
2026-06-28 18:25:24 | INFO | unicore.checkpoint_utils | copy ./checkpoint_6_16500.pt to /home/bdldt_team007/DLDockingBenchSeminar/results/checkpoints_full/checkpoint_6_16500.pt
2026-06-28 18:26:10 | INFO | unicore.checkpoint_utils | copy ./checkpoint_6_16500.pt to /home/bdldt_team007/DLDockingBenchSeminar/results/checkpoints_full/checkpoint_best.pt
2026-06-28 18:26:27 | INFO | unicore.checkpoint_utils | copy ./checkpoint_6_16500.pt to /home/bdldt_team007/DLDockingBenchSeminar/results/checkpoints_full/checkpoint_last.pt
2026-06-28 18:26:46 | INFO | unicore.checkpoint_utils | removing temp file ./checkpoint_6_16500.pt ...
2026-06-28 18:26:46 | INFO | unicore.checkpoint_utils | finished async ckp saving.
2026-06-28 18:27:34 | INFO | train_inner | epoch 006:   1895 / 2931 loss=5.804, train_loss=5.804, cross_distance_loss=0.801, distance_loss=0.395, coord_loss=4.323, RMSD=4.322, prmsd_loss=2.852, ups=0.01, bsz=8, num_updates=16550, lr=8.636e-06, gnorm=25.67, clip=100, train_wall=123.39, gb_free=31.7, wall=0
2026-06-28 18:29:31 | INFO | train_inner | epoch 006:   1945 / 2931 loss=5.597, train_loss=5.597, cross_distance_loss=0.78, distance_loss=0.377, coord_loss=4.154, RMSD=4.153, prmsd_loss=2.873, ups=0.43, bsz=8, num_updates=16600, lr=8.62995e-06, gnorm=84.472, clip=100, train_wall=116.64, gb_free=31.2, wall=0
2026-06-28 18:31:26 | INFO | train_inner | epoch 006:   1995 / 2931 loss=5.693, train_loss=5.693, cross_distance_loss=0.791, distance_loss=0.356, coord_loss=4.261, RMSD=4.26, prmsd_loss=2.862, ups=0.43, bsz=8, num_updates=16650, lr=8.6239e-06, gnorm=34.899, clip=100, train_wall=115.64, gb_free=28.5, wall=0
2026-06-28 18:33:24 | INFO | train_inner | epoch 006:   2045 / 2931 loss=5.563, train_loss=5.563, cross_distance_loss=0.785, distance_loss=0.331, coord_loss=4.156, RMSD=4.156, prmsd_loss=2.905, ups=0.43, bsz=8, num_updates=16700, lr=8.61785e-06, gnorm=29.442, clip=100, train_wall=116.91, gb_free=28.5, wall=0
2026-06-28 18:35:22 | INFO | train_inner | epoch 006:   2095 / 2931 loss=5.836, train_loss=5.836, cross_distance_loss=0.803, distance_loss=0.408, coord_loss=4.335, RMSD=4.334, prmsd_loss=2.909, ups=0.42, bsz=8, num_updates=16750, lr=8.6118e-06, gnorm=23.271, clip=100, train_wall=118.08, gb_free=26, wall=0
2026-06-28 18:37:21 | INFO | train_inner | epoch 006:   2145 / 2931 loss=5.506, train_loss=5.506, cross_distance_loss=0.779, distance_loss=0.316, coord_loss=4.119, RMSD=4.118, prmsd_loss=2.919, ups=0.42, bsz=8, num_updates=16800, lr=8.60575e-06, gnorm=20.698, clip=100, train_wall=118.53, gb_free=29.1, wall=0
2026-06-28 18:39:35 | INFO | train_inner | epoch 006:   2195 / 2931 loss=5.569, train_loss=5.569, cross_distance_loss=0.785, distance_loss=0.37, coord_loss=4.128, RMSD=4.127, prmsd_loss=2.862, ups=0.37, bsz=8, num_updates=16850, lr=8.5997e-06, gnorm=27.229, clip=100, train_wall=133.87, gb_free=32.6, wall=0
2026-06-28 18:41:45 | INFO | train_inner | epoch 006:   2245 / 2931 loss=5.646, train_loss=5.646, cross_distance_loss=0.814, distance_loss=0.363, coord_loss=4.177, RMSD=4.177, prmsd_loss=2.917, ups=0.38, bsz=8, num_updates=16900, lr=8.59366e-06, gnorm=56.485, clip=100, train_wall=130.06, gb_free=30.7, wall=0
2026-06-28 18:43:43 | INFO | train_inner | epoch 006:   2295 / 2931 loss=5.687, train_loss=5.687, cross_distance_loss=0.803, distance_loss=0.405, coord_loss=4.195, RMSD=4.194, prmsd_loss=2.845, ups=0.42, bsz=8, num_updates=16950, lr=8.58761e-06, gnorm=16.74, clip=100, train_wall=118.24, gb_free=30.2, wall=0
2026-06-28 18:45:45 | INFO | train_inner | epoch 006:   2345 / 2931 loss=5.666, train_loss=5.666, cross_distance_loss=0.798, distance_loss=0.389, coord_loss=4.192, RMSD=4.191, prmsd_loss=2.864, ups=0.41, bsz=8, num_updates=17000, lr=8.58156e-06, gnorm=22.278, clip=100, train_wall=122.04, gb_free=30.2, wall=0
2026-06-28 18:45:45 | INFO | unicore_cli.train | begin validation on "valid" subset
2026-06-28 18:45:45 | INFO | unicore.tasks.unicore_task | get EpochBatchIterator for epoch 1
2026-06-28 20:07:39 | INFO | valid | epoch 006 | valid on 'valid' subset | loss 5.907 | valid_loss 5.907 | cross_distance_loss 0.783 | distance_loss 0.271 | coord_loss 4.536 | RMSD 4.535 | prmsd_loss 3.174 | bsz 26010 | num_updates 17000 | best_loss 5.823
2026-06-28 20:07:39 | INFO | unicore.checkpoint_utils | Preparing to save checkpoint for epoch 6 @ 17000 updates
2026-06-28 20:07:39 | INFO | unicore.trainer | Saving checkpoint to ./checkpoint_6_17000.pt
2026-06-28 20:07:51 | INFO | unicore.trainer | Finished saving checkpoint to ./checkpoint_6_17000.pt
2026-06-28 20:07:52 | INFO | unicore.checkpoint_utils | Saved checkpoint ./checkpoint_6_17000.pt (epoch 6 @ 17000 updates, score 5.907) (writing took 12.572765715885907 seconds)
2026-06-28 20:07:52 | INFO | unicore.checkpoint_utils | copy ./checkpoint_6_17000.pt to /home/bdldt_team007/DLDockingBenchSeminar/results/checkpoints_full/checkpoint_6_17000.pt
2026-06-28 20:08:53 | INFO | unicore.checkpoint_utils | copy ./checkpoint_6_17000.pt to /home/bdldt_team007/DLDockingBenchSeminar/results/checkpoints_full/checkpoint_last.pt
2026-06-28 20:09:15 | INFO | unicore.checkpoint_utils | removing temp file ./checkpoint_6_17000.pt ...
2026-06-28 20:09:15 | INFO | unicore.checkpoint_utils | finished async ckp saving.
2026-06-28 20:09:55 | INFO | train_inner | epoch 006:   2395 / 2931 loss=5.583, train_loss=5.583, cross_distance_loss=0.783, distance_loss=0.32, coord_loss=4.19, RMSD=4.189, prmsd_loss=2.903, ups=0.01, bsz=8, num_updates=17050, lr=8.57551e-06, gnorm=15.455, clip=100, train_wall=116.85, gb_free=30.2, wall=0
2026-06-28 20:11:55 | INFO | train_inner | epoch 006:   2445 / 2931 loss=5.65, train_loss=5.65, cross_distance_loss=0.796, distance_loss=0.374, coord_loss=4.194, RMSD=4.194, prmsd_loss=2.855, ups=0.42, bsz=8, num_updates=17100, lr=8.56946e-06, gnorm=20.291, clip=100, train_wall=119.98, gb_free=26, wall=0
2026-06-28 20:13:58 | INFO | train_inner | epoch 006:   2495 / 2931 loss=5.563, train_loss=5.563, cross_distance_loss=0.792, distance_loss=0.373, coord_loss=4.11, RMSD=4.11, prmsd_loss=2.872, ups=0.41, bsz=8, num_updates=17150, lr=8.56341e-06, gnorm=49.592, clip=100, train_wall=122.57, gb_free=31.2, wall=0
2026-06-28 20:15:51 | INFO | train_inner | epoch 006:   2545 / 2931 loss=5.454, train_loss=5.454, cross_distance_loss=0.791, distance_loss=0.336, coord_loss=4.037, RMSD=4.036, prmsd_loss=2.902, ups=0.44, bsz=8, num_updates=17200, lr=8.55736e-06, gnorm=24.654, clip=100, train_wall=112.93, gb_free=26, wall=0
2026-06-28 20:17:49 | INFO | train_inner | epoch 006:   2595 / 2931 loss=5.45, train_loss=5.45, cross_distance_loss=0.786, distance_loss=0.317, coord_loss=4.058, RMSD=4.058, prmsd_loss=2.891, ups=0.42, bsz=8, num_updates=17250, lr=8.55131e-06, gnorm=25.821, clip=100, train_wall=118.17, gb_free=33.1, wall=0
2026-06-28 20:19:47 | INFO | train_inner | epoch 006:   2645 / 2931 loss=5.688, train_loss=5.688, cross_distance_loss=0.808, distance_loss=0.324, coord_loss=4.259, RMSD=4.259, prmsd_loss=2.968, ups=0.43, bsz=8, num_updates=17300, lr=8.54526e-06, gnorm=18.588, clip=100, train_wall=117.26, gb_free=31.7, wall=0
2026-06-28 20:21:50 | INFO | train_inner | epoch 006:   2695 / 2931 loss=5.667, train_loss=5.667, cross_distance_loss=0.792, distance_loss=0.395, coord_loss=4.194, RMSD=4.194, prmsd_loss=2.857, ups=0.4, bsz=8, num_updates=17350, lr=8.53921e-06, gnorm=19.115, clip=100, train_wall=123.22, gb_free=20.2, wall=0
2026-06-28 20:23:48 | INFO | train_inner | epoch 006:   2745 / 2931 loss=5.882, train_loss=5.882, cross_distance_loss=0.791, distance_loss=0.388, coord_loss=4.417, RMSD=4.417, prmsd_loss=2.859, ups=0.42, bsz=8, num_updates=17400, lr=8.53316e-06, gnorm=30.686, clip=100, train_wall=118.12, gb_free=31.7, wall=0
2026-06-28 20:25:38 | INFO | train_inner | epoch 006:   2795 / 2931 loss=5.397, train_loss=5.397, cross_distance_loss=0.774, distance_loss=0.301, coord_loss=4.034, RMSD=4.033, prmsd_loss=2.89, ups=0.46, bsz=8, num_updates=17450, lr=8.52711e-06, gnorm=16.474, clip=100, train_wall=109.37, gb_free=30.2, wall=0
2026-06-28 20:27:53 | INFO | train_inner | epoch 006:   2845 / 2931 loss=5.661, train_loss=5.661, cross_distance_loss=0.796, distance_loss=0.365, coord_loss=4.209, RMSD=4.208, prmsd_loss=2.911, ups=0.37, bsz=8, num_updates=17500, lr=8.52106e-06, gnorm=20.674, clip=100, train_wall=135.28, gb_free=31.6, wall=0
2026-06-28 20:27:53 | INFO | unicore_cli.train | begin validation on "valid" subset
2026-06-28 20:27:53 | INFO | unicore.tasks.unicore_task | get EpochBatchIterator for epoch 1
2026-06-28 21:44:28 | INFO | valid | epoch 006 | valid on 'valid' subset | loss 5.772 | valid_loss 5.772 | cross_distance_loss 0.774 | distance_loss 0.257 | coord_loss 4.437 | RMSD 4.436 | prmsd_loss 3.043 | bsz 26010 | num_updates 17500 | best_loss 5.772
2026-06-28 21:44:28 | INFO | unicore.checkpoint_utils | Preparing to save checkpoint for epoch 6 @ 17500 updates
2026-06-28 21:44:28 | INFO | unicore.trainer | Saving checkpoint to ./checkpoint_6_17500.pt
2026-06-28 21:44:32 | INFO | unicore.trainer | Finished saving checkpoint to ./checkpoint_6_17500.pt
2026-06-28 21:44:32 | INFO | unicore.checkpoint_utils | Saved checkpoint ./checkpoint_6_17500.pt (epoch 6 @ 17500 updates, score 5.772) (writing took 4.5376475607044995 seconds)
2026-06-28 21:44:32 | INFO | unicore.checkpoint_utils | copy ./checkpoint_6_17500.pt to /home/bdldt_team007/DLDockingBenchSeminar/results/checkpoints_full/checkpoint_6_17500.pt
2026-06-28 21:44:37 | INFO | unicore.checkpoint_utils | copy ./checkpoint_6_17500.pt to /home/bdldt_team007/DLDockingBenchSeminar/results/checkpoints_full/checkpoint_best.pt
2026-06-28 21:44:40 | INFO | unicore.checkpoint_utils | copy ./checkpoint_6_17500.pt to /home/bdldt_team007/DLDockingBenchSeminar/results/checkpoints_full/checkpoint_last.pt
2026-06-28 21:44:42 | INFO | unicore.checkpoint_utils | removing temp file ./checkpoint_6_17500.pt ...
2026-06-28 21:44:42 | INFO | unicore.checkpoint_utils | finished async ckp saving.
2026-06-28 21:46:35 | INFO | train_inner | epoch 006:   2895 / 2931 loss=5.648, train_loss=5.648, cross_distance_loss=0.783, distance_loss=0.381, coord_loss=4.199, RMSD=4.198, prmsd_loss=2.861, ups=0.01, bsz=8, num_updates=17550, lr=8.51501e-06, gnorm=20.423, clip=100, train_wall=121.99, gb_free=32.6, wall=0
2026-06-28 21:48:00 | INFO | unicore_cli.train | begin validation on "valid" subset
2026-06-28 21:48:00 | INFO | unicore.tasks.unicore_task | get EpochBatchIterator for epoch 1
2026-06-28 23:09:49 | INFO | valid | epoch 006 | valid on 'valid' subset | loss 6.374 | valid_loss 6.374 | cross_distance_loss 0.779 | distance_loss 0.276 | coord_loss 4.985 | RMSD 4.984 | prmsd_loss 3.344 | bsz 26010 | num_updates 17586 | best_loss 5.772
2026-06-28 23:09:49 | INFO | unicore.checkpoint_utils | Preparing to save checkpoint for epoch 6 @ 17586 updates
2026-06-28 23:09:49 | INFO | unicore.trainer | Saving checkpoint to ./checkpoint6.pt
2026-06-28 23:09:54 | INFO | unicore.trainer | Finished saving checkpoint to ./checkpoint6.pt
2026-06-28 23:09:54 | INFO | unicore.checkpoint_utils | Saved checkpoint ./checkpoint6.pt (epoch 6 @ 17586 updates, score 6.374) (writing took 4.845654436852783 seconds)
2026-06-28 23:09:54 | INFO | unicore_cli.train | end of epoch 6 (average epoch stats below)
2026-06-28 23:09:54 | INFO | unicore.checkpoint_utils | copy ./checkpoint6.pt to /home/bdldt_team007/DLDockingBenchSeminar/results/checkpoints_full/checkpoint6.pt
2026-06-28 23:09:54 | INFO | train | epoch 006 | loss 5.718 | train_loss 5.718 | cross_distance_loss 0.805 | distance_loss 0.369 | coord_loss 4.255 | RMSD 4.254 | prmsd_loss 2.889 | ups 0.07 | bsz 8 | num_updates 17586 | lr 8.51066e-06 | gnorm 34.797 | clip 100 | train_wall 7229.22 | gb_free 28 | wall 0
2026-06-28 23:09:54 | INFO | unicore.tasks.unicore_task | get EpochBatchIterator for epoch 7
2026-06-28 23:09:54 | INFO | unicore.trainer | begin training epoch 7
2026-06-28 23:09:54 | INFO | unicore_cli.train | Start iterating over samples
2026-06-28 23:09:59 | INFO | unicore.checkpoint_utils | copy ./checkpoint6.pt to /home/bdldt_team007/DLDockingBenchSeminar/results/checkpoints_full/checkpoint_last.pt
2026-06-28 23:10:01 | INFO | unicore.checkpoint_utils | removing temp file ./checkpoint6.pt ...
2026-06-28 23:10:01 | INFO | unicore.checkpoint_utils | finished async ckp saving.
2026-06-28 23:10:26 | INFO | train_inner | epoch 007:     14 / 2931 loss=5.814, train_loss=5.814, cross_distance_loss=0.809, distance_loss=0.433, coord_loss=4.287, RMSD=4.286, prmsd_loss=2.852, ups=0.01, bsz=8, num_updates=17600, lr=8.50897e-06, gnorm=43.518, clip=100, train_wall=117.93, gb_free=23.9, wall=0
2026-06-28 23:12:34 | INFO | train_inner | epoch 007:     64 / 2931 loss=5.704, train_loss=5.704, cross_distance_loss=0.799, distance_loss=0.393, coord_loss=4.226, RMSD=4.226, prmsd_loss=2.855, ups=0.39, bsz=8, num_updates=17650, lr=8.50292e-06, gnorm=36.781, clip=100, train_wall=127.27, gb_free=26.7, wall=0
2026-06-28 23:14:39 | INFO | train_inner | epoch 007:    114 / 2931 loss=5.529, train_loss=5.529, cross_distance_loss=0.766, distance_loss=0.325, coord_loss=4.15, RMSD=4.15, prmsd_loss=2.87, ups=0.4, bsz=8, num_updates=17700, lr=8.49687e-06, gnorm=31.36, clip=100, train_wall=124.62, gb_free=25.2, wall=0
2026-06-28 23:16:38 | INFO | train_inner | epoch 007:    164 / 2931 loss=5.724, train_loss=5.724, cross_distance_loss=0.781, distance_loss=0.352, coord_loss=4.304, RMSD=4.303, prmsd_loss=2.869, ups=0.42, bsz=8, num_updates=17750, lr=8.49082e-06, gnorm=37.502, clip=100, train_wall=119.6, gb_free=30.7, wall=0
2026-06-28 23:18:34 | INFO | train_inner | epoch 007:    214 / 2931 loss=5.63, train_loss=5.63, cross_distance_loss=0.774, distance_loss=0.361, coord_loss=4.207, RMSD=4.206, prmsd_loss=2.877, ups=0.43, bsz=8, num_updates=17800, lr=8.48477e-06, gnorm=15.3, clip=100, train_wall=114.89, gb_free=29.1, wall=0
2026-06-28 23:20:46 | INFO | train_inner | epoch 007:    264 / 2931 loss=5.592, train_loss=5.592, cross_distance_loss=0.788, distance_loss=0.375, coord_loss=4.141, RMSD=4.141, prmsd_loss=2.872, ups=0.38, bsz=8, num_updates=17850, lr=8.47872e-06, gnorm=23.927, clip=100, train_wall=131.93, gb_free=30.2, wall=0
2026-06-28 23:22:37 | INFO | train_inner | epoch 007:    314 / 2931 loss=5.581, train_loss=5.581, cross_distance_loss=0.801, distance_loss=0.367, coord_loss=4.126, RMSD=4.125, prmsd_loss=2.871, ups=0.45, bsz=8, num_updates=17900, lr=8.47267e-06, gnorm=21.766, clip=100, train_wall=111.56, gb_free=30.7, wall=0
2026-06-28 23:24:37 | INFO | train_inner | epoch 007:    364 / 2931 loss=5.722, train_loss=5.722, cross_distance_loss=0.79, distance_loss=0.364, coord_loss=4.28, RMSD=4.279, prmsd_loss=2.882, ups=0.42, bsz=8, num_updates=17950, lr=8.46662e-06, gnorm=20.363, clip=100, train_wall=119.27, gb_free=33.5, wall=0
2026-06-28 23:26:40 | INFO | train_inner | epoch 007:    414 / 2931 loss=5.58, train_loss=5.58, cross_distance_loss=0.777, distance_loss=0.319, coord_loss=4.195, RMSD=4.194, prmsd_loss=2.897, ups=0.41, bsz=8, num_updates=18000, lr=8.46057e-06, gnorm=25.941, clip=100, train_wall=123.05, gb_free=29, wall=0
2026-06-28 23:26:40 | INFO | unicore_cli.train | begin validation on "valid" subset
2026-06-28 23:26:40 | INFO | unicore.tasks.unicore_task | get EpochBatchIterator for epoch 1
2026-06-29 00:45:24 | INFO | valid | epoch 007 | valid on 'valid' subset | loss 5.724 | valid_loss 5.724 | cross_distance_loss 0.769 | distance_loss 0.252 | coord_loss 4.399 | RMSD 4.398 | prmsd_loss 3.036 | bsz 26010 | num_updates 18000 | best_loss 5.724
2026-06-29 00:45:24 | INFO | unicore.checkpoint_utils | Preparing to save checkpoint for epoch 7 @ 18000 updates
2026-06-29 00:45:24 | INFO | unicore.trainer | Saving checkpoint to ./checkpoint_7_18000.pt
2026-06-29 00:45:29 | INFO | unicore.trainer | Finished saving checkpoint to ./checkpoint_7_18000.pt
2026-06-29 00:45:29 | INFO | unicore.checkpoint_utils | Saved checkpoint ./checkpoint_7_18000.pt (epoch 7 @ 18000 updates, score 5.724) (writing took 4.919774875044823 seconds)
2026-06-29 00:45:29 | INFO | unicore.checkpoint_utils | copy ./checkpoint_7_18000.pt to /home/bdldt_team007/DLDockingBenchSeminar/results/checkpoints_full/checkpoint_7_18000.pt
2026-06-29 00:45:34 | INFO | unicore.checkpoint_utils | copy ./checkpoint_7_18000.pt to /home/bdldt_team007/DLDockingBenchSeminar/results/checkpoints_full/checkpoint_best.pt
2026-06-29 00:45:37 | INFO | unicore.checkpoint_utils | copy ./checkpoint_7_18000.pt to /home/bdldt_team007/DLDockingBenchSeminar/results/checkpoints_full/checkpoint_last.pt
2026-06-29 00:45:40 | INFO | unicore.checkpoint_utils | removing temp file ./checkpoint_7_18000.pt ...
2026-06-29 00:45:40 | INFO | unicore.checkpoint_utils | finished async ckp saving.
2026-06-29 00:47:24 | INFO | train_inner | epoch 007:    464 / 2931 loss=5.443, train_loss=5.443, cross_distance_loss=0.767, distance_loss=0.338, coord_loss=4.05, RMSD=4.049, prmsd_loss=2.876, ups=0.01, bsz=8, num_updates=18050, lr=8.45452e-06, gnorm=20.732, clip=100, train_wall=114.33, gb_free=31.6, wall=0
2026-06-29 00:49:18 | INFO | train_inner | epoch 007:    514 / 2931 loss=5.462, train_loss=5.462, cross_distance_loss=0.769, distance_loss=0.331, coord_loss=4.07, RMSD=4.069, prmsd_loss=2.923, ups=0.44, bsz=8, num_updates=18100, lr=8.44847e-06, gnorm=30.204, clip=100, train_wall=114.25, gb_free=33.9, wall=0
2026-06-29 00:51:16 | INFO | train_inner | epoch 007:    564 / 2931 loss=5.47, train_loss=5.47, cross_distance_loss=0.774, distance_loss=0.362, coord_loss=4.048, RMSD=4.047, prmsd_loss=2.864, ups=0.43, bsz=8, num_updates=18150, lr=8.44242e-06, gnorm=18.417, clip=100, train_wall=117.33, gb_free=29.6, wall=0
2026-06-29 00:53:25 | INFO | train_inner | epoch 007:    614 / 2931 loss=5.776, train_loss=5.776, cross_distance_loss=0.793, distance_loss=0.454, coord_loss=4.243, RMSD=4.242, prmsd_loss=2.862, ups=0.39, bsz=8, num_updates=18200, lr=8.43637e-06, gnorm=23.996, clip=100, train_wall=129.37, gb_free=28, wall=0
2026-06-29 00:55:20 | INFO | train_inner | epoch 007:    664 / 2931 loss=5.391, train_loss=5.391, cross_distance_loss=0.761, distance_loss=0.293, coord_loss=4.042, RMSD=4.041, prmsd_loss=2.949, ups=0.43, bsz=8, num_updates=18250, lr=8.43032e-06, gnorm=23.608, clip=100, train_wall=114.92, gb_free=31.2, wall=0
2026-06-29 00:57:17 | INFO | train_inner | epoch 007:    714 / 2931 loss=5.507, train_loss=5.507, cross_distance_loss=0.783, distance_loss=0.359, coord_loss=4.074, RMSD=4.073, prmsd_loss=2.907, ups=0.43, bsz=8, num_updates=18300, lr=8.42427e-06, gnorm=25.051, clip=100, train_wall=116.22, gb_free=24.6, wall=0
2026-06-29 00:59:16 | INFO | train_inner | epoch 007:    764 / 2931 loss=5.872, train_loss=5.872, cross_distance_loss=0.799, distance_loss=0.433, coord_loss=4.352, RMSD=4.351, prmsd_loss=2.874, ups=0.42, bsz=8, num_updates=18350, lr=8.41823e-06, gnorm=19.681, clip=100, train_wall=118.97, gb_free=30.7, wall=0
2026-06-29 01:01:09 | INFO | train_inner | epoch 007:    814 / 2931 loss=5.258, train_loss=5.258, cross_distance_loss=0.762, distance_loss=0.324, coord_loss=3.88, RMSD=3.879, prmsd_loss=2.92, ups=0.44, bsz=8, num_updates=18400, lr=8.41218e-06, gnorm=28.721, clip=100, train_wall=112.69, gb_free=20.9, wall=0
2026-06-29 01:03:08 | INFO | train_inner | epoch 007:    864 / 2931 loss=5.494, train_loss=5.494, cross_distance_loss=0.769, distance_loss=0.325, coord_loss=4.111, RMSD=4.11, prmsd_loss=2.896, ups=0.42, bsz=8, num_updates=18450, lr=8.40613e-06, gnorm=25.201, clip=100, train_wall=118.86, gb_free=31.2, wall=0
2026-06-29 01:05:03 | INFO | train_inner | epoch 007:    914 / 2931 loss=5.759, train_loss=5.759, cross_distance_loss=0.77, distance_loss=0.439, coord_loss=4.266, RMSD=4.266, prmsd_loss=2.835, ups=0.43, bsz=8, num_updates=18500, lr=8.40008e-06, gnorm=28.621, clip=100, train_wall=115.42, gb_free=20.2, wall=0
2026-06-29 01:05:03 | INFO | unicore_cli.train | begin validation on "valid" subset
2026-06-29 01:05:03 | INFO | unicore.tasks.unicore_task | get EpochBatchIterator for epoch 1
2026-06-29 02:24:48 | INFO | valid | epoch 007 | valid on 'valid' subset | loss 8.859 | valid_loss 8.859 | cross_distance_loss 0.76 | distance_loss 0.249 | coord_loss 7.541 | RMSD 7.541 | prmsd_loss 3.091 | bsz 26010 | num_updates 18500 | best_loss 5.724
2026-06-29 02:24:48 | INFO | unicore.checkpoint_utils | Preparing to save checkpoint for epoch 7 @ 18500 updates
2026-06-29 02:24:48 | INFO | unicore.trainer | Saving checkpoint to ./checkpoint_7_18500.pt
2026-06-29 02:24:53 | INFO | unicore.trainer | Finished saving checkpoint to ./checkpoint_7_18500.pt
2026-06-29 02:24:53 | INFO | unicore.checkpoint_utils | Saved checkpoint ./checkpoint_7_18500.pt (epoch 7 @ 18500 updates, score 8.859) (writing took 5.526693634688854 seconds)
2026-06-29 02:24:53 | INFO | unicore.checkpoint_utils | copy ./checkpoint_7_18500.pt to /home/bdldt_team007/DLDockingBenchSeminar/results/checkpoints_full/checkpoint_7_18500.pt
2026-06-29 02:25:00 | INFO | unicore.checkpoint_utils | copy ./checkpoint_7_18500.pt to /home/bdldt_team007/DLDockingBenchSeminar/results/checkpoints_full/checkpoint_last.pt
2026-06-29 02:25:03 | INFO | unicore.checkpoint_utils | removing temp file ./checkpoint_7_18500.pt ...
2026-06-29 02:25:03 | INFO | unicore.checkpoint_utils | finished async ckp saving.
2026-06-29 02:26:53 | INFO | train_inner | epoch 007:    964 / 2931 loss=5.443, train_loss=5.443, cross_distance_loss=0.776, distance_loss=0.349, coord_loss=4.028, RMSD=4.028, prmsd_loss=2.903, ups=0.01, bsz=8, num_updates=18550, lr=8.39403e-06, gnorm=19.9, clip=100, train_wall=118.95, gb_free=30.7, wall=0
2026-06-29 02:28:46 | INFO | train_inner | epoch 007:   1014 / 2931 loss=5.548, train_loss=5.548, cross_distance_loss=0.794, distance_loss=0.345, coord_loss=4.122, RMSD=4.122, prmsd_loss=2.865, ups=0.44, bsz=8, num_updates=18600, lr=8.38798e-06, gnorm=24.931, clip=100, train_wall=113.1, gb_free=29.1, wall=0
2026-06-29 02:30:42 | INFO | train_inner | epoch 007:   1064 / 2931 loss=5.547, train_loss=5.547, cross_distance_loss=0.78, distance_loss=0.343, coord_loss=4.131, RMSD=4.131, prmsd_loss=2.922, ups=0.43, bsz=8, num_updates=18650, lr=8.38193e-06, gnorm=19.788, clip=100, train_wall=116.19, gb_free=26.6, wall=0
2026-06-29 02:32:39 | INFO | train_inner | epoch 007:   1114 / 2931 loss=5.528, train_loss=5.528, cross_distance_loss=0.779, distance_loss=0.364, coord_loss=4.1, RMSD=4.099, prmsd_loss=2.845, ups=0.43, bsz=8, num_updates=18700, lr=8.37588e-06, gnorm=17.61, clip=100, train_wall=117.04, gb_free=29.6, wall=0
2026-06-29 02:34:36 | INFO | train_inner | epoch 007:   1164 / 2931 loss=5.245, train_loss=5.245, cross_distance_loss=0.772, distance_loss=0.312, coord_loss=3.869, RMSD=3.869, prmsd_loss=2.914, ups=0.43, bsz=8, num_updates=18750, lr=8.36983e-06, gnorm=17.84, clip=100, train_wall=116.14, gb_free=32.6, wall=0
2026-06-29 02:36:35 | INFO | train_inner | epoch 007:   1214 / 2931 loss=5.326, train_loss=5.326, cross_distance_loss=0.752, distance_loss=0.318, coord_loss=3.967, RMSD=3.967, prmsd_loss=2.891, ups=0.42, bsz=8, num_updates=18800, lr=8.36378e-06, gnorm=17.989, clip=100, train_wall=119.21, gb_free=31.7, wall=0
2026-06-29 02:38:45 | INFO | train_inner | epoch 007:   1264 / 2931 loss=5.683, train_loss=5.683, cross_distance_loss=0.799, distance_loss=0.476, coord_loss=4.12, RMSD=4.119, prmsd_loss=2.873, ups=0.38, bsz=8, num_updates=18850, lr=8.35773e-06, gnorm=24.351, clip=100, train_wall=130.05, gb_free=30.1, wall=0
2026-06-29 02:40:44 | INFO | train_inner | epoch 007:   1314 / 2931 loss=5.357, train_loss=5.357, cross_distance_loss=0.755, distance_loss=0.333, coord_loss=3.978, RMSD=3.977, prmsd_loss=2.905, ups=0.42, bsz=8, num_updates=18900, lr=8.35168e-06, gnorm=26.338, clip=100, train_wall=118.49, gb_free=27.3, wall=0
2026-06-29 02:42:45 | INFO | train_inner | epoch 007:   1364 / 2931 loss=5.563, train_loss=5.563, cross_distance_loss=0.773, distance_loss=0.396, coord_loss=4.103, RMSD=4.103, prmsd_loss=2.903, ups=0.41, bsz=8, num_updates=18950, lr=8.34563e-06, gnorm=37.45, clip=100, train_wall=121.11, gb_free=25.3, wall=0
2026-06-29 02:44:40 | INFO | train_inner | epoch 007:   1414 / 2931 loss=5.483, train_loss=5.483, cross_distance_loss=0.763, distance_loss=0.339, coord_loss=4.093, RMSD=4.093, prmsd_loss=2.875, ups=0.44, bsz=8, num_updates=19000, lr=8.33958e-06, gnorm=33.348, clip=100, train_wall=114.26, gb_free=31.7, wall=0
2026-06-29 02:44:40 | INFO | unicore_cli.train | begin validation on "valid" subset
2026-06-29 02:44:40 | INFO | unicore.tasks.unicore_task | get EpochBatchIterator for epoch 1
2026-06-29 04:05:56 | INFO | valid | epoch 007 | valid on 'valid' subset | loss 5.779 | valid_loss 5.779 | cross_distance_loss 0.772 | distance_loss 0.251 | coord_loss 4.442 | RMSD 4.44 | prmsd_loss 3.146 | bsz 26010 | num_updates 19000 | best_loss 5.724
2026-06-29 04:05:56 | INFO | unicore.checkpoint_utils | Preparing to save checkpoint for epoch 7 @ 19000 updates
2026-06-29 04:05:56 | INFO | unicore.trainer | Saving checkpoint to ./checkpoint_7_19000.pt
2026-06-29 04:06:00 | INFO | unicore.trainer | Finished saving checkpoint to ./checkpoint_7_19000.pt
2026-06-29 04:06:00 | INFO | unicore.checkpoint_utils | Saved checkpoint ./checkpoint_7_19000.pt (epoch 7 @ 19000 updates, score 5.779) (writing took 4.76434677420184 seconds)
2026-06-29 04:06:00 | INFO | unicore.checkpoint_utils | copy ./checkpoint_7_19000.pt to /home/bdldt_team007/DLDockingBenchSeminar/results/checkpoints_full/checkpoint_7_19000.pt
2026-06-29 04:06:05 | INFO | unicore.checkpoint_utils | copy ./checkpoint_7_19000.pt to /home/bdldt_team007/DLDockingBenchSeminar/results/checkpoints_full/checkpoint_last.pt
2026-06-29 04:06:08 | INFO | unicore.checkpoint_utils | removing temp file ./checkpoint_7_19000.pt ...
2026-06-29 04:06:08 | INFO | unicore.checkpoint_utils | finished async ckp saving.
2026-06-29 04:08:03 | INFO | train_inner | epoch 007:   1464 / 2931 loss=5.588, train_loss=5.588, cross_distance_loss=0.791, distance_loss=0.383, coord_loss=4.126, RMSD=4.125, prmsd_loss=2.881, ups=0.01, bsz=8, num_updates=19050, lr=8.33353e-06, gnorm=22.418, clip=100, train_wall=122.9, gb_free=27.3, wall=0
2026-06-29 04:10:08 | INFO | train_inner | epoch 007:   1514 / 2931 loss=5.399, train_loss=5.399, cross_distance_loss=0.775, distance_loss=0.362, coord_loss=3.973, RMSD=3.973, prmsd_loss=2.892, ups=0.4, bsz=8, num_updates=19100, lr=8.32749e-06, gnorm=54.833, clip=100, train_wall=124.58, gb_free=28.5, wall=0
2026-06-29 04:12:07 | INFO | train_inner | epoch 007:   1564 / 2931 loss=5.482, train_loss=5.482, cross_distance_loss=0.778, distance_loss=0.362, coord_loss=4.055, RMSD=4.054, prmsd_loss=2.871, ups=0.42, bsz=8, num_updates=19150, lr=8.32144e-06, gnorm=39.895, clip=100, train_wall=119.05, gb_free=29.1, wall=0
2026-06-29 04:14:02 | INFO | train_inner | epoch 007:   1614 / 2931 loss=5.43, train_loss=5.43, cross_distance_loss=0.753, distance_loss=0.342, coord_loss=4.051, RMSD=4.05, prmsd_loss=2.845, ups=0.43, bsz=8, num_updates=19200, lr=8.31539e-06, gnorm=47.311, clip=100, train_wall=114.84, gb_free=27.8, wall=0
2026-06-29 04:16:06 | INFO | train_inner | epoch 007:   1664 / 2931 loss=5.433, train_loss=5.433, cross_distance_loss=0.757, distance_loss=0.375, coord_loss=4.011, RMSD=4.01, prmsd_loss=2.898, ups=0.4, bsz=8, num_updates=19250, lr=8.30934e-06, gnorm=105.684, clip=100, train_wall=123.33, gb_free=31.6, wall=0
2026-06-29 04:18:02 | INFO | train_inner | epoch 007:   1714 / 2931 loss=5.696, train_loss=5.696, cross_distance_loss=0.78, distance_loss=0.333, coord_loss=4.289, RMSD=4.289, prmsd_loss=2.935, ups=0.43, bsz=8, num_updates=19300, lr=8.30329e-06, gnorm=28.435, clip=100, train_wall=115.06, gb_free=26.6, wall=0
2026-06-29 04:20:07 | INFO | train_inner | epoch 007:   1764 / 2931 loss=5.288, train_loss=5.288, cross_distance_loss=0.743, distance_loss=0.37, coord_loss=3.89, RMSD=3.889, prmsd_loss=2.863, ups=0.4, bsz=8, num_updates=19350, lr=8.29724e-06, gnorm=19.413, clip=100, train_wall=125.65, gb_free=33.1, wall=0
2026-06-29 04:21:55 | INFO | train_inner | epoch 007:   1814 / 2931 loss=5.304, train_loss=5.304, cross_distance_loss=0.75, distance_loss=0.327, coord_loss=3.936, RMSD=3.935, prmsd_loss=2.915, ups=0.46, bsz=8, num_updates=19400, lr=8.29119e-06, gnorm=25.726, clip=100, train_wall=107.48, gb_free=29.7, wall=0
2026-06-29 04:23:51 | INFO | train_inner | epoch 007:   1864 / 2931 loss=5.268, train_loss=5.268, cross_distance_loss=0.746, distance_loss=0.336, coord_loss=3.896, RMSD=3.895, prmsd_loss=2.899, ups=0.43, bsz=8, num_updates=19450, lr=8.28514e-06, gnorm=19.294, clip=100, train_wall=115.74, gb_free=30.1, wall=0
2026-06-29 04:25:44 | INFO | train_inner | epoch 007:   1914 / 2931 loss=5.63, train_loss=5.63, cross_distance_loss=0.792, distance_loss=0.355, coord_loss=4.193, RMSD=4.192, prmsd_loss=2.902, ups=0.44, bsz=8, num_updates=19500, lr=8.27909e-06, gnorm=34.991, clip=100, train_wall=112.65, gb_free=28.5, wall=0
2026-06-29 04:25:44 | INFO | unicore_cli.train | begin validation on "valid" subset
2026-06-29 04:25:44 | INFO | unicore.tasks.unicore_task | get EpochBatchIterator for epoch 1
2026-06-29 05:47:19 | INFO | valid | epoch 007 | valid on 'valid' subset | loss 5.537 | valid_loss 5.537 | cross_distance_loss 0.749 | distance_loss 0.246 | coord_loss 4.24 | RMSD 4.239 | prmsd_loss 3.023 | bsz 26010 | num_updates 19500 | best_loss 5.537
2026-06-29 05:47:19 | INFO | unicore.checkpoint_utils | Preparing to save checkpoint for epoch 7 @ 19500 updates
2026-06-29 05:47:19 | INFO | unicore.trainer | Saving checkpoint to ./checkpoint_7_19500.pt
2026-06-29 05:47:24 | INFO | unicore.trainer | Finished saving checkpoint to ./checkpoint_7_19500.pt
2026-06-29 05:47:24 | INFO | unicore.checkpoint_utils | Saved checkpoint ./checkpoint_7_19500.pt (epoch 7 @ 19500 updates, score 5.537) (writing took 4.427239258773625 seconds)
2026-06-29 05:47:24 | INFO | unicore.checkpoint_utils | copy ./checkpoint_7_19500.pt to /home/bdldt_team007/DLDockingBenchSeminar/results/checkpoints_full/checkpoint_7_19500.pt
2026-06-29 05:47:29 | INFO | unicore.checkpoint_utils | copy ./checkpoint_7_19500.pt to /home/bdldt_team007/DLDockingBenchSeminar/results/checkpoints_full/checkpoint_best.pt
2026-06-29 05:47:31 | INFO | unicore.checkpoint_utils | copy ./checkpoint_7_19500.pt to /home/bdldt_team007/DLDockingBenchSeminar/results/checkpoints_full/checkpoint_last.pt
2026-06-29 05:47:34 | INFO | unicore.checkpoint_utils | removing temp file ./checkpoint_7_19500.pt ...
2026-06-29 05:47:34 | INFO | unicore.checkpoint_utils | finished async ckp saving.
2026-06-29 05:49:14 | INFO | train_inner | epoch 007:   1964 / 2931 loss=5.39, train_loss=5.39, cross_distance_loss=0.76, distance_loss=0.328, coord_loss=4.013, RMSD=4.013, prmsd_loss=2.894, ups=0.01, bsz=8, num_updates=19550, lr=8.27304e-06, gnorm=29.585, clip=100, train_wall=110.4, gb_free=30.7, wall=0
2026-06-29 05:51:05 | INFO | train_inner | epoch 007:   2014 / 2931 loss=5.242, train_loss=5.242, cross_distance_loss=0.769, distance_loss=0.311, coord_loss=3.873, RMSD=3.872, prmsd_loss=2.9, ups=0.45, bsz=8, num_updates=19600, lr=8.26699e-06, gnorm=24.928, clip=100, train_wall=110.29, gb_free=33.5, wall=0
2026-06-29 05:53:04 | INFO | train_inner | epoch 007:   2064 / 2931 loss=5.506, train_loss=5.506, cross_distance_loss=0.774, distance_loss=0.4, coord_loss=4.042, RMSD=4.042, prmsd_loss=2.893, ups=0.42, bsz=8, num_updates=19650, lr=8.26094e-06, gnorm=19.83, clip=100, train_wall=118.88, gb_free=31.7, wall=0
2026-06-29 05:54:53 | INFO | train_inner | epoch 007:   2114 / 2931 loss=5.543, train_loss=5.543, cross_distance_loss=0.77, distance_loss=0.332, coord_loss=4.156, RMSD=4.155, prmsd_loss=2.848, ups=0.46, bsz=8, num_updates=19700, lr=8.25489e-06, gnorm=24.774, clip=100, train_wall=109.21, gb_free=27.3, wall=0
2026-06-29 05:56:43 | INFO | train_inner | epoch 007:   2164 / 2931 loss=5.274, train_loss=5.274, cross_distance_loss=0.757, distance_loss=0.354, coord_loss=3.873, RMSD=3.872, prmsd_loss=2.897, ups=0.45, bsz=8, num_updates=19750, lr=8.24884e-06, gnorm=27.461, clip=100, train_wall=109.86, gb_free=33.1, wall=0
2026-06-29 05:58:50 | INFO | train_inner | epoch 007:   2214 / 2931 loss=5.721, train_loss=5.721, cross_distance_loss=0.784, distance_loss=0.365, coord_loss=4.283, RMSD=4.282, prmsd_loss=2.898, ups=0.39, bsz=8, num_updates=19800, lr=8.2428e-06, gnorm=35.876, clip=100, train_wall=126.56, gb_free=31.6, wall=0
2026-06-29 06:00:46 | INFO | train_inner | epoch 007:   2264 / 2931 loss=5.222, train_loss=5.222, cross_distance_loss=0.757, distance_loss=0.325, coord_loss=3.847, RMSD=3.846, prmsd_loss=2.922, ups=0.43, bsz=8, num_updates=19850, lr=8.23675e-06, gnorm=35.608, clip=100, train_wall=116.34, gb_free=31.2, wall=0
2026-06-29 06:02:44 | INFO | train_inner | epoch 007:   2314 / 2931 loss=5.433, train_loss=5.433, cross_distance_loss=0.757, distance_loss=0.348, coord_loss=4.038, RMSD=4.037, prmsd_loss=2.897, ups=0.43, bsz=8, num_updates=19900, lr=8.2307e-06, gnorm=21.974, clip=100, train_wall=117.42, gb_free=32.6, wall=0
2026-06-29 06:04:37 | INFO | train_inner | epoch 007:   2364 / 2931 loss=5.369, train_loss=5.369, cross_distance_loss=0.756, distance_loss=0.3, coord_loss=4.021, RMSD=4.02, prmsd_loss=2.925, ups=0.44, bsz=8, num_updates=19950, lr=8.22465e-06, gnorm=21.638, clip=100, train_wall=112.47, gb_free=31.7, wall=0
2026-06-29 06:06:31 | INFO | train_inner | epoch 007:   2414 / 2931 loss=5.4, train_loss=5.4, cross_distance_loss=0.759, distance_loss=0.341, coord_loss=4.011, RMSD=4.01, prmsd_loss=2.886, ups=0.44, bsz=8, num_updates=20000, lr=8.2186e-06, gnorm=33.438, clip=100, train_wall=114.25, gb_free=30.7, wall=0
2026-06-29 06:06:31 | INFO | unicore_cli.train | begin validation on "valid" subset
2026-06-29 06:06:31 | INFO | unicore.tasks.unicore_task | get EpochBatchIterator for epoch 1
2026-06-29 07:30:47 | INFO | valid | epoch 007 | valid on 'valid' subset | loss 5.493 | valid_loss 5.493 | cross_distance_loss 0.739 | distance_loss 0.242 | coord_loss 4.21 | RMSD 4.209 | prmsd_loss 3.02 | bsz 26010 | num_updates 20000 | best_loss 5.493
2026-06-29 07:30:47 | INFO | unicore.checkpoint_utils | Preparing to save checkpoint for epoch 7 @ 20000 updates
2026-06-29 07:30:47 | INFO | unicore.trainer | Saving checkpoint to ./checkpoint_7_20000.pt
2026-06-29 07:30:52 | INFO | unicore.trainer | Finished saving checkpoint to ./checkpoint_7_20000.pt
2026-06-29 07:30:52 | INFO | unicore.checkpoint_utils | Saved checkpoint ./checkpoint_7_20000.pt (epoch 7 @ 20000 updates, score 5.493) (writing took 4.766446050256491 seconds)
2026-06-29 07:30:52 | INFO | unicore.checkpoint_utils | copy ./checkpoint_7_20000.pt to /home/bdldt_team007/DLDockingBenchSeminar/results/checkpoints_full/checkpoint_7_20000.pt
2026-06-29 07:30:57 | INFO | unicore.checkpoint_utils | copy ./checkpoint_7_20000.pt to /home/bdldt_team007/DLDockingBenchSeminar/results/checkpoints_full/checkpoint_best.pt
2026-06-29 07:31:00 | INFO | unicore.checkpoint_utils | copy ./checkpoint_7_20000.pt to /home/bdldt_team007/DLDockingBenchSeminar/results/checkpoints_full/checkpoint_last.pt
2026-06-29 07:31:02 | INFO | unicore.checkpoint_utils | removing temp file ./checkpoint_7_20000.pt ...
2026-06-29 07:31:02 | INFO | unicore.checkpoint_utils | finished async ckp saving.
2026-06-29 07:32:41 | INFO | train_inner | epoch 007:   2464 / 2931 loss=5.318, train_loss=5.318, cross_distance_loss=0.762, distance_loss=0.336, coord_loss=3.932, RMSD=3.932, prmsd_loss=2.872, ups=0.01, bsz=8, num_updates=20050, lr=8.21255e-06, gnorm=38.277, clip=100, train_wall=109.27, gb_free=30.2, wall=0
2026-06-29 07:34:34 | INFO | train_inner | epoch 007:   2514 / 2931 loss=5.421, train_loss=5.421, cross_distance_loss=0.777, distance_loss=0.363, coord_loss=3.989, RMSD=3.988, prmsd_loss=2.923, ups=0.44, bsz=8, num_updates=20100, lr=8.2065e-06, gnorm=26.027, clip=100, train_wall=112.91, gb_free=23.2, wall=0
2026-06-29 07:36:23 | INFO | train_inner | epoch 007:   2564 / 2931 loss=5.308, train_loss=5.308, cross_distance_loss=0.754, distance_loss=0.318, coord_loss=3.944, RMSD=3.944, prmsd_loss=2.908, ups=0.46, bsz=8, num_updates=20150, lr=8.20045e-06, gnorm=27.894, clip=100, train_wall=108.21, gb_free=33.1, wall=0
2026-06-29 07:38:12 | INFO | train_inner | epoch 007:   2614 / 2931 loss=5.366, train_loss=5.366, cross_distance_loss=0.748, distance_loss=0.363, coord_loss=3.968, RMSD=3.967, prmsd_loss=2.87, ups=0.46, bsz=8, num_updates=20200, lr=8.1944e-06, gnorm=30.37, clip=100, train_wall=108.85, gb_free=29.1, wall=0
2026-06-29 07:40:12 | INFO | train_inner | epoch 007:   2664 / 2931 loss=5.569, train_loss=5.569, cross_distance_loss=0.762, distance_loss=0.344, coord_loss=4.172, RMSD=4.171, prmsd_loss=2.904, ups=0.41, bsz=8, num_updates=20250, lr=8.18835e-06, gnorm=25.48, clip=100, train_wall=120.26, gb_free=30.7, wall=0
2026-06-29 07:42:15 | INFO | train_inner | epoch 007:   2714 / 2931 loss=5.586, train_loss=5.586, cross_distance_loss=0.782, distance_loss=0.376, coord_loss=4.142, RMSD=4.141, prmsd_loss=2.86, ups=0.41, bsz=8, num_updates=20300, lr=8.1823e-06, gnorm=23.905, clip=100, train_wall=122.8, gb_free=30.7, wall=0
2026-06-29 07:44:07 | INFO | train_inner | epoch 007:   2764 / 2931 loss=5.172, train_loss=5.172, cross_distance_loss=0.744, distance_loss=0.305, coord_loss=3.833, RMSD=3.833, prmsd_loss=2.9, ups=0.45, bsz=8, num_updates=20350, lr=8.17625e-06, gnorm=19.368, clip=100, train_wall=111.28, gb_free=29.1, wall=0
2026-06-29 07:46:02 | INFO | train_inner | epoch 007:   2814 / 2931 loss=5.741, train_loss=5.741, cross_distance_loss=0.758, distance_loss=0.357, coord_loss=4.337, RMSD=4.337, prmsd_loss=2.893, ups=0.43, bsz=8, num_updates=20400, lr=8.1702e-06, gnorm=19.055, clip=100, train_wall=115.19, gb_free=29.6, wall=0
2026-06-29 07:47:54 | INFO | train_inner | epoch 007:   2864 / 2931 loss=5.258, train_loss=5.258, cross_distance_loss=0.754, distance_loss=0.311, coord_loss=3.902, RMSD=3.901, prmsd_loss=2.917, ups=0.45, bsz=8, num_updates=20450, lr=8.16415e-06, gnorm=38.187, clip=100, train_wall=111.74, gb_free=31.2, wall=0
2026-06-29 07:49:45 | INFO | train_inner | epoch 007:   2914 / 2931 loss=5.434, train_loss=5.434, cross_distance_loss=0.76, distance_loss=0.335, coord_loss=4.052, RMSD=4.052, prmsd_loss=2.873, ups=0.45, bsz=8, num_updates=20500, lr=8.1581e-06, gnorm=23.178, clip=100, train_wall=110.33, gb_free=31.2, wall=0
2026-06-29 07:49:45 | INFO | unicore_cli.train | begin validation on "valid" subset
2026-06-29 07:49:45 | INFO | unicore.tasks.unicore_task | get EpochBatchIterator for epoch 1
2026-06-29 09:09:17 | INFO | valid | epoch 007 | valid on 'valid' subset | loss 5.474 | valid_loss 5.474 | cross_distance_loss 0.756 | distance_loss 0.242 | coord_loss 4.175 | RMSD 4.174 | prmsd_loss 3.013 | bsz 26010 | num_updates 20500 | best_loss 5.474
2026-06-29 09:09:17 | INFO | unicore.checkpoint_utils | Preparing to save checkpoint for epoch 7 @ 20500 updates
2026-06-29 09:09:17 | INFO | unicore.trainer | Saving checkpoint to ./checkpoint_7_20500.pt
2026-06-29 09:09:21 | INFO | unicore.trainer | Finished saving checkpoint to ./checkpoint_7_20500.pt
2026-06-29 09:09:22 | INFO | unicore.checkpoint_utils | Saved checkpoint ./checkpoint_7_20500.pt (epoch 7 @ 20500 updates, score 5.474) (writing took 4.556716037914157 seconds)
2026-06-29 09:09:22 | INFO | unicore.checkpoint_utils | copy ./checkpoint_7_20500.pt to /home/bdldt_team007/DLDockingBenchSeminar/results/checkpoints_full/checkpoint_7_20500.pt
2026-06-29 09:09:27 | INFO | unicore.checkpoint_utils | copy ./checkpoint_7_20500.pt to /home/bdldt_team007/DLDockingBenchSeminar/results/checkpoints_full/checkpoint_best.pt
2026-06-29 09:10:10 | INFO | unicore_cli.train | begin validation on "valid" subset
2026-06-29 09:10:10 | INFO | unicore.tasks.unicore_task | get EpochBatchIterator for epoch 1
2026-06-29 09:10:11 | INFO | unicore.checkpoint_utils | copy ./checkpoint_7_20500.pt to /home/bdldt_team007/DLDockingBenchSeminar/results/checkpoints_full/checkpoint_last.pt
2026-06-29 09:10:13 | INFO | unicore.checkpoint_utils | removing temp file ./checkpoint_7_20500.pt ...
2026-06-29 09:10:14 | INFO | unicore.checkpoint_utils | finished async ckp saving.
2026-06-29 10:29:01 | INFO | valid | epoch 007 | valid on 'valid' subset | loss 5.758 | valid_loss 5.758 | cross_distance_loss 0.751 | distance_loss 0.259 | coord_loss 4.432 | RMSD 4.431 | prmsd_loss 3.16 | bsz 26010 | num_updates 20517 | best_loss 5.474
2026-06-29 10:29:01 | INFO | unicore.checkpoint_utils | Preparing to save checkpoint for epoch 7 @ 20517 updates
2026-06-29 10:29:01 | INFO | unicore.trainer | Saving checkpoint to ./checkpoint7.pt
2026-06-29 10:29:05 | INFO | unicore.trainer | Finished saving checkpoint to ./checkpoint7.pt
2026-06-29 10:29:05 | INFO | unicore.checkpoint_utils | Saved checkpoint ./checkpoint7.pt (epoch 7 @ 20517 updates, score 5.758) (writing took 4.592052506282926 seconds)
2026-06-29 10:29:05 | INFO | unicore_cli.train | end of epoch 7 (average epoch stats below)
2026-06-29 10:29:05 | INFO | unicore.checkpoint_utils | copy ./checkpoint7.pt to /home/bdldt_team007/DLDockingBenchSeminar/results/checkpoints_full/checkpoint7.pt
2026-06-29 10:29:05 | INFO | train | epoch 007 | loss 5.485 | train_loss 5.485 | cross_distance_loss 0.77 | distance_loss 0.354 | coord_loss 4.072 | RMSD 4.071 | prmsd_loss 2.889 | ups 0.07 | bsz 8 | num_updates 20517 | lr 8.15605e-06 | gnorm 28.324 | clip 100 | train_wall 6867.35 | gb_free 30.7 | wall 0
2026-06-29 10:29:05 | INFO | unicore.tasks.unicore_task | get EpochBatchIterator for epoch 8
2026-06-29 10:29:05 | INFO | unicore.trainer | begin training epoch 8
2026-06-29 10:29:05 | INFO | unicore_cli.train | Start iterating over samples
2026-06-29 10:29:10 | INFO | unicore.checkpoint_utils | copy ./checkpoint7.pt to /home/bdldt_team007/DLDockingBenchSeminar/results/checkpoints_full/checkpoint_last.pt
2026-06-29 10:29:42 | INFO | unicore.checkpoint_utils | removing temp file ./checkpoint7.pt ...
2026-06-29 10:29:42 | INFO | unicore.checkpoint_utils | finished async ckp saving.
2026-06-29 10:30:38 | INFO | train_inner | epoch 008:     33 / 2931 loss=5.568, train_loss=5.568, cross_distance_loss=0.758, distance_loss=0.416, coord_loss=4.11, RMSD=4.109, prmsd_loss=2.839, ups=0.01, bsz=8, num_updates=20550, lr=8.15206e-06, gnorm=23.22, clip=100, train_wall=140.55, gb_free=29.7, wall=0
2026-06-29 10:32:27 | INFO | train_inner | epoch 008:     83 / 2931 loss=5.27, train_loss=5.27, cross_distance_loss=0.748, distance_loss=0.329, coord_loss=3.902, RMSD=3.902, prmsd_loss=2.909, ups=0.46, bsz=8, num_updates=20600, lr=8.14601e-06, gnorm=20.647, clip=100, train_wall=108.45, gb_free=26.6, wall=0
2026-06-29 10:34:29 | INFO | train_inner | epoch 008:    133 / 2931 loss=5.221, train_loss=5.221, cross_distance_loss=0.746, distance_loss=0.335, coord_loss=3.852, RMSD=3.852, prmsd_loss=2.878, ups=0.41, bsz=8, num_updates=20650, lr=8.13996e-06, gnorm=22.241, clip=100, train_wall=122.62, gb_free=32.1, wall=0
2026-06-29 10:36:21 | INFO | train_inner | epoch 008:    183 / 2931 loss=5.318, train_loss=5.318, cross_distance_loss=0.751, distance_loss=0.341, coord_loss=3.94, RMSD=3.939, prmsd_loss=2.866, ups=0.45, bsz=8, num_updates=20700, lr=8.13391e-06, gnorm=30.956, clip=100, train_wall=111.92, gb_free=22.4, wall=0
2026-06-29 10:38:20 | INFO | train_inner | epoch 008:    233 / 2931 loss=5.425, train_loss=5.425, cross_distance_loss=0.761, distance_loss=0.361, coord_loss=4.013, RMSD=4.012, prmsd_loss=2.901, ups=0.42, bsz=8, num_updates=20750, lr=8.12786e-06, gnorm=23.66, clip=100, train_wall=118.08, gb_free=31.2, wall=0
2026-06-29 10:40:17 | INFO | train_inner | epoch 008:    283 / 2931 loss=5.313, train_loss=5.313, cross_distance_loss=0.747, distance_loss=0.342, coord_loss=3.939, RMSD=3.938, prmsd_loss=2.858, ups=0.42, bsz=8, num_updates=20800, lr=8.12181e-06, gnorm=22.106, clip=100, train_wall=117.68, gb_free=29.1, wall=0
2026-06-29 10:42:09 | INFO | train_inner | epoch 008:    333 / 2931 loss=5.386, train_loss=5.386, cross_distance_loss=0.734, distance_loss=0.359, coord_loss=4.006, RMSD=4.005, prmsd_loss=2.867, ups=0.45, bsz=8, num_updates=20850, lr=8.11576e-06, gnorm=36.821, clip=100, train_wall=111.09, gb_free=29.1, wall=0
2026-06-29 10:44:03 | INFO | train_inner | epoch 008:    383 / 2931 loss=5.081, train_loss=5.081, cross_distance_loss=0.743, distance_loss=0.33, coord_loss=3.715, RMSD=3.715, prmsd_loss=2.928, ups=0.44, bsz=8, num_updates=20900, lr=8.10971e-06, gnorm=34.057, clip=100, train_wall=114.26, gb_free=32.6, wall=0
2026-06-29 10:46:00 | INFO | train_inner | epoch 008:    433 / 2931 loss=5.376, train_loss=5.376, cross_distance_loss=0.754, distance_loss=0.338, coord_loss=3.994, RMSD=3.994, prmsd_loss=2.896, ups=0.43, bsz=8, num_updates=20950, lr=8.10366e-06, gnorm=15.106, clip=100, train_wall=116.38, gb_free=31.2, wall=0
2026-06-29 10:48:02 | INFO | train_inner | epoch 008:    483 / 2931 loss=5.198, train_loss=5.198, cross_distance_loss=0.755, distance_loss=0.365, coord_loss=3.791, RMSD=3.79, prmsd_loss=2.865, ups=0.41, bsz=8, num_updates=21000, lr=8.09761e-06, gnorm=23.561, clip=100, train_wall=122.43, gb_free=27.4, wall=0
2026-06-29 10:48:02 | INFO | unicore_cli.train | begin validation on "valid" subset
2026-06-29 10:48:02 | INFO | unicore.tasks.unicore_task | get EpochBatchIterator for epoch 1
2026-06-29 12:09:23 | INFO | valid | epoch 008 | valid on 'valid' subset | loss 5.41 | valid_loss 5.41 | cross_distance_loss 0.73 | distance_loss 0.246 | coord_loss 4.133 | RMSD 4.132 | prmsd_loss 3.004 | bsz 26010 | num_updates 21000 | best_loss 5.41
2026-06-29 12:09:23 | INFO | unicore.checkpoint_utils | Preparing to save checkpoint for epoch 8 @ 21000 updates
2026-06-29 12:09:23 | INFO | unicore.trainer | Saving checkpoint to ./checkpoint_8_21000.pt
2026-06-29 12:09:27 | INFO | unicore.trainer | Finished saving checkpoint to ./checkpoint_8_21000.pt
2026-06-29 12:09:27 | INFO | unicore.checkpoint_utils | Saved checkpoint ./checkpoint_8_21000.pt (epoch 8 @ 21000 updates, score 5.41) (writing took 4.494926302693784 seconds)
2026-06-29 12:09:27 | INFO | unicore.checkpoint_utils | copy ./checkpoint_8_21000.pt to /home/bdldt_team007/DLDockingBenchSeminar/results/checkpoints_full/checkpoint_8_21000.pt
2026-06-29 12:09:32 | INFO | unicore.checkpoint_utils | copy ./checkpoint_8_21000.pt to /home/bdldt_team007/DLDockingBenchSeminar/results/checkpoints_full/checkpoint_best.pt
2026-06-29 12:09:34 | INFO | unicore.checkpoint_utils | copy ./checkpoint_8_21000.pt to /home/bdldt_team007/DLDockingBenchSeminar/results/checkpoints_full/checkpoint_last.pt
2026-06-29 12:09:37 | INFO | unicore.checkpoint_utils | removing temp file ./checkpoint_8_21000.pt ...
2026-06-29 12:09:37 | INFO | unicore.checkpoint_utils | finished async ckp saving.
2026-06-29 12:11:26 | INFO | train_inner | epoch 008:    533 / 2931 loss=5.329, train_loss=5.329, cross_distance_loss=0.736, distance_loss=0.368, coord_loss=3.943, RMSD=3.943, prmsd_loss=2.817, ups=0.01, bsz=8, num_updates=21050, lr=8.09156e-06, gnorm=25.62, clip=100, train_wall=119.12, gb_free=32.1, wall=0
2026-06-29 12:13:29 | INFO | train_inner | epoch 008:    583 / 2931 loss=5.092, train_loss=5.092, cross_distance_loss=0.734, distance_loss=0.301, coord_loss=3.768, RMSD=3.767, prmsd_loss=2.883, ups=0.41, bsz=8, num_updates=21100, lr=8.08551e-06, gnorm=24.037, clip=100, train_wall=122.21, gb_free=27.2, wall=0
2026-06-29 12:15:24 | INFO | train_inner | epoch 008:    633 / 2931 loss=5.113, train_loss=5.113, cross_distance_loss=0.738, distance_loss=0.316, coord_loss=3.771, RMSD=3.77, prmsd_loss=2.887, ups=0.43, bsz=8, num_updates=21150, lr=8.07946e-06, gnorm=18.602, clip=100, train_wall=115.09, gb_free=30.7, wall=0
2026-06-29 12:17:18 | INFO | train_inner | epoch 008:    683 / 2931 loss=5.249, train_loss=5.249, cross_distance_loss=0.742, distance_loss=0.309, coord_loss=3.903, RMSD=3.903, prmsd_loss=2.935, ups=0.44, bsz=8, num_updates=21200, lr=8.07341e-06, gnorm=21.889, clip=100, train_wall=113.35, gb_free=31.7, wall=0
2026-06-29 12:19:06 | INFO | train_inner | epoch 008:    733 / 2931 loss=5.252, train_loss=5.252, cross_distance_loss=0.741, distance_loss=0.351, coord_loss=3.875, RMSD=3.875, prmsd_loss=2.85, ups=0.46, bsz=8, num_updates=21250, lr=8.06737e-06, gnorm=31.701, clip=100, train_wall=108.09, gb_free=30.7, wall=0
2026-06-29 12:21:00 | INFO | train_inner | epoch 008:    783 / 2931 loss=5.308, train_loss=5.308, cross_distance_loss=0.755, distance_loss=0.335, coord_loss=3.928, RMSD=3.927, prmsd_loss=2.911, ups=0.44, bsz=8, num_updates=21300, lr=8.06132e-06, gnorm=20.428, clip=100, train_wall=113.86, gb_free=28.5, wall=0
2026-06-29 12:22:59 | INFO | train_inner | epoch 008:    833 / 2931 loss=5.151, train_loss=5.151, cross_distance_loss=0.736, distance_loss=0.349, coord_loss=3.78, RMSD=3.78, prmsd_loss=2.853, ups=0.42, bsz=8, num_updates=21350, lr=8.05527e-06, gnorm=34.023, clip=100, train_wall=118.75, gb_free=32.6, wall=0
2026-06-29 12:24:48 | INFO | train_inner | epoch 008:    883 / 2931 loss=5.413, train_loss=5.413, cross_distance_loss=0.742, distance_loss=0.32, coord_loss=4.062, RMSD=4.061, prmsd_loss=2.887, ups=0.46, bsz=8, num_updates=21400, lr=8.04922e-06, gnorm=25.465, clip=100, train_wall=109.15, gb_free=32.1, wall=0
2026-06-29 12:26:39 | INFO | train_inner | epoch 008:    933 / 2931 loss=5.381, train_loss=5.381, cross_distance_loss=0.746, distance_loss=0.339, coord_loss=4.012, RMSD=4.011, prmsd_loss=2.849, ups=0.45, bsz=8, num_updates=21450, lr=8.04317e-06, gnorm=22.929, clip=100, train_wall=111.18, gb_free=29.1, wall=0
2026-06-29 12:28:33 | INFO | train_inner | epoch 008:    983 / 2931 loss=5.08, train_loss=5.08, cross_distance_loss=0.726, distance_loss=0.303, coord_loss=3.762, RMSD=3.762, prmsd_loss=2.888, ups=0.44, bsz=8, num_updates=21500, lr=8.03712e-06, gnorm=29.275, clip=100, train_wall=113.52, gb_free=30.1, wall=0
2026-06-29 12:28:33 | INFO | unicore_cli.train | begin validation on "valid" subset
2026-06-29 12:28:33 | INFO | unicore.tasks.unicore_task | get EpochBatchIterator for epoch 1
2026-06-29 13:46:30 | INFO | valid | epoch 008 | valid on 'valid' subset | loss 5.384 | valid_loss 5.384 | cross_distance_loss 0.729 | distance_loss 0.247 | coord_loss 4.105 | RMSD 4.104 | prmsd_loss 3.02 | bsz 26010 | num_updates 21500 | best_loss 5.384
2026-06-29 13:46:31 | INFO | unicore.checkpoint_utils | Preparing to save checkpoint for epoch 8 @ 21500 updates
2026-06-29 13:46:31 | INFO | unicore.trainer | Saving checkpoint to ./checkpoint_8_21500.pt
2026-06-29 13:46:35 | INFO | unicore.trainer | Finished saving checkpoint to ./checkpoint_8_21500.pt
2026-06-29 13:46:35 | INFO | unicore.checkpoint_utils | Saved checkpoint ./checkpoint_8_21500.pt (epoch 8 @ 21500 updates, score 5.384) (writing took 4.4010126842185855 seconds)
2026-06-29 13:46:35 | INFO | unicore.checkpoint_utils | copy ./checkpoint_8_21500.pt to /home/bdldt_team007/DLDockingBenchSeminar/results/checkpoints_full/checkpoint_8_21500.pt
2026-06-29 13:46:40 | INFO | unicore.checkpoint_utils | copy ./checkpoint_8_21500.pt to /home/bdldt_team007/DLDockingBenchSeminar/results/checkpoints_full/checkpoint_best.pt
2026-06-29 13:46:43 | INFO | unicore.checkpoint_utils | copy ./checkpoint_8_21500.pt to /home/bdldt_team007/DLDockingBenchSeminar/results/checkpoints_full/checkpoint_last.pt
2026-06-29 13:46:45 | INFO | unicore.checkpoint_utils | removing temp file ./checkpoint_8_21500.pt ...
2026-06-29 13:46:45 | INFO | unicore.checkpoint_utils | finished async ckp saving.
2026-06-29 13:48:28 | INFO | train_inner | epoch 008:   1033 / 2931 loss=5.208, train_loss=5.208, cross_distance_loss=0.753, distance_loss=0.322, coord_loss=3.84, RMSD=3.839, prmsd_loss=2.929, ups=0.01, bsz=8, num_updates=21550, lr=8.03107e-06, gnorm=62.258, clip=100, train_wall=113.24, gb_free=32.7, wall=0
2026-06-29 13:50:30 | INFO | train_inner | epoch 008:   1083 / 2931 loss=5.273, train_loss=5.273, cross_distance_loss=0.729, distance_loss=0.367, coord_loss=3.89, RMSD=3.889, prmsd_loss=2.876, ups=0.41, bsz=8, num_updates=21600, lr=8.02502e-06, gnorm=22.106, clip=100, train_wall=121.48, gb_free=30.2, wall=0
2026-06-29 13:52:27 | INFO | train_inner | epoch 008:   1133 / 2931 loss=5.374, train_loss=5.374, cross_distance_loss=0.74, distance_loss=0.34, coord_loss=4.006, RMSD=4.006, prmsd_loss=2.882, ups=0.43, bsz=8, num_updates=21650, lr=8.01897e-06, gnorm=23.975, clip=100, train_wall=116.83, gb_free=29.6, wall=0
2026-06-29 13:54:26 | INFO | train_inner | epoch 008:   1183 / 2931 loss=5.365, train_loss=5.365, cross_distance_loss=0.758, distance_loss=0.352, coord_loss=3.963, RMSD=3.962, prmsd_loss=2.924, ups=0.42, bsz=8, num_updates=21700, lr=8.01292e-06, gnorm=18.09, clip=100, train_wall=118.56, gb_free=25.3, wall=0
2026-06-29 13:56:17 | INFO | train_inner | epoch 008:   1233 / 2931 loss=5.206, train_loss=5.206, cross_distance_loss=0.733, distance_loss=0.332, coord_loss=3.855, RMSD=3.854, prmsd_loss=2.865, ups=0.45, bsz=8, num_updates=21750, lr=8.00687e-06, gnorm=81.601, clip=100, train_wall=110.83, gb_free=30.7, wall=0
2026-06-29 13:58:13 | INFO | train_inner | epoch 008:   1283 / 2931 loss=5.39, train_loss=5.39, cross_distance_loss=0.752, distance_loss=0.363, coord_loss=3.987, RMSD=3.987, prmsd_loss=2.874, ups=0.43, bsz=8, num_updates=21800, lr=8.00082e-06, gnorm=20.475, clip=100, train_wall=116.17, gb_free=30.7, wall=0
2026-06-29 13:59:54 | INFO | train_inner | epoch 008:   1333 / 2931 loss=5.169, train_loss=5.169, cross_distance_loss=0.731, distance_loss=0.292, coord_loss=3.855, RMSD=3.855, prmsd_loss=2.901, ups=0.5, bsz=8, num_updates=21850, lr=7.99477e-06, gnorm=19.619, clip=100, train_wall=100.76, gb_free=28.5, wall=0
2026-06-29 14:01:50 | INFO | train_inner | epoch 008:   1383 / 2931 loss=5.113, train_loss=5.113, cross_distance_loss=0.739, distance_loss=0.327, coord_loss=3.757, RMSD=3.756, prmsd_loss=2.908, ups=0.43, bsz=8, num_updates=21900, lr=7.98872e-06, gnorm=31.565, clip=100, train_wall=116.13, gb_free=31.7, wall=0
2026-06-29 14:03:39 | INFO | train_inner | epoch 008:   1433 / 2931 loss=5.327, train_loss=5.327, cross_distance_loss=0.745, distance_loss=0.344, coord_loss=3.954, RMSD=3.954, prmsd_loss=2.839, ups=0.46, bsz=8, num_updates=21950, lr=7.98267e-06, gnorm=20.577, clip=100, train_wall=108.31, gb_free=25.8, wall=0
2026-06-29 14:05:24 | INFO | train_inner | epoch 008:   1483 / 2931 loss=5.248, train_loss=5.248, cross_distance_loss=0.729, distance_loss=0.337, coord_loss=3.897, RMSD=3.897, prmsd_loss=2.847, ups=0.47, bsz=8, num_updates=22000, lr=7.97663e-06, gnorm=30.579, clip=100, train_wall=105.37, gb_free=29.1, wall=0
2026-06-29 14:05:24 | INFO | unicore_cli.train | begin validation on "valid" subset
2026-06-29 14:05:24 | INFO | unicore.tasks.unicore_task | get EpochBatchIterator for epoch 1
2026-06-29 15:23:15 | INFO | valid | epoch 008 | valid on 'valid' subset | loss 5.254 | valid_loss 5.254 | cross_distance_loss 0.743 | distance_loss 0.243 | coord_loss 3.962 | RMSD 3.961 | prmsd_loss 3.069 | bsz 26010 | num_updates 22000 | best_loss 5.254
2026-06-29 15:23:15 | INFO | unicore.checkpoint_utils | Preparing to save checkpoint for epoch 8 @ 22000 updates
2026-06-29 15:23:15 | INFO | unicore.trainer | Saving checkpoint to ./checkpoint_8_22000.pt
2026-06-29 15:23:40 | INFO | unicore.trainer | Finished saving checkpoint to ./checkpoint_8_22000.pt
2026-06-29 15:23:40 | INFO | unicore.checkpoint_utils | Saved checkpoint ./checkpoint_8_22000.pt (epoch 8 @ 22000 updates, score 5.254) (writing took 25.591771124862134 seconds)
2026-06-29 15:23:40 | INFO | unicore.checkpoint_utils | copy ./checkpoint_8_22000.pt to /home/bdldt_team007/DLDockingBenchSeminar/results/checkpoints_full/checkpoint_8_22000.pt
2026-06-29 15:24:36 | INFO | unicore.checkpoint_utils | copy ./checkpoint_8_22000.pt to /home/bdldt_team007/DLDockingBenchSeminar/results/checkpoints_full/checkpoint_best.pt
2026-06-29 15:24:54 | INFO | unicore.checkpoint_utils | copy ./checkpoint_8_22000.pt to /home/bdldt_team007/DLDockingBenchSeminar/results/checkpoints_full/checkpoint_last.pt
2026-06-29 15:25:15 | INFO | unicore.checkpoint_utils | removing temp file ./checkpoint_8_22000.pt ...
2026-06-29 15:25:16 | INFO | unicore.checkpoint_utils | finished async ckp saving.
2026-06-29 15:25:39 | INFO | train_inner | epoch 008:   1533 / 2931 loss=5.124, train_loss=5.124, cross_distance_loss=0.734, distance_loss=0.316, coord_loss=3.783, RMSD=3.782, prmsd_loss=2.911, ups=0.01, bsz=8, num_updates=22050, lr=7.97058e-06, gnorm=24.845, clip=100, train_wall=112.57, gb_free=30.7, wall=0
2026-06-29 15:27:27 | INFO | train_inner | epoch 008:   1583 / 2931 loss=5.129, train_loss=5.129, cross_distance_loss=0.732, distance_loss=0.303, coord_loss=3.804, RMSD=3.803, prmsd_loss=2.9, ups=0.46, bsz=8, num_updates=22100, lr=7.96453e-06, gnorm=26.329, clip=100, train_wall=107.79, gb_free=30.1, wall=0
2026-06-29 15:29:21 | INFO | train_inner | epoch 008:   1633 / 2931 loss=5.47, train_loss=5.47, cross_distance_loss=0.751, distance_loss=0.385, coord_loss=4.049, RMSD=4.049, prmsd_loss=2.844, ups=0.44, bsz=8, num_updates=22150, lr=7.95848e-06, gnorm=27.164, clip=100, train_wall=113.65, gb_free=33.5, wall=0
2026-06-29 15:31:11 | INFO | train_inner | epoch 008:   1683 / 2931 loss=5.292, train_loss=5.292, cross_distance_loss=0.761, distance_loss=0.346, coord_loss=3.896, RMSD=3.895, prmsd_loss=2.892, ups=0.45, bsz=8, num_updates=22200, lr=7.95243e-06, gnorm=30.05, clip=100, train_wall=109.77, gb_free=29.1, wall=0
2026-06-29 15:32:59 | INFO | train_inner | epoch 008:   1733 / 2931 loss=5.325, train_loss=5.325, cross_distance_loss=0.727, distance_loss=0.372, coord_loss=3.945, RMSD=3.944, prmsd_loss=2.816, ups=0.46, bsz=8, num_updates=22250, lr=7.94638e-06, gnorm=20.521, clip=100, train_wall=108.33, gb_free=30.7, wall=0
2026-06-29 15:34:55 | INFO | train_inner | epoch 008:   1783 / 2931 loss=5.311, train_loss=5.311, cross_distance_loss=0.749, distance_loss=0.376, coord_loss=3.898, RMSD=3.898, prmsd_loss=2.871, ups=0.43, bsz=8, num_updates=22300, lr=7.94033e-06, gnorm=45.037, clip=100, train_wall=115.73, gb_free=23.2, wall=0
2026-06-29 15:36:53 | INFO | train_inner | epoch 008:   1833 / 2931 loss=5.41, train_loss=5.41, cross_distance_loss=0.744, distance_loss=0.374, coord_loss=4.008, RMSD=4.007, prmsd_loss=2.848, ups=0.43, bsz=8, num_updates=22350, lr=7.93428e-06, gnorm=22.933, clip=100, train_wall=117.22, gb_free=29.1, wall=0
2026-06-29 15:38:47 | INFO | train_inner | epoch 008:   1883 / 2931 loss=5.144, train_loss=5.144, cross_distance_loss=0.732, distance_loss=0.336, coord_loss=3.795, RMSD=3.794, prmsd_loss=2.813, ups=0.44, bsz=8, num_updates=22400, lr=7.92823e-06, gnorm=33.452, clip=100, train_wall=113.73, gb_free=31.7, wall=0
2026-06-29 15:40:49 | INFO | train_inner | epoch 008:   1933 / 2931 loss=5.111, train_loss=5.111, cross_distance_loss=0.726, distance_loss=0.32, coord_loss=3.781, RMSD=3.781, prmsd_loss=2.834, ups=0.41, bsz=8, num_updates=22450, lr=7.92218e-06, gnorm=33.749, clip=100, train_wall=121.76, gb_free=30.7, wall=0
2026-06-29 15:42:42 | INFO | train_inner | epoch 008:   1983 / 2931 loss=5.233, train_loss=5.233, cross_distance_loss=0.746, distance_loss=0.32, coord_loss=3.88, RMSD=3.879, prmsd_loss=2.879, ups=0.44, bsz=8, num_updates=22500, lr=7.91613e-06, gnorm=31.614, clip=100, train_wall=112.97, gb_free=29, wall=0
2026-06-29 15:42:42 | INFO | unicore_cli.train | begin validation on "valid" subset
2026-06-29 15:42:42 | INFO | unicore.tasks.unicore_task | get EpochBatchIterator for epoch 1
2026-06-29 17:02:05 | INFO | valid | epoch 008 | valid on 'valid' subset | loss 5.199 | valid_loss 5.199 | cross_distance_loss 0.743 | distance_loss 0.24 | coord_loss 3.91 | RMSD 3.909 | prmsd_loss 3.062 | bsz 26010 | num_updates 22500 | best_loss 5.199
2026-06-29 17:02:05 | INFO | unicore.checkpoint_utils | Preparing to save checkpoint for epoch 8 @ 22500 updates
2026-06-29 17:02:05 | INFO | unicore.trainer | Saving checkpoint to ./checkpoint_8_22500.pt
2026-06-29 17:02:09 | INFO | unicore.trainer | Finished saving checkpoint to ./checkpoint_8_22500.pt
2026-06-29 17:02:09 | INFO | unicore.checkpoint_utils | Saved checkpoint ./checkpoint_8_22500.pt (epoch 8 @ 22500 updates, score 5.199) (writing took 4.5514676021412015 seconds)
2026-06-29 17:02:09 | INFO | unicore.checkpoint_utils | copy ./checkpoint_8_22500.pt to /home/bdldt_team007/DLDockingBenchSeminar/results/checkpoints_full/checkpoint_8_22500.pt
2026-06-29 17:02:15 | INFO | unicore.checkpoint_utils | copy ./checkpoint_8_22500.pt to /home/bdldt_team007/DLDockingBenchSeminar/results/checkpoints_full/checkpoint_best.pt
2026-06-29 17:02:17 | INFO | unicore.checkpoint_utils | copy ./checkpoint_8_22500.pt to /home/bdldt_team007/DLDockingBenchSeminar/results/checkpoints_full/checkpoint_last.pt
2026-06-29 17:02:20 | INFO | unicore.checkpoint_utils | removing temp file ./checkpoint_8_22500.pt ...
2026-06-29 17:02:20 | INFO | unicore.checkpoint_utils | finished async ckp saving.
2026-06-29 17:04:06 | INFO | train_inner | epoch 008:   2033 / 2931 loss=5.11, train_loss=5.11, cross_distance_loss=0.742, distance_loss=0.359, coord_loss=3.722, RMSD=3.721, prmsd_loss=2.879, ups=0.01, bsz=8, num_updates=22550, lr=7.91008e-06, gnorm=20.036, clip=100, train_wall=116.03, gb_free=25.3, wall=0
2026-06-29 17:06:01 | INFO | train_inner | epoch 008:   2083 / 2931 loss=4.968, train_loss=4.968, cross_distance_loss=0.712, distance_loss=0.302, coord_loss=3.666, RMSD=3.665, prmsd_loss=2.889, ups=0.43, bsz=8, num_updates=22600, lr=7.90403e-06, gnorm=16.628, clip=100, train_wall=115, gb_free=31.7, wall=0
2026-06-29 17:07:48 | INFO | train_inner | epoch 008:   2133 / 2931 loss=5.08, train_loss=5.08, cross_distance_loss=0.732, distance_loss=0.32, coord_loss=3.742, RMSD=3.742, prmsd_loss=2.856, ups=0.47, bsz=8, num_updates=22650, lr=7.89798e-06, gnorm=28.108, clip=100, train_wall=106.8, gb_free=27.4, wall=0
2026-06-29 17:09:44 | INFO | train_inner | epoch 008:   2183 / 2931 loss=5.289, train_loss=5.289, cross_distance_loss=0.739, distance_loss=0.343, coord_loss=3.92, RMSD=3.919, prmsd_loss=2.871, ups=0.43, bsz=8, num_updates=22700, lr=7.89194e-06, gnorm=18.854, clip=100, train_wall=116.11, gb_free=28.5, wall=0
2026-06-29 17:11:44 | INFO | train_inner | epoch 008:   2233 / 2931 loss=5.202, train_loss=5.202, cross_distance_loss=0.726, distance_loss=0.316, coord_loss=3.87, RMSD=3.869, prmsd_loss=2.9, ups=0.42, bsz=8, num_updates=22750, lr=7.88589e-06, gnorm=29.256, clip=100, train_wall=119.48, gb_free=30.7, wall=0
2026-06-29 17:13:39 | INFO | train_inner | epoch 008:   2283 / 2931 loss=5.195, train_loss=5.195, cross_distance_loss=0.738, distance_loss=0.355, coord_loss=3.818, RMSD=3.817, prmsd_loss=2.842, ups=0.44, bsz=8, num_updates=22800, lr=7.87984e-06, gnorm=19.516, clip=100, train_wall=114.72, gb_free=31.2, wall=0
2026-06-29 17:15:37 | INFO | train_inner | epoch 008:   2333 / 2931 loss=5.359, train_loss=5.359, cross_distance_loss=0.737, distance_loss=0.372, coord_loss=3.965, RMSD=3.964, prmsd_loss=2.857, ups=0.42, bsz=8, num_updates=22850, lr=7.87379e-06, gnorm=29.08, clip=100, train_wall=118.34, gb_free=30.2, wall=0
2026-06-29 17:17:39 | INFO | train_inner | epoch 008:   2383 / 2931 loss=5.064, train_loss=5.064, cross_distance_loss=0.726, distance_loss=0.29, coord_loss=3.761, RMSD=3.76, prmsd_loss=2.882, ups=0.41, bsz=8, num_updates=22900, lr=7.86774e-06, gnorm=27.009, clip=100, train_wall=122.01, gb_free=28.5, wall=0
2026-06-29 17:19:28 | INFO | train_inner | epoch 008:   2433 / 2931 loss=5.058, train_loss=5.058, cross_distance_loss=0.728, distance_loss=0.351, coord_loss=3.692, RMSD=3.691, prmsd_loss=2.879, ups=0.46, bsz=8, num_updates=22950, lr=7.86169e-06, gnorm=59.873, clip=100, train_wall=108.34, gb_free=33.1, wall=0
2026-06-29 17:21:24 | INFO | train_inner | epoch 008:   2483 / 2931 loss=5.369, train_loss=5.369, cross_distance_loss=0.732, distance_loss=0.353, coord_loss=3.997, RMSD=3.996, prmsd_loss=2.88, ups=0.43, bsz=8, num_updates=23000, lr=7.85564e-06, gnorm=19.44, clip=100, train_wall=116.42, gb_free=31.2, wall=0
2026-06-29 17:21:24 | INFO | unicore_cli.train | begin validation on "valid" subset
2026-06-29 17:21:24 | INFO | unicore.tasks.unicore_task | get EpochBatchIterator for epoch 1
2026-06-29 18:39:47 | INFO | valid | epoch 008 | valid on 'valid' subset | loss 5.324 | valid_loss 5.324 | cross_distance_loss 0.717 | distance_loss 0.242 | coord_loss 4.06 | RMSD 4.059 | prmsd_loss 3.044 | bsz 26010 | num_updates 23000 | best_loss 5.199
2026-06-29 18:39:47 | INFO | unicore.checkpoint_utils | Preparing to save checkpoint for epoch 8 @ 23000 updates
2026-06-29 18:39:47 | INFO | unicore.trainer | Saving checkpoint to ./checkpoint_8_23000.pt
2026-06-29 18:39:52 | INFO | unicore.trainer | Finished saving checkpoint to ./checkpoint_8_23000.pt
2026-06-29 18:39:52 | INFO | unicore.checkpoint_utils | Saved checkpoint ./checkpoint_8_23000.pt (epoch 8 @ 23000 updates, score 5.324) (writing took 4.491447162814438 seconds)
2026-06-29 18:39:52 | INFO | unicore.checkpoint_utils | copy ./checkpoint_8_23000.pt to /home/bdldt_team007/DLDockingBenchSeminar/results/checkpoints_full/checkpoint_8_23000.pt
2026-06-29 18:39:57 | INFO | unicore.checkpoint_utils | copy ./checkpoint_8_23000.pt to /home/bdldt_team007/DLDockingBenchSeminar/results/checkpoints_full/checkpoint_last.pt
2026-06-29 18:40:00 | INFO | unicore.checkpoint_utils | removing temp file ./checkpoint_8_23000.pt ...
2026-06-29 18:40:00 | INFO | unicore.checkpoint_utils | finished async ckp saving.
2026-06-29 18:41:39 | INFO | train_inner | epoch 008:   2533 / 2931 loss=5.235, train_loss=5.235, cross_distance_loss=0.732, distance_loss=0.325, coord_loss=3.892, RMSD=3.891, prmsd_loss=2.854, ups=0.01, bsz=8, num_updates=23050, lr=7.84959e-06, gnorm=65.228, clip=100, train_wall=107.07, gb_free=29.1, wall=0
2026-06-29 18:43:30 | INFO | train_inner | epoch 008:   2583 / 2931 loss=5.024, train_loss=5.024, cross_distance_loss=0.716, distance_loss=0.32, coord_loss=3.702, RMSD=3.701, prmsd_loss=2.861, ups=0.45, bsz=8, num_updates=23100, lr=7.84354e-06, gnorm=94.346, clip=100, train_wall=111.25, gb_free=29.6, wall=0
2026-06-29 18:45:09 | INFO | train_inner | epoch 008:   2633 / 2931 loss=4.944, train_loss=4.944, cross_distance_loss=0.724, distance_loss=0.276, coord_loss=3.653, RMSD=3.653, prmsd_loss=2.908, ups=0.5, bsz=8, num_updates=23150, lr=7.83749e-06, gnorm=27.258, clip=100, train_wall=98.87, gb_free=32.6, wall=0
2026-06-29 18:47:05 | INFO | train_inner | epoch 008:   2683 / 2931 loss=5.287, train_loss=5.287, cross_distance_loss=0.738, distance_loss=0.361, coord_loss=3.901, RMSD=3.901, prmsd_loss=2.878, ups=0.43, bsz=8, num_updates=23200, lr=7.83144e-06, gnorm=27.004, clip=100, train_wall=115.53, gb_free=31.2, wall=0
2026-06-29 18:49:00 | INFO | train_inner | epoch 008:   2733 / 2931 loss=5.185, train_loss=5.185, cross_distance_loss=0.748, distance_loss=0.312, coord_loss=3.834, RMSD=3.834, prmsd_loss=2.912, ups=0.43, bsz=8, num_updates=23250, lr=7.82539e-06, gnorm=30.996, clip=100, train_wall=114.8, gb_free=32.1, wall=0
2026-06-29 18:50:50 | INFO | train_inner | epoch 008:   2783 / 2931 loss=5.367, train_loss=5.367, cross_distance_loss=0.748, distance_loss=0.356, coord_loss=3.974, RMSD=3.974, prmsd_loss=2.891, ups=0.45, bsz=8, num_updates=23300, lr=7.81934e-06, gnorm=31.572, clip=100, train_wall=110.24, gb_free=26.6, wall=0
2026-06-29 18:52:30 | INFO | train_inner | epoch 008:   2833 / 2931 loss=5.098, train_loss=5.098, cross_distance_loss=0.73, distance_loss=0.356, coord_loss=3.724, RMSD=3.724, prmsd_loss=2.876, ups=0.5, bsz=8, num_updates=23350, lr=7.81329e-06, gnorm=22.886, clip=100, train_wall=99.1, gb_free=33.1, wall=0
2026-06-29 18:54:27 | INFO | train_inner | epoch 008:   2883 / 2931 loss=5.27, train_loss=5.27, cross_distance_loss=0.733, distance_loss=0.378, coord_loss=3.871, RMSD=3.871, prmsd_loss=2.875, ups=0.43, bsz=8, num_updates=23400, lr=7.80724e-06, gnorm=26.35, clip=100, train_wall=116.63, gb_free=31.2, wall=0
2026-06-29 18:56:08 | INFO | unicore_cli.train | begin validation on "valid" subset
2026-06-29 18:56:08 | INFO | unicore.tasks.unicore_task | get EpochBatchIterator for epoch 1
2026-06-29 20:12:25 | INFO | valid | epoch 008 | valid on 'valid' subset | loss 5.192 | valid_loss 5.192 | cross_distance_loss 0.713 | distance_loss 0.233 | coord_loss 3.947 | RMSD 3.946 | prmsd_loss 2.997 | bsz 26010 | num_updates 23448 | best_loss 5.192
2026-06-29 20:12:25 | INFO | unicore.checkpoint_utils | Preparing to save checkpoint for epoch 8 @ 23448 updates
2026-06-29 20:12:25 | INFO | unicore.trainer | Saving checkpoint to ./checkpoint8.pt
2026-06-29 20:12:30 | INFO | unicore.trainer | Finished saving checkpoint to ./checkpoint8.pt
2026-06-29 20:12:30 | INFO | unicore.checkpoint_utils | Saved checkpoint ./checkpoint8.pt (epoch 8 @ 23448 updates, score 5.192) (writing took 5.126685234718025 seconds)
2026-06-29 20:12:30 | INFO | unicore_cli.train | end of epoch 8 (average epoch stats below)
2026-06-29 20:12:30 | INFO | unicore.checkpoint_utils | copy ./checkpoint8.pt to /home/bdldt_team007/DLDockingBenchSeminar/results/checkpoints_full/checkpoint8.pt
2026-06-29 20:12:30 | INFO | train | epoch 008 | loss 5.232 | train_loss 5.232 | cross_distance_loss 0.739 | distance_loss 0.338 | coord_loss 3.868 | RMSD 3.867 | prmsd_loss 2.877 | ups 0.08 | bsz 8 | num_updates 23448 | lr 7.80144e-06 | gnorm 29.61 | clip 100 | train_wall 6668.91 | gb_free 31.7 | wall 0
2026-06-29 20:12:30 | INFO | unicore.tasks.unicore_task | get EpochBatchIterator for epoch 9
2026-06-29 20:12:30 | INFO | unicore.trainer | begin training epoch 9
2026-06-29 20:12:30 | INFO | unicore_cli.train | Start iterating over samples
2026-06-29 20:12:35 | INFO | unicore.checkpoint_utils | copy ./checkpoint8.pt to /home/bdldt_team007/DLDockingBenchSeminar/results/checkpoints_full/checkpoint_best.pt
2026-06-29 20:12:35 | INFO | train_inner | epoch 009:      2 / 2931 loss=4.962, train_loss=4.962, cross_distance_loss=0.715, distance_loss=0.3, coord_loss=3.659, RMSD=3.658, prmsd_loss=2.88, ups=0.01, bsz=8, num_updates=23450, lr=7.8012e-06, gnorm=21.846, clip=100, train_wall=106.6, gb_free=31.8, wall=0
2026-06-29 20:12:37 | INFO | unicore.checkpoint_utils | copy ./checkpoint8.pt to /home/bdldt_team007/DLDockingBenchSeminar/results/checkpoints_full/checkpoint_last.pt
2026-06-29 20:12:40 | INFO | unicore.checkpoint_utils | removing temp file ./checkpoint8.pt ...
2026-06-29 20:12:40 | INFO | unicore.checkpoint_utils | finished async ckp saving.
2026-06-29 20:14:31 | INFO | train_inner | epoch 009:     52 / 2931 loss=5.16, train_loss=5.16, cross_distance_loss=0.717, distance_loss=0.369, coord_loss=3.788, RMSD=3.788, prmsd_loss=2.858, ups=0.43, bsz=8, num_updates=23500, lr=7.79515e-06, gnorm=38.85, clip=100, train_wall=115.28, gb_free=30.7, wall=0
2026-06-29 20:14:31 | INFO | unicore_cli.train | begin validation on "valid" subset
2026-06-29 20:14:31 | INFO | unicore.tasks.unicore_task | get EpochBatchIterator for epoch 1
2026-06-29 21:27:58 | INFO | valid | epoch 009 | valid on 'valid' subset | loss 5.322 | valid_loss 5.322 | cross_distance_loss 0.724 | distance_loss 0.235 | coord_loss 4.052 | RMSD 4.052 | prmsd_loss 3.11 | bsz 26010 | num_updates 23500 | best_loss 5.192
2026-06-29 21:27:58 | INFO | unicore.checkpoint_utils | Preparing to save checkpoint for epoch 9 @ 23500 updates
2026-06-29 21:27:58 | INFO | unicore.trainer | Saving checkpoint to ./checkpoint_9_23500.pt
2026-06-29 21:28:02 | INFO | unicore.trainer | Finished saving checkpoint to ./checkpoint_9_23500.pt
2026-06-29 21:28:02 | INFO | unicore.checkpoint_utils | Saved checkpoint ./checkpoint_9_23500.pt (epoch 9 @ 23500 updates, score 5.322) (writing took 4.470931171439588 seconds)
2026-06-29 21:28:02 | INFO | unicore.checkpoint_utils | copy ./checkpoint_9_23500.pt to /home/bdldt_team007/DLDockingBenchSeminar/results/checkpoints_full/checkpoint_9_23500.pt
2026-06-29 21:28:11 | INFO | unicore.checkpoint_utils | copy ./checkpoint_9_23500.pt to /home/bdldt_team007/DLDockingBenchSeminar/results/checkpoints_full/checkpoint_last.pt
2026-06-29 21:28:28 | INFO | unicore.checkpoint_utils | removing temp file ./checkpoint_9_23500.pt ...
2026-06-29 21:28:28 | INFO | unicore.checkpoint_utils | finished async ckp saving.
2026-06-29 21:29:59 | INFO | train_inner | epoch 009:    102 / 2931 loss=5.079, train_loss=5.079, cross_distance_loss=0.736, distance_loss=0.319, coord_loss=3.736, RMSD=3.736, prmsd_loss=2.879, ups=0.01, bsz=8, num_updates=23550, lr=7.7891e-06, gnorm=27.041, clip=100, train_wall=114.63, gb_free=31.7, wall=0
2026-06-29 21:31:55 | INFO | train_inner | epoch 009:    152 / 2931 loss=4.831, train_loss=4.831, cross_distance_loss=0.698, distance_loss=0.318, coord_loss=3.531, RMSD=3.531, prmsd_loss=2.839, ups=0.43, bsz=8, num_updates=23600, lr=7.78305e-06, gnorm=17.71, clip=100, train_wall=115.83, gb_free=28, wall=0
2026-06-29 21:33:57 | INFO | train_inner | epoch 009:    202 / 2931 loss=5.087, train_loss=5.087, cross_distance_loss=0.709, distance_loss=0.318, coord_loss=3.774, RMSD=3.774, prmsd_loss=2.847, ups=0.41, bsz=8, num_updates=23650, lr=7.777e-06, gnorm=20.292, clip=100, train_wall=122.01, gb_free=29.1, wall=0
2026-06-29 21:35:54 | INFO | train_inner | epoch 009:    252 / 2931 loss=5.206, train_loss=5.206, cross_distance_loss=0.74, distance_loss=0.34, coord_loss=3.837, RMSD=3.837, prmsd_loss=2.887, ups=0.43, bsz=8, num_updates=23700, lr=7.77095e-06, gnorm=19.434, clip=100, train_wall=116.33, gb_free=30.7, wall=0
2026-06-29 21:37:48 | INFO | train_inner | epoch 009:    302 / 2931 loss=5.132, train_loss=5.132, cross_distance_loss=0.727, distance_loss=0.351, coord_loss=3.767, RMSD=3.766, prmsd_loss=2.879, ups=0.44, bsz=8, num_updates=23750, lr=7.7649e-06, gnorm=24.752, clip=100, train_wall=114.58, gb_free=32.1, wall=0
2026-06-29 21:39:34 | INFO | train_inner | epoch 009:    352 / 2931 loss=5.085, train_loss=5.085, cross_distance_loss=0.706, distance_loss=0.333, coord_loss=3.759, RMSD=3.758, prmsd_loss=2.867, ups=0.47, bsz=8, num_updates=23800, lr=7.75885e-06, gnorm=20.711, clip=100, train_wall=105.52, gb_free=29.1, wall=0
2026-06-29 21:41:38 | INFO | train_inner | epoch 009:    402 / 2931 loss=5.167, train_loss=5.167, cross_distance_loss=0.728, distance_loss=0.351, coord_loss=3.801, RMSD=3.801, prmsd_loss=2.872, ups=0.4, bsz=8, num_updates=23850, lr=7.7528e-06, gnorm=16.346, clip=100, train_wall=123.61, gb_free=31.7, wall=0
2026-06-29 21:43:28 | INFO | train_inner | epoch 009:    452 / 2931 loss=4.909, train_loss=4.909, cross_distance_loss=0.709, distance_loss=0.319, coord_loss=3.592, RMSD=3.591, prmsd_loss=2.891, ups=0.45, bsz=8, num_updates=23900, lr=7.74675e-06, gnorm=34.408, clip=100, train_wall=109.95, gb_free=30.7, wall=0
2026-06-29 21:45:24 | INFO | train_inner | epoch 009:    502 / 2931 loss=4.956, train_loss=4.956, cross_distance_loss=0.717, distance_loss=0.317, coord_loss=3.637, RMSD=3.636, prmsd_loss=2.861, ups=0.43, bsz=8, num_updates=23950, lr=7.7407e-06, gnorm=31.751, clip=100, train_wall=116.29, gb_free=28.5, wall=0
2026-06-29 21:47:15 | INFO | train_inner | epoch 009:    552 / 2931 loss=5.105, train_loss=5.105, cross_distance_loss=0.725, distance_loss=0.334, coord_loss=3.76, RMSD=3.759, prmsd_loss=2.859, ups=0.45, bsz=8, num_updates=24000, lr=7.73465e-06, gnorm=38.078, clip=100, train_wall=110.22, gb_free=30.7, wall=0
2026-06-29 21:47:15 | INFO | unicore_cli.train | begin validation on "valid" subset
2026-06-29 21:47:15 | INFO | unicore.tasks.unicore_task | get EpochBatchIterator for epoch 1
2026-06-29 23:01:08 | INFO | valid | epoch 009 | valid on 'valid' subset | loss 4.982 | valid_loss 4.982 | cross_distance_loss 0.706 | distance_loss 0.238 | coord_loss 3.747 | RMSD 3.747 | prmsd_loss 2.904 | bsz 26010 | num_updates 24000 | best_loss 4.982
2026-06-29 23:01:08 | INFO | unicore.checkpoint_utils | Preparing to save checkpoint for epoch 9 @ 24000 updates
2026-06-29 23:01:08 | INFO | unicore.trainer | Saving checkpoint to ./checkpoint_9_24000.pt
2026-06-29 23:01:13 | INFO | unicore.trainer | Finished saving checkpoint to ./checkpoint_9_24000.pt
2026-06-29 23:01:13 | INFO | unicore.checkpoint_utils | Saved checkpoint ./checkpoint_9_24000.pt (epoch 9 @ 24000 updates, score 4.982) (writing took 4.39079505763948 seconds)
2026-06-29 23:01:13 | INFO | unicore.checkpoint_utils | copy ./checkpoint_9_24000.pt to /home/bdldt_team007/DLDockingBenchSeminar/results/checkpoints_full/checkpoint_9_24000.pt
2026-06-29 23:01:18 | INFO | unicore.checkpoint_utils | copy ./checkpoint_9_24000.pt to /home/bdldt_team007/DLDockingBenchSeminar/results/checkpoints_full/checkpoint_best.pt
2026-06-29 23:01:20 | INFO | unicore.checkpoint_utils | copy ./checkpoint_9_24000.pt to /home/bdldt_team007/DLDockingBenchSeminar/results/checkpoints_full/checkpoint_last.pt
2026-06-29 23:01:23 | INFO | unicore.checkpoint_utils | removing temp file ./checkpoint_9_24000.pt ...
2026-06-29 23:01:23 | INFO | unicore.checkpoint_utils | finished async ckp saving.
2026-06-29 23:03:03 | INFO | train_inner | epoch 009:    602 / 2931 loss=4.939, train_loss=4.939, cross_distance_loss=0.712, distance_loss=0.343, coord_loss=3.601, RMSD=3.6, prmsd_loss=2.824, ups=0.01, bsz=8, num_updates=24050, lr=7.7286e-06, gnorm=18.022, clip=100, train_wall=110.35, gb_free=31.7, wall=0
2026-06-29 23:04:54 | INFO | train_inner | epoch 009:    652 / 2931 loss=4.987, train_loss=4.987, cross_distance_loss=0.708, distance_loss=0.318, coord_loss=3.674, RMSD=3.673, prmsd_loss=2.87, ups=0.45, bsz=8, num_updates=24100, lr=7.72255e-06, gnorm=18.879, clip=100, train_wall=110.83, gb_free=28, wall=0
2026-06-29 23:06:54 | INFO | train_inner | epoch 009:    702 / 2931 loss=4.977, train_loss=4.977, cross_distance_loss=0.715, distance_loss=0.31, coord_loss=3.663, RMSD=3.662, prmsd_loss=2.891, ups=0.42, bsz=8, num_updates=24150, lr=7.7165e-06, gnorm=26.921, clip=100, train_wall=119.9, gb_free=27.9, wall=0
2026-06-29 23:08:45 | INFO | train_inner | epoch 009:    752 / 2931 loss=4.942, train_loss=4.942, cross_distance_loss=0.714, distance_loss=0.296, coord_loss=3.643, RMSD=3.642, prmsd_loss=2.903, ups=0.45, bsz=8, num_updates=24200, lr=7.71046e-06, gnorm=39.249, clip=100, train_wall=110.54, gb_free=32.1, wall=0
2026-06-29 23:10:39 | INFO | train_inner | epoch 009:    802 / 2931 loss=5.22, train_loss=5.22, cross_distance_loss=0.718, distance_loss=0.328, coord_loss=3.888, RMSD=3.888, prmsd_loss=2.864, ups=0.44, bsz=8, num_updates=24250, lr=7.70441e-06, gnorm=44.642, clip=100, train_wall=113.57, gb_free=30.2, wall=0
2026-06-29 23:12:29 | INFO | train_inner | epoch 009:    852 / 2931 loss=4.896, train_loss=4.896, cross_distance_loss=0.711, distance_loss=0.325, coord_loss=3.575, RMSD=3.574, prmsd_loss=2.857, ups=0.46, bsz=8, num_updates=24300, lr=7.69836e-06, gnorm=24.345, clip=100, train_wall=109.66, gb_free=30.7, wall=0
2026-06-29 23:14:14 | INFO | train_inner | epoch 009:    902 / 2931 loss=4.946, train_loss=4.946, cross_distance_loss=0.714, distance_loss=0.309, coord_loss=3.636, RMSD=3.635, prmsd_loss=2.88, ups=0.48, bsz=8, num_updates=24350, lr=7.69231e-06, gnorm=26.373, clip=100, train_wall=104.63, gb_free=29.7, wall=0
2026-06-29 23:16:11 | INFO | train_inner | epoch 009:    952 / 2931 loss=5.024, train_loss=5.024, cross_distance_loss=0.697, distance_loss=0.312, coord_loss=3.728, RMSD=3.728, prmsd_loss=2.857, ups=0.42, bsz=8, num_updates=24400, lr=7.68626e-06, gnorm=27.617, clip=100, train_wall=117.6, gb_free=32.2, wall=0
2026-06-29 23:18:05 | INFO | train_inner | epoch 009:   1002 / 2931 loss=4.875, train_loss=4.875, cross_distance_loss=0.719, distance_loss=0.309, coord_loss=3.561, RMSD=3.56, prmsd_loss=2.858, ups=0.44, bsz=8, num_updates=24450, lr=7.68021e-06, gnorm=17.629, clip=100, train_wall=113.18, gb_free=33.5, wall=0
2026-06-29 23:20:09 | INFO | train_inner | epoch 009:   1052 / 2931 loss=5.008, train_loss=5.008, cross_distance_loss=0.713, distance_loss=0.337, coord_loss=3.668, RMSD=3.668, prmsd_loss=2.898, ups=0.4, bsz=8, num_updates=24500, lr=7.67416e-06, gnorm=72.865, clip=100, train_wall=124, gb_free=32.6, wall=0
2026-06-29 23:20:09 | INFO | unicore_cli.train | begin validation on "valid" subset
2026-06-29 23:20:09 | INFO | unicore.tasks.unicore_task | get EpochBatchIterator for epoch 1
2026-06-30 00:38:18 | INFO | valid | epoch 009 | valid on 'valid' subset | loss 5.033 | valid_loss 5.033 | cross_distance_loss 0.718 | distance_loss 0.241 | coord_loss 3.779 | RMSD 3.778 | prmsd_loss 2.95 | bsz 26010 | num_updates 24500 | best_loss 4.982
2026-06-30 00:38:18 | INFO | unicore.checkpoint_utils | Preparing to save checkpoint for epoch 9 @ 24500 updates
2026-06-30 00:38:18 | INFO | unicore.trainer | Saving checkpoint to ./checkpoint_9_24500.pt
2026-06-30 00:38:22 | INFO | unicore.trainer | Finished saving checkpoint to ./checkpoint_9_24500.pt
2026-06-30 00:38:22 | INFO | unicore.checkpoint_utils | Saved checkpoint ./checkpoint_9_24500.pt (epoch 9 @ 24500 updates, score 5.033) (writing took 4.687323625199497 seconds)
2026-06-30 00:38:22 | INFO | unicore.checkpoint_utils | copy ./checkpoint_9_24500.pt to /home/bdldt_team007/DLDockingBenchSeminar/results/checkpoints_full/checkpoint_9_24500.pt
2026-06-30 00:38:50 | INFO | unicore.checkpoint_utils | copy ./checkpoint_9_24500.pt to /home/bdldt_team007/DLDockingBenchSeminar/results/checkpoints_full/checkpoint_last.pt
2026-06-30 00:38:57 | INFO | unicore.checkpoint_utils | removing temp file ./checkpoint_9_24500.pt ...
2026-06-30 00:38:57 | INFO | unicore.checkpoint_utils | finished async ckp saving.
2026-06-30 00:40:20 | INFO | train_inner | epoch 009:   1102 / 2931 loss=4.885, train_loss=4.885, cross_distance_loss=0.698, distance_loss=0.328, coord_loss=3.576, RMSD=3.575, prmsd_loss=2.834, ups=0.01, bsz=8, num_updates=24550, lr=7.66811e-06, gnorm=33.902, clip=100, train_wall=114.49, gb_free=27.2, wall=0
2026-06-30 00:42:10 | INFO | train_inner | epoch 009:   1152 / 2931 loss=5.144, train_loss=5.144, cross_distance_loss=0.733, distance_loss=0.348, coord_loss=3.779, RMSD=3.778, prmsd_loss=2.842, ups=0.46, bsz=8, num_updates=24600, lr=7.66206e-06, gnorm=36.278, clip=100, train_wall=109.44, gb_free=29.7, wall=0
2026-06-30 00:44:03 | INFO | train_inner | epoch 009:   1202 / 2931 loss=4.937, train_loss=4.937, cross_distance_loss=0.711, distance_loss=0.311, coord_loss=3.628, RMSD=3.627, prmsd_loss=2.871, ups=0.44, bsz=8, num_updates=24650, lr=7.65601e-06, gnorm=18.506, clip=100, train_wall=113.5, gb_free=29.6, wall=0
2026-06-30 00:45:43 | INFO | train_inner | epoch 009:   1252 / 2931 loss=4.657, train_loss=4.657, cross_distance_loss=0.69, distance_loss=0.263, coord_loss=3.421, RMSD=3.421, prmsd_loss=2.829, ups=0.5, bsz=8, num_updates=24700, lr=7.64996e-06, gnorm=24.567, clip=100, train_wall=99.98, gb_free=28.5, wall=0
2026-06-30 00:47:28 | INFO | train_inner | epoch 009:   1302 / 2931 loss=4.987, train_loss=4.987, cross_distance_loss=0.718, distance_loss=0.331, coord_loss=3.652, RMSD=3.652, prmsd_loss=2.858, ups=0.48, bsz=8, num_updates=24750, lr=7.64391e-06, gnorm=57.16, clip=100, train_wall=104.92, gb_free=30.8, wall=0
2026-06-30 00:49:20 | INFO | train_inner | epoch 009:   1352 / 2931 loss=4.932, train_loss=4.932, cross_distance_loss=0.702, distance_loss=0.295, coord_loss=3.645, RMSD=3.644, prmsd_loss=2.899, ups=0.45, bsz=8, num_updates=24800, lr=7.63786e-06, gnorm=76.263, clip=100, train_wall=111.08, gb_free=33.9, wall=0
2026-06-30 00:51:17 | INFO | train_inner | epoch 009:   1402 / 2931 loss=5.116, train_loss=5.116, cross_distance_loss=0.713, distance_loss=0.356, coord_loss=3.764, RMSD=3.763, prmsd_loss=2.825, ups=0.43, bsz=8, num_updates=24850, lr=7.63181e-06, gnorm=25.685, clip=100, train_wall=117.42, gb_free=31.7, wall=0
2026-06-30 00:53:03 | INFO | train_inner | epoch 009:   1452 / 2931 loss=5.078, train_loss=5.078, cross_distance_loss=0.713, distance_loss=0.359, coord_loss=3.725, RMSD=3.724, prmsd_loss=2.813, ups=0.47, bsz=8, num_updates=24900, lr=7.62577e-06, gnorm=50.447, clip=100, train_wall=105.48, gb_free=23.2, wall=0
2026-06-30 00:54:51 | INFO | train_inner | epoch 009:   1502 / 2931 loss=5.144, train_loss=5.144, cross_distance_loss=0.716, distance_loss=0.35, coord_loss=3.791, RMSD=3.79, prmsd_loss=2.868, ups=0.46, bsz=8, num_updates=24950, lr=7.61972e-06, gnorm=50.327, clip=100, train_wall=107.68, gb_free=29.1, wall=0
2026-06-30 00:56:55 | INFO | train_inner | epoch 009:   1552 / 2931 loss=5.238, train_loss=5.238, cross_distance_loss=0.733, distance_loss=0.357, coord_loss=3.86, RMSD=3.86, prmsd_loss=2.874, ups=0.4, bsz=8, num_updates=25000, lr=7.61367e-06, gnorm=92.789, clip=100, train_wall=124.47, gb_free=30.7, wall=0
2026-06-30 00:56:55 | INFO | unicore_cli.train | begin validation on "valid" subset
2026-06-30 00:56:55 | INFO | unicore.tasks.unicore_task | get EpochBatchIterator for epoch 1
2026-06-30 02:13:04 | INFO | valid | epoch 009 | valid on 'valid' subset | loss 5.135 | valid_loss 5.135 | cross_distance_loss 0.704 | distance_loss 0.231 | coord_loss 3.904 | RMSD 3.903 | prmsd_loss 2.964 | bsz 26010 | num_updates 25000 | best_loss 4.982
2026-06-30 02:13:04 | INFO | unicore.checkpoint_utils | Preparing to save checkpoint for epoch 9 @ 25000 updates
2026-06-30 02:13:04 | INFO | unicore.trainer | Saving checkpoint to ./checkpoint_9_25000.pt
2026-06-30 02:13:09 | INFO | unicore.trainer | Finished saving checkpoint to ./checkpoint_9_25000.pt
2026-06-30 02:13:09 | INFO | unicore.checkpoint_utils | Saved checkpoint ./checkpoint_9_25000.pt (epoch 9 @ 25000 updates, score 5.135) (writing took 4.615786034613848 seconds)
2026-06-30 02:13:09 | INFO | unicore.checkpoint_utils | copy ./checkpoint_9_25000.pt to /home/bdldt_team007/DLDockingBenchSeminar/results/checkpoints_full/checkpoint_9_25000.pt
2026-06-30 02:13:13 | INFO | unicore.checkpoint_utils | copy ./checkpoint_9_25000.pt to /home/bdldt_team007/DLDockingBenchSeminar/results/checkpoints_full/checkpoint_last.pt
2026-06-30 02:13:16 | INFO | unicore.checkpoint_utils | removing temp file ./checkpoint_9_25000.pt ...
2026-06-30 02:13:16 | INFO | unicore.checkpoint_utils | finished async ckp saving.
2026-06-30 02:14:56 | INFO | train_inner | epoch 009:   1602 / 2931 loss=4.94, train_loss=4.94, cross_distance_loss=0.706, distance_loss=0.289, coord_loss=3.66, RMSD=3.659, prmsd_loss=2.85, ups=0.01, bsz=8, num_updates=25050, lr=7.60762e-06, gnorm=34.48, clip=100, train_wall=106.92, gb_free=30.7, wall=0
2026-06-30 02:16:49 | INFO | train_inner | epoch 009:   1652 / 2931 loss=5.033, train_loss=5.033, cross_distance_loss=0.725, distance_loss=0.344, coord_loss=3.674, RMSD=3.674, prmsd_loss=2.895, ups=0.44, bsz=8, num_updates=25100, lr=7.60157e-06, gnorm=33.912, clip=100, train_wall=113.3, gb_free=29.6, wall=0
2026-06-30 02:18:36 | INFO | train_inner | epoch 009:   1702 / 2931 loss=5.171, train_loss=5.171, cross_distance_loss=0.72, distance_loss=0.345, coord_loss=3.819, RMSD=3.818, prmsd_loss=2.877, ups=0.47, bsz=8, num_updates=25150, lr=7.59552e-06, gnorm=29.098, clip=100, train_wall=106.47, gb_free=26.7, wall=0
2026-06-30 02:20:34 | INFO | train_inner | epoch 009:   1752 / 2931 loss=5.11, train_loss=5.11, cross_distance_loss=0.721, distance_loss=0.34, coord_loss=3.765, RMSD=3.764, prmsd_loss=2.844, ups=0.42, bsz=8, num_updates=25200, lr=7.58947e-06, gnorm=40.757, clip=100, train_wall=118.43, gb_free=29.1, wall=0
2026-06-30 02:22:38 | INFO | train_inner | epoch 009:   1802 / 2931 loss=5.039, train_loss=5.039, cross_distance_loss=0.711, distance_loss=0.304, coord_loss=3.738, RMSD=3.737, prmsd_loss=2.858, ups=0.4, bsz=8, num_updates=25250, lr=7.58342e-06, gnorm=34.316, clip=100, train_wall=123.42, gb_free=29.7, wall=0
2026-06-30 02:24:27 | INFO | train_inner | epoch 009:   1852 / 2931 loss=4.752, train_loss=4.752, cross_distance_loss=0.696, distance_loss=0.302, coord_loss=3.47, RMSD=3.47, prmsd_loss=2.843, ups=0.46, bsz=8, num_updates=25300, lr=7.57737e-06, gnorm=23.156, clip=100, train_wall=108.45, gb_free=29.6, wall=0
2026-06-30 02:26:21 | INFO | train_inner | epoch 009:   1902 / 2931 loss=4.935, train_loss=4.935, cross_distance_loss=0.706, distance_loss=0.346, coord_loss=3.602, RMSD=3.601, prmsd_loss=2.815, ups=0.44, bsz=8, num_updates=25350, lr=7.57132e-06, gnorm=32.509, clip=100, train_wall=113.87, gb_free=31.7, wall=0
2026-06-30 02:28:07 | INFO | train_inner | epoch 009:   1952 / 2931 loss=5.036, train_loss=5.036, cross_distance_loss=0.695, distance_loss=0.315, coord_loss=3.739, RMSD=3.739, prmsd_loss=2.86, ups=0.47, bsz=8, num_updates=25400, lr=7.56527e-06, gnorm=48.284, clip=100, train_wall=106.48, gb_free=31.2, wall=0
2026-06-30 02:30:00 | INFO | train_inner | epoch 009:   2002 / 2931 loss=5.017, train_loss=5.017, cross_distance_loss=0.708, distance_loss=0.349, coord_loss=3.677, RMSD=3.677, prmsd_loss=2.833, ups=0.45, bsz=8, num_updates=25450, lr=7.55922e-06, gnorm=19.896, clip=100, train_wall=112.11, gb_free=32.2, wall=0
2026-06-30 02:31:54 | INFO | train_inner | epoch 009:   2052 / 2931 loss=4.888, train_loss=4.888, cross_distance_loss=0.697, distance_loss=0.317, coord_loss=3.591, RMSD=3.59, prmsd_loss=2.839, ups=0.44, bsz=8, num_updates=25500, lr=7.55317e-06, gnorm=25.431, clip=100, train_wall=114.29, gb_free=31.2, wall=0
2026-06-30 02:31:54 | INFO | unicore_cli.train | begin validation on "valid" subset
2026-06-30 02:31:54 | INFO | unicore.tasks.unicore_task | get EpochBatchIterator for epoch 1
2026-06-30 03:47:17 | INFO | valid | epoch 009 | valid on 'valid' subset | loss 4.931 | valid_loss 4.931 | cross_distance_loss 0.704 | distance_loss 0.233 | coord_loss 3.699 | RMSD 3.698 | prmsd_loss 2.952 | bsz 26010 | num_updates 25500 | best_loss 4.931
2026-06-30 03:47:17 | INFO | unicore.checkpoint_utils | Preparing to save checkpoint for epoch 9 @ 25500 updates
2026-06-30 03:47:17 | INFO | unicore.trainer | Saving checkpoint to ./checkpoint_9_25500.pt
2026-06-30 03:47:21 | INFO | unicore.trainer | Finished saving checkpoint to ./checkpoint_9_25500.pt
2026-06-30 03:47:21 | INFO | unicore.checkpoint_utils | Saved checkpoint ./checkpoint_9_25500.pt (epoch 9 @ 25500 updates, score 4.931) (writing took 4.36169005651027 seconds)
2026-06-30 03:47:21 | INFO | unicore.checkpoint_utils | copy ./checkpoint_9_25500.pt to /home/bdldt_team007/DLDockingBenchSeminar/results/checkpoints_full/checkpoint_9_25500.pt
2026-06-30 03:47:26 | INFO | unicore.checkpoint_utils | copy ./checkpoint_9_25500.pt to /home/bdldt_team007/DLDockingBenchSeminar/results/checkpoints_full/checkpoint_best.pt
2026-06-30 03:47:29 | INFO | unicore.checkpoint_utils | copy ./checkpoint_9_25500.pt to /home/bdldt_team007/DLDockingBenchSeminar/results/checkpoints_full/checkpoint_last.pt
2026-06-30 03:47:31 | INFO | unicore.checkpoint_utils | removing temp file ./checkpoint_9_25500.pt ...
2026-06-30 03:47:31 | INFO | unicore.checkpoint_utils | finished async ckp saving.
2026-06-30 03:49:12 | INFO | train_inner | epoch 009:   2102 / 2931 loss=5.058, train_loss=5.058, cross_distance_loss=0.719, distance_loss=0.328, coord_loss=3.727, RMSD=3.726, prmsd_loss=2.84, ups=0.01, bsz=8, num_updates=25550, lr=7.54712e-06, gnorm=33.603, clip=100, train_wall=111.1, gb_free=31.3, wall=0
2026-06-30 03:51:05 | INFO | train_inner | epoch 009:   2152 / 2931 loss=4.792, train_loss=4.792, cross_distance_loss=0.709, distance_loss=0.318, coord_loss=3.479, RMSD=3.479, prmsd_loss=2.859, ups=0.44, bsz=8, num_updates=25600, lr=7.54107e-06, gnorm=25.373, clip=100, train_wall=112.57, gb_free=30.7, wall=0
2026-06-30 03:52:57 | INFO | train_inner | epoch 009:   2202 / 2931 loss=5.059, train_loss=5.059, cross_distance_loss=0.727, distance_loss=0.335, coord_loss=3.71, RMSD=3.71, prmsd_loss=2.866, ups=0.45, bsz=8, num_updates=25650, lr=7.53503e-06, gnorm=43.121, clip=100, train_wall=111.7, gb_free=33.5, wall=0
2026-06-30 03:54:45 | INFO | train_inner | epoch 009:   2252 / 2931 loss=4.997, train_loss=4.997, cross_distance_loss=0.705, distance_loss=0.317, coord_loss=3.688, RMSD=3.687, prmsd_loss=2.86, ups=0.46, bsz=8, num_updates=25700, lr=7.52898e-06, gnorm=58.995, clip=100, train_wall=108.16, gb_free=30.2, wall=0
2026-06-30 03:56:21 | INFO | train_inner | epoch 009:   2302 / 2931 loss=4.668, train_loss=4.668, cross_distance_loss=0.683, distance_loss=0.26, coord_loss=3.439, RMSD=3.439, prmsd_loss=2.844, ups=0.52, bsz=8, num_updates=25750, lr=7.52293e-06, gnorm=19.179, clip=100, train_wall=95.47, gb_free=21.7, wall=0
2026-06-30 03:58:20 | INFO | train_inner | epoch 009:   2352 / 2931 loss=4.896, train_loss=4.896, cross_distance_loss=0.696, distance_loss=0.305, coord_loss=3.608, RMSD=3.607, prmsd_loss=2.863, ups=0.42, bsz=8, num_updates=25800, lr=7.51688e-06, gnorm=36.539, clip=100, train_wall=119.08, gb_free=32.6, wall=0
2026-06-30 04:00:12 | INFO | train_inner | epoch 009:   2402 / 2931 loss=5.014, train_loss=5.014, cross_distance_loss=0.714, distance_loss=0.34, coord_loss=3.675, RMSD=3.675, prmsd_loss=2.846, ups=0.45, bsz=8, num_updates=25850, lr=7.51083e-06, gnorm=17.765, clip=100, train_wall=111.85, gb_free=31.7, wall=0
2026-06-30 04:02:04 | INFO | train_inner | epoch 009:   2452 / 2931 loss=5.046, train_loss=5.046, cross_distance_loss=0.705, distance_loss=0.305, coord_loss=3.75, RMSD=3.749, prmsd_loss=2.866, ups=0.45, bsz=8, num_updates=25900, lr=7.50478e-06, gnorm=43.695, clip=100, train_wall=111.42, gb_free=29.2, wall=0
2026-06-30 04:03:52 | INFO | train_inner | epoch 009:   2502 / 2931 loss=5.289, train_loss=5.289, cross_distance_loss=0.738, distance_loss=0.383, coord_loss=3.882, RMSD=3.882, prmsd_loss=2.851, ups=0.46, bsz=8, num_updates=25950, lr=7.49873e-06, gnorm=27.707, clip=100, train_wall=107.62, gb_free=32.1, wall=0
2026-06-30 04:05:43 | INFO | train_inner | epoch 009:   2552 / 2931 loss=15516.2, train_loss=15516.2, cross_distance_loss=0.722, distance_loss=0.31, coord_loss=15514.9, RMSD=15194.8, prmsd_loss=2.897, ups=0.45, bsz=8, num_updates=26000, lr=7.49268e-06, gnorm=1.66316e+06, clip=100, train_wall=111.49, gb_free=31.7, wall=0
2026-06-30 04:05:43 | INFO | unicore_cli.train | begin validation on "valid" subset
2026-06-30 04:05:43 | INFO | unicore.tasks.unicore_task | get EpochBatchIterator for epoch 1
2026-06-30 05:18:11 | INFO | valid | epoch 009 | valid on 'valid' subset | loss 4.895 | valid_loss 4.895 | cross_distance_loss 0.693 | distance_loss 0.225 | coord_loss 3.688 | RMSD 3.687 | prmsd_loss 2.891 | bsz 26010 | num_updates 26000 | best_loss 4.895
2026-06-30 05:18:12 | INFO | unicore.checkpoint_utils | Preparing to save checkpoint for epoch 9 @ 26000 updates
2026-06-30 05:18:12 | INFO | unicore.trainer | Saving checkpoint to ./checkpoint_9_26000.pt
2026-06-30 05:18:16 | INFO | unicore.trainer | Finished saving checkpoint to ./checkpoint_9_26000.pt
2026-06-30 05:18:16 | INFO | unicore.checkpoint_utils | Saved checkpoint ./checkpoint_9_26000.pt (epoch 9 @ 26000 updates, score 4.895) (writing took 4.417974929325283 seconds)
2026-06-30 05:18:16 | INFO | unicore.checkpoint_utils | copy ./checkpoint_9_26000.pt to /home/bdldt_team007/DLDockingBenchSeminar/results/checkpoints_full/checkpoint_9_26000.pt
2026-06-30 05:18:21 | INFO | unicore.checkpoint_utils | copy ./checkpoint_9_26000.pt to /home/bdldt_team007/DLDockingBenchSeminar/results/checkpoints_full/checkpoint_best.pt
2026-06-30 05:18:23 | INFO | unicore.checkpoint_utils | copy ./checkpoint_9_26000.pt to /home/bdldt_team007/DLDockingBenchSeminar/results/checkpoints_full/checkpoint_last.pt
2026-06-30 05:18:26 | INFO | unicore.checkpoint_utils | removing temp file ./checkpoint_9_26000.pt ...
2026-06-30 05:18:26 | INFO | unicore.checkpoint_utils | finished async ckp saving.
2026-06-30 05:19:59 | INFO | train_inner | epoch 009:   2602 / 2931 loss=4.91, train_loss=4.91, cross_distance_loss=0.694, distance_loss=0.315, coord_loss=3.616, RMSD=3.615, prmsd_loss=2.851, ups=0.01, bsz=8, num_updates=26050, lr=7.48663e-06, gnorm=39.238, clip=100, train_wall=103.09, gb_free=27.9, wall=0
2026-06-30 05:21:39 | INFO | train_inner | epoch 009:   2652 / 2931 loss=4.925, train_loss=4.925, cross_distance_loss=0.711, distance_loss=0.306, coord_loss=3.62, RMSD=3.619, prmsd_loss=2.882, ups=0.5, bsz=8, num_updates=26100, lr=7.48058e-06, gnorm=32.375, clip=100, train_wall=99.17, gb_free=28.5, wall=0
2026-06-30 05:23:34 | INFO | train_inner | epoch 009:   2702 / 2931 loss=5.029, train_loss=5.029, cross_distance_loss=0.719, distance_loss=0.31, coord_loss=3.712, RMSD=3.711, prmsd_loss=2.876, ups=0.43, bsz=8, num_updates=26150, lr=7.47453e-06, gnorm=36.206, clip=100, train_wall=115.21, gb_free=31.2, wall=0
2026-06-30 05:25:16 | INFO | train_inner | epoch 009:   2752 / 2931 loss=5.208, train_loss=5.208, cross_distance_loss=0.718, distance_loss=0.373, coord_loss=3.832, RMSD=3.832, prmsd_loss=2.85, ups=0.49, bsz=8, num_updates=26200, lr=7.46848e-06, gnorm=20.528, clip=100, train_wall=101.7, gb_free=30.7, wall=0
2026-06-30 05:27:16 | INFO | train_inner | epoch 009:   2802 / 2931 loss=4.918, train_loss=4.918, cross_distance_loss=0.711, distance_loss=0.308, coord_loss=3.61, RMSD=3.609, prmsd_loss=2.89, ups=0.42, bsz=8, num_updates=26250, lr=7.46243e-06, gnorm=45.503, clip=100, train_wall=119.77, gb_free=30.7, wall=0
2026-06-30 05:29:13 | INFO | train_inner | epoch 009:   2852 / 2931 loss=4.771, train_loss=4.771, cross_distance_loss=0.699, distance_loss=0.322, coord_loss=3.465, RMSD=3.464, prmsd_loss=2.851, ups=0.43, bsz=8, num_updates=26300, lr=7.45638e-06, gnorm=112.663, clip=100, train_wall=116.65, gb_free=29.6, wall=0
2026-06-30 05:31:05 | INFO | train_inner | epoch 009:   2902 / 2931 loss=4.973, train_loss=4.973, cross_distance_loss=0.708, distance_loss=0.294, coord_loss=3.685, RMSD=3.684, prmsd_loss=2.865, ups=0.44, bsz=8, num_updates=26350, lr=7.45034e-06, gnorm=115.285, clip=100, train_wall=112.36, gb_free=32.6, wall=0
2026-06-30 05:32:14 | INFO | unicore_cli.train | begin validation on "valid" subset
2026-06-30 05:32:14 | INFO | unicore.tasks.unicore_task | get EpochBatchIterator for epoch 1
2026-06-30 06:46:58 | INFO | valid | epoch 009 | valid on 'valid' subset | loss 4.83 | valid_loss 4.83 | cross_distance_loss 0.689 | distance_loss 0.234 | coord_loss 3.621 | RMSD 3.62 | prmsd_loss 2.859 | bsz 26010 | num_updates 26379 | best_loss 4.83
2026-06-30 06:46:58 | INFO | unicore.checkpoint_utils | Preparing to save checkpoint for epoch 9 @ 26379 updates
2026-06-30 06:46:58 | INFO | unicore.trainer | Saving checkpoint to ./checkpoint9.pt
2026-06-30 06:47:02 | INFO | unicore.trainer | Finished saving checkpoint to ./checkpoint9.pt
2026-06-30 06:47:03 | INFO | unicore.checkpoint_utils | Saved checkpoint ./checkpoint9.pt (epoch 9 @ 26379 updates, score 4.83) (writing took 4.41125416290015 seconds)
2026-06-30 06:47:03 | INFO | unicore_cli.train | end of epoch 9 (average epoch stats below)
2026-06-30 06:47:03 | INFO | unicore.checkpoint_utils | copy ./checkpoint9.pt to /home/bdldt_team007/DLDockingBenchSeminar/results/checkpoints_full/checkpoint9.pt
2026-06-30 06:47:03 | INFO | train | epoch 009 | loss 269.61 | train_loss 269.61 | cross_distance_loss 0.713 | distance_loss 0.325 | coord_loss 268.286 | RMSD 262.826 | prmsd_loss 2.86 | ups 0.08 | bsz 8 | num_updates 26379 | lr 7.44683e-06 | gnorm 28408.1 | clip 100 | train_wall 6573.05 | gb_free 32.6 | wall 0
2026-06-30 06:47:03 | INFO | unicore.tasks.unicore_task | get EpochBatchIterator for epoch 10
2026-06-30 06:47:03 | INFO | unicore.trainer | begin training epoch 10
2026-06-30 06:47:03 | INFO | unicore_cli.train | Start iterating over samples
2026-06-30 06:47:08 | INFO | unicore.checkpoint_utils | copy ./checkpoint9.pt to /home/bdldt_team007/DLDockingBenchSeminar/results/checkpoints_full/checkpoint_best.pt
2026-06-30 06:47:10 | INFO | unicore.checkpoint_utils | copy ./checkpoint9.pt to /home/bdldt_team007/DLDockingBenchSeminar/results/checkpoints_full/checkpoint_last.pt
2026-06-30 06:47:12 | INFO | unicore.checkpoint_utils | removing temp file ./checkpoint9.pt ...
2026-06-30 06:47:13 | INFO | unicore.checkpoint_utils | finished async ckp saving.
2026-06-30 06:47:52 | INFO | train_inner | epoch 010:     21 / 2931 loss=4.938, train_loss=4.938, cross_distance_loss=0.699, distance_loss=0.34, coord_loss=3.616, RMSD=3.615, prmsd_loss=2.837, ups=0.01, bsz=8, num_updates=26400, lr=7.44429e-06, gnorm=25.843, clip=100, train_wall=118.12, gb_free=29.1, wall=0
2026-06-30 06:49:39 | INFO | train_inner | epoch 010:     71 / 2931 loss=4.969, train_loss=4.969, cross_distance_loss=0.71, distance_loss=0.325, coord_loss=3.647, RMSD=3.646, prmsd_loss=2.866, ups=0.47, bsz=8, num_updates=26450, lr=7.43824e-06, gnorm=29.937, clip=100, train_wall=106.62, gb_free=30.1, wall=0
2026-06-30 06:51:43 | INFO | train_inner | epoch 010:    121 / 2931 loss=5.085, train_loss=5.085, cross_distance_loss=0.696, distance_loss=0.36, coord_loss=3.748, RMSD=3.748, prmsd_loss=2.817, ups=0.4, bsz=8, num_updates=26500, lr=7.43219e-06, gnorm=32.384, clip=100, train_wall=123.38, gb_free=31.2, wall=0
2026-06-30 06:51:43 | INFO | unicore_cli.train | begin validation on "valid" subset
2026-06-30 06:51:43 | INFO | unicore.tasks.unicore_task | get EpochBatchIterator for epoch 1
2026-06-30 08:01:47 | INFO | valid | epoch 010 | valid on 'valid' subset | loss 4.874 | valid_loss 4.874 | cross_distance_loss 0.698 | distance_loss 0.23 | coord_loss 3.645 | RMSD 3.645 | prmsd_loss 3.005 | bsz 26010 | num_updates 26500 | best_loss 4.83
2026-06-30 08:01:47 | INFO | unicore.checkpoint_utils | Preparing to save checkpoint for epoch 10 @ 26500 updates
2026-06-30 08:01:47 | INFO | unicore.trainer | Saving checkpoint to ./checkpoint_10_26500.pt
2026-06-30 08:01:51 | INFO | unicore.trainer | Finished saving checkpoint to ./checkpoint_10_26500.pt
2026-06-30 08:01:52 | INFO | unicore.checkpoint_utils | Saved checkpoint ./checkpoint_10_26500.pt (epoch 10 @ 26500 updates, score 4.874) (writing took 4.400746460072696 seconds)
2026-06-30 08:01:52 | INFO | unicore.checkpoint_utils | copy ./checkpoint_10_26500.pt to /home/bdldt_team007/DLDockingBenchSeminar/results/checkpoints_full/checkpoint_10_26500.pt
2026-06-30 08:02:26 | INFO | unicore.checkpoint_utils | copy ./checkpoint_10_26500.pt to /home/bdldt_team007/DLDockingBenchSeminar/results/checkpoints_full/checkpoint_last.pt
2026-06-30 08:02:47 | INFO | unicore.checkpoint_utils | removing temp file ./checkpoint_10_26500.pt ...
2026-06-30 08:02:48 | INFO | unicore.checkpoint_utils | finished async ckp saving.
2026-06-30 08:03:42 | INFO | train_inner | epoch 010:    171 / 2931 loss=4.827, train_loss=4.827, cross_distance_loss=0.689, distance_loss=0.296, coord_loss=3.556, RMSD=3.555, prmsd_loss=2.862, ups=0.01, bsz=8, num_updates=26550, lr=7.42614e-06, gnorm=40.386, clip=100, train_wall=105.97, gb_free=29.1, wall=0
2026-06-30 08:05:37 | INFO | train_inner | epoch 010:    221 / 2931 loss=4.835, train_loss=4.835, cross_distance_loss=0.695, distance_loss=0.375, coord_loss=3.483, RMSD=3.482, prmsd_loss=2.819, ups=0.44, bsz=8, num_updates=26600, lr=7.42009e-06, gnorm=24.661, clip=100, train_wall=114.48, gb_free=19.3, wall=0
2026-06-30 08:07:28 | INFO | train_inner | epoch 010:    271 / 2931 loss=5.053, train_loss=5.053, cross_distance_loss=0.696, distance_loss=0.32, coord_loss=3.751, RMSD=3.75, prmsd_loss=2.861, ups=0.45, bsz=8, num_updates=26650, lr=7.41404e-06, gnorm=24.549, clip=100, train_wall=110.73, gb_free=27.2, wall=0
2026-06-30 08:09:22 | INFO | train_inner | epoch 010:    321 / 2931 loss=4.89, train_loss=4.89, cross_distance_loss=0.713, distance_loss=0.344, coord_loss=3.553, RMSD=3.552, prmsd_loss=2.799, ups=0.44, bsz=8, num_updates=26700, lr=7.40799e-06, gnorm=57.44, clip=100, train_wall=113.7, gb_free=30.7, wall=0
2026-06-30 08:11:02 | INFO | train_inner | epoch 010:    371 / 2931 loss=4.731, train_loss=4.731, cross_distance_loss=0.689, distance_loss=0.298, coord_loss=3.461, RMSD=3.461, prmsd_loss=2.825, ups=0.5, bsz=8, num_updates=26750, lr=7.40194e-06, gnorm=30.347, clip=100, train_wall=100.49, gb_free=30.1, wall=0
2026-06-30 08:12:50 | INFO | train_inner | epoch 010:    421 / 2931 loss=4.829, train_loss=4.829, cross_distance_loss=0.691, distance_loss=0.304, coord_loss=3.555, RMSD=3.555, prmsd_loss=2.796, ups=0.46, bsz=8, num_updates=26800, lr=7.39589e-06, gnorm=17.58, clip=100, train_wall=107.49, gb_free=19.4, wall=0
2026-06-30 08:14:39 | INFO | train_inner | epoch 010:    471 / 2931 loss=4.733, train_loss=4.733, cross_distance_loss=0.69, distance_loss=0.292, coord_loss=3.464, RMSD=3.464, prmsd_loss=2.868, ups=0.46, bsz=8, num_updates=26850, lr=7.38984e-06, gnorm=44.518, clip=100, train_wall=109.13, gb_free=31.2, wall=0
2026-06-30 08:16:17 | INFO | train_inner | epoch 010:    521 / 2931 loss=4.704, train_loss=4.704, cross_distance_loss=0.679, distance_loss=0.289, coord_loss=3.449, RMSD=3.448, prmsd_loss=2.866, ups=0.51, bsz=8, num_updates=26900, lr=7.38379e-06, gnorm=52.73, clip=100, train_wall=98.05, gb_free=31.7, wall=0
2026-06-30 08:18:03 | INFO | train_inner | epoch 010:    571 / 2931 loss=4.755, train_loss=4.755, cross_distance_loss=0.69, distance_loss=0.277, coord_loss=3.502, RMSD=3.501, prmsd_loss=2.851, ups=0.47, bsz=8, num_updates=26950, lr=7.37774e-06, gnorm=29.25, clip=100, train_wall=105.8, gb_free=30.7, wall=0
2026-06-30 08:19:54 | INFO | train_inner | epoch 010:    621 / 2931 loss=4.853, train_loss=4.853, cross_distance_loss=0.686, distance_loss=0.306, coord_loss=3.575, RMSD=3.574, prmsd_loss=2.858, ups=0.45, bsz=8, num_updates=27000, lr=7.37169e-06, gnorm=23.749, clip=100, train_wall=109.99, gb_free=30.7, wall=0
2026-06-30 08:19:54 | INFO | unicore_cli.train | begin validation on "valid" subset
2026-06-30 08:19:54 | INFO | unicore.tasks.unicore_task | get EpochBatchIterator for epoch 1
2026-06-30 09:33:11 | INFO | valid | epoch 010 | valid on 'valid' subset | loss 4.825 | valid_loss 4.825 | cross_distance_loss 0.694 | distance_loss 0.226 | coord_loss 3.608 | RMSD 3.607 | prmsd_loss 2.97 | bsz 26010 | num_updates 27000 | best_loss 4.825
2026-06-30 09:33:11 | INFO | unicore.checkpoint_utils | Preparing to save checkpoint for epoch 10 @ 27000 updates
2026-06-30 09:33:11 | INFO | unicore.trainer | Saving checkpoint to ./checkpoint_10_27000.pt
2026-06-30 09:33:37 | INFO | unicore.trainer | Finished saving checkpoint to ./checkpoint_10_27000.pt
2026-06-30 09:33:37 | INFO | unicore.checkpoint_utils | Saved checkpoint ./checkpoint_10_27000.pt (epoch 10 @ 27000 updates, score 4.825) (writing took 25.812646670266986 seconds)
2026-06-30 09:33:37 | INFO | unicore.checkpoint_utils | copy ./checkpoint_10_27000.pt to /home/bdldt_team007/DLDockingBenchSeminar/results/checkpoints_full/checkpoint_10_27000.pt
2026-06-30 09:34:35 | INFO | unicore.checkpoint_utils | copy ./checkpoint_10_27000.pt to /home/bdldt_team007/DLDockingBenchSeminar/results/checkpoints_full/checkpoint_best.pt
2026-06-30 09:34:57 | INFO | unicore.checkpoint_utils | copy ./checkpoint_10_27000.pt to /home/bdldt_team007/DLDockingBenchSeminar/results/checkpoints_full/checkpoint_last.pt
2026-06-30 09:35:19 | INFO | unicore.checkpoint_utils | removing temp file ./checkpoint_10_27000.pt ...
2026-06-30 09:35:19 | INFO | unicore.checkpoint_utils | finished async ckp saving.
2026-06-30 09:35:40 | INFO | train_inner | epoch 010:    671 / 2931 loss=4.706, train_loss=4.706, cross_distance_loss=0.698, distance_loss=0.299, coord_loss=3.426, RMSD=3.425, prmsd_loss=2.828, ups=0.01, bsz=8, num_updates=27050, lr=7.36564e-06, gnorm=32.689, clip=100, train_wall=115.06, gb_free=31.7, wall=0
2026-06-30 09:37:25 | INFO | train_inner | epoch 010:    721 / 2931 loss=4.778, train_loss=4.778, cross_distance_loss=0.691, distance_loss=0.306, coord_loss=3.493, RMSD=3.492, prmsd_loss=2.877, ups=0.48, bsz=8, num_updates=27100, lr=7.3596e-06, gnorm=62.776, clip=100, train_wall=104.66, gb_free=31.7, wall=0
2026-06-30 09:39:14 | INFO | train_inner | epoch 010:    771 / 2931 loss=4.775, train_loss=4.775, cross_distance_loss=0.691, distance_loss=0.296, coord_loss=3.504, RMSD=3.504, prmsd_loss=2.836, ups=0.46, bsz=8, num_updates=27150, lr=7.35355e-06, gnorm=32.968, clip=100, train_wall=108.1, gb_free=30.2, wall=0
2026-06-30 09:41:07 | INFO | train_inner | epoch 010:    821 / 2931 loss=4.807, train_loss=4.807, cross_distance_loss=0.697, distance_loss=0.31, coord_loss=3.514, RMSD=3.514, prmsd_loss=2.858, ups=0.44, bsz=8, num_updates=27200, lr=7.3475e-06, gnorm=22.61, clip=100, train_wall=112.77, gb_free=30.2, wall=0
2026-06-30 09:42:59 | INFO | train_inner | epoch 010:    871 / 2931 loss=4.523, train_loss=4.523, cross_distance_loss=0.665, distance_loss=0.271, coord_loss=3.301, RMSD=3.3, prmsd_loss=2.859, ups=0.45, bsz=8, num_updates=27250, lr=7.34145e-06, gnorm=16.989, clip=100, train_wall=111.71, gb_free=29.6, wall=0
2026-06-30 09:44:45 | INFO | train_inner | epoch 010:    921 / 2931 loss=4.878, train_loss=4.878, cross_distance_loss=0.701, distance_loss=0.348, coord_loss=3.544, RMSD=3.543, prmsd_loss=2.854, ups=0.47, bsz=8, num_updates=27300, lr=7.3354e-06, gnorm=33.081, clip=100, train_wall=105.6, gb_free=19.4, wall=0
2026-06-30 09:46:37 | INFO | train_inner | epoch 010:    971 / 2931 loss=4.694, train_loss=4.694, cross_distance_loss=0.697, distance_loss=0.323, coord_loss=3.393, RMSD=3.393, prmsd_loss=2.805, ups=0.45, bsz=8, num_updates=27350, lr=7.32935e-06, gnorm=33.903, clip=100, train_wall=111.65, gb_free=18.5, wall=0
2026-06-30 09:48:22 | INFO | train_inner | epoch 010:   1021 / 2931 loss=4.68, train_loss=4.68, cross_distance_loss=0.688, distance_loss=0.319, coord_loss=3.384, RMSD=3.383, prmsd_loss=2.886, ups=0.48, bsz=8, num_updates=27400, lr=7.3233e-06, gnorm=43.923, clip=100, train_wall=104.88, gb_free=32.2, wall=0
2026-06-30 09:50:15 | INFO | train_inner | epoch 010:   1071 / 2931 loss=4.834, train_loss=4.834, cross_distance_loss=0.696, distance_loss=0.364, coord_loss=3.492, RMSD=3.492, prmsd_loss=2.814, ups=0.44, bsz=8, num_updates=27450, lr=7.31725e-06, gnorm=84.102, clip=100, train_wall=112.43, gb_free=26.7, wall=0
2026-06-30 09:52:08 | INFO | train_inner | epoch 010:   1121 / 2931 loss=4.823, train_loss=4.823, cross_distance_loss=0.696, distance_loss=0.347, coord_loss=3.496, RMSD=3.496, prmsd_loss=2.827, ups=0.44, bsz=8, num_updates=27500, lr=7.3112e-06, gnorm=33.574, clip=100, train_wall=113.09, gb_free=32.7, wall=0
2026-06-30 09:52:08 | INFO | unicore_cli.train | begin validation on "valid" subset
2026-06-30 09:52:08 | INFO | unicore.tasks.unicore_task | get EpochBatchIterator for epoch 1
2026-06-30 11:05:16 | INFO | valid | epoch 010 | valid on 'valid' subset | loss 4.655 | valid_loss 4.655 | cross_distance_loss 0.689 | distance_loss 0.224 | coord_loss 3.454 | RMSD 3.453 | prmsd_loss 2.871 | bsz 26010 | num_updates 27500 | best_loss 4.655
2026-06-30 11:05:16 | INFO | unicore.checkpoint_utils | Preparing to save checkpoint for epoch 10 @ 27500 updates
2026-06-30 11:05:16 | INFO | unicore.trainer | Saving checkpoint to ./checkpoint_10_27500.pt
2026-06-30 11:05:20 | INFO | unicore.trainer | Finished saving checkpoint to ./checkpoint_10_27500.pt
2026-06-30 11:05:20 | INFO | unicore.checkpoint_utils | Saved checkpoint ./checkpoint_10_27500.pt (epoch 10 @ 27500 updates, score 4.655) (writing took 4.367691822350025 seconds)
2026-06-30 11:05:20 | INFO | unicore.checkpoint_utils | copy ./checkpoint_10_27500.pt to /home/bdldt_team007/DLDockingBenchSeminar/results/checkpoints_full/checkpoint_10_27500.pt
2026-06-30 11:05:25 | INFO | unicore.checkpoint_utils | copy ./checkpoint_10_27500.pt to /home/bdldt_team007/DLDockingBenchSeminar/results/checkpoints_full/checkpoint_best.pt
2026-06-30 11:05:28 | INFO | unicore.checkpoint_utils | copy ./checkpoint_10_27500.pt to /home/bdldt_team007/DLDockingBenchSeminar/results/checkpoints_full/checkpoint_last.pt
2026-06-30 11:05:30 | INFO | unicore.checkpoint_utils | removing temp file ./checkpoint_10_27500.pt ...
2026-06-30 11:05:31 | INFO | unicore.checkpoint_utils | finished async ckp saving.
2026-06-30 11:07:09 | INFO | train_inner | epoch 010:   1171 / 2931 loss=4.886, train_loss=4.886, cross_distance_loss=0.708, distance_loss=0.298, coord_loss=3.599, RMSD=3.598, prmsd_loss=2.822, ups=0.01, bsz=8, num_updates=27550, lr=7.30515e-06, gnorm=26.716, clip=100, train_wall=109.02, gb_free=27.3, wall=0
2026-06-30 11:08:57 | INFO | train_inner | epoch 010:   1221 / 2931 loss=5.017, train_loss=5.017, cross_distance_loss=0.706, distance_loss=0.338, coord_loss=3.688, RMSD=3.687, prmsd_loss=2.855, ups=0.47, bsz=8, num_updates=27600, lr=7.2991e-06, gnorm=28.809, clip=100, train_wall=107.33, gb_free=27.4, wall=0
2026-06-30 11:10:48 | INFO | train_inner | epoch 010:   1271 / 2931 loss=4.475, train_loss=4.475, cross_distance_loss=0.667, distance_loss=0.268, coord_loss=3.258, RMSD=3.258, prmsd_loss=2.815, ups=0.45, bsz=8, num_updates=27650, lr=7.29305e-06, gnorm=44.594, clip=100, train_wall=110.93, gb_free=29.6, wall=0
2026-06-30 11:12:40 | INFO | train_inner | epoch 010:   1321 / 2931 loss=4.902, train_loss=4.902, cross_distance_loss=0.7, distance_loss=0.298, coord_loss=3.621, RMSD=3.62, prmsd_loss=2.84, ups=0.45, bsz=8, num_updates=27700, lr=7.287e-06, gnorm=37.522, clip=100, train_wall=111.37, gb_free=29.6, wall=0
2026-06-30 11:14:35 | INFO | train_inner | epoch 010:   1371 / 2931 loss=5.038, train_loss=5.038, cross_distance_loss=0.7, distance_loss=0.358, coord_loss=3.701, RMSD=3.701, prmsd_loss=2.788, ups=0.43, bsz=8, num_updates=27750, lr=7.28095e-06, gnorm=55.75, clip=100, train_wall=115.33, gb_free=26.6, wall=0
2026-06-30 11:16:29 | INFO | train_inner | epoch 010:   1421 / 2931 loss=4.81, train_loss=4.81, cross_distance_loss=0.699, distance_loss=0.315, coord_loss=3.51, RMSD=3.509, prmsd_loss=2.855, ups=0.44, bsz=8, num_updates=27800, lr=7.27491e-06, gnorm=29.929, clip=100, train_wall=113.49, gb_free=29.1, wall=0
2026-06-30 11:18:19 | INFO | train_inner | epoch 010:   1471 / 2931 loss=4.867, train_loss=4.867, cross_distance_loss=0.701, distance_loss=0.352, coord_loss=3.527, RMSD=3.526, prmsd_loss=2.868, ups=0.45, bsz=8, num_updates=27850, lr=7.26886e-06, gnorm=39.894, clip=100, train_wall=109.75, gb_free=30.1, wall=0
2026-06-30 11:20:08 | INFO | train_inner | epoch 010:   1521 / 2931 loss=4.753, train_loss=4.753, cross_distance_loss=0.683, distance_loss=0.31, coord_loss=3.477, RMSD=3.477, prmsd_loss=2.827, ups=0.46, bsz=8, num_updates=27900, lr=7.26281e-06, gnorm=17.347, clip=100, train_wall=109.64, gb_free=30.7, wall=0
2026-06-30 11:22:03 | INFO | train_inner | epoch 010:   1571 / 2931 loss=4.854, train_loss=4.854, cross_distance_loss=0.693, distance_loss=0.395, coord_loss=3.488, RMSD=3.487, prmsd_loss=2.773, ups=0.44, bsz=8, num_updates=27950, lr=7.25676e-06, gnorm=22.926, clip=100, train_wall=114.71, gb_free=27.4, wall=0
2026-06-30 11:24:09 | INFO | train_inner | epoch 010:   1621 / 2931 loss=4.863, train_loss=4.863, cross_distance_loss=0.7, distance_loss=0.337, coord_loss=3.544, RMSD=3.544, prmsd_loss=2.812, ups=0.4, bsz=8, num_updates=28000, lr=7.25071e-06, gnorm=37.306, clip=100, train_wall=125.75, gb_free=28.5, wall=0
2026-06-30 11:24:09 | INFO | unicore_cli.train | begin validation on "valid" subset
2026-06-30 11:24:09 | INFO | unicore.tasks.unicore_task | get EpochBatchIterator for epoch 1
2026-06-30 12:48:16 | INFO | valid | epoch 010 | valid on 'valid' subset | loss 4.698 | valid_loss 4.698 | cross_distance_loss 0.681 | distance_loss 0.223 | coord_loss 3.503 | RMSD 3.501 | prmsd_loss 2.911 | bsz 26010 | num_updates 28000 | best_loss 4.655
2026-06-30 12:48:16 | INFO | unicore.checkpoint_utils | Preparing to save checkpoint for epoch 10 @ 28000 updates
2026-06-30 12:48:16 | INFO | unicore.trainer | Saving checkpoint to ./checkpoint_10_28000.pt
2026-06-30 12:48:20 | INFO | unicore.trainer | Finished saving checkpoint to ./checkpoint_10_28000.pt
2026-06-30 12:48:20 | INFO | unicore.checkpoint_utils | Saved checkpoint ./checkpoint_10_28000.pt (epoch 10 @ 28000 updates, score 4.698) (writing took 4.336804175749421 seconds)
2026-06-30 12:48:20 | INFO | unicore.checkpoint_utils | copy ./checkpoint_10_28000.pt to /home/bdldt_team007/DLDockingBenchSeminar/results/checkpoints_full/checkpoint_10_28000.pt
2026-06-30 12:48:25 | INFO | unicore.checkpoint_utils | copy ./checkpoint_10_28000.pt to /home/bdldt_team007/DLDockingBenchSeminar/results/checkpoints_full/checkpoint_last.pt
2026-06-30 12:48:28 | INFO | unicore.checkpoint_utils | removing temp file ./checkpoint_10_28000.pt ...
2026-06-30 12:48:28 | INFO | unicore.checkpoint_utils | finished async ckp saving.
2026-06-30 12:50:24 | INFO | train_inner | epoch 010:   1671 / 2931 loss=4.828, train_loss=4.828, cross_distance_loss=0.693, distance_loss=0.307, coord_loss=3.545, RMSD=3.544, prmsd_loss=2.825, ups=0.01, bsz=8, num_updates=28050, lr=7.24466e-06, gnorm=25.318, clip=100, train_wall=123.43, gb_free=26.7, wall=0
2026-06-30 12:52:22 | INFO | train_inner | epoch 010:   1721 / 2931 loss=4.787, train_loss=4.787, cross_distance_loss=0.679, distance_loss=0.288, coord_loss=3.534, RMSD=3.533, prmsd_loss=2.855, ups=0.42, bsz=8, num_updates=28100, lr=7.23861e-06, gnorm=29.808, clip=100, train_wall=118.07, gb_free=30.1, wall=0
2026-06-30 12:54:13 | INFO | train_inner | epoch 010:   1771 / 2931 loss=4.972, train_loss=4.972, cross_distance_loss=0.701, distance_loss=0.316, coord_loss=3.671, RMSD=3.671, prmsd_loss=2.842, ups=0.45, bsz=8, num_updates=28150, lr=7.23256e-06, gnorm=103.163, clip=100, train_wall=110.67, gb_free=28, wall=0
2026-06-30 12:56:13 | INFO | train_inner | epoch 010:   1821 / 2931 loss=4.866, train_loss=4.866, cross_distance_loss=0.701, distance_loss=0.332, coord_loss=3.548, RMSD=3.547, prmsd_loss=2.848, ups=0.42, bsz=8, num_updates=28200, lr=7.22651e-06, gnorm=22.573, clip=100, train_wall=119.16, gb_free=29.6, wall=0
2026-06-30 12:58:00 | INFO | train_inner | epoch 010:   1871 / 2931 loss=4.842, train_loss=4.842, cross_distance_loss=0.696, distance_loss=0.31, coord_loss=3.55, RMSD=3.55, prmsd_loss=2.857, ups=0.47, bsz=8, num_updates=28250, lr=7.22046e-06, gnorm=30.391, clip=100, train_wall=107.21, gb_free=28.5, wall=0
2026-06-30 12:59:46 | INFO | train_inner | epoch 010:   1921 / 2931 loss=4.584, train_loss=4.584, cross_distance_loss=0.655, distance_loss=0.288, coord_loss=3.361, RMSD=3.361, prmsd_loss=2.797, ups=0.47, bsz=8, num_updates=28300, lr=7.21441e-06, gnorm=19.274, clip=100, train_wall=105.87, gb_free=26.7, wall=0
2026-06-30 13:01:40 | INFO | train_inner | epoch 010:   1971 / 2931 loss=4.774, train_loss=4.774, cross_distance_loss=0.697, distance_loss=0.328, coord_loss=3.466, RMSD=3.466, prmsd_loss=2.829, ups=0.44, bsz=8, num_updates=28350, lr=7.20836e-06, gnorm=66.283, clip=100, train_wall=113.9, gb_free=30.2, wall=0
2026-06-30 13:03:42 | INFO | train_inner | epoch 010:   2021 / 2931 loss=4.869, train_loss=4.869, cross_distance_loss=0.691, distance_loss=0.305, coord_loss=3.587, RMSD=3.586, prmsd_loss=2.857, ups=0.41, bsz=8, num_updates=28400, lr=7.20231e-06, gnorm=60.468, clip=100, train_wall=121.45, gb_free=31.2, wall=0
2026-06-30 13:05:35 | INFO | train_inner | epoch 010:   2071 / 2931 loss=4.771, train_loss=4.771, cross_distance_loss=0.696, distance_loss=0.335, coord_loss=3.459, RMSD=3.459, prmsd_loss=2.81, ups=0.44, bsz=8, num_updates=28450, lr=7.19626e-06, gnorm=22.078, clip=100, train_wall=113.31, gb_free=30.2, wall=0
2026-06-30 13:07:23 | INFO | train_inner | epoch 010:   2121 / 2931 loss=4.568, train_loss=4.568, cross_distance_loss=0.672, distance_loss=0.278, coord_loss=3.331, RMSD=3.33, prmsd_loss=2.863, ups=0.46, bsz=8, num_updates=28500, lr=7.19021e-06, gnorm=17.984, clip=100, train_wall=107.82, gb_free=30.7, wall=0
2026-06-30 13:07:23 | INFO | unicore_cli.train | begin validation on "valid" subset
2026-06-30 13:07:23 | INFO | unicore.tasks.unicore_task | get EpochBatchIterator for epoch 1
