
=============
== PyTorch ==
=============

NVIDIA Release 22.04 (build 36527063)
PyTorch Version 1.12.0a0+bd13bc6

Container image Copyright (c) 2022, NVIDIA CORPORATION & AFFILIATES. All rights reserved.

Copyright (c) 2014-2022 Facebook Inc.
Copyright (c) 2011-2014 Idiap Research Institute (Ronan Collobert)
Copyright (c) 2012-2014 Deepmind Technologies    (Koray Kavukcuoglu)
Copyright (c) 2011-2012 NEC Laboratories America (Koray Kavukcuoglu)
Copyright (c) 2011-2013 NYU                      (Clement Farabet)
Copyright (c) 2006-2010 NEC Laboratories America (Ronan Collobert, Leon Bottou, Iain Melvin, Jason Weston)
Copyright (c) 2006      Idiap Research Institute (Samy Bengio)
Copyright (c) 2001-2004 Idiap Research Institute (Ronan Collobert, Samy Bengio, Johnny Mariethoz)
Copyright (c) 2015      Google Inc.
Copyright (c) 2015      Yangqing Jia
Copyright (c) 2013-2016 The Caffe contributors
All rights reserved.

Various files include modifications (c) NVIDIA CORPORATION & AFFILIATES.  All rights reserved.

This container image and its contents are governed by the NVIDIA Deep Learning Container License.
By pulling and using the container, you accept the terms and conditions of this license:
https://developer.nvidia.com/ngc/nvidia-deep-learning-container-license

=== RUN4 TRAIN COMMAND START ===
2026-06-28 18:09:21 | INFO | unicore_cli.train | Namespace(activation_dropout=0.0, activation_fn='gelu', adam_betas='(0.9, 0.99)', adam_eps=1e-06, all_gather_list_size=16384, allreduce_fp32_grad=False, arch='docking_pose_v2', attention_dropout=0.1, batch_size=8, batch_size_valid=8, best_checkpoint_metric='loss', bf16=False, bf16_sr=False, broadcast_buffers=False, bucket_cap_mb=25, checkpoint_suffix='', clip_norm=1.0, conf_size=10, cpu=False, curriculum=0, data='/home/bdldt_team007/DLDockingBenchSeminar/run4/data', data_buffer_size=10, ddp_backend='c10d', delta_pair_repr_norm_loss=-1.0, device_id=0, disable_validation=False, dist_threshold=8.0, distributed_backend='nccl', distributed_init_method=None, distributed_no_spawn=False, distributed_num_procs=1, distributed_port=-1, distributed_rank=0, distributed_world_size=1, dropout=0.1, ema_decay=-1.0, emb_dropout=0.1, empty_cache_freq=0, encoder_attention_heads=64, encoder_embed_dim=512, encoder_ffn_embed_dim=2048, encoder_layers=15, end_learning_rate=0.0, fast_stat_sync=False, find_unused_parameters=False, finetune_from_model=None, finetune_mol_model='/home/bdldt_team007/DLDockingBenchSeminar/run4/weights/mol_pre_no_h_220816.pt', finetune_pocket_model='/home/bdldt_team007/DLDockingBenchSeminar/run4/weights/pocket_pre_220816.pt', fix_batches_to_gpus=False, fixed_validation_seed=None, force_anneal=None, fp16=True, fp16_init_scale=128, fp16_no_flatten_grads=False, fp16_scale_tolerance=0.0, fp16_scale_window=None, keep_best_checkpoints=-1, keep_interval_updates=-1, keep_last_epochs=10, load_from_ema=False, log_format='simple', log_interval=50, loss='docking_pose_v2', lr=[1e-05], lr_scheduler='polynomial_decay', masked_coord_loss=-1.0, masked_dist_loss=-1.0, masked_token_loss=-1.0, max_epoch=10, max_pocket_atoms=256, max_seq_len=512, max_update=0, max_valid_steps=None, maximize_best_checkpoint_metric=False, min_loss_scale=0.0001, mol=Namespace(activation_dropout=0.0, activation_fn='gelu', attention_dropout=0.1, delta_pair_repr_norm_loss=-1.0, dropout=0.1, emb_dropout=0.1, encoder_attention_heads=64, encoder_embed_dim=512, encoder_ffn_embed_dim=2048, encoder_layers=15, masked_coord_loss=-1.0, masked_dist_loss=-1.0, masked_token_loss=-1.0, max_seq_len=512, pooler_activation_fn='tanh', pooler_dropout=0.2, post_ln=False, x_norm_loss=-1.0), mol_pooler_dropout=0.2, no_epoch_checkpoints=False, no_last_checkpoints=False, no_progress_bar=False, no_save=False, no_save_optimizer_state=False, no_seed_provided=False, nprocs_per_node=1, num_workers=0, optimizer='adam', optimizer_overrides='{}', patience=-1, per_sample_clip_norm=0, pocket=Namespace(activation_dropout=0.0, activation_fn='gelu', attention_dropout=0.1, delta_pair_repr_norm_loss=-1.0, dropout=0.1, emb_dropout=0.1, encoder_attention_heads=64, encoder_embed_dim=512, encoder_ffn_embed_dim=2048, encoder_layers=15, masked_coord_loss=-1.0, masked_dist_loss=-1.0, masked_token_loss=-1.0, max_seq_len=512, pooler_activation_fn='tanh', pooler_dropout=0.2, post_ln=False, x_norm_loss=-1.0), pocket_pooler_dropout=0.2, pooler_activation_fn='tanh', pooler_dropout=0.0, post_ln=False, power=1.0, profile=False, recycling=4, required_batch_size_multiple=1, reset_dataloader=False, reset_lr_scheduler=False, reset_meters=False, reset_optimizer=False, restore_file='checkpoint_last.pt', save_dir='/home/bdldt_team007/DLDockingBenchSeminar/run4/checkpoints', save_interval=1, save_interval_updates=500, seed=42, skip_invalid_size_inputs_valid_test=True, stop_min_lr=-1, stop_time_hours=0, suppress_crashes=False, task='docking_pose_v2', tensorboard_logdir='', threshold_loss_scale=None, tmp_save_dir='./', total_num_update=29310, train_subset='train', update_freq=[1], user_dir='/home/bdldt_team007/DLDockingBenchSeminar/unimol/unimol_docking_v2/unimol', valid_subset='valid', validate_after_updates=0, validate_interval=1, validate_interval_updates=0, validate_with_ema=False, wandb_name='', wandb_project='', warmup_ratio=-1.0, warmup_updates=1758, weight_decay=0.0, x_norm_loss=-1.0)
2026-06-28 18:09:21 | INFO | unimol.tasks.docking_pose_v2 | ligand dictionary: 30 types
2026-06-28 18:09:21 | INFO | unimol.tasks.docking_pose_v2 | pocket dictionary: 9 types
load pretrain model weight from... /home/bdldt_team007/DLDockingBenchSeminar/run4/weights/mol_pre_no_h_220816.pt
load pretrain model weight from... /home/bdldt_team007/DLDockingBenchSeminar/run4/weights/pocket_pre_220816.pt
2026-06-28 18:09:23 | INFO | unicore_cli.train | DockingPoseV2Model(
  (mol_model): UniMolModel(
    (embed_tokens): Embedding(31, 512, padding_idx=0)
    (encoder): TransformerEncoderWithPair(
      (emb_layer_norm): LayerNorm(torch.Size([512]), eps=1e-05, elementwise_affine=True)
      (final_layer_norm): LayerNorm(torch.Size([512]), eps=1e-05, elementwise_affine=True)
      (layers): ModuleList(
        (0): TransformerEncoderLayer(
          (self_attn): SelfMultiheadAttention(
            (in_proj): Linear(in_features=512, out_features=1536, bias=True)
            (out_proj): Linear(in_features=512, out_features=512, bias=True)
          )
          (self_attn_layer_norm): LayerNorm(torch.Size([512]), eps=1e-05, elementwise_affine=True)
          (fc1): Linear(in_features=512, out_features=2048, bias=True)
          (fc2): Linear(in_features=2048, out_features=512, bias=True)
          (final_layer_norm): LayerNorm(torch.Size([512]), eps=1e-05, elementwise_affine=True)
        )
        (1): TransformerEncoderLayer(
          (self_attn): SelfMultiheadAttention(
            (in_proj): Linear(in_features=512, out_features=1536, bias=True)
            (out_proj): Linear(in_features=512, out_features=512, bias=True)
          )
          (self_attn_layer_norm): LayerNorm(torch.Size([512]), eps=1e-05, elementwise_affine=True)
          (fc1): Linear(in_features=512, out_features=2048, bias=True)
          (fc2): Linear(in_features=2048, out_features=512, bias=True)
          (final_layer_norm): LayerNorm(torch.Size([512]), eps=1e-05, elementwise_affine=True)
        )
        (2): TransformerEncoderLayer(
          (self_attn): SelfMultiheadAttention(
            (in_proj): Linear(in_features=512, out_features=1536, bias=True)
            (out_proj): Linear(in_features=512, out_features=512, bias=True)
          )
          (self_attn_layer_norm): LayerNorm(torch.Size([512]), eps=1e-05, elementwise_affine=True)
          (fc1): Linear(in_features=512, out_features=2048, bias=True)
          (fc2): Linear(in_features=2048, out_features=512, bias=True)
          (final_layer_norm): LayerNorm(torch.Size([512]), eps=1e-05, elementwise_affine=True)
        )
        (3): TransformerEncoderLayer(
          (self_attn): SelfMultiheadAttention(
            (in_proj): Linear(in_features=512, out_features=1536, bias=True)
            (out_proj): Linear(in_features=512, out_features=512, bias=True)
          )
          (self_attn_layer_norm): LayerNorm(torch.Size([512]), eps=1e-05, elementwise_affine=True)
          (fc1): Linear(in_features=512, out_features=2048, bias=True)
          (fc2): Linear(in_features=2048, out_features=512, bias=True)
          (final_layer_norm): LayerNorm(torch.Size([512]), eps=1e-05, elementwise_affine=True)
        )
        (4): TransformerEncoderLayer(
          (self_attn): SelfMultiheadAttention(
            (in_proj): Linear(in_features=512, out_features=1536, bias=True)
            (out_proj): Linear(in_features=512, out_features=512, bias=True)
          )
          (self_attn_layer_norm): LayerNorm(torch.Size([512]), eps=1e-05, elementwise_affine=True)
          (fc1): Linear(in_features=512, out_features=2048, bias=True)
          (fc2): Linear(in_features=2048, out_features=512, bias=True)
          (final_layer_norm): LayerNorm(torch.Size([512]), eps=1e-05, elementwise_affine=True)
        )
        (5): TransformerEncoderLayer(
          (self_attn): SelfMultiheadAttention(
            (in_proj): Linear(in_features=512, out_features=1536, bias=True)
            (out_proj): Linear(in_features=512, out_features=512, bias=True)
          )
          (self_attn_layer_norm): LayerNorm(torch.Size([512]), eps=1e-05, elementwise_affine=True)
          (fc1): Linear(in_features=512, out_features=2048, bias=True)
          (fc2): Linear(in_features=2048, out_features=512, bias=True)
          (final_layer_norm): LayerNorm(torch.Size([512]), eps=1e-05, elementwise_affine=True)
        )
        (6): TransformerEncoderLayer(
          (self_attn): SelfMultiheadAttention(
            (in_proj): Linear(in_features=512, out_features=1536, bias=True)
            (out_proj): Linear(in_features=512, out_features=512, bias=True)
          )
          (self_attn_layer_norm): LayerNorm(torch.Size([512]), eps=1e-05, elementwise_affine=True)
          (fc1): Linear(in_features=512, out_features=2048, bias=True)
          (fc2): Linear(in_features=2048, out_features=512, bias=True)
          (final_layer_norm): LayerNorm(torch.Size([512]), eps=1e-05, elementwise_affine=True)
        )
        (7): TransformerEncoderLayer(
          (self_attn): SelfMultiheadAttention(
            (in_proj): Linear(in_features=512, out_features=1536, bias=True)
            (out_proj): Linear(in_features=512, out_features=512, bias=True)
          )
          (self_attn_layer_norm): LayerNorm(torch.Size([512]), eps=1e-05, elementwise_affine=True)
          (fc1): Linear(in_features=512, out_features=2048, bias=True)
          (fc2): Linear(in_features=2048, out_features=512, bias=True)
          (final_layer_norm): LayerNorm(torch.Size([512]), eps=1e-05, elementwise_affine=True)
        )
        (8): TransformerEncoderLayer(
          (self_attn): SelfMultiheadAttention(
            (in_proj): Linear(in_features=512, out_features=1536, bias=True)
            (out_proj): Linear(in_features=512, out_features=512, bias=True)
          )
          (self_attn_layer_norm): LayerNorm(torch.Size([512]), eps=1e-05, elementwise_affine=True)
          (fc1): Linear(in_features=512, out_features=2048, bias=True)
          (fc2): Linear(in_features=2048, out_features=512, bias=True)
          (final_layer_norm): LayerNorm(torch.Size([512]), eps=1e-05, elementwise_affine=True)
        )
        (9): TransformerEncoderLayer(
          (self_attn): SelfMultiheadAttention(
            (in_proj): Linear(in_features=512, out_features=1536, bias=True)
            (out_proj): Linear(in_features=512, out_features=512, bias=True)
          )
          (self_attn_layer_norm): LayerNorm(torch.Size([512]), eps=1e-05, elementwise_affine=True)
          (fc1): Linear(in_features=512, out_features=2048, bias=True)
          (fc2): Linear(in_features=2048, out_features=512, bias=True)
          (final_layer_norm): LayerNorm(torch.Size([512]), eps=1e-05, elementwise_affine=True)
        )
        (10): TransformerEncoderLayer(
          (self_attn): SelfMultiheadAttention(
            (in_proj): Linear(in_features=512, out_features=1536, bias=True)
            (out_proj): Linear(in_features=512, out_features=512, bias=True)
          )
          (self_attn_layer_norm): LayerNorm(torch.Size([512]), eps=1e-05, elementwise_affine=True)
          (fc1): Linear(in_features=512, out_features=2048, bias=True)
          (fc2): Linear(in_features=2048, out_features=512, bias=True)
          (final_layer_norm): LayerNorm(torch.Size([512]), eps=1e-05, elementwise_affine=True)
        )
        (11): TransformerEncoderLayer(
          (self_attn): SelfMultiheadAttention(
            (in_proj): Linear(in_features=512, out_features=1536, bias=True)
            (out_proj): Linear(in_features=512, out_features=512, bias=True)
          )
          (self_attn_layer_norm): LayerNorm(torch.Size([512]), eps=1e-05, elementwise_affine=True)
          (fc1): Linear(in_features=512, out_features=2048, bias=True)
          (fc2): Linear(in_features=2048, out_features=512, bias=True)
          (final_layer_norm): LayerNorm(torch.Size([512]), eps=1e-05, elementwise_affine=True)
        )
        (12): TransformerEncoderLayer(
          (self_attn): SelfMultiheadAttention(
            (in_proj): Linear(in_features=512, out_features=1536, bias=True)
            (out_proj): Linear(in_features=512, out_features=512, bias=True)
          )
          (self_attn_layer_norm): LayerNorm(torch.Size([512]), eps=1e-05, elementwise_affine=True)
          (fc1): Linear(in_features=512, out_features=2048, bias=True)
          (fc2): Linear(in_features=2048, out_features=512, bias=True)
          (final_layer_norm): LayerNorm(torch.Size([512]), eps=1e-05, elementwise_affine=True)
        )
        (13): TransformerEncoderLayer(
          (self_attn): SelfMultiheadAttention(
            (in_proj): Linear(in_features=512, out_features=1536, bias=True)
            (out_proj): Linear(in_features=512, out_features=512, bias=True)
          )
          (self_attn_layer_norm): LayerNorm(torch.Size([512]), eps=1e-05, elementwise_affine=True)
          (fc1): Linear(in_features=512, out_features=2048, bias=True)
          (fc2): Linear(in_features=2048, out_features=512, bias=True)
          (final_layer_norm): LayerNorm(torch.Size([512]), eps=1e-05, elementwise_affine=True)
        )
        (14): TransformerEncoderLayer(
          (self_attn): SelfMultiheadAttention(
            (in_proj): Linear(in_features=512, out_features=1536, bias=True)
            (out_proj): Linear(in_features=512, out_features=512, bias=True)
          )
          (self_attn_layer_norm): LayerNorm(torch.Size([512]), eps=1e-05, elementwise_affine=True)
          (fc1): Linear(in_features=512, out_features=2048, bias=True)
          (fc2): Linear(in_features=2048, out_features=512, bias=True)
          (final_layer_norm): LayerNorm(torch.Size([512]), eps=1e-05, elementwise_affine=True)
        )
      )
    )
    (gbf_proj): NonLinearHead(
      (linear1): Linear(in_features=128, out_features=128, bias=True)
      (linear2): Linear(in_features=128, out_features=64, bias=True)
    )
    (gbf): GaussianLayer(
      (means): Embedding(1, 128)
      (stds): Embedding(1, 128)
      (mul): Embedding(961, 1)
      (bias): Embedding(961, 1)
    )
    (classification_heads): ModuleDict()
  )
  (pocket_model): UniMolModel(
    (embed_tokens): Embedding(10, 512, padding_idx=0)
    (encoder): TransformerEncoderWithPair(
      (emb_layer_norm): LayerNorm(torch.Size([512]), eps=1e-05, elementwise_affine=True)
      (final_layer_norm): LayerNorm(torch.Size([512]), eps=1e-05, elementwise_affine=True)
      (layers): ModuleList(
        (0): TransformerEncoderLayer(
          (self_attn): SelfMultiheadAttention(
            (in_proj): Linear(in_features=512, out_features=1536, bias=True)
            (out_proj): Linear(in_features=512, out_features=512, bias=True)
          )
          (self_attn_layer_norm): LayerNorm(torch.Size([512]), eps=1e-05, elementwise_affine=True)
          (fc1): Linear(in_features=512, out_features=2048, bias=True)
          (fc2): Linear(in_features=2048, out_features=512, bias=True)
          (final_layer_norm): LayerNorm(torch.Size([512]), eps=1e-05, elementwise_affine=True)
        )
        (1): TransformerEncoderLayer(
          (self_attn): SelfMultiheadAttention(
            (in_proj): Linear(in_features=512, out_features=1536, bias=True)
            (out_proj): Linear(in_features=512, out_features=512, bias=True)
          )
          (self_attn_layer_norm): LayerNorm(torch.Size([512]), eps=1e-05, elementwise_affine=True)
          (fc1): Linear(in_features=512, out_features=2048, bias=True)
          (fc2): Linear(in_features=2048, out_features=512, bias=True)
          (final_layer_norm): LayerNorm(torch.Size([512]), eps=1e-05, elementwise_affine=True)
        )
        (2): TransformerEncoderLayer(
          (self_attn): SelfMultiheadAttention(
            (in_proj): Linear(in_features=512, out_features=1536, bias=True)
            (out_proj): Linear(in_features=512, out_features=512, bias=True)
          )
          (self_attn_layer_norm): LayerNorm(torch.Size([512]), eps=1e-05, elementwise_affine=True)
          (fc1): Linear(in_features=512, out_features=2048, bias=True)
          (fc2): Linear(in_features=2048, out_features=512, bias=True)
          (final_layer_norm): LayerNorm(torch.Size([512]), eps=1e-05, elementwise_affine=True)
        )
        (3): TransformerEncoderLayer(
          (self_attn): SelfMultiheadAttention(
            (in_proj): Linear(in_features=512, out_features=1536, bias=True)
            (out_proj): Linear(in_features=512, out_features=512, bias=True)
          )
          (self_attn_layer_norm): LayerNorm(torch.Size([512]), eps=1e-05, elementwise_affine=True)
          (fc1): Linear(in_features=512, out_features=2048, bias=True)
          (fc2): Linear(in_features=2048, out_features=512, bias=True)
          (final_layer_norm): LayerNorm(torch.Size([512]), eps=1e-05, elementwise_affine=True)
        )
        (4): TransformerEncoderLayer(
          (self_attn): SelfMultiheadAttention(
            (in_proj): Linear(in_features=512, out_features=1536, bias=True)
            (out_proj): Linear(in_features=512, out_features=512, bias=True)
          )
          (self_attn_layer_norm): LayerNorm(torch.Size([512]), eps=1e-05, elementwise_affine=True)
          (fc1): Linear(in_features=512, out_features=2048, bias=True)
          (fc2): Linear(in_features=2048, out_features=512, bias=True)
          (final_layer_norm): LayerNorm(torch.Size([512]), eps=1e-05, elementwise_affine=True)
        )
        (5): TransformerEncoderLayer(
          (self_attn): SelfMultiheadAttention(
            (in_proj): Linear(in_features=512, out_features=1536, bias=True)
            (out_proj): Linear(in_features=512, out_features=512, bias=True)
          )
          (self_attn_layer_norm): LayerNorm(torch.Size([512]), eps=1e-05, elementwise_affine=True)
          (fc1): Linear(in_features=512, out_features=2048, bias=True)
          (fc2): Linear(in_features=2048, out_features=512, bias=True)
          (final_layer_norm): LayerNorm(torch.Size([512]), eps=1e-05, elementwise_affine=True)
        )
        (6): TransformerEncoderLayer(
          (self_attn): SelfMultiheadAttention(
            (in_proj): Linear(in_features=512, out_features=1536, bias=True)
            (out_proj): Linear(in_features=512, out_features=512, bias=True)
          )
          (self_attn_layer_norm): LayerNorm(torch.Size([512]), eps=1e-05, elementwise_affine=True)
          (fc1): Linear(in_features=512, out_features=2048, bias=True)
          (fc2): Linear(in_features=2048, out_features=512, bias=True)
          (final_layer_norm): LayerNorm(torch.Size([512]), eps=1e-05, elementwise_affine=True)
        )
        (7): TransformerEncoderLayer(
          (self_attn): SelfMultiheadAttention(
            (in_proj): Linear(in_features=512, out_features=1536, bias=True)
            (out_proj): Linear(in_features=512, out_features=512, bias=True)
          )
          (self_attn_layer_norm): LayerNorm(torch.Size([512]), eps=1e-05, elementwise_affine=True)
          (fc1): Linear(in_features=512, out_features=2048, bias=True)
          (fc2): Linear(in_features=2048, out_features=512, bias=True)
          (final_layer_norm): LayerNorm(torch.Size([512]), eps=1e-05, elementwise_affine=True)
        )
        (8): TransformerEncoderLayer(
          (self_attn): SelfMultiheadAttention(
            (in_proj): Linear(in_features=512, out_features=1536, bias=True)
            (out_proj): Linear(in_features=512, out_features=512, bias=True)
          )
          (self_attn_layer_norm): LayerNorm(torch.Size([512]), eps=1e-05, elementwise_affine=True)
          (fc1): Linear(in_features=512, out_features=2048, bias=True)
          (fc2): Linear(in_features=2048, out_features=512, bias=True)
          (final_layer_norm): LayerNorm(torch.Size([512]), eps=1e-05, elementwise_affine=True)
        )
        (9): TransformerEncoderLayer(
          (self_attn): SelfMultiheadAttention(
            (in_proj): Linear(in_features=512, out_features=1536, bias=True)
            (out_proj): Linear(in_features=512, out_features=512, bias=True)
          )
          (self_attn_layer_norm): LayerNorm(torch.Size([512]), eps=1e-05, elementwise_affine=True)
          (fc1): Linear(in_features=512, out_features=2048, bias=True)
          (fc2): Linear(in_features=2048, out_features=512, bias=True)
          (final_layer_norm): LayerNorm(torch.Size([512]), eps=1e-05, elementwise_affine=True)
        )
        (10): TransformerEncoderLayer(
          (self_attn): SelfMultiheadAttention(
            (in_proj): Linear(in_features=512, out_features=1536, bias=True)
            (out_proj): Linear(in_features=512, out_features=512, bias=True)
          )
          (self_attn_layer_norm): LayerNorm(torch.Size([512]), eps=1e-05, elementwise_affine=True)
          (fc1): Linear(in_features=512, out_features=2048, bias=True)
          (fc2): Linear(in_features=2048, out_features=512, bias=True)
          (final_layer_norm): LayerNorm(torch.Size([512]), eps=1e-05, elementwise_affine=True)
        )
        (11): TransformerEncoderLayer(
          (self_attn): SelfMultiheadAttention(
            (in_proj): Linear(in_features=512, out_features=1536, bias=True)
            (out_proj): Linear(in_features=512, out_features=512, bias=True)
          )
          (self_attn_layer_norm): LayerNorm(torch.Size([512]), eps=1e-05, elementwise_affine=True)
          (fc1): Linear(in_features=512, out_features=2048, bias=True)
          (fc2): Linear(in_features=2048, out_features=512, bias=True)
          (final_layer_norm): LayerNorm(torch.Size([512]), eps=1e-05, elementwise_affine=True)
        )
        (12): TransformerEncoderLayer(
          (self_attn): SelfMultiheadAttention(
            (in_proj): Linear(in_features=512, out_features=1536, bias=True)
            (out_proj): Linear(in_features=512, out_features=512, bias=True)
          )
          (self_attn_layer_norm): LayerNorm(torch.Size([512]), eps=1e-05, elementwise_affine=True)
          (fc1): Linear(in_features=512, out_features=2048, bias=True)
          (fc2): Linear(in_features=2048, out_features=512, bias=True)
          (final_layer_norm): LayerNorm(torch.Size([512]), eps=1e-05, elementwise_affine=True)
        )
        (13): TransformerEncoderLayer(
          (self_attn): SelfMultiheadAttention(
            (in_proj): Linear(in_features=512, out_features=1536, bias=True)
            (out_proj): Linear(in_features=512, out_features=512, bias=True)
          )
          (self_attn_layer_norm): LayerNorm(torch.Size([512]), eps=1e-05, elementwise_affine=True)
          (fc1): Linear(in_features=512, out_features=2048, bias=True)
          (fc2): Linear(in_features=2048, out_features=512, bias=True)
          (final_layer_norm): LayerNorm(torch.Size([512]), eps=1e-05, elementwise_affine=True)
        )
        (14): TransformerEncoderLayer(
          (self_attn): SelfMultiheadAttention(
            (in_proj): Linear(in_features=512, out_features=1536, bias=True)
            (out_proj): Linear(in_features=512, out_features=512, bias=True)
          )
          (self_attn_layer_norm): LayerNorm(torch.Size([512]), eps=1e-05, elementwise_affine=True)
          (fc1): Linear(in_features=512, out_features=2048, bias=True)
          (fc2): Linear(in_features=2048, out_features=512, bias=True)
          (final_layer_norm): LayerNorm(torch.Size([512]), eps=1e-05, elementwise_affine=True)
        )
      )
    )
    (gbf_proj): NonLinearHead(
      (linear1): Linear(in_features=128, out_features=128, bias=True)
      (linear2): Linear(in_features=128, out_features=64, bias=True)
    )
    (gbf): GaussianLayer(
      (means): Embedding(1, 128)
      (stds): Embedding(1, 128)
      (mul): Embedding(100, 1)
      (bias): Embedding(100, 1)
    )
    (classification_heads): ModuleDict()
  )
  (concat_decoder): TransformerEncoderWithPair(
    (emb_layer_norm): LayerNorm(torch.Size([512]), eps=1e-05, elementwise_affine=True)
    (final_layer_norm): LayerNorm(torch.Size([512]), eps=1e-05, elementwise_affine=True)
    (final_head_layer_norm): LayerNorm(torch.Size([64]), eps=1e-05, elementwise_affine=True)
    (layers): ModuleList(
      (0): TransformerEncoderLayer(
        (self_attn): SelfMultiheadAttention(
          (in_proj): Linear(in_features=512, out_features=1536, bias=True)
          (out_proj): Linear(in_features=512, out_features=512, bias=True)
        )
        (self_attn_layer_norm): LayerNorm(torch.Size([512]), eps=1e-05, elementwise_affine=True)
        (fc1): Linear(in_features=512, out_features=2048, bias=True)
        (fc2): Linear(in_features=2048, out_features=512, bias=True)
        (final_layer_norm): LayerNorm(torch.Size([512]), eps=1e-05, elementwise_affine=True)
      )
      (1): TransformerEncoderLayer(
        (self_attn): SelfMultiheadAttention(
          (in_proj): Linear(in_features=512, out_features=1536, bias=True)
          (out_proj): Linear(in_features=512, out_features=512, bias=True)
        )
        (self_attn_layer_norm): LayerNorm(torch.Size([512]), eps=1e-05, elementwise_affine=True)
        (fc1): Linear(in_features=512, out_features=2048, bias=True)
        (fc2): Linear(in_features=2048, out_features=512, bias=True)
        (final_layer_norm): LayerNorm(torch.Size([512]), eps=1e-05, elementwise_affine=True)
      )
      (2): TransformerEncoderLayer(
        (self_attn): SelfMultiheadAttention(
          (in_proj): Linear(in_features=512, out_features=1536, bias=True)
          (out_proj): Linear(in_features=512, out_features=512, bias=True)
        )
        (self_attn_layer_norm): LayerNorm(torch.Size([512]), eps=1e-05, elementwise_affine=True)
        (fc1): Linear(in_features=512, out_features=2048, bias=True)
        (fc2): Linear(in_features=2048, out_features=512, bias=True)
        (final_layer_norm): LayerNorm(torch.Size([512]), eps=1e-05, elementwise_affine=True)
      )
      (3): TransformerEncoderLayer(
        (self_attn): SelfMultiheadAttention(
          (in_proj): Linear(in_features=512, out_features=1536, bias=True)
          (out_proj): Linear(in_features=512, out_features=512, bias=True)
        )
        (self_attn_layer_norm): LayerNorm(torch.Size([512]), eps=1e-05, elementwise_affine=True)
        (fc1): Linear(in_features=512, out_features=2048, bias=True)
        (fc2): Linear(in_features=2048, out_features=512, bias=True)
        (final_layer_norm): LayerNorm(torch.Size([512]), eps=1e-05, elementwise_affine=True)
      )
    )
  )
  (cross_distance_project): NonLinearHead(
    (linear1): Linear(in_features=1088, out_features=1088, bias=True)
    (linear2): Linear(in_features=1088, out_features=1, bias=True)
  )
  (holo_distance_project): DistanceHead(
    (dense): Linear(in_features=576, out_features=576, bias=True)
    (layer_norm): LayerNorm((576,), eps=1e-05, elementwise_affine=True)
    (out_proj): Linear(in_features=576, out_features=1, bias=True)
  )
  (concat_gbf): GaussianLayer(
    (means): Embedding(1, 128)
    (stds): Embedding(1, 128)
    (mul): Embedding(1681, 1)
    (bias): Embedding(1681, 1)
  )
  (concat_gbf_proj): NonLinearHead(
    (linear1): Linear(in_features=128, out_features=128, bias=True)
    (linear2): Linear(in_features=128, out_features=64, bias=True)
  )
  (coord_decoder): TransformerEncoderWithPair(
    (emb_layer_norm): LayerNorm(torch.Size([512]), eps=1e-05, elementwise_affine=True)
    (final_layer_norm): LayerNorm(torch.Size([512]), eps=1e-05, elementwise_affine=True)
    (final_head_layer_norm): LayerNorm(torch.Size([64]), eps=1e-05, elementwise_affine=True)
    (layers): ModuleList(
      (0): TransformerEncoderLayer(
        (self_attn): SelfMultiheadAttention(
          (in_proj): Linear(in_features=512, out_features=1536, bias=True)
          (out_proj): Linear(in_features=512, out_features=512, bias=True)
        )
        (self_attn_layer_norm): LayerNorm(torch.Size([512]), eps=1e-05, elementwise_affine=True)
        (fc1): Linear(in_features=512, out_features=2048, bias=True)
        (fc2): Linear(in_features=2048, out_features=512, bias=True)
        (final_layer_norm): LayerNorm(torch.Size([512]), eps=1e-05, elementwise_affine=True)
      )
      (1): TransformerEncoderLayer(
        (self_attn): SelfMultiheadAttention(
          (in_proj): Linear(in_features=512, out_features=1536, bias=True)
          (out_proj): Linear(in_features=512, out_features=512, bias=True)
        )
        (self_attn_layer_norm): LayerNorm(torch.Size([512]), eps=1e-05, elementwise_affine=True)
        (fc1): Linear(in_features=512, out_features=2048, bias=True)
        (fc2): Linear(in_features=2048, out_features=512, bias=True)
        (final_layer_norm): LayerNorm(torch.Size([512]), eps=1e-05, elementwise_affine=True)
      )
      (2): TransformerEncoderLayer(
        (self_attn): SelfMultiheadAttention(
          (in_proj): Linear(in_features=512, out_features=1536, bias=True)
          (out_proj): Linear(in_features=512, out_features=512, bias=True)
        )
        (self_attn_layer_norm): LayerNorm(torch.Size([512]), eps=1e-05, elementwise_affine=True)
        (fc1): Linear(in_features=512, out_features=2048, bias=True)
        (fc2): Linear(in_features=2048, out_features=512, bias=True)
        (final_layer_norm): LayerNorm(torch.Size([512]), eps=1e-05, elementwise_affine=True)
      )
      (3): TransformerEncoderLayer(
        (self_attn): SelfMultiheadAttention(
          (in_proj): Linear(in_features=512, out_features=1536, bias=True)
          (out_proj): Linear(in_features=512, out_features=512, bias=True)
        )
        (self_attn_layer_norm): LayerNorm(torch.Size([512]), eps=1e-05, elementwise_affine=True)
        (fc1): Linear(in_features=512, out_features=2048, bias=True)
        (fc2): Linear(in_features=2048, out_features=512, bias=True)
        (final_layer_norm): LayerNorm(torch.Size([512]), eps=1e-05, elementwise_affine=True)
      )
    )
  )
  (coord_delta_project): NonLinearHead(
    (linear1): Linear(in_features=64, out_features=64, bias=True)
    (linear2): Linear(in_features=64, out_features=1, bias=True)
  )
  (prmsd_project): NonLinearHead(
    (linear1): Linear(in_features=512, out_features=512, bias=True)
    (linear2): Linear(in_features=512, out_features=32, bias=True)
  )
)
2026-06-28 18:09:23 | INFO | unicore_cli.train | task: DockingPoseV2
2026-06-28 18:09:23 | INFO | unicore_cli.train | model: DockingPoseV2Model
2026-06-28 18:09:23 | INFO | unicore_cli.train | loss: DockingPosseV2Loss
2026-06-28 18:09:23 | INFO | unicore_cli.train | num. model params: 121,703,887 (num. trained: 121,703,887)
2026-06-28 18:09:25 | INFO | unicore.utils | ***********************CUDA enviroments for all 1 workers***********************
2026-06-28 18:09:25 | INFO | unicore.utils | rank   0: capabilities =  8.0  ; total memory = 39.495 GB ; name = NVIDIA A100-PCIE-40GB                   
2026-06-28 18:09:25 | INFO | unicore.utils | ***********************CUDA enviroments for all 1 workers***********************
2026-06-28 18:09:25 | INFO | unicore_cli.train | training on 1 devices (GPUs)
2026-06-28 18:09:25 | INFO | unicore_cli.train | batch size per device = 8
2026-06-28 18:09:25 | INFO | unicore.trainer | Preparing to load checkpoint /home/bdldt_team007/DLDockingBenchSeminar/run4/checkpoints/checkpoint_last.pt
2026-06-28 18:09:25 | INFO | unicore.trainer | No existing checkpoint found /home/bdldt_team007/DLDockingBenchSeminar/run4/checkpoints/checkpoint_last.pt
2026-06-28 18:09:25 | INFO | unicore.trainer | loading train data for epoch 1
2026-06-28 18:09:25 | INFO | unicore.tasks.unicore_task | get EpochBatchIterator for epoch 1
2026-06-28 18:09:25 | INFO | unicore.optim.adam | using FusedAdam
2026-06-28 18:09:25 | INFO | unicore.trainer | begin training epoch 1
2026-06-28 18:09:25 | INFO | unicore_cli.train | Start iterating over samples
2026-06-28 18:09:31 | INFO | unicore.trainer | NOTE: gradient overflow detected, ignoring gradient, setting loss scale to: 64.0
2026-06-28 18:09:38 | INFO | unicore.trainer | NOTE: gradient overflow detected, ignoring gradient, setting loss scale to: 32.0
2026-06-28 18:09:55 | INFO | unicore.trainer | NOTE: gradient overflow detected, ignoring gradient, setting loss scale to: 16.0
2026-06-28 18:11:17 | INFO | unicore.trainer | NOTE: gradient overflow detected, ignoring gradient, setting loss scale to: 8.0
2026-06-28 18:11:29 | INFO | train_inner | epoch 001:     54 / 2931 loss=38.476, train_loss=38.476, cross_distance_loss=28.056, distance_loss=5.495, coord_loss=4.577, RMSD=4.577, prmsd_loss=3.466, ups=0.41, bsz=8, num_updates=50, lr=2.84414e-07, gnorm=138.483, clip=100, loss_scale=8, train_wall=123.88, gb_free=32.9, wall=124
2026-06-28 18:12:12 | INFO | unicore.trainer | NOTE: gradient overflow detected, ignoring gradient, setting loss scale to: 4.0
2026-06-28 18:14:07 | INFO | train_inner | epoch 001:    105 / 2931 loss=32.659, train_loss=32.659, cross_distance_loss=22.382, distance_loss=5.355, coord_loss=4.575, RMSD=4.575, prmsd_loss=3.469, ups=0.32, bsz=8, num_updates=100, lr=5.68828e-07, gnorm=190.988, clip=100, loss_scale=4, train_wall=157.86, gb_free=31.4, wall=282
2026-06-28 18:15:28 | INFO | train_inner | epoch 001:    155 / 2931 loss=23.119, train_loss=23.119, cross_distance_loss=13.15, distance_loss=4.893, coord_loss=4.729, RMSD=4.729, prmsd_loss=3.465, ups=0.62, bsz=8, num_updates=150, lr=8.53242e-07, gnorm=312.78, clip=100, loss_scale=4, train_wall=80.83, gb_free=30.5, wall=363
2026-06-28 18:16:57 | INFO | train_inner | epoch 001:    205 / 2931 loss=15.041, train_loss=15.041, cross_distance_loss=5.927, distance_loss=4.094, coord_loss=4.674, RMSD=4.672, prmsd_loss=3.47, ups=0.56, bsz=8, num_updates=200, lr=1.13766e-06, gnorm=141.847, clip=100, loss_scale=4, train_wall=89.01, gb_free=32.9, wall=452
2026-06-28 18:18:19 | INFO | train_inner | epoch 001:    255 / 2931 loss=9.99, train_loss=9.99, cross_distance_loss=2.083, distance_loss=2.837, coord_loss=4.723, RMSD=4.72, prmsd_loss=3.462, ups=0.61, bsz=8, num_updates=250, lr=1.42207e-06, gnorm=33.924, clip=100, loss_scale=4, train_wall=81.7, gb_free=31, wall=534
2026-06-28 18:19:13 | INFO | train_inner | epoch 001:    305 / 2931 loss=8.249, train_loss=8.249, cross_distance_loss=1.438, distance_loss=1.734, coord_loss=4.733, RMSD=4.733, prmsd_loss=3.435, ups=0.93, bsz=8, num_updates=300, lr=1.70648e-06, gnorm=21.537, clip=100, loss_scale=4, train_wall=53.89, gb_free=31.4, wall=588
2026-06-28 18:20:02 | INFO | train_inner | epoch 001:    355 / 2931 loss=7.669, train_loss=7.669, cross_distance_loss=1.417, distance_loss=1.215, coord_loss=4.697, RMSD=4.697, prmsd_loss=3.405, ups=1.01, bsz=8, num_updates=350, lr=1.9909e-06, gnorm=8.791, clip=100, loss_scale=4, train_wall=49.25, gb_free=31.1, wall=637
2026-06-28 18:20:51 | INFO | train_inner | epoch 001:    405 / 2931 loss=7.221, train_loss=7.221, cross_distance_loss=1.405, distance_loss=0.951, coord_loss=4.525, RMSD=4.525, prmsd_loss=3.388, ups=1.03, bsz=8, num_updates=400, lr=2.27531e-06, gnorm=9.177, clip=100, loss_scale=4, train_wall=48.23, gb_free=26.6, wall=686
2026-06-28 18:21:38 | INFO | train_inner | epoch 001:    455 / 2931 loss=7.311, train_loss=7.311, cross_distance_loss=1.39, distance_loss=0.935, coord_loss=4.651, RMSD=4.651, prmsd_loss=3.347, ups=1.05, bsz=8, num_updates=450, lr=2.55973e-06, gnorm=6.491, clip=100, loss_scale=4, train_wall=47.58, gb_free=32.8, wall=733
2026-06-28 18:22:24 | INFO | train_inner | epoch 001:    505 / 2931 loss=7.22, train_loss=7.22, cross_distance_loss=1.378, distance_loss=0.837, coord_loss=4.672, RMSD=4.672, prmsd_loss=3.334, ups=1.09, bsz=8, num_updates=500, lr=2.84414e-06, gnorm=6.297, clip=100, loss_scale=4, train_wall=45.92, gb_free=32.5, wall=779
2026-06-28 18:22:24 | INFO | unicore_cli.train | begin validation on "valid" subset
2026-06-28 18:22:24 | INFO | unicore.tasks.unicore_task | get EpochBatchIterator for epoch 1
2026-06-28 18:52:03 | INFO | valid | epoch 001 | valid on 'valid' subset | loss 7.347 | valid_loss 7.347 | cross_distance_loss 1.604 | distance_loss 0.716 | coord_loss 4.693 | RMSD 4.694 | prmsd_loss 3.345 | bsz 26010 | num_updates 500
2026-06-28 18:52:03 | INFO | unicore.checkpoint_utils | Preparing to save checkpoint for epoch 1 @ 500 updates
2026-06-28 18:52:03 | INFO | unicore.trainer | Saving checkpoint to ./checkpoint_1_500.pt
2026-06-28 18:52:07 | INFO | unicore.trainer | Finished saving checkpoint to ./checkpoint_1_500.pt
2026-06-28 18:52:07 | INFO | unicore.checkpoint_utils | Saved checkpoint ./checkpoint_1_500.pt (epoch 1 @ 500 updates, score 7.347) (writing took 4.148168528452516 seconds)
2026-06-28 18:52:07 | INFO | unicore.checkpoint_utils | copy ./checkpoint_1_500.pt to /home/bdldt_team007/DLDockingBenchSeminar/run4/checkpoints/checkpoint_1_500.pt
2026-06-28 18:52:12 | INFO | unicore.checkpoint_utils | copy ./checkpoint_1_500.pt to /home/bdldt_team007/DLDockingBenchSeminar/run4/checkpoints/checkpoint_best.pt
2026-06-28 18:52:14 | INFO | unicore.checkpoint_utils | copy ./checkpoint_1_500.pt to /home/bdldt_team007/DLDockingBenchSeminar/run4/checkpoints/checkpoint_last.pt
2026-06-28 18:52:17 | INFO | unicore.checkpoint_utils | removing temp file ./checkpoint_1_500.pt ...
2026-06-28 18:52:17 | INFO | unicore.checkpoint_utils | finished async ckp saving.
2026-06-28 18:52:50 | INFO | train_inner | epoch 001:    555 / 2931 loss=7.304, train_loss=7.304, cross_distance_loss=1.351, distance_loss=0.828, coord_loss=4.794, RMSD=4.794, prmsd_loss=3.313, ups=0.03, bsz=8, num_updates=550, lr=3.12856e-06, gnorm=3.416, clip=100, loss_scale=4, train_wall=43.13, gb_free=30.5, wall=2605
2026-06-28 18:53:33 | INFO | train_inner | epoch 001:    605 / 2931 loss=7.075, train_loss=7.075, cross_distance_loss=1.319, distance_loss=0.768, coord_loss=4.657, RMSD=4.657, prmsd_loss=3.309, ups=1.17, bsz=8, num_updates=600, lr=3.41297e-06, gnorm=2.856, clip=100, loss_scale=4, train_wall=42.52, gb_free=30.1, wall=2648
2026-06-28 18:54:13 | INFO | train_inner | epoch 001:    655 / 2931 loss=7.147, train_loss=7.147, cross_distance_loss=1.29, distance_loss=0.863, coord_loss=4.663, RMSD=4.663, prmsd_loss=3.298, ups=1.24, bsz=8, num_updates=650, lr=3.69738e-06, gnorm=6.166, clip=100, loss_scale=4, train_wall=40.35, gb_free=29.2, wall=2688
2026-06-28 18:54:54 | INFO | train_inner | epoch 001:    705 / 2931 loss=7.005, train_loss=7.005, cross_distance_loss=1.271, distance_loss=0.716, coord_loss=4.688, RMSD=4.688, prmsd_loss=3.297, ups=1.22, bsz=8, num_updates=700, lr=3.9818e-06, gnorm=3.778, clip=100, loss_scale=4, train_wall=41.01, gb_free=26.6, wall=2730
2026-06-28 18:55:35 | INFO | train_inner | epoch 001:    755 / 2931 loss=7.045, train_loss=7.045, cross_distance_loss=1.261, distance_loss=0.764, coord_loss=4.691, RMSD=4.691, prmsd_loss=3.284, ups=1.22, bsz=8, num_updates=750, lr=4.26621e-06, gnorm=3.533, clip=100, loss_scale=4, train_wall=40.76, gb_free=30.1, wall=2770
2026-06-28 18:56:14 | INFO | train_inner | epoch 001:    805 / 2931 loss=6.713, train_loss=6.713, cross_distance_loss=1.243, distance_loss=0.546, coord_loss=4.594, RMSD=4.594, prmsd_loss=3.305, ups=1.31, bsz=8, num_updates=800, lr=4.55063e-06, gnorm=4.166, clip=96, loss_scale=4, train_wall=38.15, gb_free=31.4, wall=2809
2026-06-28 18:56:51 | INFO | train_inner | epoch 001:    855 / 2931 loss=6.638, train_loss=6.638, cross_distance_loss=1.23, distance_loss=0.506, coord_loss=4.571, RMSD=4.57, prmsd_loss=3.306, ups=1.34, bsz=8, num_updates=850, lr=4.83504e-06, gnorm=3.38, clip=100, loss_scale=4, train_wall=37.19, gb_free=32.2, wall=2846
2026-06-28 18:57:29 | INFO | train_inner | epoch 001:    905 / 2931 loss=6.863, train_loss=6.863, cross_distance_loss=1.22, distance_loss=0.622, coord_loss=4.693, RMSD=4.693, prmsd_loss=3.286, ups=1.33, bsz=8, num_updates=900, lr=5.11945e-06, gnorm=4.863, clip=100, loss_scale=4, train_wall=37.51, gb_free=32.5, wall=2884
2026-06-28 18:58:05 | INFO | train_inner | epoch 001:    955 / 2931 loss=6.853, train_loss=6.853, cross_distance_loss=1.208, distance_loss=0.604, coord_loss=4.713, RMSD=4.713, prmsd_loss=3.272, ups=1.36, bsz=8, num_updates=950, lr=5.40387e-06, gnorm=5.005, clip=94, loss_scale=4, train_wall=36.74, gb_free=31.4, wall=2920
2026-06-28 18:58:45 | INFO | train_inner | epoch 001:   1005 / 2931 loss=6.68, train_loss=6.68, cross_distance_loss=1.197, distance_loss=0.551, coord_loss=4.602, RMSD=4.602, prmsd_loss=3.303, ups=1.26, bsz=8, num_updates=1000, lr=5.68828e-06, gnorm=4.209, clip=98, loss_scale=4, train_wall=39.51, gb_free=34.5, wall=2960
2026-06-28 18:58:45 | INFO | unicore_cli.train | begin validation on "valid" subset
2026-06-28 18:58:45 | INFO | unicore.tasks.unicore_task | get EpochBatchIterator for epoch 1
2026-06-28 19:23:03 | INFO | valid | epoch 001 | valid on 'valid' subset | loss 6.789 | valid_loss 6.789 | cross_distance_loss 1.317 | distance_loss 0.449 | coord_loss 4.693 | RMSD 4.694 | prmsd_loss 3.301 | bsz 26010 | num_updates 1000 | best_loss 6.789
2026-06-28 19:23:03 | INFO | unicore.checkpoint_utils | Preparing to save checkpoint for epoch 1 @ 1000 updates
2026-06-28 19:23:03 | INFO | unicore.trainer | Saving checkpoint to ./checkpoint_1_1000.pt
2026-06-28 19:23:07 | INFO | unicore.trainer | Finished saving checkpoint to ./checkpoint_1_1000.pt
2026-06-28 19:23:07 | INFO | unicore.checkpoint_utils | Saved checkpoint ./checkpoint_1_1000.pt (epoch 1 @ 1000 updates, score 6.789) (writing took 3.909784959629178 seconds)
2026-06-28 19:23:07 | INFO | unicore.checkpoint_utils | copy ./checkpoint_1_1000.pt to /home/bdldt_team007/DLDockingBenchSeminar/run4/checkpoints/checkpoint_1_1000.pt
2026-06-28 19:23:12 | INFO | unicore.checkpoint_utils | copy ./checkpoint_1_1000.pt to /home/bdldt_team007/DLDockingBenchSeminar/run4/checkpoints/checkpoint_best.pt
2026-06-28 19:23:14 | INFO | unicore.checkpoint_utils | copy ./checkpoint_1_1000.pt to /home/bdldt_team007/DLDockingBenchSeminar/run4/checkpoints/checkpoint_last.pt
2026-06-28 19:23:17 | INFO | unicore.checkpoint_utils | removing temp file ./checkpoint_1_1000.pt ...
2026-06-28 19:23:17 | INFO | unicore.checkpoint_utils | finished async ckp saving.
2026-06-28 19:23:52 | INFO | train_inner | epoch 001:   1055 / 2931 loss=6.754, train_loss=6.754, cross_distance_loss=1.186, distance_loss=0.595, coord_loss=4.646, RMSD=4.643, prmsd_loss=3.271, ups=0.03, bsz=8, num_updates=1050, lr=5.9727e-06, gnorm=5.355, clip=92, loss_scale=4, train_wall=44.61, gb_free=31.7, wall=4467
2026-06-28 19:24:32 | INFO | train_inner | epoch 001:   1105 / 2931 loss=6.674, train_loss=6.674, cross_distance_loss=1.17, distance_loss=0.518, coord_loss=4.66, RMSD=4.658, prmsd_loss=3.266, ups=1.25, bsz=8, num_updates=1100, lr=6.25711e-06, gnorm=2.581, clip=98, loss_scale=4, train_wall=39.75, gb_free=33.6, wall=4507
2026-06-28 19:25:24 | INFO | train_inner | epoch 001:   1155 / 2931 loss=6.725, train_loss=6.725, cross_distance_loss=1.156, distance_loss=0.599, coord_loss=4.643, RMSD=4.632, prmsd_loss=3.278, ups=0.97, bsz=8, num_updates=1150, lr=6.54152e-06, gnorm=6.838, clip=98, loss_scale=4, train_wall=51.53, gb_free=32.6, wall=4559
2026-06-28 19:26:42 | INFO | train_inner | epoch 001:   1205 / 2931 loss=6.9, train_loss=6.9, cross_distance_loss=1.147, distance_loss=0.648, coord_loss=4.781, RMSD=4.775, prmsd_loss=3.236, ups=0.64, bsz=8, num_updates=1200, lr=6.82594e-06, gnorm=9.503, clip=98, loss_scale=4, train_wall=78.18, gb_free=28.1, wall=4637
2026-06-28 19:28:28 | INFO | train_inner | epoch 001:   1255 / 2931 loss=6.699, train_loss=6.699, cross_distance_loss=1.134, distance_loss=0.556, coord_loss=4.684, RMSD=4.671, prmsd_loss=3.249, ups=0.47, bsz=8, num_updates=1250, lr=7.11035e-06, gnorm=9.753, clip=100, loss_scale=4, train_wall=106.01, gb_free=27.7, wall=4743
2026-06-28 19:30:27 | INFO | train_inner | epoch 001:   1305 / 2931 loss=6.904, train_loss=6.904, cross_distance_loss=1.129, distance_loss=0.554, coord_loss=4.9, RMSD=4.885, prmsd_loss=3.221, ups=0.42, bsz=8, num_updates=1300, lr=7.39477e-06, gnorm=4.286, clip=100, loss_scale=4, train_wall=118.91, gb_free=30.1, wall=4862
2026-06-28 19:32:42 | INFO | train_inner | epoch 001:   1355 / 2931 loss=6.979, train_loss=6.979, cross_distance_loss=1.11, distance_loss=0.566, coord_loss=4.983, RMSD=4.96, prmsd_loss=3.203, ups=0.37, bsz=8, num_updates=1350, lr=7.67918e-06, gnorm=4.29, clip=98, loss_scale=4, train_wall=135.38, gb_free=31.8, wall=4997
2026-06-28 19:35:15 | INFO | train_inner | epoch 001:   1405 / 2931 loss=7.137, train_loss=7.137, cross_distance_loss=1.099, distance_loss=0.546, coord_loss=5.174, RMSD=5.135, prmsd_loss=3.178, ups=0.33, bsz=8, num_updates=1400, lr=7.96359e-06, gnorm=6.408, clip=100, loss_scale=4, train_wall=152.66, gb_free=31.8, wall=5150
2026-06-28 19:37:41 | INFO | train_inner | epoch 001:   1455 / 2931 loss=7.56, train_loss=7.56, cross_distance_loss=1.096, distance_loss=0.568, coord_loss=5.585, RMSD=5.54, prmsd_loss=3.122, ups=0.34, bsz=8, num_updates=1450, lr=8.24801e-06, gnorm=7.346, clip=100, loss_scale=4, train_wall=145.88, gb_free=30.2, wall=5296
2026-06-28 19:40:18 | INFO | train_inner | epoch 001:   1505 / 2931 loss=7.407, train_loss=7.407, cross_distance_loss=1.096, distance_loss=0.543, coord_loss=5.457, RMSD=5.41, prmsd_loss=3.106, ups=0.32, bsz=8, num_updates=1500, lr=8.53242e-06, gnorm=15.29, clip=100, loss_scale=4, train_wall=156.31, gb_free=30.6, wall=5453
2026-06-28 19:40:18 | INFO | unicore_cli.train | begin validation on "valid" subset
2026-06-28 19:40:18 | INFO | unicore.tasks.unicore_task | get EpochBatchIterator for epoch 1
2026-06-28 22:00:36 | INFO | valid | epoch 001 | valid on 'valid' subset | loss 7.73 | valid_loss 7.73 | cross_distance_loss 1.089 | distance_loss 0.408 | coord_loss 5.932 | RMSD 5.857 | prmsd_loss 3.022 | bsz 26010 | num_updates 1500 | best_loss 6.789
2026-06-28 22:00:36 | INFO | unicore.checkpoint_utils | Preparing to save checkpoint for epoch 1 @ 1500 updates
2026-06-28 22:00:36 | INFO | unicore.trainer | Saving checkpoint to ./checkpoint_1_1500.pt
2026-06-28 22:00:40 | INFO | unicore.trainer | Finished saving checkpoint to ./checkpoint_1_1500.pt
2026-06-28 22:00:40 | INFO | unicore.checkpoint_utils | Saved checkpoint ./checkpoint_1_1500.pt (epoch 1 @ 1500 updates, score 7.73) (writing took 4.499982487410307 seconds)
2026-06-28 22:00:40 | INFO | unicore.checkpoint_utils | copy ./checkpoint_1_1500.pt to /home/bdldt_team007/DLDockingBenchSeminar/run4/checkpoints/checkpoint_1_1500.pt
2026-06-28 22:00:45 | INFO | unicore.checkpoint_utils | copy ./checkpoint_1_1500.pt to /home/bdldt_team007/DLDockingBenchSeminar/run4/checkpoints/checkpoint_last.pt
2026-06-28 22:00:48 | INFO | unicore.checkpoint_utils | removing temp file ./checkpoint_1_1500.pt ...
2026-06-28 22:00:48 | INFO | unicore.checkpoint_utils | finished async ckp saving.
2026-06-28 22:03:14 | INFO | train_inner | epoch 001:   1555 / 2931 loss=7.36, train_loss=7.36, cross_distance_loss=1.108, distance_loss=0.534, coord_loss=5.407, RMSD=5.364, prmsd_loss=3.113, ups=0.01, bsz=8, num_updates=1550, lr=8.81684e-06, gnorm=7.764, clip=100, loss_scale=4, train_wall=153.86, gb_free=28.7, wall=14029
2026-06-28 22:05:52 | INFO | train_inner | epoch 001:   1605 / 2931 loss=7.544, train_loss=7.544, cross_distance_loss=1.085, distance_loss=0.57, coord_loss=5.583, RMSD=5.529, prmsd_loss=3.068, ups=0.32, bsz=8, num_updates=1600, lr=9.10125e-06, gnorm=6.681, clip=98, loss_scale=4, train_wall=157.32, gb_free=30.1, wall=14187
2026-06-28 22:08:29 | INFO | train_inner | epoch 001:   1655 / 2931 loss=7.39, train_loss=7.39, cross_distance_loss=1.072, distance_loss=0.555, coord_loss=5.459, RMSD=5.404, prmsd_loss=3.042, ups=0.32, bsz=8, num_updates=1650, lr=9.38567e-06, gnorm=18.234, clip=100, loss_scale=4, train_wall=157.42, gb_free=29.7, wall=14344
2026-06-28 22:11:06 | INFO | train_inner | epoch 001:   1705 / 2931 loss=7.666, train_loss=7.666, cross_distance_loss=1.071, distance_loss=0.602, coord_loss=5.696, RMSD=5.648, prmsd_loss=2.968, ups=0.32, bsz=8, num_updates=1700, lr=9.67008e-06, gnorm=4.983, clip=100, loss_scale=4, train_wall=156.94, gb_free=33.2, wall=14501
2026-06-28 22:13:47 | INFO | train_inner | epoch 001:   1755 / 2931 loss=7.321, train_loss=7.321, cross_distance_loss=1.063, distance_loss=0.515, coord_loss=5.443, RMSD=5.43, prmsd_loss=2.996, ups=0.31, bsz=8, num_updates=1750, lr=9.95449e-06, gnorm=11.698, clip=100, loss_scale=4, train_wall=160.65, gb_free=33.3, wall=14662
2026-06-28 22:16:36 | INFO | train_inner | epoch 001:   1805 / 2931 loss=7.408, train_loss=7.408, cross_distance_loss=1.058, distance_loss=0.484, coord_loss=5.566, RMSD=5.563, prmsd_loss=2.997, ups=0.3, bsz=8, num_updates=1800, lr=9.98476e-06, gnorm=10.885, clip=100, loss_scale=4, train_wall=169.23, gb_free=25.5, wall=14831
2026-06-28 22:19:28 | INFO | train_inner | epoch 001:   1855 / 2931 loss=7.387, train_loss=7.387, cross_distance_loss=1.052, distance_loss=0.548, coord_loss=5.485, RMSD=5.482, prmsd_loss=3.015, ups=0.29, bsz=8, num_updates=1850, lr=9.96661e-06, gnorm=6.834, clip=100, loss_scale=4, train_wall=172.13, gb_free=33.6, wall=15004
2026-06-28 22:22:19 | INFO | train_inner | epoch 001:   1905 / 2931 loss=7.477, train_loss=7.477, cross_distance_loss=1.054, distance_loss=0.55, coord_loss=5.576, RMSD=5.573, prmsd_loss=2.977, ups=0.29, bsz=8, num_updates=1900, lr=9.94846e-06, gnorm=9.513, clip=100, loss_scale=4, train_wall=170.34, gb_free=31.8, wall=15174
2026-06-28 22:25:08 | INFO | train_inner | epoch 001:   1955 / 2931 loss=7.261, train_loss=7.261, cross_distance_loss=1.045, distance_loss=0.576, coord_loss=5.335, RMSD=5.331, prmsd_loss=3.043, ups=0.3, bsz=8, num_updates=1950, lr=9.93031e-06, gnorm=6.886, clip=100, loss_scale=4, train_wall=168.63, gb_free=30.1, wall=15343
2026-06-28 22:27:50 | INFO | train_inner | epoch 001:   2005 / 2931 loss=7.365, train_loss=7.365, cross_distance_loss=1.042, distance_loss=0.506, coord_loss=5.516, RMSD=5.514, prmsd_loss=3.02, ups=0.31, bsz=8, num_updates=2000, lr=9.91217e-06, gnorm=6.178, clip=100, loss_scale=4, train_wall=162.22, gb_free=30.9, wall=15505
2026-06-28 22:27:50 | INFO | unicore_cli.train | begin validation on "valid" subset
2026-06-28 22:27:50 | INFO | unicore.tasks.unicore_task | get EpochBatchIterator for epoch 1
2026-06-29 00:42:17 | INFO | valid | epoch 001 | valid on 'valid' subset | loss 6.918 | valid_loss 6.918 | cross_distance_loss 1.053 | distance_loss 0.377 | coord_loss 5.168 | RMSD 5.167 | prmsd_loss 3.194 | bsz 26010 | num_updates 2000 | best_loss 6.789
2026-06-29 00:42:17 | INFO | unicore.checkpoint_utils | Preparing to save checkpoint for epoch 1 @ 2000 updates
2026-06-29 00:42:17 | INFO | unicore.trainer | Saving checkpoint to ./checkpoint_1_2000.pt
2026-06-29 00:42:21 | INFO | unicore.trainer | Finished saving checkpoint to ./checkpoint_1_2000.pt
2026-06-29 00:42:21 | INFO | unicore.checkpoint_utils | Saved checkpoint ./checkpoint_1_2000.pt (epoch 1 @ 2000 updates, score 6.918) (writing took 4.0072794165462255 seconds)
2026-06-29 00:42:21 | INFO | unicore.checkpoint_utils | copy ./checkpoint_1_2000.pt to /home/bdldt_team007/DLDockingBenchSeminar/run4/checkpoints/checkpoint_1_2000.pt
2026-06-29 00:42:26 | INFO | unicore.checkpoint_utils | copy ./checkpoint_1_2000.pt to /home/bdldt_team007/DLDockingBenchSeminar/run4/checkpoints/checkpoint_last.pt
2026-06-29 00:42:28 | INFO | unicore.checkpoint_utils | removing temp file ./checkpoint_1_2000.pt ...
2026-06-29 00:42:28 | INFO | unicore.checkpoint_utils | finished async ckp saving.
2026-06-29 00:45:07 | INFO | train_inner | epoch 001:   2055 / 2931 loss=7.042, train_loss=7.042, cross_distance_loss=1.036, distance_loss=0.447, coord_loss=5.255, RMSD=5.254, prmsd_loss=3.039, ups=0.01, bsz=8, num_updates=2050, lr=9.89402e-06, gnorm=21.473, clip=100, loss_scale=4, train_wall=166.38, gb_free=28.8, wall=23742
2026-06-29 00:47:55 | INFO | train_inner | epoch 001:   2105 / 2931 loss=7.337, train_loss=7.337, cross_distance_loss=1.051, distance_loss=0.568, coord_loss=5.416, RMSD=5.414, prmsd_loss=3.007, ups=0.3, bsz=8, num_updates=2100, lr=9.87587e-06, gnorm=8.934, clip=100, loss_scale=4, train_wall=167.57, gb_free=32.5, wall=23910
2026-06-29 00:50:29 | INFO | train_inner | epoch 001:   2155 / 2931 loss=6.949, train_loss=6.949, cross_distance_loss=1.028, distance_loss=0.447, coord_loss=5.169, RMSD=5.168, prmsd_loss=3.05, ups=0.32, bsz=8, num_updates=2150, lr=9.85772e-06, gnorm=8.154, clip=100, loss_scale=4, train_wall=153.8, gb_free=33.3, wall=24064
2026-06-29 00:53:05 | INFO | train_inner | epoch 001:   2205 / 2931 loss=7.091, train_loss=7.091, cross_distance_loss=1.038, distance_loss=0.547, coord_loss=5.205, RMSD=5.205, prmsd_loss=3.008, ups=0.32, bsz=8, num_updates=2200, lr=9.83958e-06, gnorm=31.322, clip=100, loss_scale=4, train_wall=155.95, gb_free=30.1, wall=24220
2026-06-29 00:55:43 | INFO | train_inner | epoch 001:   2255 / 2931 loss=7.215, train_loss=7.215, cross_distance_loss=1.026, distance_loss=0.55, coord_loss=5.339, RMSD=5.338, prmsd_loss=2.993, ups=0.32, bsz=8, num_updates=2250, lr=9.82143e-06, gnorm=12.958, clip=100, loss_scale=4, train_wall=158.12, gb_free=30.6, wall=24378
2026-06-29 00:58:22 | INFO | train_inner | epoch 001:   2305 / 2931 loss=7.093, train_loss=7.093, cross_distance_loss=1.016, distance_loss=0.504, coord_loss=5.274, RMSD=5.273, prmsd_loss=2.988, ups=0.31, bsz=8, num_updates=2300, lr=9.80328e-06, gnorm=30.818, clip=100, loss_scale=4, train_wall=159.29, gb_free=32.5, wall=24538
2026-06-29 01:00:50 | INFO | train_inner | epoch 001:   2355 / 2931 loss=7.163, train_loss=7.163, cross_distance_loss=1.012, distance_loss=0.537, coord_loss=5.313, RMSD=5.312, prmsd_loss=2.998, ups=0.34, bsz=8, num_updates=2350, lr=9.78513e-06, gnorm=19.17, clip=100, loss_scale=4, train_wall=147.04, gb_free=31.8, wall=24685
2026-06-29 01:03:27 | INFO | train_inner | epoch 001:   2405 / 2931 loss=7.134, train_loss=7.134, cross_distance_loss=1.021, distance_loss=0.495, coord_loss=5.319, RMSD=5.318, prmsd_loss=2.995, ups=0.32, bsz=8, num_updates=2400, lr=9.76699e-06, gnorm=15.591, clip=100, loss_scale=4, train_wall=157.72, gb_free=31.8, wall=24842
2026-06-29 01:06:11 | INFO | train_inner | epoch 001:   2455 / 2931 loss=7.134, train_loss=7.134, cross_distance_loss=1.015, distance_loss=0.474, coord_loss=5.345, RMSD=5.345, prmsd_loss=3.007, ups=0.31, bsz=8, num_updates=2450, lr=9.74884e-06, gnorm=20.191, clip=100, loss_scale=4, train_wall=163.65, gb_free=28.8, wall=25006
2026-06-29 01:08:56 | INFO | train_inner | epoch 001:   2505 / 2931 loss=6.799, train_loss=6.799, cross_distance_loss=1.003, distance_loss=0.445, coord_loss=5.049, RMSD=5.048, prmsd_loss=3.023, ups=0.3, bsz=8, num_updates=2500, lr=9.73069e-06, gnorm=15.948, clip=100, loss_scale=4, train_wall=164.28, gb_free=33.6, wall=25171
2026-06-29 01:08:56 | INFO | unicore_cli.train | begin validation on "valid" subset
2026-06-29 01:08:56 | INFO | unicore.tasks.unicore_task | get EpochBatchIterator for epoch 1
2026-06-29 03:08:01 | INFO | valid | epoch 001 | valid on 'valid' subset | loss 6.672 | valid_loss 6.672 | cross_distance_loss 1.017 | distance_loss 0.415 | coord_loss 4.929 | RMSD 4.928 | prmsd_loss 3.114 | bsz 26010 | num_updates 2500 | best_loss 6.672
2026-06-29 03:08:01 | INFO | unicore.checkpoint_utils | Preparing to save checkpoint for epoch 1 @ 2500 updates
2026-06-29 03:08:01 | INFO | unicore.trainer | Saving checkpoint to ./checkpoint_1_2500.pt
2026-06-29 03:08:05 | INFO | unicore.trainer | Finished saving checkpoint to ./checkpoint_1_2500.pt
2026-06-29 03:08:05 | INFO | unicore.checkpoint_utils | Saved checkpoint ./checkpoint_1_2500.pt (epoch 1 @ 2500 updates, score 6.672) (writing took 4.226313939318061 seconds)
2026-06-29 03:08:05 | INFO | unicore.checkpoint_utils | copy ./checkpoint_1_2500.pt to /home/bdldt_team007/DLDockingBenchSeminar/run4/checkpoints/checkpoint_1_2500.pt
2026-06-29 03:08:10 | INFO | unicore.checkpoint_utils | copy ./checkpoint_1_2500.pt to /home/bdldt_team007/DLDockingBenchSeminar/run4/checkpoints/checkpoint_best.pt
2026-06-29 03:08:12 | INFO | unicore.checkpoint_utils | copy ./checkpoint_1_2500.pt to /home/bdldt_team007/DLDockingBenchSeminar/run4/checkpoints/checkpoint_last.pt
2026-06-29 03:08:15 | INFO | unicore.checkpoint_utils | removing temp file ./checkpoint_1_2500.pt ...
2026-06-29 03:08:15 | INFO | unicore.checkpoint_utils | finished async ckp saving.
2026-06-29 03:10:55 | INFO | train_inner | epoch 001:   2555 / 2931 loss=7.149, train_loss=7.149, cross_distance_loss=1.021, distance_loss=0.505, coord_loss=5.327, RMSD=5.326, prmsd_loss=2.966, ups=0.01, bsz=8, num_updates=2550, lr=9.71254e-06, gnorm=30.275, clip=100, loss_scale=4, train_wall=169.68, gb_free=29.7, wall=32490
2026-06-29 03:13:45 | INFO | train_inner | epoch 001:   2605 / 2931 loss=7.178, train_loss=7.178, cross_distance_loss=1.006, distance_loss=0.563, coord_loss=5.312, RMSD=5.311, prmsd_loss=2.967, ups=0.29, bsz=8, num_updates=2600, lr=9.6944e-06, gnorm=56.538, clip=100, loss_scale=4, train_wall=169.94, gb_free=32.2, wall=32660
2026-06-29 03:15:41 | INFO | unicore.trainer | NOTE: gradient overflow detected, ignoring gradient, setting loss scale to: 2.0
2026-06-29 03:16:37 | INFO | train_inner | epoch 001:   2656 / 2931 loss=7.139, train_loss=7.139, cross_distance_loss=1.006, distance_loss=0.607, coord_loss=5.23, RMSD=5.229, prmsd_loss=2.968, ups=0.29, bsz=8, num_updates=2650, lr=9.67625e-06, gnorm=21.334, clip=100, loss_scale=2, train_wall=171.79, gb_free=30.1, wall=32832
2026-06-29 03:19:16 | INFO | train_inner | epoch 001:   2706 / 2931 loss=7.077, train_loss=7.077, cross_distance_loss=0.993, distance_loss=0.55, coord_loss=5.237, RMSD=5.236, prmsd_loss=2.981, ups=0.31, bsz=8, num_updates=2700, lr=9.6581e-06, gnorm=22.857, clip=100, loss_scale=2, train_wall=159.03, gb_free=26.7, wall=32991
2026-06-29 03:21:56 | INFO | train_inner | epoch 001:   2756 / 2931 loss=7.298, train_loss=7.298, cross_distance_loss=1.011, distance_loss=0.612, coord_loss=5.38, RMSD=5.38, prmsd_loss=2.945, ups=0.31, bsz=8, num_updates=2750, lr=9.63995e-06, gnorm=23.091, clip=100, loss_scale=2, train_wall=159.22, gb_free=29.7, wall=33151
2026-06-29 03:24:44 | INFO | train_inner | epoch 001:   2806 / 2931 loss=7.106, train_loss=7.106, cross_distance_loss=0.986, distance_loss=0.49, coord_loss=5.329, RMSD=5.328, prmsd_loss=3.015, ups=0.3, bsz=8, num_updates=2800, lr=9.62181e-06, gnorm=27.827, clip=100, loss_scale=2, train_wall=168.63, gb_free=33.6, wall=33319
2026-06-29 03:27:32 | INFO | train_inner | epoch 001:   2856 / 2931 loss=7.278, train_loss=7.278, cross_distance_loss=0.99, distance_loss=0.49, coord_loss=5.502, RMSD=5.501, prmsd_loss=2.96, ups=0.3, bsz=8, num_updates=2850, lr=9.60366e-06, gnorm=11.128, clip=100, loss_scale=2, train_wall=167.4, gb_free=31.4, wall=33487
2026-06-29 03:30:07 | INFO | train_inner | epoch 001:   2906 / 2931 loss=7.147, train_loss=7.147, cross_distance_loss=0.995, distance_loss=0.542, coord_loss=5.314, RMSD=5.313, prmsd_loss=2.962, ups=0.32, bsz=8, num_updates=2900, lr=9.58551e-06, gnorm=17.289, clip=100, loss_scale=2, train_wall=154.5, gb_free=30.6, wall=33642
2026-06-29 03:31:24 | INFO | unicore_cli.train | begin validation on "valid" subset
2026-06-29 03:31:24 | INFO | unicore.tasks.unicore_task | get EpochBatchIterator for epoch 1
2026-06-29 05:33:37 | INFO | valid | epoch 001 | valid on 'valid' subset | loss 6.559 | valid_loss 6.559 | cross_distance_loss 1.027 | distance_loss 0.342 | coord_loss 4.888 | RMSD 4.888 | prmsd_loss 3.029 | bsz 26010 | num_updates 2925 | best_loss 6.559
2026-06-29 05:33:37 | INFO | unicore.checkpoint_utils | Preparing to save checkpoint for epoch 1 @ 2925 updates
2026-06-29 05:33:37 | INFO | unicore.trainer | Saving checkpoint to ./checkpoint1.pt
2026-06-29 05:33:41 | INFO | unicore.trainer | Finished saving checkpoint to ./checkpoint1.pt
2026-06-29 05:33:41 | INFO | unicore.checkpoint_utils | Saved checkpoint ./checkpoint1.pt (epoch 1 @ 2925 updates, score 6.559) (writing took 4.111305018886924 seconds)
2026-06-29 05:33:41 | INFO | unicore_cli.train | end of epoch 1 (average epoch stats below)
2026-06-29 05:33:41 | INFO | unicore.checkpoint_utils | copy ./checkpoint1.pt to /home/bdldt_team007/DLDockingBenchSeminar/run4/checkpoints/checkpoint1.pt
2026-06-29 05:33:41 | INFO | train | epoch 001 | loss 8.58 | train_loss 8.58 | cross_distance_loss 2.255 | distance_loss 0.954 | coord_loss 5.054 | RMSD 5.047 | prmsd_loss 3.162 | ups 0.07 | bsz 8 | num_updates 2925 | lr 9.57644e-06 | gnorm 25.621 | clip 99.5 | loss_scale 2 | train_wall 6824.31 | gb_free 32.2 | wall 41056
2026-06-29 05:33:41 | INFO | unicore.tasks.unicore_task | get EpochBatchIterator for epoch 2
2026-06-29 05:33:41 | INFO | unicore.trainer | begin training epoch 2
2026-06-29 05:33:41 | INFO | unicore_cli.train | Start iterating over samples
2026-06-29 05:33:45 | INFO | unicore.checkpoint_utils | copy ./checkpoint1.pt to /home/bdldt_team007/DLDockingBenchSeminar/run4/checkpoints/checkpoint_best.pt
2026-06-29 05:33:48 | INFO | unicore.checkpoint_utils | copy ./checkpoint1.pt to /home/bdldt_team007/DLDockingBenchSeminar/run4/checkpoints/checkpoint_last.pt
2026-06-29 05:33:51 | INFO | unicore.checkpoint_utils | removing temp file ./checkpoint1.pt ...
2026-06-29 05:33:51 | INFO | unicore.checkpoint_utils | finished async ckp saving.
2026-06-29 05:35:06 | INFO | train_inner | epoch 002:     25 / 2931 loss=6.965, train_loss=6.965, cross_distance_loss=0.986, distance_loss=0.453, coord_loss=5.224, RMSD=5.224, prmsd_loss=3.018, ups=0.01, bsz=8, num_updates=2950, lr=9.56736e-06, gnorm=44.329, clip=100, loss_scale=2, train_wall=162.19, gb_free=22.4, wall=41141
2026-06-29 05:37:44 | INFO | train_inner | epoch 002:     75 / 2931 loss=6.792, train_loss=6.792, cross_distance_loss=0.974, distance_loss=0.51, coord_loss=5.007, RMSD=5.007, prmsd_loss=3.014, ups=0.32, bsz=8, num_updates=3000, lr=9.54922e-06, gnorm=41.405, clip=100, loss_scale=2, train_wall=157.54, gb_free=30.1, wall=41299
2026-06-29 05:37:44 | INFO | unicore_cli.train | begin validation on "valid" subset
2026-06-29 05:37:44 | INFO | unicore.tasks.unicore_task | get EpochBatchIterator for epoch 1
2026-06-29 07:26:03 | INFO | valid | epoch 002 | valid on 'valid' subset | loss 6.595 | valid_loss 6.595 | cross_distance_loss 1 | distance_loss 0.383 | coord_loss 4.908 | RMSD 4.908 | prmsd_loss 3.039 | bsz 26010 | num_updates 3000 | best_loss 6.559
2026-06-29 07:26:03 | INFO | unicore.checkpoint_utils | Preparing to save checkpoint for epoch 2 @ 3000 updates
2026-06-29 07:26:03 | INFO | unicore.trainer | Saving checkpoint to ./checkpoint_2_3000.pt
2026-06-29 07:26:07 | INFO | unicore.trainer | Finished saving checkpoint to ./checkpoint_2_3000.pt
2026-06-29 07:26:07 | INFO | unicore.checkpoint_utils | Saved checkpoint ./checkpoint_2_3000.pt (epoch 2 @ 3000 updates, score 6.595) (writing took 4.225993730127811 seconds)
2026-06-29 07:26:07 | INFO | unicore.checkpoint_utils | copy ./checkpoint_2_3000.pt to /home/bdldt_team007/DLDockingBenchSeminar/run4/checkpoints/checkpoint_2_3000.pt
2026-06-29 07:26:12 | INFO | unicore.checkpoint_utils | copy ./checkpoint_2_3000.pt to /home/bdldt_team007/DLDockingBenchSeminar/run4/checkpoints/checkpoint_last.pt
2026-06-29 07:26:15 | INFO | unicore.checkpoint_utils | removing temp file ./checkpoint_2_3000.pt ...
2026-06-29 07:26:15 | INFO | unicore.checkpoint_utils | finished async ckp saving.
2026-06-29 07:28:45 | INFO | train_inner | epoch 002:    125 / 2931 loss=7.033, train_loss=7.033, cross_distance_loss=0.99, distance_loss=0.49, coord_loss=5.258, RMSD=5.258, prmsd_loss=2.954, ups=0.01, bsz=8, num_updates=3050, lr=9.53107e-06, gnorm=57.677, clip=100, loss_scale=2, train_wall=157.39, gb_free=32.9, wall=47960
2026-06-29 07:31:24 | INFO | train_inner | epoch 002:    175 / 2931 loss=6.859, train_loss=6.859, cross_distance_loss=0.99, distance_loss=0.466, coord_loss=5.104, RMSD=5.104, prmsd_loss=2.988, ups=0.31, bsz=8, num_updates=3100, lr=9.51292e-06, gnorm=23.132, clip=100, loss_scale=2, train_wall=158.67, gb_free=30.6, wall=48119
2026-06-29 07:33:49 | INFO | train_inner | epoch 002:    225 / 2931 loss=7.011, train_loss=7.011, cross_distance_loss=0.984, distance_loss=0.49, coord_loss=5.236, RMSD=5.236, prmsd_loss=3.006, ups=0.34, bsz=8, num_updates=3150, lr=9.49477e-06, gnorm=53.274, clip=100, loss_scale=2, train_wall=145.09, gb_free=32.9, wall=48264
2026-06-29 07:36:31 | INFO | train_inner | epoch 002:    275 / 2931 loss=6.889, train_loss=6.889, cross_distance_loss=0.973, distance_loss=0.473, coord_loss=5.144, RMSD=5.143, prmsd_loss=2.998, ups=0.31, bsz=8, num_updates=3200, lr=9.47663e-06, gnorm=10.801, clip=100, loss_scale=2, train_wall=161.85, gb_free=30.5, wall=48426
2026-06-29 07:39:08 | INFO | train_inner | epoch 002:    325 / 2931 loss=7.043, train_loss=7.043, cross_distance_loss=0.977, distance_loss=0.523, coord_loss=5.249, RMSD=5.248, prmsd_loss=2.944, ups=0.32, bsz=8, num_updates=3250, lr=9.45848e-06, gnorm=28.763, clip=100, loss_scale=2, train_wall=156.79, gb_free=31, wall=48583
2026-06-29 07:41:41 | INFO | train_inner | epoch 002:    375 / 2931 loss=6.739, train_loss=6.739, cross_distance_loss=0.956, distance_loss=0.437, coord_loss=5.048, RMSD=5.048, prmsd_loss=2.99, ups=0.33, bsz=8, num_updates=3300, lr=9.44033e-06, gnorm=70.89, clip=100, loss_scale=2, train_wall=152.95, gb_free=29.7, wall=48736
2026-06-29 07:44:18 | INFO | train_inner | epoch 002:    425 / 2931 loss=6.802, train_loss=6.802, cross_distance_loss=0.959, distance_loss=0.471, coord_loss=5.076, RMSD=5.075, prmsd_loss=2.955, ups=0.32, bsz=8, num_updates=3350, lr=9.42218e-06, gnorm=16.958, clip=100, loss_scale=2, train_wall=156.54, gb_free=32.5, wall=48893
2026-06-29 07:46:43 | INFO | train_inner | epoch 002:    475 / 2931 loss=6.64, train_loss=6.64, cross_distance_loss=0.974, distance_loss=0.42, coord_loss=4.947, RMSD=4.946, prmsd_loss=3.002, ups=0.34, bsz=8, num_updates=3400, lr=9.40404e-06, gnorm=39.039, clip=100, loss_scale=2, train_wall=145.04, gb_free=30.9, wall=49038
2026-06-29 07:49:17 | INFO | train_inner | epoch 002:    525 / 2931 loss=6.881, train_loss=6.881, cross_distance_loss=0.958, distance_loss=0.451, coord_loss=5.177, RMSD=5.177, prmsd_loss=2.953, ups=0.32, bsz=8, num_updates=3450, lr=9.38589e-06, gnorm=26.416, clip=100, loss_scale=2, train_wall=153.83, gb_free=30.1, wall=49192
2026-06-29 07:51:47 | INFO | train_inner | epoch 002:    575 / 2931 loss=6.881, train_loss=6.881, cross_distance_loss=0.97, distance_loss=0.536, coord_loss=5.077, RMSD=5.077, prmsd_loss=2.974, ups=0.33, bsz=8, num_updates=3500, lr=9.36774e-06, gnorm=43.142, clip=100, loss_scale=2, train_wall=150.68, gb_free=31.8, wall=49342
2026-06-29 07:51:47 | INFO | unicore_cli.train | begin validation on "valid" subset
2026-06-29 07:51:47 | INFO | unicore.tasks.unicore_task | get EpochBatchIterator for epoch 1
2026-06-29 09:42:26 | INFO | valid | epoch 002 | valid on 'valid' subset | loss 6.434 | valid_loss 6.434 | cross_distance_loss 0.948 | distance_loss 0.323 | coord_loss 4.859 | RMSD 4.859 | prmsd_loss 3.032 | bsz 26010 | num_updates 3500 | best_loss 6.434
2026-06-29 09:42:26 | INFO | unicore.checkpoint_utils | Preparing to save checkpoint for epoch 2 @ 3500 updates
2026-06-29 09:42:26 | INFO | unicore.trainer | Saving checkpoint to ./checkpoint_2_3500.pt
2026-06-29 09:42:30 | INFO | unicore.trainer | Finished saving checkpoint to ./checkpoint_2_3500.pt
2026-06-29 09:42:31 | INFO | unicore.checkpoint_utils | Saved checkpoint ./checkpoint_2_3500.pt (epoch 2 @ 3500 updates, score 6.434) (writing took 4.3498206827789545 seconds)
2026-06-29 09:42:31 | INFO | unicore.checkpoint_utils | copy ./checkpoint_2_3500.pt to /home/bdldt_team007/DLDockingBenchSeminar/run4/checkpoints/checkpoint_2_3500.pt
2026-06-29 09:42:36 | INFO | unicore.checkpoint_utils | copy ./checkpoint_2_3500.pt to /home/bdldt_team007/DLDockingBenchSeminar/run4/checkpoints/checkpoint_best.pt
2026-06-29 09:43:05 | INFO | unicore.checkpoint_utils | copy ./checkpoint_2_3500.pt to /home/bdldt_team007/DLDockingBenchSeminar/run4/checkpoints/checkpoint_last.pt
2026-06-29 09:43:08 | INFO | unicore.checkpoint_utils | removing temp file ./checkpoint_2_3500.pt ...
2026-06-29 09:43:08 | INFO | unicore.checkpoint_utils | finished async ckp saving.
2026-06-29 09:44:54 | INFO | train_inner | epoch 002:    625 / 2931 loss=6.639, train_loss=6.639, cross_distance_loss=0.943, distance_loss=0.403, coord_loss=4.994, RMSD=4.994, prmsd_loss=2.981, ups=0.01, bsz=8, num_updates=3550, lr=9.34959e-06, gnorm=10.718, clip=100, loss_scale=2, train_wall=143.78, gb_free=31.4, wall=56129
2026-06-29 09:47:18 | INFO | train_inner | epoch 002:    675 / 2931 loss=6.752, train_loss=6.752, cross_distance_loss=0.956, distance_loss=0.478, coord_loss=5.022, RMSD=5.022, prmsd_loss=2.953, ups=0.35, bsz=8, num_updates=3600, lr=9.33145e-06, gnorm=25.229, clip=100, loss_scale=2, train_wall=143.12, gb_free=31.8, wall=56273
2026-06-29 09:49:31 | INFO | train_inner | epoch 002:    725 / 2931 loss=6.742, train_loss=6.742, cross_distance_loss=0.964, distance_loss=0.471, coord_loss=5.013, RMSD=5.012, prmsd_loss=2.949, ups=0.38, bsz=8, num_updates=3650, lr=9.3133e-06, gnorm=39.276, clip=100, loss_scale=2, train_wall=132.8, gb_free=27.7, wall=56406
2026-06-29 09:52:01 | INFO | train_inner | epoch 002:    775 / 2931 loss=7.282, train_loss=7.282, cross_distance_loss=0.965, distance_loss=0.552, coord_loss=5.475, RMSD=5.475, prmsd_loss=2.891, ups=0.33, bsz=8, num_updates=3700, lr=9.29515e-06, gnorm=22.802, clip=100, loss_scale=2, train_wall=150.23, gb_free=28.8, wall=56556
2026-06-29 09:54:32 | INFO | train_inner | epoch 002:    825 / 2931 loss=7.019, train_loss=7.019, cross_distance_loss=0.968, distance_loss=0.565, coord_loss=5.194, RMSD=5.193, prmsd_loss=2.922, ups=0.33, bsz=8, num_updates=3750, lr=9.277e-06, gnorm=57.05, clip=100, loss_scale=2, train_wall=151.35, gb_free=24.8, wall=56707
2026-06-29 09:56:57 | INFO | train_inner | epoch 002:    875 / 2931 loss=7.018, train_loss=7.018, cross_distance_loss=0.957, distance_loss=0.562, coord_loss=5.209, RMSD=5.208, prmsd_loss=2.901, ups=0.35, bsz=8, num_updates=3800, lr=9.25886e-06, gnorm=46.716, clip=100, loss_scale=2, train_wall=144.39, gb_free=32.2, wall=56852
2026-06-29 09:59:28 | INFO | train_inner | epoch 002:    925 / 2931 loss=6.693, train_loss=6.693, cross_distance_loss=0.953, distance_loss=0.43, coord_loss=5.013, RMSD=5.012, prmsd_loss=2.968, ups=0.33, bsz=8, num_updates=3850, lr=9.24071e-06, gnorm=42.047, clip=100, loss_scale=2, train_wall=151.12, gb_free=28.7, wall=57003
2026-06-29 10:01:54 | INFO | train_inner | epoch 002:    975 / 2931 loss=6.605, train_loss=6.605, cross_distance_loss=0.954, distance_loss=0.444, coord_loss=4.91, RMSD=4.909, prmsd_loss=2.976, ups=0.34, bsz=8, num_updates=3900, lr=9.22256e-06, gnorm=31.904, clip=100, loss_scale=2, train_wall=146, gb_free=32.9, wall=57149
2026-06-29 10:04:02 | INFO | train_inner | epoch 002:   1025 / 2931 loss=6.829, train_loss=6.829, cross_distance_loss=0.963, distance_loss=0.436, coord_loss=5.132, RMSD=5.132, prmsd_loss=2.98, ups=0.39, bsz=8, num_updates=3950, lr=9.20441e-06, gnorm=24.884, clip=100, loss_scale=2, train_wall=128.11, gb_free=31.4, wall=57277
2026-06-29 10:06:32 | INFO | train_inner | epoch 002:   1075 / 2931 loss=6.708, train_loss=6.708, cross_distance_loss=0.944, distance_loss=0.468, coord_loss=5, RMSD=4.999, prmsd_loss=2.964, ups=0.33, bsz=8, num_updates=4000, lr=9.18627e-06, gnorm=19.832, clip=100, loss_scale=2, train_wall=149.62, gb_free=25.5, wall=57427
2026-06-29 10:06:32 | INFO | unicore_cli.train | begin validation on "valid" subset
2026-06-29 10:06:32 | INFO | unicore.tasks.unicore_task | get EpochBatchIterator for epoch 1
2026-06-29 11:35:57 | INFO | valid | epoch 002 | valid on 'valid' subset | loss 6.374 | valid_loss 6.374 | cross_distance_loss 0.937 | distance_loss 0.33 | coord_loss 4.807 | RMSD 4.806 | prmsd_loss 2.99 | bsz 26010 | num_updates 4000 | best_loss 6.374
2026-06-29 11:35:57 | INFO | unicore.checkpoint_utils | Preparing to save checkpoint for epoch 2 @ 4000 updates
2026-06-29 11:35:57 | INFO | unicore.trainer | Saving checkpoint to ./checkpoint_2_4000.pt
2026-06-29 11:36:01 | INFO | unicore.trainer | Finished saving checkpoint to ./checkpoint_2_4000.pt
2026-06-29 11:36:01 | INFO | unicore.checkpoint_utils | Saved checkpoint ./checkpoint_2_4000.pt (epoch 2 @ 4000 updates, score 6.374) (writing took 4.138185732066631 seconds)
2026-06-29 11:36:01 | INFO | unicore.checkpoint_utils | copy ./checkpoint_2_4000.pt to /home/bdldt_team007/DLDockingBenchSeminar/run4/checkpoints/checkpoint_2_4000.pt
2026-06-29 11:36:06 | INFO | unicore.checkpoint_utils | copy ./checkpoint_2_4000.pt to /home/bdldt_team007/DLDockingBenchSeminar/run4/checkpoints/checkpoint_best.pt
2026-06-29 11:36:38 | INFO | unicore.checkpoint_utils | copy ./checkpoint_2_4000.pt to /home/bdldt_team007/DLDockingBenchSeminar/run4/checkpoints/checkpoint_last.pt
2026-06-29 11:36:41 | INFO | unicore.checkpoint_utils | removing temp file ./checkpoint_2_4000.pt ...
2026-06-29 11:36:41 | INFO | unicore.checkpoint_utils | finished async ckp saving.
2026-06-29 11:38:28 | INFO | train_inner | epoch 002:   1125 / 2931 loss=6.819, train_loss=6.819, cross_distance_loss=0.948, distance_loss=0.461, coord_loss=5.117, RMSD=5.116, prmsd_loss=2.927, ups=0.01, bsz=8, num_updates=4050, lr=9.16812e-06, gnorm=47.972, clip=100, loss_scale=2, train_wall=146.85, gb_free=33.6, wall=62943
2026-06-29 11:40:47 | INFO | train_inner | epoch 002:   1175 / 2931 loss=6.802, train_loss=6.802, cross_distance_loss=0.94, distance_loss=0.4, coord_loss=5.166, RMSD=5.165, prmsd_loss=2.963, ups=0.36, bsz=8, num_updates=4100, lr=9.14997e-06, gnorm=41.981, clip=100, loss_scale=2, train_wall=138.57, gb_free=31.4, wall=63082
2026-06-29 11:43:06 | INFO | train_inner | epoch 002:   1225 / 2931 loss=6.736, train_loss=6.736, cross_distance_loss=0.93, distance_loss=0.428, coord_loss=5.08, RMSD=5.079, prmsd_loss=2.977, ups=0.36, bsz=8, num_updates=4150, lr=9.13182e-06, gnorm=30.379, clip=100, loss_scale=2, train_wall=139.24, gb_free=32.9, wall=63221
2026-06-29 11:45:35 | INFO | train_inner | epoch 002:   1275 / 2931 loss=6.876, train_loss=6.876, cross_distance_loss=0.941, distance_loss=0.512, coord_loss=5.132, RMSD=5.131, prmsd_loss=2.909, ups=0.34, bsz=8, num_updates=4200, lr=9.11368e-06, gnorm=23.947, clip=100, loss_scale=2, train_wall=148.11, gb_free=32.8, wall=63370
2026-06-29 11:48:00 | INFO | train_inner | epoch 002:   1325 / 2931 loss=6.819, train_loss=6.819, cross_distance_loss=0.938, distance_loss=0.479, coord_loss=5.109, RMSD=5.108, prmsd_loss=2.925, ups=0.34, bsz=8, num_updates=4250, lr=9.09553e-06, gnorm=15.584, clip=100, loss_scale=2, train_wall=145.5, gb_free=31.4, wall=63515
2026-06-29 11:50:19 | INFO | train_inner | epoch 002:   1375 / 2931 loss=6.681, train_loss=6.681, cross_distance_loss=0.929, distance_loss=0.508, coord_loss=4.95, RMSD=4.949, prmsd_loss=2.942, ups=0.36, bsz=8, num_updates=4300, lr=9.07738e-06, gnorm=19.793, clip=100, loss_scale=2, train_wall=138.74, gb_free=31.5, wall=63654
2026-06-29 11:52:51 | INFO | train_inner | epoch 002:   1425 / 2931 loss=6.797, train_loss=6.797, cross_distance_loss=0.942, distance_loss=0.426, coord_loss=5.132, RMSD=5.131, prmsd_loss=2.971, ups=0.33, bsz=8, num_updates=4350, lr=9.05923e-06, gnorm=34.231, clip=100, loss_scale=2, train_wall=151.75, gb_free=31.4, wall=63806
2026-06-29 11:55:13 | INFO | train_inner | epoch 002:   1475 / 2931 loss=6.651, train_loss=6.651, cross_distance_loss=0.945, distance_loss=0.416, coord_loss=4.988, RMSD=4.987, prmsd_loss=3.011, ups=0.35, bsz=8, num_updates=4400, lr=9.04109e-06, gnorm=80.95, clip=100, loss_scale=2, train_wall=141.39, gb_free=31.4, wall=63948
2026-06-29 11:57:36 | INFO | train_inner | epoch 002:   1525 / 2931 loss=6.664, train_loss=6.664, cross_distance_loss=0.933, distance_loss=0.424, coord_loss=5.013, RMSD=5.012, prmsd_loss=2.939, ups=0.35, bsz=8, num_updates=4450, lr=9.02294e-06, gnorm=19.533, clip=100, loss_scale=2, train_wall=142.93, gb_free=32.5, wall=64091
2026-06-29 11:59:59 | INFO | train_inner | epoch 002:   1575 / 2931 loss=6.515, train_loss=6.515, cross_distance_loss=0.942, distance_loss=0.448, coord_loss=4.831, RMSD=4.83, prmsd_loss=2.937, ups=0.35, bsz=8, num_updates=4500, lr=9.00479e-06, gnorm=26.892, clip=100, loss_scale=2, train_wall=143.83, gb_free=30.5, wall=64235
2026-06-29 11:59:59 | INFO | unicore_cli.train | begin validation on "valid" subset
2026-06-29 11:59:59 | INFO | unicore.tasks.unicore_task | get EpochBatchIterator for epoch 1
2026-06-29 13:55:40 | INFO | valid | epoch 002 | valid on 'valid' subset | loss 6.581 | valid_loss 6.581 | cross_distance_loss 1.045 | distance_loss 0.32 | coord_loss 4.918 | RMSD 4.915 | prmsd_loss 2.991 | bsz 26010 | num_updates 4500 | best_loss 6.374
2026-06-29 13:55:40 | INFO | unicore.checkpoint_utils | Preparing to save checkpoint for epoch 2 @ 4500 updates
2026-06-29 13:55:40 | INFO | unicore.trainer | Saving checkpoint to ./checkpoint_2_4500.pt
2026-06-29 13:55:45 | INFO | unicore.trainer | Finished saving checkpoint to ./checkpoint_2_4500.pt
2026-06-29 13:55:45 | INFO | unicore.checkpoint_utils | Saved checkpoint ./checkpoint_2_4500.pt (epoch 2 @ 4500 updates, score 6.581) (writing took 4.512717708945274 seconds)
2026-06-29 13:55:45 | INFO | unicore.checkpoint_utils | copy ./checkpoint_2_4500.pt to /home/bdldt_team007/DLDockingBenchSeminar/run4/checkpoints/checkpoint_2_4500.pt
2026-06-29 13:55:50 | INFO | unicore.checkpoint_utils | copy ./checkpoint_2_4500.pt to /home/bdldt_team007/DLDockingBenchSeminar/run4/checkpoints/checkpoint_last.pt
2026-06-29 13:55:53 | INFO | unicore.checkpoint_utils | removing temp file ./checkpoint_2_4500.pt ...
2026-06-29 13:55:53 | INFO | unicore.checkpoint_utils | finished async ckp saving.
2026-06-29 13:58:08 | INFO | train_inner | epoch 002:   1625 / 2931 loss=6.643, train_loss=6.643, cross_distance_loss=0.954, distance_loss=0.466, coord_loss=4.928, RMSD=4.927, prmsd_loss=2.947, ups=0.01, bsz=8, num_updates=4550, lr=8.98664e-06, gnorm=41.424, clip=100, loss_scale=2, train_wall=143.44, gb_free=31.8, wall=71323
2026-06-29 14:00:35 | INFO | train_inner | epoch 002:   1675 / 2931 loss=6.751, train_loss=6.751, cross_distance_loss=0.937, distance_loss=0.439, coord_loss=5.088, RMSD=5.087, prmsd_loss=2.881, ups=0.34, bsz=8, num_updates=4600, lr=8.9685e-06, gnorm=28.471, clip=100, loss_scale=2, train_wall=146.45, gb_free=26.5, wall=71470
2026-06-29 14:02:43 | INFO | train_inner | epoch 002:   1725 / 2931 loss=6.821, train_loss=6.821, cross_distance_loss=0.949, distance_loss=0.481, coord_loss=5.096, RMSD=5.095, prmsd_loss=2.94, ups=0.39, bsz=8, num_updates=4650, lr=8.95035e-06, gnorm=38.281, clip=100, loss_scale=2, train_wall=128.23, gb_free=30.1, wall=71598
2026-06-29 14:05:01 | INFO | train_inner | epoch 002:   1775 / 2931 loss=6.511, train_loss=6.511, cross_distance_loss=0.914, distance_loss=0.397, coord_loss=4.907, RMSD=4.907, prmsd_loss=2.925, ups=0.36, bsz=8, num_updates=4700, lr=8.9322e-06, gnorm=20.776, clip=100, loss_scale=2, train_wall=137.39, gb_free=31.4, wall=71736
2026-06-29 14:07:17 | INFO | train_inner | epoch 002:   1825 / 2931 loss=6.639, train_loss=6.639, cross_distance_loss=0.925, distance_loss=0.439, coord_loss=4.988, RMSD=4.987, prmsd_loss=2.874, ups=0.37, bsz=8, num_updates=4750, lr=8.91405e-06, gnorm=53.538, clip=100, loss_scale=2, train_wall=136.33, gb_free=33.2, wall=71872
2026-06-29 14:09:23 | INFO | train_inner | epoch 002:   1875 / 2931 loss=6.87, train_loss=6.87, cross_distance_loss=0.937, distance_loss=0.532, coord_loss=5.11, RMSD=5.109, prmsd_loss=2.919, ups=0.4, bsz=8, num_updates=4800, lr=8.89591e-06, gnorm=19.532, clip=100, loss_scale=2, train_wall=125.58, gb_free=25.5, wall=71998
2026-06-29 14:11:45 | INFO | train_inner | epoch 002:   1925 / 2931 loss=6.658, train_loss=6.658, cross_distance_loss=0.937, distance_loss=0.475, coord_loss=4.956, RMSD=4.955, prmsd_loss=2.905, ups=0.35, bsz=8, num_updates=4850, lr=8.87776e-06, gnorm=53.895, clip=100, loss_scale=2, train_wall=141.79, gb_free=30.2, wall=72140
2026-06-29 14:14:07 | INFO | train_inner | epoch 002:   1975 / 2931 loss=6.705, train_loss=6.705, cross_distance_loss=0.925, distance_loss=0.476, coord_loss=5.015, RMSD=5.014, prmsd_loss=2.895, ups=0.35, bsz=8, num_updates=4900, lr=8.85961e-06, gnorm=43.91, clip=100, loss_scale=2, train_wall=142.46, gb_free=32.5, wall=72282
2026-06-29 14:16:39 | INFO | train_inner | epoch 002:   2025 / 2931 loss=6.492, train_loss=6.492, cross_distance_loss=0.929, distance_loss=0.418, coord_loss=4.855, RMSD=4.855, prmsd_loss=2.898, ups=0.33, bsz=8, num_updates=4950, lr=8.84146e-06, gnorm=23.489, clip=100, loss_scale=2, train_wall=151.23, gb_free=31.8, wall=72434
2026-06-29 14:19:05 | INFO | train_inner | epoch 002:   2075 / 2931 loss=6.612, train_loss=6.612, cross_distance_loss=0.927, distance_loss=0.449, coord_loss=4.942, RMSD=4.942, prmsd_loss=2.942, ups=0.34, bsz=8, num_updates=5000, lr=8.82332e-06, gnorm=61.007, clip=100, loss_scale=2, train_wall=146.34, gb_free=30.1, wall=72580
2026-06-29 14:19:05 | INFO | unicore_cli.train | begin validation on "valid" subset
2026-06-29 14:19:05 | INFO | unicore.tasks.unicore_task | get EpochBatchIterator for epoch 1
2026-06-29 16:01:26 | INFO | valid | epoch 002 | valid on 'valid' subset | loss 6.246 | valid_loss 6.246 | cross_distance_loss 0.901 | distance_loss 0.303 | coord_loss 4.742 | RMSD 4.742 | prmsd_loss 2.99 | bsz 26010 | num_updates 5000 | best_loss 6.246
2026-06-29 16:01:26 | INFO | unicore.checkpoint_utils | Preparing to save checkpoint for epoch 2 @ 5000 updates
2026-06-29 16:01:26 | INFO | unicore.trainer | Saving checkpoint to ./checkpoint_2_5000.pt
2026-06-29 16:01:30 | INFO | unicore.trainer | Finished saving checkpoint to ./checkpoint_2_5000.pt
2026-06-29 16:01:30 | INFO | unicore.checkpoint_utils | Saved checkpoint ./checkpoint_2_5000.pt (epoch 2 @ 5000 updates, score 6.246) (writing took 4.288166496902704 seconds)
2026-06-29 16:01:30 | INFO | unicore.checkpoint_utils | copy ./checkpoint_2_5000.pt to /home/bdldt_team007/DLDockingBenchSeminar/run4/checkpoints/checkpoint_2_5000.pt
2026-06-29 16:01:35 | INFO | unicore.checkpoint_utils | copy ./checkpoint_2_5000.pt to /home/bdldt_team007/DLDockingBenchSeminar/run4/checkpoints/checkpoint_best.pt
2026-06-29 16:01:37 | INFO | unicore.checkpoint_utils | copy ./checkpoint_2_5000.pt to /home/bdldt_team007/DLDockingBenchSeminar/run4/checkpoints/checkpoint_last.pt
2026-06-29 16:01:41 | INFO | unicore.checkpoint_utils | removing temp file ./checkpoint_2_5000.pt ...
2026-06-29 16:01:41 | INFO | unicore.checkpoint_utils | finished async ckp saving.
2026-06-29 16:03:52 | INFO | train_inner | epoch 002:   2125 / 2931 loss=6.603, train_loss=6.603, cross_distance_loss=0.93, distance_loss=0.471, coord_loss=4.906, RMSD=4.905, prmsd_loss=2.946, ups=0.01, bsz=8, num_updates=5050, lr=8.80517e-06, gnorm=28.681, clip=100, loss_scale=2, train_wall=141.78, gb_free=25.5, wall=78867
2026-06-29 16:05:15 | INFO | unicore.trainer | NOTE: gradient overflow detected, ignoring gradient, setting loss scale to: 1.0
2026-06-29 16:06:02 | INFO | train_inner | epoch 002:   2176 / 2931 loss=6.304, train_loss=6.304, cross_distance_loss=0.912, distance_loss=0.406, coord_loss=4.692, RMSD=4.692, prmsd_loss=2.941, ups=0.38, bsz=8, num_updates=5100, lr=8.78702e-06, gnorm=18.346, clip=100, loss_scale=1, train_wall=129.89, gb_free=29.7, wall=78997
2026-06-29 16:08:34 | INFO | train_inner | epoch 002:   2226 / 2931 loss=6.601, train_loss=6.601, cross_distance_loss=0.925, distance_loss=0.393, coord_loss=4.985, RMSD=4.985, prmsd_loss=2.973, ups=0.33, bsz=8, num_updates=5150, lr=8.76887e-06, gnorm=15.253, clip=100, loss_scale=1, train_wall=151.53, gb_free=31.8, wall=79149
2026-06-29 16:10:48 | INFO | train_inner | epoch 002:   2276 / 2931 loss=6.399, train_loss=6.399, cross_distance_loss=0.913, distance_loss=0.383, coord_loss=4.807, RMSD=4.807, prmsd_loss=2.957, ups=0.37, bsz=8, num_updates=5200, lr=8.75073e-06, gnorm=54.411, clip=100, loss_scale=1, train_wall=134.16, gb_free=28.2, wall=79283
2026-06-29 16:13:05 | INFO | train_inner | epoch 002:   2326 / 2931 loss=6.487, train_loss=6.487, cross_distance_loss=0.92, distance_loss=0.447, coord_loss=4.826, RMSD=4.825, prmsd_loss=2.936, ups=0.37, bsz=8, num_updates=5250, lr=8.73258e-06, gnorm=23.4, clip=100, loss_scale=1, train_wall=136.66, gb_free=32.5, wall=79420
2026-06-29 16:15:36 | INFO | train_inner | epoch 002:   2376 / 2931 loss=6.533, train_loss=6.533, cross_distance_loss=0.919, distance_loss=0.391, coord_loss=4.93, RMSD=4.929, prmsd_loss=2.934, ups=0.33, bsz=8, num_updates=5300, lr=8.71443e-06, gnorm=32.536, clip=100, loss_scale=1, train_wall=150.64, gb_free=31, wall=79571
2026-06-29 16:17:57 | INFO | train_inner | epoch 002:   2426 / 2931 loss=6.673, train_loss=6.673, cross_distance_loss=0.913, distance_loss=0.424, coord_loss=5.039, RMSD=5.039, prmsd_loss=2.961, ups=0.35, bsz=8, num_updates=5350, lr=8.69628e-06, gnorm=37.615, clip=100, loss_scale=1, train_wall=140.88, gb_free=26.1, wall=79712
2026-06-29 16:20:29 | INFO | train_inner | epoch 002:   2476 / 2931 loss=6.736, train_loss=6.736, cross_distance_loss=0.943, distance_loss=0.506, coord_loss=4.998, RMSD=4.997, prmsd_loss=2.888, ups=0.33, bsz=8, num_updates=5400, lr=8.67814e-06, gnorm=39.51, clip=100, loss_scale=1, train_wall=152.24, gb_free=28.7, wall=79864
2026-06-29 16:22:50 | INFO | train_inner | epoch 002:   2526 / 2931 loss=6.437, train_loss=6.437, cross_distance_loss=0.922, distance_loss=0.387, coord_loss=4.833, RMSD=4.832, prmsd_loss=2.948, ups=0.36, bsz=8, num_updates=5450, lr=8.65999e-06, gnorm=51.045, clip=100, loss_scale=1, train_wall=140.69, gb_free=33.6, wall=80005
2026-06-29 16:25:13 | INFO | train_inner | epoch 002:   2576 / 2931 loss=6.56, train_loss=6.56, cross_distance_loss=0.917, distance_loss=0.433, coord_loss=4.918, RMSD=4.918, prmsd_loss=2.921, ups=0.35, bsz=8, num_updates=5500, lr=8.64184e-06, gnorm=31.123, clip=100, loss_scale=1, train_wall=143.4, gb_free=31.8, wall=80148
2026-06-29 16:25:13 | INFO | unicore_cli.train | begin validation on "valid" subset
2026-06-29 16:25:13 | INFO | unicore.tasks.unicore_task | get EpochBatchIterator for epoch 1
2026-06-29 18:10:22 | INFO | valid | epoch 002 | valid on 'valid' subset | loss 6.558 | valid_loss 6.558 | cross_distance_loss 0.893 | distance_loss 0.3 | coord_loss 5.059 | RMSD 5.057 | prmsd_loss 3.07 | bsz 26010 | num_updates 5500 | best_loss 6.246
2026-06-29 18:10:22 | INFO | unicore.checkpoint_utils | Preparing to save checkpoint for epoch 2 @ 5500 updates
2026-06-29 18:10:22 | INFO | unicore.trainer | Saving checkpoint to ./checkpoint_2_5500.pt
2026-06-29 18:10:26 | INFO | unicore.trainer | Finished saving checkpoint to ./checkpoint_2_5500.pt
2026-06-29 18:10:27 | INFO | unicore.checkpoint_utils | Saved checkpoint ./checkpoint_2_5500.pt (epoch 2 @ 5500 updates, score 6.558) (writing took 4.412328742444515 seconds)
2026-06-29 18:10:27 | INFO | unicore.checkpoint_utils | copy ./checkpoint_2_5500.pt to /home/bdldt_team007/DLDockingBenchSeminar/run4/checkpoints/checkpoint_2_5500.pt
2026-06-29 18:10:31 | INFO | unicore.checkpoint_utils | copy ./checkpoint_2_5500.pt to /home/bdldt_team007/DLDockingBenchSeminar/run4/checkpoints/checkpoint_last.pt
2026-06-29 18:10:34 | INFO | unicore.checkpoint_utils | removing temp file ./checkpoint_2_5500.pt ...
2026-06-29 18:10:34 | INFO | unicore.checkpoint_utils | finished async ckp saving.
2026-06-29 18:12:45 | INFO | train_inner | epoch 002:   2626 / 2931 loss=6.18, train_loss=6.18, cross_distance_loss=0.898, distance_loss=0.358, coord_loss=4.628, RMSD=4.627, prmsd_loss=2.956, ups=0.01, bsz=8, num_updates=5550, lr=8.62369e-06, gnorm=23.909, clip=100, loss_scale=1, train_wall=138.57, gb_free=31.8, wall=86600
2026-06-29 18:15:21 | INFO | train_inner | epoch 002:   2676 / 2931 loss=6.663, train_loss=6.663, cross_distance_loss=0.916, distance_loss=0.476, coord_loss=4.975, RMSD=4.975, prmsd_loss=2.944, ups=0.32, bsz=8, num_updates=5600, lr=8.60555e-06, gnorm=134.593, clip=100, loss_scale=1, train_wall=156.12, gb_free=31, wall=86756
2026-06-29 18:17:35 | INFO | train_inner | epoch 002:   2726 / 2931 loss=6.472, train_loss=6.472, cross_distance_loss=0.897, distance_loss=0.453, coord_loss=4.831, RMSD=4.83, prmsd_loss=2.913, ups=0.38, bsz=8, num_updates=5650, lr=8.5874e-06, gnorm=57.137, clip=100, loss_scale=1, train_wall=133.2, gb_free=27.7, wall=86890
2026-06-29 18:20:04 | INFO | train_inner | epoch 002:   2776 / 2931 loss=6.618, train_loss=6.618, cross_distance_loss=0.924, distance_loss=0.431, coord_loss=4.969, RMSD=4.969, prmsd_loss=2.937, ups=0.34, bsz=8, num_updates=5700, lr=8.56925e-06, gnorm=61.962, clip=100, loss_scale=1, train_wall=149.11, gb_free=30.2, wall=87039
2026-06-29 18:22:16 | INFO | train_inner | epoch 002:   2826 / 2931 loss=6.506, train_loss=6.506, cross_distance_loss=0.909, distance_loss=0.411, coord_loss=4.895, RMSD=4.894, prmsd_loss=2.919, ups=0.38, bsz=8, num_updates=5750, lr=8.5511e-06, gnorm=74.468, clip=100, loss_scale=1, train_wall=131.86, gb_free=30.1, wall=87171
2026-06-29 18:24:33 | INFO | train_inner | epoch 002:   2876 / 2931 loss=6.355, train_loss=6.355, cross_distance_loss=0.89, distance_loss=0.391, coord_loss=4.784, RMSD=4.783, prmsd_loss=2.904, ups=0.36, bsz=8, num_updates=5800, lr=8.53296e-06, gnorm=60.348, clip=100, loss_scale=1, train_wall=137.33, gb_free=28.8, wall=87308
2026-06-29 18:26:41 | INFO | train_inner | epoch 002:   2926 / 2931 loss=6.205, train_loss=6.205, cross_distance_loss=0.899, distance_loss=0.383, coord_loss=4.623, RMSD=4.622, prmsd_loss=3.001, ups=0.39, bsz=8, num_updates=5850, lr=8.51481e-06, gnorm=50.714, clip=100, loss_scale=1, train_wall=127.34, gb_free=29.2, wall=87436
2026-06-29 18:26:58 | INFO | unicore_cli.train | begin validation on "valid" subset
2026-06-29 18:26:58 | INFO | unicore.tasks.unicore_task | get EpochBatchIterator for epoch 1
2026-06-29 20:15:10 | INFO | valid | epoch 002 | valid on 'valid' subset | loss 6.227 | valid_loss 6.227 | cross_distance_loss 0.904 | distance_loss 0.319 | coord_loss 4.693 | RMSD 4.692 | prmsd_loss 3.103 | bsz 26010 | num_updates 5855 | best_loss 6.227
2026-06-29 20:15:10 | INFO | unicore.checkpoint_utils | Preparing to save checkpoint for epoch 2 @ 5855 updates
2026-06-29 20:15:10 | INFO | unicore.trainer | Saving checkpoint to ./checkpoint2.pt
2026-06-29 20:15:15 | INFO | unicore.trainer | Finished saving checkpoint to ./checkpoint2.pt
2026-06-29 20:15:15 | INFO | unicore.checkpoint_utils | Saved checkpoint ./checkpoint2.pt (epoch 2 @ 5855 updates, score 6.227) (writing took 4.45666828006506 seconds)
2026-06-29 20:15:15 | INFO | unicore_cli.train | end of epoch 2 (average epoch stats below)
2026-06-29 20:15:15 | INFO | unicore.checkpoint_utils | copy ./checkpoint2.pt to /home/bdldt_team007/DLDockingBenchSeminar/run4/checkpoints/checkpoint2.pt
2026-06-29 20:15:15 | INFO | train | epoch 002 | loss 6.697 | train_loss 6.697 | cross_distance_loss 0.941 | distance_loss 0.454 | coord_loss 5.008 | RMSD 5.007 | prmsd_loss 2.946 | ups 0.06 | bsz 8 | num_updates 5855 | lr 8.51299e-06 | gnorm 38.743 | clip 100 | loss_scale 1 | train_wall 8469.95 | gb_free 30.1 | wall 93950
2026-06-29 20:15:15 | INFO | unicore.tasks.unicore_task | get EpochBatchIterator for epoch 3
2026-06-29 20:15:15 | INFO | unicore.trainer | begin training epoch 3
2026-06-29 20:15:15 | INFO | unicore_cli.train | Start iterating over samples
2026-06-29 20:15:20 | INFO | unicore.checkpoint_utils | copy ./checkpoint2.pt to /home/bdldt_team007/DLDockingBenchSeminar/run4/checkpoints/checkpoint_best.pt
2026-06-29 20:15:22 | INFO | unicore.checkpoint_utils | copy ./checkpoint2.pt to /home/bdldt_team007/DLDockingBenchSeminar/run4/checkpoints/checkpoint_last.pt
2026-06-29 20:15:25 | INFO | unicore.checkpoint_utils | removing temp file ./checkpoint2.pt ...
2026-06-29 20:15:25 | INFO | unicore.checkpoint_utils | finished async ckp saving.
2026-06-29 20:17:25 | INFO | train_inner | epoch 003:     45 / 2931 loss=6.36, train_loss=6.36, cross_distance_loss=0.891, distance_loss=0.466, coord_loss=4.711, RMSD=4.711, prmsd_loss=2.918, ups=0.01, bsz=8, num_updates=5900, lr=8.49666e-06, gnorm=28.803, clip=100, loss_scale=1, train_wall=146.55, gb_free=32.2, wall=94080
2026-06-29 20:19:51 | INFO | train_inner | epoch 003:     95 / 2931 loss=6.563, train_loss=6.563, cross_distance_loss=0.918, distance_loss=0.443, coord_loss=4.908, RMSD=4.907, prmsd_loss=2.941, ups=0.34, bsz=8, num_updates=5950, lr=8.47851e-06, gnorm=58.899, clip=100, loss_scale=1, train_wall=145.79, gb_free=30.9, wall=94226
2026-06-29 20:22:09 | INFO | train_inner | epoch 003:    145 / 2931 loss=6.329, train_loss=6.329, cross_distance_loss=0.902, distance_loss=0.416, coord_loss=4.717, RMSD=4.716, prmsd_loss=2.935, ups=0.36, bsz=8, num_updates=6000, lr=8.46037e-06, gnorm=54.623, clip=100, loss_scale=1, train_wall=137.85, gb_free=28.2, wall=94364
2026-06-29 20:22:09 | INFO | unicore_cli.train | begin validation on "valid" subset
2026-06-29 20:22:09 | INFO | unicore.tasks.unicore_task | get EpochBatchIterator for epoch 1
2026-06-29 21:58:11 | INFO | valid | epoch 003 | valid on 'valid' subset | loss 6.1 | valid_loss 6.1 | cross_distance_loss 0.892 | distance_loss 0.288 | coord_loss 4.623 | RMSD 4.62 | prmsd_loss 2.972 | bsz 26010 | num_updates 6000 | best_loss 6.1
2026-06-29 21:58:11 | INFO | unicore.checkpoint_utils | Preparing to save checkpoint for epoch 3 @ 6000 updates
2026-06-29 21:58:11 | INFO | unicore.trainer | Saving checkpoint to ./checkpoint_3_6000.pt
2026-06-29 21:58:15 | INFO | unicore.trainer | Finished saving checkpoint to ./checkpoint_3_6000.pt
2026-06-29 21:58:15 | INFO | unicore.checkpoint_utils | Saved checkpoint ./checkpoint_3_6000.pt (epoch 3 @ 6000 updates, score 6.1) (writing took 4.3095478024333715 seconds)
2026-06-29 21:58:15 | INFO | unicore.checkpoint_utils | copy ./checkpoint_3_6000.pt to /home/bdldt_team007/DLDockingBenchSeminar/run4/checkpoints/checkpoint_3_6000.pt
2026-06-29 21:58:20 | INFO | unicore.checkpoint_utils | copy ./checkpoint_3_6000.pt to /home/bdldt_team007/DLDockingBenchSeminar/run4/checkpoints/checkpoint_best.pt
2026-06-29 21:58:22 | INFO | unicore.checkpoint_utils | copy ./checkpoint_3_6000.pt to /home/bdldt_team007/DLDockingBenchSeminar/run4/checkpoints/checkpoint_last.pt
2026-06-29 21:58:25 | INFO | unicore.checkpoint_utils | removing temp file ./checkpoint_3_6000.pt ...
2026-06-29 21:58:26 | INFO | unicore.checkpoint_utils | finished async ckp saving.
2026-06-29 22:00:22 | INFO | train_inner | epoch 003:    195 / 2931 loss=6.345, train_loss=6.345, cross_distance_loss=0.894, distance_loss=0.434, coord_loss=4.729, RMSD=4.728, prmsd_loss=2.886, ups=0.01, bsz=8, num_updates=6050, lr=8.44222e-06, gnorm=16.111, clip=100, loss_scale=1, train_wall=126.42, gb_free=32.2, wall=100257
2026-06-29 22:02:43 | INFO | train_inner | epoch 003:    245 / 2931 loss=6.315, train_loss=6.315, cross_distance_loss=0.906, distance_loss=0.442, coord_loss=4.678, RMSD=4.678, prmsd_loss=2.893, ups=0.35, bsz=8, num_updates=6100, lr=8.42407e-06, gnorm=63.604, clip=100, loss_scale=1, train_wall=141.59, gb_free=30.1, wall=100398
2026-06-29 22:05:15 | INFO | train_inner | epoch 003:    295 / 2931 loss=6.294, train_loss=6.294, cross_distance_loss=0.884, distance_loss=0.421, coord_loss=4.696, RMSD=4.695, prmsd_loss=2.935, ups=0.33, bsz=8, num_updates=6150, lr=8.40592e-06, gnorm=52.383, clip=100, loss_scale=1, train_wall=151.89, gb_free=31.8, wall=100550
2026-06-29 22:07:34 | INFO | train_inner | epoch 003:    345 / 2931 loss=6.425, train_loss=6.425, cross_distance_loss=0.901, distance_loss=0.439, coord_loss=4.791, RMSD=4.79, prmsd_loss=2.94, ups=0.36, bsz=8, num_updates=6200, lr=8.38778e-06, gnorm=90.375, clip=100, loss_scale=1, train_wall=138.81, gb_free=30.1, wall=100689
2026-06-29 22:09:50 | INFO | train_inner | epoch 003:    395 / 2931 loss=6.341, train_loss=6.341, cross_distance_loss=0.906, distance_loss=0.42, coord_loss=4.727, RMSD=4.726, prmsd_loss=2.892, ups=0.37, bsz=8, num_updates=6250, lr=8.36963e-06, gnorm=60.506, clip=100, loss_scale=1, train_wall=135.72, gb_free=32.5, wall=100825
2026-06-29 22:12:17 | INFO | train_inner | epoch 003:    445 / 2931 loss=6.611, train_loss=6.611, cross_distance_loss=0.92, distance_loss=0.427, coord_loss=4.979, RMSD=4.978, prmsd_loss=2.859, ups=0.34, bsz=8, num_updates=6300, lr=8.35148e-06, gnorm=33.965, clip=100, loss_scale=1, train_wall=146.98, gb_free=21.8, wall=100972
2026-06-29 22:14:37 | INFO | train_inner | epoch 003:    495 / 2931 loss=6.256, train_loss=6.256, cross_distance_loss=0.89, distance_loss=0.39, coord_loss=4.688, RMSD=4.687, prmsd_loss=2.878, ups=0.36, bsz=8, num_updates=6350, lr=8.33333e-06, gnorm=38.184, clip=100, loss_scale=1, train_wall=139.52, gb_free=33.3, wall=101112
2026-06-29 22:17:10 | INFO | train_inner | epoch 003:    545 / 2931 loss=6.35, train_loss=6.35, cross_distance_loss=0.899, distance_loss=0.429, coord_loss=4.729, RMSD=4.728, prmsd_loss=2.934, ups=0.33, bsz=8, num_updates=6400, lr=8.31519e-06, gnorm=58.275, clip=100, loss_scale=1, train_wall=152.72, gb_free=31.5, wall=101265
2026-06-29 22:19:35 | INFO | train_inner | epoch 003:    595 / 2931 loss=6.181, train_loss=6.181, cross_distance_loss=0.88, distance_loss=0.421, coord_loss=4.588, RMSD=4.587, prmsd_loss=2.917, ups=0.34, bsz=8, num_updates=6450, lr=8.29704e-06, gnorm=71.824, clip=100, loss_scale=1, train_wall=144.92, gb_free=29.2, wall=101410
2026-06-29 22:21:43 | INFO | train_inner | epoch 003:    645 / 2931 loss=6.26, train_loss=6.26, cross_distance_loss=0.887, distance_loss=0.414, coord_loss=4.662, RMSD=4.661, prmsd_loss=2.968, ups=0.39, bsz=8, num_updates=6500, lr=8.27889e-06, gnorm=136.9, clip=100, loss_scale=1, train_wall=127.73, gb_free=30.5, wall=101538
2026-06-29 22:21:43 | INFO | unicore_cli.train | begin validation on "valid" subset
2026-06-29 22:21:43 | INFO | unicore.tasks.unicore_task | get EpochBatchIterator for epoch 1
2026-06-29 23:58:16 | INFO | valid | epoch 003 | valid on 'valid' subset | loss 6.113 | valid_loss 6.113 | cross_distance_loss 0.887 | distance_loss 0.29 | coord_loss 4.635 | RMSD 4.63 | prmsd_loss 3.005 | bsz 26010 | num_updates 6500 | best_loss 6.1
2026-06-29 23:58:16 | INFO | unicore.checkpoint_utils | Preparing to save checkpoint for epoch 3 @ 6500 updates
2026-06-29 23:58:16 | INFO | unicore.trainer | Saving checkpoint to ./checkpoint_3_6500.pt
2026-06-29 23:58:20 | INFO | unicore.trainer | Finished saving checkpoint to ./checkpoint_3_6500.pt
2026-06-29 23:58:21 | INFO | unicore.checkpoint_utils | Saved checkpoint ./checkpoint_3_6500.pt (epoch 3 @ 6500 updates, score 6.113) (writing took 4.6084162052720785 seconds)
2026-06-29 23:58:21 | INFO | unicore.checkpoint_utils | copy ./checkpoint_3_6500.pt to /home/bdldt_team007/DLDockingBenchSeminar/run4/checkpoints/checkpoint_3_6500.pt
2026-06-29 23:58:26 | INFO | unicore.checkpoint_utils | copy ./checkpoint_3_6500.pt to /home/bdldt_team007/DLDockingBenchSeminar/run4/checkpoints/checkpoint_last.pt
2026-06-29 23:58:28 | INFO | unicore.checkpoint_utils | removing temp file ./checkpoint_3_6500.pt ...
2026-06-29 23:58:28 | INFO | unicore.checkpoint_utils | finished async ckp saving.
2026-06-30 00:00:42 | INFO | train_inner | epoch 003:    695 / 2931 loss=6.249, train_loss=6.249, cross_distance_loss=0.888, distance_loss=0.407, coord_loss=4.66, RMSD=4.659, prmsd_loss=2.941, ups=0.01, bsz=8, num_updates=6550, lr=8.26074e-06, gnorm=88.034, clip=100, loss_scale=1, train_wall=141.15, gb_free=31, wall=107477
2026-06-30 00:02:51 | INFO | train_inner | epoch 003:    745 / 2931 loss=6.296, train_loss=6.296, cross_distance_loss=0.883, distance_loss=0.388, coord_loss=4.732, RMSD=4.732, prmsd_loss=2.917, ups=0.39, bsz=8, num_updates=6600, lr=8.2426e-06, gnorm=49.283, clip=100, loss_scale=1, train_wall=129.46, gb_free=29.2, wall=107606
2026-06-30 00:05:11 | INFO | train_inner | epoch 003:    795 / 2931 loss=6.001, train_loss=6.001, cross_distance_loss=0.866, distance_loss=0.342, coord_loss=4.497, RMSD=4.496, prmsd_loss=2.966, ups=0.36, bsz=8, num_updates=6650, lr=8.22445e-06, gnorm=42.084, clip=100, loss_scale=1, train_wall=139.97, gb_free=31.7, wall=107747
2026-06-30 00:07:33 | INFO | train_inner | epoch 003:    845 / 2931 loss=6.321, train_loss=6.321, cross_distance_loss=0.894, distance_loss=0.37, coord_loss=4.763, RMSD=4.762, prmsd_loss=2.937, ups=0.35, bsz=8, num_updates=6700, lr=8.2063e-06, gnorm=65.38, clip=100, loss_scale=1, train_wall=141.02, gb_free=30.1, wall=107888
2026-06-30 00:09:48 | INFO | train_inner | epoch 003:    895 / 2931 loss=6.208, train_loss=6.208, cross_distance_loss=0.879, distance_loss=0.382, coord_loss=4.655, RMSD=4.654, prmsd_loss=2.921, ups=0.37, bsz=8, num_updates=6750, lr=8.18815e-06, gnorm=49.431, clip=100, loss_scale=1, train_wall=135.68, gb_free=31.4, wall=108023
2026-06-30 00:12:09 | INFO | train_inner | epoch 003:    945 / 2931 loss=6.275, train_loss=6.275, cross_distance_loss=0.888, distance_loss=0.436, coord_loss=4.66, RMSD=4.659, prmsd_loss=2.918, ups=0.35, bsz=8, num_updates=6800, lr=8.17001e-06, gnorm=99.278, clip=100, loss_scale=1, train_wall=140.81, gb_free=31.8, wall=108164
2026-06-30 00:14:29 | INFO | train_inner | epoch 003:    995 / 2931 loss=6.246, train_loss=6.246, cross_distance_loss=0.882, distance_loss=0.38, coord_loss=4.692, RMSD=4.692, prmsd_loss=2.918, ups=0.36, bsz=8, num_updates=6850, lr=8.15186e-06, gnorm=64.492, clip=100, loss_scale=1, train_wall=140, gb_free=27.1, wall=108304
2026-06-30 00:16:50 | INFO | train_inner | epoch 003:   1045 / 2931 loss=6.177, train_loss=6.177, cross_distance_loss=0.869, distance_loss=0.408, coord_loss=4.609, RMSD=4.609, prmsd_loss=2.912, ups=0.35, bsz=8, num_updates=6900, lr=8.13371e-06, gnorm=55.794, clip=100, loss_scale=1, train_wall=140.91, gb_free=28.8, wall=108445
2026-06-30 00:18:58 | INFO | train_inner | epoch 003:   1095 / 2931 loss=6.322, train_loss=6.322, cross_distance_loss=0.89, distance_loss=0.407, coord_loss=4.729, RMSD=4.729, prmsd_loss=2.959, ups=0.39, bsz=8, num_updates=6950, lr=8.11556e-06, gnorm=45.334, clip=100, loss_scale=1, train_wall=127.54, gb_free=30.1, wall=108573
2026-06-30 00:21:19 | INFO | train_inner | epoch 003:   1145 / 2931 loss=6.243, train_loss=6.243, cross_distance_loss=0.902, distance_loss=0.426, coord_loss=4.622, RMSD=4.621, prmsd_loss=2.931, ups=0.36, bsz=8, num_updates=7000, lr=8.09742e-06, gnorm=38.039, clip=100, loss_scale=1, train_wall=140.3, gb_free=31.4, wall=108714
2026-06-30 00:21:19 | INFO | unicore_cli.train | begin validation on "valid" subset
2026-06-30 00:21:19 | INFO | unicore.tasks.unicore_task | get EpochBatchIterator for epoch 1
2026-06-30 01:52:03 | INFO | valid | epoch 003 | valid on 'valid' subset | loss 6.042 | valid_loss 6.042 | cross_distance_loss 0.869 | distance_loss 0.307 | coord_loss 4.564 | RMSD 4.561 | prmsd_loss 3.026 | bsz 26010 | num_updates 7000 | best_loss 6.042
2026-06-30 01:52:03 | INFO | unicore.checkpoint_utils | Preparing to save checkpoint for epoch 3 @ 7000 updates
2026-06-30 01:52:03 | INFO | unicore.trainer | Saving checkpoint to ./checkpoint_3_7000.pt
2026-06-30 01:52:07 | INFO | unicore.trainer | Finished saving checkpoint to ./checkpoint_3_7000.pt
2026-06-30 01:52:07 | INFO | unicore.checkpoint_utils | Saved checkpoint ./checkpoint_3_7000.pt (epoch 3 @ 7000 updates, score 6.042) (writing took 4.3612760826945305 seconds)
2026-06-30 01:52:07 | INFO | unicore.checkpoint_utils | copy ./checkpoint_3_7000.pt to /home/bdldt_team007/DLDockingBenchSeminar/run4/checkpoints/checkpoint_3_7000.pt
2026-06-30 01:52:12 | INFO | unicore.checkpoint_utils | copy ./checkpoint_3_7000.pt to /home/bdldt_team007/DLDockingBenchSeminar/run4/checkpoints/checkpoint_best.pt
2026-06-30 01:52:15 | INFO | unicore.checkpoint_utils | copy ./checkpoint_3_7000.pt to /home/bdldt_team007/DLDockingBenchSeminar/run4/checkpoints/checkpoint_last.pt
2026-06-30 01:52:17 | INFO | unicore.checkpoint_utils | removing temp file ./checkpoint_3_7000.pt ...
2026-06-30 01:52:18 | INFO | unicore.checkpoint_utils | finished async ckp saving.
2026-06-30 01:54:18 | INFO | train_inner | epoch 003:   1195 / 2931 loss=6.141, train_loss=6.141, cross_distance_loss=0.866, distance_loss=0.378, coord_loss=4.6, RMSD=4.6, prmsd_loss=2.961, ups=0.01, bsz=8, num_updates=7050, lr=8.07927e-06, gnorm=43.702, clip=100, loss_scale=1, train_wall=130.6, gb_free=32.2, wall=114293
2026-06-30 01:56:38 | INFO | train_inner | epoch 003:   1245 / 2931 loss=6.293, train_loss=6.293, cross_distance_loss=0.881, distance_loss=0.416, coord_loss=4.702, RMSD=4.702, prmsd_loss=2.938, ups=0.36, bsz=8, num_updates=7100, lr=8.06112e-06, gnorm=59.924, clip=100, loss_scale=1, train_wall=140.09, gb_free=29.7, wall=114433
2026-06-30 01:59:00 | INFO | train_inner | epoch 003:   1295 / 2931 loss=6.35, train_loss=6.35, cross_distance_loss=0.885, distance_loss=0.444, coord_loss=4.729, RMSD=4.728, prmsd_loss=2.918, ups=0.35, bsz=8, num_updates=7150, lr=8.04297e-06, gnorm=26.621, clip=100, loss_scale=1, train_wall=141.55, gb_free=31, wall=114575
2026-06-30 02:01:13 | INFO | train_inner | epoch 003:   1345 / 2931 loss=6.074, train_loss=6.074, cross_distance_loss=0.872, distance_loss=0.385, coord_loss=4.525, RMSD=4.524, prmsd_loss=2.919, ups=0.37, bsz=8, num_updates=7200, lr=8.02483e-06, gnorm=58.341, clip=100, loss_scale=1, train_wall=133.42, gb_free=32.2, wall=114708
2026-06-30 02:03:12 | INFO | train_inner | epoch 003:   1395 / 2931 loss=6.222, train_loss=6.222, cross_distance_loss=0.876, distance_loss=0.403, coord_loss=4.65, RMSD=4.65, prmsd_loss=2.926, ups=0.42, bsz=8, num_updates=7250, lr=8.00668e-06, gnorm=36.166, clip=100, loss_scale=1, train_wall=118.41, gb_free=31.8, wall=114827
2026-06-30 02:05:07 | INFO | train_inner | epoch 003:   1445 / 2931 loss=6.134, train_loss=6.134, cross_distance_loss=0.875, distance_loss=0.397, coord_loss=4.569, RMSD=4.568, prmsd_loss=2.938, ups=0.43, bsz=8, num_updates=7300, lr=7.98853e-06, gnorm=37.741, clip=100, loss_scale=1, train_wall=114.93, gb_free=29.7, wall=114942
2026-06-30 02:07:16 | INFO | train_inner | epoch 003:   1495 / 2931 loss=6.359, train_loss=6.359, cross_distance_loss=0.893, distance_loss=0.46, coord_loss=4.717, RMSD=4.716, prmsd_loss=2.887, ups=0.39, bsz=8, num_updates=7350, lr=7.97038e-06, gnorm=37.547, clip=100, loss_scale=1, train_wall=129.07, gb_free=32.5, wall=115071
2026-06-30 02:09:45 | INFO | train_inner | epoch 003:   1545 / 2931 loss=6.16, train_loss=6.16, cross_distance_loss=0.887, distance_loss=0.369, coord_loss=4.609, RMSD=4.607, prmsd_loss=2.953, ups=0.34, bsz=8, num_updates=7400, lr=7.95224e-06, gnorm=68.122, clip=100, loss_scale=1, train_wall=148.88, gb_free=31.8, wall=115220
2026-06-30 02:11:58 | INFO | train_inner | epoch 003:   1595 / 2931 loss=6.308, train_loss=6.308, cross_distance_loss=0.896, distance_loss=0.463, coord_loss=4.656, RMSD=4.656, prmsd_loss=2.928, ups=0.38, bsz=8, num_updates=7450, lr=7.93409e-06, gnorm=62.178, clip=100, loss_scale=1, train_wall=132.71, gb_free=31.8, wall=115353
2026-06-30 02:14:21 | INFO | train_inner | epoch 003:   1645 / 2931 loss=6.105, train_loss=6.105, cross_distance_loss=0.888, distance_loss=0.367, coord_loss=4.559, RMSD=4.559, prmsd_loss=2.916, ups=0.35, bsz=8, num_updates=7500, lr=7.91594e-06, gnorm=29.792, clip=100, loss_scale=1, train_wall=143.24, gb_free=32.9, wall=115496
2026-06-30 02:14:21 | INFO | unicore_cli.train | begin validation on "valid" subset
2026-06-30 02:14:21 | INFO | unicore.tasks.unicore_task | get EpochBatchIterator for epoch 1
2026-06-30 03:55:12 | INFO | valid | epoch 003 | valid on 'valid' subset | loss 6.079 | valid_loss 6.079 | cross_distance_loss 0.844 | distance_loss 0.312 | coord_loss 4.618 | RMSD 4.616 | prmsd_loss 3.047 | bsz 26010 | num_updates 7500 | best_loss 6.042
2026-06-30 03:55:12 | INFO | unicore.checkpoint_utils | Preparing to save checkpoint for epoch 3 @ 7500 updates
2026-06-30 03:55:12 | INFO | unicore.trainer | Saving checkpoint to ./checkpoint_3_7500.pt
2026-06-30 03:55:16 | INFO | unicore.trainer | Finished saving checkpoint to ./checkpoint_3_7500.pt
2026-06-30 03:55:16 | INFO | unicore.checkpoint_utils | Saved checkpoint ./checkpoint_3_7500.pt (epoch 3 @ 7500 updates, score 6.079) (writing took 4.80535800755024 seconds)
2026-06-30 03:55:16 | INFO | unicore.checkpoint_utils | copy ./checkpoint_3_7500.pt to /home/bdldt_team007/DLDockingBenchSeminar/run4/checkpoints/checkpoint_3_7500.pt
2026-06-30 03:55:22 | INFO | unicore.checkpoint_utils | copy ./checkpoint_3_7500.pt to /home/bdldt_team007/DLDockingBenchSeminar/run4/checkpoints/checkpoint_last.pt
2026-06-30 03:55:24 | INFO | unicore.checkpoint_utils | removing temp file ./checkpoint_3_7500.pt ...
2026-06-30 03:55:25 | INFO | unicore.checkpoint_utils | finished async ckp saving.
2026-06-30 03:57:33 | INFO | train_inner | epoch 003:   1695 / 2931 loss=6.173, train_loss=6.173, cross_distance_loss=0.877, distance_loss=0.383, coord_loss=4.619, RMSD=4.618, prmsd_loss=2.944, ups=0.01, bsz=8, num_updates=7550, lr=7.89779e-06, gnorm=33.164, clip=100, loss_scale=1, train_wall=135.9, gb_free=32.2, wall=121688
2026-06-30 03:59:39 | INFO | train_inner | epoch 003:   1745 / 2931 loss=6.031, train_loss=6.031, cross_distance_loss=0.859, distance_loss=0.349, coord_loss=4.528, RMSD=4.527, prmsd_loss=2.945, ups=0.4, bsz=8, num_updates=7600, lr=7.87965e-06, gnorm=59.215, clip=100, loss_scale=1, train_wall=125.98, gb_free=31.4, wall=121814
2026-06-30 04:01:50 | INFO | train_inner | epoch 003:   1795 / 2931 loss=6.167, train_loss=6.167, cross_distance_loss=0.871, distance_loss=0.359, coord_loss=4.643, RMSD=4.643, prmsd_loss=2.935, ups=0.38, bsz=8, num_updates=7650, lr=7.8615e-06, gnorm=64.699, clip=100, loss_scale=1, train_wall=131.12, gb_free=33.6, wall=121945
2026-06-30 04:04:01 | INFO | train_inner | epoch 003:   1845 / 2931 loss=6.389, train_loss=6.389, cross_distance_loss=0.884, distance_loss=0.448, coord_loss=4.765, RMSD=4.764, prmsd_loss=2.921, ups=0.38, bsz=8, num_updates=7700, lr=7.84335e-06, gnorm=249.721, clip=100, loss_scale=1, train_wall=130.91, gb_free=30.1, wall=122076
2026-06-30 04:06:03 | INFO | train_inner | epoch 003:   1895 / 2931 loss=5.988, train_loss=5.988, cross_distance_loss=0.85, distance_loss=0.325, coord_loss=4.52, RMSD=4.519, prmsd_loss=2.939, ups=0.41, bsz=8, num_updates=7750, lr=7.8252e-06, gnorm=29.762, clip=100, loss_scale=1, train_wall=121.58, gb_free=31.4, wall=122198
2026-06-30 04:08:26 | INFO | train_inner | epoch 003:   1945 / 2931 loss=6.187, train_loss=6.187, cross_distance_loss=0.854, distance_loss=0.428, coord_loss=4.613, RMSD=4.612, prmsd_loss=2.927, ups=0.35, bsz=8, num_updates=7800, lr=7.80706e-06, gnorm=22.178, clip=100, loss_scale=1, train_wall=143.54, gb_free=30.5, wall=122341
2026-06-30 04:10:44 | INFO | train_inner | epoch 003:   1995 / 2931 loss=6.245, train_loss=6.245, cross_distance_loss=0.862, distance_loss=0.41, coord_loss=4.685, RMSD=4.684, prmsd_loss=2.884, ups=0.36, bsz=8, num_updates=7850, lr=7.78891e-06, gnorm=39.972, clip=100, loss_scale=1, train_wall=137.92, gb_free=30.5, wall=122479
2026-06-30 04:12:52 | INFO | train_inner | epoch 003:   2045 / 2931 loss=6.193, train_loss=6.193, cross_distance_loss=0.874, distance_loss=0.388, coord_loss=4.635, RMSD=4.634, prmsd_loss=2.971, ups=0.39, bsz=8, num_updates=7900, lr=7.77076e-06, gnorm=35.676, clip=100, loss_scale=1, train_wall=127.99, gb_free=30.6, wall=122607
2026-06-30 04:14:57 | INFO | train_inner | epoch 003:   2095 / 2931 loss=6.2, train_loss=6.2, cross_distance_loss=0.867, distance_loss=0.441, coord_loss=4.598, RMSD=4.597, prmsd_loss=2.936, ups=0.4, bsz=8, num_updates=7950, lr=7.75261e-06, gnorm=35.438, clip=100, loss_scale=1, train_wall=124.55, gb_free=29.2, wall=122732
2026-06-30 04:17:10 | INFO | train_inner | epoch 003:   2145 / 2931 loss=6.365, train_loss=6.365, cross_distance_loss=0.884, distance_loss=0.426, coord_loss=4.763, RMSD=4.762, prmsd_loss=2.922, ups=0.38, bsz=8, num_updates=8000, lr=7.73447e-06, gnorm=22.592, clip=100, loss_scale=1, train_wall=132.63, gb_free=27.7, wall=122865
2026-06-30 04:17:10 | INFO | unicore_cli.train | begin validation on "valid" subset
2026-06-30 04:17:10 | INFO | unicore.tasks.unicore_task | get EpochBatchIterator for epoch 1
2026-06-30 05:55:16 | INFO | valid | epoch 003 | valid on 'valid' subset | loss 6.113 | valid_loss 6.113 | cross_distance_loss 0.849 | distance_loss 0.278 | coord_loss 4.684 | RMSD 4.678 | prmsd_loss 3.029 | bsz 26010 | num_updates 8000 | best_loss 6.042
2026-06-30 05:55:16 | INFO | unicore.checkpoint_utils | Preparing to save checkpoint for epoch 3 @ 8000 updates
2026-06-30 05:55:16 | INFO | unicore.trainer | Saving checkpoint to ./checkpoint_3_8000.pt
2026-06-30 05:55:21 | INFO | unicore.trainer | Finished saving checkpoint to ./checkpoint_3_8000.pt
2026-06-30 05:55:21 | INFO | unicore.checkpoint_utils | Saved checkpoint ./checkpoint_3_8000.pt (epoch 3 @ 8000 updates, score 6.113) (writing took 4.719394765794277 seconds)
2026-06-30 05:55:21 | INFO | unicore.checkpoint_utils | copy ./checkpoint_3_8000.pt to /home/bdldt_team007/DLDockingBenchSeminar/run4/checkpoints/checkpoint_3_8000.pt
2026-06-30 05:55:26 | INFO | unicore.checkpoint_utils | copy ./checkpoint_3_8000.pt to /home/bdldt_team007/DLDockingBenchSeminar/run4/checkpoints/checkpoint_last.pt
2026-06-30 05:55:28 | INFO | unicore.checkpoint_utils | removing temp file ./checkpoint_3_8000.pt ...
2026-06-30 05:55:29 | INFO | unicore.checkpoint_utils | finished async ckp saving.
2026-06-30 05:57:47 | INFO | train_inner | epoch 003:   2195 / 2931 loss=6.357, train_loss=6.357, cross_distance_loss=0.886, distance_loss=0.491, coord_loss=4.688, RMSD=4.687, prmsd_loss=2.923, ups=0.01, bsz=8, num_updates=8050, lr=7.71632e-06, gnorm=72.749, clip=100, loss_scale=1, train_wall=146.02, gb_free=29.2, wall=128902
2026-06-30 05:59:39 | INFO | train_inner | epoch 003:   2245 / 2931 loss=6.229, train_loss=6.229, cross_distance_loss=0.873, distance_loss=0.398, coord_loss=4.665, RMSD=4.664, prmsd_loss=2.926, ups=0.45, bsz=8, num_updates=8100, lr=7.69817e-06, gnorm=39.921, clip=100, loss_scale=1, train_wall=111.92, gb_free=30.1, wall=129014
2026-06-30 06:01:50 | INFO | train_inner | epoch 003:   2295 / 2931 loss=6.352, train_loss=6.352, cross_distance_loss=0.863, distance_loss=0.485, coord_loss=4.716, RMSD=4.715, prmsd_loss=2.877, ups=0.38, bsz=8, num_updates=8150, lr=7.68002e-06, gnorm=33.276, clip=100, loss_scale=1, train_wall=130.73, gb_free=32.2, wall=129145
2026-06-30 06:04:06 | INFO | train_inner | epoch 003:   2345 / 2931 loss=6.225, train_loss=6.225, cross_distance_loss=0.86, distance_loss=0.479, coord_loss=4.594, RMSD=4.593, prmsd_loss=2.92, ups=0.37, bsz=8, num_updates=8200, lr=7.66188e-06, gnorm=29.092, clip=100, loss_scale=1, train_wall=135.75, gb_free=30.4, wall=129281
2026-06-30 06:06:12 | INFO | train_inner | epoch 003:   2395 / 2931 loss=6.198, train_loss=6.198, cross_distance_loss=0.875, distance_loss=0.406, coord_loss=4.628, RMSD=4.627, prmsd_loss=2.904, ups=0.4, bsz=8, num_updates=8250, lr=7.64373e-06, gnorm=87.108, clip=100, loss_scale=1, train_wall=125.55, gb_free=32.5, wall=129407
2026-06-30 06:08:23 | INFO | train_inner | epoch 003:   2445 / 2931 loss=6.07, train_loss=6.07, cross_distance_loss=0.848, distance_loss=0.355, coord_loss=4.575, RMSD=4.574, prmsd_loss=2.923, ups=0.38, bsz=8, num_updates=8300, lr=7.62558e-06, gnorm=46.051, clip=100, loss_scale=1, train_wall=130.78, gb_free=23.8, wall=129538
2026-06-30 06:10:37 | INFO | train_inner | epoch 003:   2495 / 2931 loss=6.078, train_loss=6.078, cross_distance_loss=0.862, distance_loss=0.367, coord_loss=4.563, RMSD=4.562, prmsd_loss=2.867, ups=0.37, bsz=8, num_updates=8350, lr=7.60743e-06, gnorm=46.054, clip=100, loss_scale=1, train_wall=134.65, gb_free=32.5, wall=129672
2026-06-30 06:12:45 | INFO | train_inner | epoch 003:   2545 / 2931 loss=6.157, train_loss=6.157, cross_distance_loss=0.87, distance_loss=0.374, coord_loss=4.621, RMSD=4.62, prmsd_loss=2.921, ups=0.39, bsz=8, num_updates=8400, lr=7.58929e-06, gnorm=29.036, clip=100, loss_scale=1, train_wall=127.96, gb_free=31.4, wall=129800
2026-06-30 06:14:51 | INFO | train_inner | epoch 003:   2595 / 2931 loss=6.26, train_loss=6.26, cross_distance_loss=0.858, distance_loss=0.405, coord_loss=4.712, RMSD=4.711, prmsd_loss=2.859, ups=0.4, bsz=8, num_updates=8450, lr=7.57114e-06, gnorm=44.908, clip=100, loss_scale=1, train_wall=125.01, gb_free=30.5, wall=129926
2026-06-30 06:17:04 | INFO | train_inner | epoch 003:   2645 / 2931 loss=6.125, train_loss=6.125, cross_distance_loss=0.862, distance_loss=0.414, coord_loss=4.566, RMSD=4.565, prmsd_loss=2.845, ups=0.37, bsz=8, num_updates=8500, lr=7.55299e-06, gnorm=90.129, clip=100, loss_scale=1, train_wall=133.39, gb_free=29.8, wall=130059
2026-06-30 06:17:04 | INFO | unicore_cli.train | begin validation on "valid" subset
2026-06-30 06:17:04 | INFO | unicore.tasks.unicore_task | get EpochBatchIterator for epoch 1
2026-06-30 07:59:33 | INFO | valid | epoch 003 | valid on 'valid' subset | loss 5.957 | valid_loss 5.957 | cross_distance_loss 0.832 | distance_loss 0.277 | coord_loss 4.554 | RMSD 4.55 | prmsd_loss 2.931 | bsz 26010 | num_updates 8500 | best_loss 5.957
2026-06-30 07:59:33 | INFO | unicore.checkpoint_utils | Preparing to save checkpoint for epoch 3 @ 8500 updates
2026-06-30 07:59:33 | INFO | unicore.trainer | Saving checkpoint to ./checkpoint_3_8500.pt
2026-06-30 07:59:37 | INFO | unicore.trainer | Finished saving checkpoint to ./checkpoint_3_8500.pt
2026-06-30 07:59:37 | INFO | unicore.checkpoint_utils | Saved checkpoint ./checkpoint_3_8500.pt (epoch 3 @ 8500 updates, score 5.957) (writing took 4.28183782659471 seconds)
2026-06-30 07:59:37 | INFO | unicore.checkpoint_utils | copy ./checkpoint_3_8500.pt to /home/bdldt_team007/DLDockingBenchSeminar/run4/checkpoints/checkpoint_3_8500.pt
2026-06-30 07:59:42 | INFO | unicore.checkpoint_utils | copy ./checkpoint_3_8500.pt to /home/bdldt_team007/DLDockingBenchSeminar/run4/checkpoints/checkpoint_best.pt
2026-06-30 07:59:45 | INFO | unicore.checkpoint_utils | copy ./checkpoint_3_8500.pt to /home/bdldt_team007/DLDockingBenchSeminar/run4/checkpoints/checkpoint_last.pt
2026-06-30 07:59:47 | INFO | unicore.checkpoint_utils | removing temp file ./checkpoint_3_8500.pt ...
2026-06-30 07:59:47 | INFO | unicore.checkpoint_utils | finished async ckp saving.
2026-06-30 08:01:41 | INFO | train_inner | epoch 003:   2695 / 2931 loss=6.038, train_loss=6.038, cross_distance_loss=0.851, distance_loss=0.398, coord_loss=4.5, RMSD=4.499, prmsd_loss=2.886, ups=0.01, bsz=8, num_updates=8550, lr=7.53484e-06, gnorm=46.455, clip=100, loss_scale=1, train_wall=123.68, gb_free=32.2, wall=136336
2026-06-30 08:03:40 | INFO | train_inner | epoch 003:   2745 / 2931 loss=5.979, train_loss=5.979, cross_distance_loss=0.868, distance_loss=0.416, coord_loss=4.402, RMSD=4.401, prmsd_loss=2.927, ups=0.42, bsz=8, num_updates=8600, lr=7.5167e-06, gnorm=22.513, clip=100, loss_scale=1, train_wall=119.34, gb_free=32.9, wall=136455
2026-06-30 08:05:43 | INFO | train_inner | epoch 003:   2795 / 2931 loss=6.134, train_loss=6.134, cross_distance_loss=0.855, distance_loss=0.396, coord_loss=4.598, RMSD=4.596, prmsd_loss=2.857, ups=0.41, bsz=8, num_updates=8650, lr=7.49855e-06, gnorm=39.974, clip=100, loss_scale=1, train_wall=122.73, gb_free=26.5, wall=136578
2026-06-30 08:07:53 | INFO | train_inner | epoch 003:   2845 / 2931 loss=6.129, train_loss=6.129, cross_distance_loss=0.856, distance_loss=0.393, coord_loss=4.595, RMSD=4.594, prmsd_loss=2.851, ups=0.38, bsz=8, num_updates=8700, lr=7.4804e-06, gnorm=12.285, clip=100, loss_scale=1, train_wall=130, gb_free=28.2, wall=136708
2026-06-30 08:10:07 | INFO | train_inner | epoch 003:   2895 / 2931 loss=6.222, train_loss=6.222, cross_distance_loss=0.866, distance_loss=0.426, coord_loss=4.64, RMSD=4.639, prmsd_loss=2.898, ups=0.37, bsz=8, num_updates=8750, lr=7.46225e-06, gnorm=62.683, clip=100, loss_scale=1, train_wall=133.55, gb_free=33.2, wall=136842
2026-06-30 08:11:40 | INFO | unicore_cli.train | begin validation on "valid" subset
2026-06-30 08:11:40 | INFO | unicore.tasks.unicore_task | get EpochBatchIterator for epoch 1
2026-06-30 09:33:34 | INFO | valid | epoch 003 | valid on 'valid' subset | loss 6.239 | valid_loss 6.239 | cross_distance_loss 0.85 | distance_loss 0.283 | coord_loss 4.792 | RMSD 4.787 | prmsd_loss 3.143 | bsz 26010 | num_updates 8786 | best_loss 5.957
2026-06-30 09:33:34 | INFO | unicore.checkpoint_utils | Preparing to save checkpoint for epoch 3 @ 8786 updates
2026-06-30 09:33:34 | INFO | unicore.trainer | Saving checkpoint to ./checkpoint3.pt
2026-06-30 09:33:39 | INFO | unicore.trainer | Finished saving checkpoint to ./checkpoint3.pt
2026-06-30 09:33:39 | INFO | unicore.checkpoint_utils | Saved checkpoint ./checkpoint3.pt (epoch 3 @ 8786 updates, score 6.239) (writing took 4.668245539069176 seconds)
2026-06-30 09:33:39 | INFO | unicore_cli.train | end of epoch 3 (average epoch stats below)
2026-06-30 09:33:39 | INFO | unicore.checkpoint_utils | copy ./checkpoint3.pt to /home/bdldt_team007/DLDockingBenchSeminar/run4/checkpoints/checkpoint3.pt
2026-06-30 09:33:39 | INFO | train | epoch 003 | loss 6.23 | train_loss 6.23 | cross_distance_loss 0.879 | distance_loss 0.408 | coord_loss 4.651 | RMSD 4.65 | prmsd_loss 2.918 | ups 0.06 | bsz 8 | num_updates 8786 | lr 7.44919e-06 | gnorm 53.363 | clip 100 | loss_scale 1 | train_wall 7865.37 | gb_free 32.8 | wall 141854
2026-06-30 09:33:39 | INFO | unicore.tasks.unicore_task | get EpochBatchIterator for epoch 4
2026-06-30 09:33:39 | INFO | unicore.trainer | begin training epoch 4
2026-06-30 09:33:39 | INFO | unicore_cli.train | Start iterating over samples
2026-06-30 09:33:44 | INFO | unicore.checkpoint_utils | copy ./checkpoint3.pt to /home/bdldt_team007/DLDockingBenchSeminar/run4/checkpoints/checkpoint_last.pt
2026-06-30 09:33:47 | INFO | unicore.checkpoint_utils | removing temp file ./checkpoint3.pt ...
2026-06-30 09:33:47 | INFO | unicore.checkpoint_utils | finished async ckp saving.
2026-06-30 09:34:12 | INFO | train_inner | epoch 004:     14 / 2931 loss=5.822, train_loss=5.822, cross_distance_loss=0.847, distance_loss=0.357, coord_loss=4.327, RMSD=4.326, prmsd_loss=2.916, ups=0.01, bsz=8, num_updates=8800, lr=7.44411e-06, gnorm=22.272, clip=100, loss_scale=1, train_wall=124.61, gb_free=32.2, wall=141887
2026-06-30 09:36:13 | INFO | train_inner | epoch 004:     64 / 2931 loss=6.106, train_loss=6.106, cross_distance_loss=0.846, distance_loss=0.415, coord_loss=4.552, RMSD=4.552, prmsd_loss=2.923, ups=0.41, bsz=8, num_updates=8850, lr=7.42596e-06, gnorm=36.741, clip=100, loss_scale=1, train_wall=121.3, gb_free=31.4, wall=142008
2026-06-30 09:38:23 | INFO | train_inner | epoch 004:    114 / 2931 loss=5.904, train_loss=5.904, cross_distance_loss=0.846, distance_loss=0.36, coord_loss=4.402, RMSD=4.401, prmsd_loss=2.956, ups=0.38, bsz=8, num_updates=8900, lr=7.40781e-06, gnorm=40.355, clip=100, loss_scale=1, train_wall=129.84, gb_free=32.2, wall=142138
2026-06-30 09:40:25 | INFO | train_inner | epoch 004:    164 / 2931 loss=6.105, train_loss=6.105, cross_distance_loss=0.858, distance_loss=0.429, coord_loss=4.532, RMSD=4.531, prmsd_loss=2.863, ups=0.41, bsz=8, num_updates=8950, lr=7.38966e-06, gnorm=75.132, clip=100, loss_scale=1, train_wall=122.3, gb_free=31.4, wall=142260
2026-06-30 09:42:37 | INFO | train_inner | epoch 004:    214 / 2931 loss=6.125, train_loss=6.125, cross_distance_loss=0.851, distance_loss=0.404, coord_loss=4.581, RMSD=4.579, prmsd_loss=2.887, ups=0.38, bsz=8, num_updates=9000, lr=7.37152e-06, gnorm=64.249, clip=100, loss_scale=1, train_wall=131.86, gb_free=31, wall=142392
2026-06-30 09:42:37 | INFO | unicore_cli.train | begin validation on "valid" subset
2026-06-30 09:42:37 | INFO | unicore.tasks.unicore_task | get EpochBatchIterator for epoch 1
2026-06-30 11:12:18 | INFO | valid | epoch 004 | valid on 'valid' subset | loss 6.262 | valid_loss 6.262 | cross_distance_loss 0.857 | distance_loss 0.276 | coord_loss 4.813 | RMSD 4.805 | prmsd_loss 3.171 | bsz 26010 | num_updates 9000 | best_loss 5.957
2026-06-30 11:12:18 | INFO | unicore.checkpoint_utils | Preparing to save checkpoint for epoch 4 @ 9000 updates
2026-06-30 11:12:18 | INFO | unicore.trainer | Saving checkpoint to ./checkpoint_4_9000.pt
2026-06-30 11:12:22 | INFO | unicore.trainer | Finished saving checkpoint to ./checkpoint_4_9000.pt
2026-06-30 11:12:22 | INFO | unicore.checkpoint_utils | Saved checkpoint ./checkpoint_4_9000.pt (epoch 4 @ 9000 updates, score 6.262) (writing took 4.4371585715562105 seconds)
2026-06-30 11:12:22 | INFO | unicore.checkpoint_utils | copy ./checkpoint_4_9000.pt to /home/bdldt_team007/DLDockingBenchSeminar/run4/checkpoints/checkpoint_4_9000.pt
2026-06-30 11:12:27 | INFO | unicore.checkpoint_utils | copy ./checkpoint_4_9000.pt to /home/bdldt_team007/DLDockingBenchSeminar/run4/checkpoints/checkpoint_last.pt
2026-06-30 11:12:30 | INFO | unicore.checkpoint_utils | removing temp file ./checkpoint_4_9000.pt ...
2026-06-30 11:12:30 | INFO | unicore.checkpoint_utils | finished async ckp saving.
2026-06-30 11:14:30 | INFO | train_inner | epoch 004:    264 / 2931 loss=5.937, train_loss=5.937, cross_distance_loss=0.835, distance_loss=0.355, coord_loss=4.453, RMSD=4.452, prmsd_loss=2.938, ups=0.01, bsz=8, num_updates=9050, lr=7.35337e-06, gnorm=50.722, clip=100, loss_scale=1, train_wall=128.28, gb_free=30.9, wall=147906
2026-06-30 11:16:53 | INFO | train_inner | epoch 004:    314 / 2931 loss=6.166, train_loss=6.166, cross_distance_loss=0.861, distance_loss=0.376, coord_loss=4.637, RMSD=4.637, prmsd_loss=2.925, ups=0.35, bsz=8, num_updates=9100, lr=7.33522e-06, gnorm=31.598, clip=100, loss_scale=1, train_wall=142.86, gb_free=28.7, wall=148048
2026-06-30 11:18:49 | INFO | train_inner | epoch 004:    364 / 2931 loss=5.904, train_loss=5.904, cross_distance_loss=0.846, distance_loss=0.363, coord_loss=4.402, RMSD=4.402, prmsd_loss=2.934, ups=0.43, bsz=8, num_updates=9150, lr=7.31707e-06, gnorm=67.732, clip=100, loss_scale=1, train_wall=115.06, gb_free=31.8, wall=148164
2026-06-30 11:20:56 | INFO | train_inner | epoch 004:    414 / 2931 loss=6.057, train_loss=6.057, cross_distance_loss=0.853, distance_loss=0.389, coord_loss=4.528, RMSD=4.527, prmsd_loss=2.875, ups=0.39, bsz=8, num_updates=9200, lr=7.29893e-06, gnorm=28.851, clip=100, loss_scale=1, train_wall=126.85, gb_free=30.1, wall=148291
2026-06-30 11:23:07 | INFO | train_inner | epoch 004:    464 / 2931 loss=6.032, train_loss=6.032, cross_distance_loss=0.849, distance_loss=0.356, coord_loss=4.532, RMSD=4.531, prmsd_loss=2.947, ups=0.38, bsz=8, num_updates=9250, lr=7.28078e-06, gnorm=27.687, clip=100, loss_scale=1, train_wall=131.18, gb_free=31, wall=148422
2026-06-30 11:25:09 | INFO | train_inner | epoch 004:    514 / 2931 loss=6.064, train_loss=6.064, cross_distance_loss=0.861, distance_loss=0.393, coord_loss=4.516, RMSD=4.514, prmsd_loss=2.935, ups=0.41, bsz=8, num_updates=9300, lr=7.26263e-06, gnorm=46.973, clip=100, loss_scale=1, train_wall=121.89, gb_free=30.9, wall=148544
2026-06-30 11:27:13 | INFO | train_inner | epoch 004:    564 / 2931 loss=5.971, train_loss=5.971, cross_distance_loss=0.831, distance_loss=0.398, coord_loss=4.451, RMSD=4.45, prmsd_loss=2.909, ups=0.4, bsz=8, num_updates=9350, lr=7.24448e-06, gnorm=89.691, clip=100, loss_scale=1, train_wall=124.25, gb_free=22.5, wall=148668
2026-06-30 11:29:25 | INFO | train_inner | epoch 004:    614 / 2931 loss=5.952, train_loss=5.952, cross_distance_loss=0.843, distance_loss=0.41, coord_loss=4.403, RMSD=4.402, prmsd_loss=2.946, ups=0.38, bsz=8, num_updates=9400, lr=7.22634e-06, gnorm=41.309, clip=100, loss_scale=1, train_wall=131.87, gb_free=25.5, wall=148800
2026-06-30 11:31:37 | INFO | train_inner | epoch 004:    664 / 2931 loss=5.879, train_loss=5.879, cross_distance_loss=0.825, distance_loss=0.416, coord_loss=4.345, RMSD=4.344, prmsd_loss=2.927, ups=0.38, bsz=8, num_updates=9450, lr=7.20819e-06, gnorm=42.228, clip=100, loss_scale=1, train_wall=131.36, gb_free=31, wall=148932
2026-06-30 11:33:53 | INFO | train_inner | epoch 004:    714 / 2931 loss=5.957, train_loss=5.957, cross_distance_loss=0.855, distance_loss=0.38, coord_loss=4.428, RMSD=4.427, prmsd_loss=2.936, ups=0.37, bsz=8, num_updates=9500, lr=7.19004e-06, gnorm=40.123, clip=100, loss_scale=1, train_wall=136.65, gb_free=30.1, wall=149068
2026-06-30 11:33:53 | INFO | unicore_cli.train | begin validation on "valid" subset
2026-06-30 11:33:53 | INFO | unicore.tasks.unicore_task | get EpochBatchIterator for epoch 1
2026-06-30 13:02:39 | INFO | valid | epoch 004 | valid on 'valid' subset | loss 5.889 | valid_loss 5.889 | cross_distance_loss 0.826 | distance_loss 0.274 | coord_loss 4.489 | RMSD 4.487 | prmsd_loss 2.998 | bsz 26010 | num_updates 9500 | best_loss 5.889
2026-06-30 13:02:39 | INFO | unicore.checkpoint_utils | Preparing to save checkpoint for epoch 4 @ 9500 updates
2026-06-30 13:02:39 | INFO | unicore.trainer | Saving checkpoint to ./checkpoint_4_9500.pt
2026-06-30 13:02:43 | INFO | unicore.trainer | Finished saving checkpoint to ./checkpoint_4_9500.pt
2026-06-30 13:02:44 | INFO | unicore.checkpoint_utils | Saved checkpoint ./checkpoint_4_9500.pt (epoch 4 @ 9500 updates, score 5.889) (writing took 4.664620291441679 seconds)
2026-06-30 13:02:44 | INFO | unicore.checkpoint_utils | copy ./checkpoint_4_9500.pt to /home/bdldt_team007/DLDockingBenchSeminar/run4/checkpoints/checkpoint_4_9500.pt
2026-06-30 13:02:49 | INFO | unicore.checkpoint_utils | copy ./checkpoint_4_9500.pt to /home/bdldt_team007/DLDockingBenchSeminar/run4/checkpoints/checkpoint_best.pt
2026-06-30 13:02:51 | INFO | unicore.checkpoint_utils | copy ./checkpoint_4_9500.pt to /home/bdldt_team007/DLDockingBenchSeminar/run4/checkpoints/checkpoint_last.pt
2026-06-30 13:02:54 | INFO | unicore.checkpoint_utils | removing temp file ./checkpoint_4_9500.pt ...
2026-06-30 13:02:54 | INFO | unicore.checkpoint_utils | finished async ckp saving.
2026-06-30 13:04:45 | INFO | train_inner | epoch 004:    764 / 2931 loss=6.045, train_loss=6.045, cross_distance_loss=0.861, distance_loss=0.385, coord_loss=4.507, RMSD=4.507, prmsd_loss=2.918, ups=0.01, bsz=8, num_updates=9550, lr=7.17189e-06, gnorm=42.589, clip=100, loss_scale=1, train_wall=121.79, gb_free=30.1, wall=154520
2026-06-30 13:06:52 | INFO | train_inner | epoch 004:    814 / 2931 loss=6.153, train_loss=6.153, cross_distance_loss=0.831, distance_loss=0.412, coord_loss=4.626, RMSD=4.625, prmsd_loss=2.839, ups=0.4, bsz=8, num_updates=9600, lr=7.15375e-06, gnorm=54.856, clip=100, loss_scale=1, train_wall=126.21, gb_free=32.2, wall=154647
2026-06-30 13:09:03 | INFO | train_inner | epoch 004:    864 / 2931 loss=6.104, train_loss=6.104, cross_distance_loss=0.855, distance_loss=0.416, coord_loss=4.544, RMSD=4.544, prmsd_loss=2.887, ups=0.38, bsz=8, num_updates=9650, lr=7.1356e-06, gnorm=57.063, clip=100, loss_scale=1, train_wall=131.52, gb_free=28.7, wall=154778
2026-06-30 13:11:03 | INFO | train_inner | epoch 004:    914 / 2931 loss=5.998, train_loss=5.998, cross_distance_loss=0.85, distance_loss=0.373, coord_loss=4.481, RMSD=4.48, prmsd_loss=2.941, ups=0.42, bsz=8, num_updates=9700, lr=7.11745e-06, gnorm=18.685, clip=100, loss_scale=1, train_wall=119.54, gb_free=31.1, wall=154898
2026-06-30 13:12:57 | INFO | train_inner | epoch 004:    964 / 2931 loss=5.79, train_loss=5.79, cross_distance_loss=0.836, distance_loss=0.308, coord_loss=4.353, RMSD=4.352, prmsd_loss=2.926, ups=0.44, bsz=8, num_updates=9750, lr=7.0993e-06, gnorm=83.608, clip=100, loss_scale=1, train_wall=113.63, gb_free=32.8, wall=155012
2026-06-30 13:15:00 | INFO | train_inner | epoch 004:   1014 / 2931 loss=6.125, train_loss=6.125, cross_distance_loss=0.835, distance_loss=0.399, coord_loss=4.602, RMSD=4.601, prmsd_loss=2.896, ups=0.41, bsz=8, num_updates=9800, lr=7.08116e-06, gnorm=85.243, clip=100, loss_scale=1, train_wall=122.96, gb_free=29.7, wall=155135
2026-06-30 13:16:53 | INFO | train_inner | epoch 004:   1064 / 2931 loss=5.987, train_loss=5.987, cross_distance_loss=0.854, distance_loss=0.382, coord_loss=4.462, RMSD=4.461, prmsd_loss=2.892, ups=0.44, bsz=8, num_updates=9850, lr=7.06301e-06, gnorm=293.969, clip=100, loss_scale=1, train_wall=113.15, gb_free=29.7, wall=155248
2026-06-30 13:19:06 | INFO | train_inner | epoch 004:   1114 / 2931 loss=6.029, train_loss=6.029, cross_distance_loss=0.837, distance_loss=0.363, coord_loss=4.538, RMSD=4.537, prmsd_loss=2.918, ups=0.38, bsz=8, num_updates=9900, lr=7.04486e-06, gnorm=64.365, clip=100, loss_scale=1, train_wall=132.39, gb_free=27.7, wall=155381
2026-06-30 13:21:09 | INFO | train_inner | epoch 004:   1164 / 2931 loss=5.837, train_loss=5.837, cross_distance_loss=0.846, distance_loss=0.382, coord_loss=4.319, RMSD=4.318, prmsd_loss=2.896, ups=0.4, bsz=8, num_updates=9950, lr=7.02671e-06, gnorm=51.154, clip=100, loss_scale=1, train_wall=123.36, gb_free=33.2, wall=155504
2026-06-30 13:23:07 | INFO | train_inner | epoch 004:   1214 / 2931 loss=5.923, train_loss=5.923, cross_distance_loss=0.837, distance_loss=0.39, coord_loss=4.404, RMSD=4.403, prmsd_loss=2.917, ups=0.42, bsz=8, num_updates=10000, lr=7.00857e-06, gnorm=45.247, clip=100, loss_scale=1, train_wall=118.2, gb_free=31.8, wall=155622
2026-06-30 13:23:07 | INFO | unicore_cli.train | begin validation on "valid" subset
2026-06-30 13:23:07 | INFO | unicore.tasks.unicore_task | get EpochBatchIterator for epoch 1
2026-06-30 14:52:37 | INFO | valid | epoch 004 | valid on 'valid' subset | loss 6.054 | valid_loss 6.054 | cross_distance_loss 0.822 | distance_loss 0.277 | coord_loss 4.64 | RMSD 4.635 | prmsd_loss 3.137 | bsz 26010 | num_updates 10000 | best_loss 5.889
2026-06-30 14:52:37 | INFO | unicore.checkpoint_utils | Preparing to save checkpoint for epoch 4 @ 10000 updates
2026-06-30 14:52:37 | INFO | unicore.trainer | Saving checkpoint to ./checkpoint_4_10000.pt
2026-06-30 14:52:42 | INFO | unicore.trainer | Finished saving checkpoint to ./checkpoint_4_10000.pt
2026-06-30 14:52:42 | INFO | unicore.checkpoint_utils | Saved checkpoint ./checkpoint_4_10000.pt (epoch 4 @ 10000 updates, score 6.054) (writing took 4.632632257416844 seconds)
2026-06-30 14:52:42 | INFO | unicore.checkpoint_utils | copy ./checkpoint_4_10000.pt to /home/bdldt_team007/DLDockingBenchSeminar/run4/checkpoints/checkpoint_4_10000.pt
2026-06-30 14:52:47 | INFO | unicore.checkpoint_utils | copy ./checkpoint_4_10000.pt to /home/bdldt_team007/DLDockingBenchSeminar/run4/checkpoints/checkpoint_last.pt
2026-06-30 14:52:49 | INFO | unicore.checkpoint_utils | removing temp file ./checkpoint_4_10000.pt ...
2026-06-30 14:52:50 | INFO | unicore.checkpoint_utils | finished async ckp saving.
2026-06-30 14:54:53 | INFO | train_inner | epoch 004:   1264 / 2931 loss=5.773, train_loss=5.773, cross_distance_loss=0.813, distance_loss=0.357, coord_loss=4.312, RMSD=4.312, prmsd_loss=2.912, ups=0.01, bsz=8, num_updates=10050, lr=6.99042e-06, gnorm=67.441, clip=100, loss_scale=1, train_wall=131.26, gb_free=32.9, wall=161128
2026-06-30 14:56:46 | INFO | train_inner | epoch 004:   1314 / 2931 loss=6.066, train_loss=6.066, cross_distance_loss=0.834, distance_loss=0.437, coord_loss=4.51, RMSD=4.509, prmsd_loss=2.858, ups=0.44, bsz=8, num_updates=10100, lr=6.97227e-06, gnorm=28.969, clip=100, loss_scale=1, train_wall=113.04, gb_free=29.7, wall=161241
2026-06-30 14:58:43 | INFO | train_inner | epoch 004:   1364 / 2931 loss=5.869, train_loss=5.869, cross_distance_loss=0.83, distance_loss=0.348, coord_loss=4.403, RMSD=4.403, prmsd_loss=2.88, ups=0.43, bsz=8, num_updates=10150, lr=6.95412e-06, gnorm=29.95, clip=100, loss_scale=1, train_wall=116.11, gb_free=30.5, wall=161358
2026-06-30 15:00:41 | INFO | train_inner | epoch 004:   1414 / 2931 loss=5.891, train_loss=5.891, cross_distance_loss=0.849, distance_loss=0.372, coord_loss=4.376, RMSD=4.375, prmsd_loss=2.938, ups=0.42, bsz=8, num_updates=10200, lr=6.93598e-06, gnorm=41.194, clip=100, loss_scale=1, train_wall=118.74, gb_free=32.9, wall=161476
2026-06-30 15:02:45 | INFO | train_inner | epoch 004:   1464 / 2931 loss=5.856, train_loss=5.856, cross_distance_loss=0.835, distance_loss=0.374, coord_loss=4.361, RMSD=4.36, prmsd_loss=2.866, ups=0.41, bsz=8, num_updates=10250, lr=6.91783e-06, gnorm=104.401, clip=100, loss_scale=1, train_wall=123.25, gb_free=29.2, wall=161600
2026-06-30 15:04:50 | INFO | train_inner | epoch 004:   1514 / 2931 loss=5.958, train_loss=5.958, cross_distance_loss=0.843, distance_loss=0.415, coord_loss=4.414, RMSD=4.413, prmsd_loss=2.869, ups=0.4, bsz=8, num_updates=10300, lr=6.89968e-06, gnorm=22.939, clip=100, loss_scale=1, train_wall=124.98, gb_free=30.1, wall=161725
2026-06-30 15:07:02 | INFO | train_inner | epoch 004:   1564 / 2931 loss=5.885, train_loss=5.885, cross_distance_loss=0.845, distance_loss=0.379, coord_loss=4.372, RMSD=4.37, prmsd_loss=2.901, ups=0.38, bsz=8, num_updates=10350, lr=6.88153e-06, gnorm=45.444, clip=100, loss_scale=1, train_wall=131.7, gb_free=30.9, wall=161857
2026-06-30 15:08:49 | INFO | train_inner | epoch 004:   1614 / 2931 loss=5.766, train_loss=5.766, cross_distance_loss=0.825, distance_loss=0.339, coord_loss=4.309, RMSD=4.308, prmsd_loss=2.937, ups=0.47, bsz=8, num_updates=10400, lr=6.86339e-06, gnorm=58.395, clip=100, loss_scale=1, train_wall=106.81, gb_free=31, wall=161964
2026-06-30 15:10:54 | INFO | train_inner | epoch 004:   1664 / 2931 loss=6.047, train_loss=6.047, cross_distance_loss=0.84, distance_loss=0.382, coord_loss=4.535, RMSD=4.534, prmsd_loss=2.905, ups=0.4, bsz=8, num_updates=10450, lr=6.84524e-06, gnorm=54.634, clip=100, loss_scale=1, train_wall=125.64, gb_free=30.2, wall=162089
2026-06-30 15:12:57 | INFO | train_inner | epoch 004:   1714 / 2931 loss=5.829, train_loss=5.829, cross_distance_loss=0.819, distance_loss=0.39, coord_loss=4.329, RMSD=4.328, prmsd_loss=2.911, ups=0.41, bsz=8, num_updates=10500, lr=6.82709e-06, gnorm=49.099, clip=100, loss_scale=1, train_wall=122.34, gb_free=30.6, wall=162212
2026-06-30 15:12:57 | INFO | unicore_cli.train | begin validation on "valid" subset
2026-06-30 15:12:57 | INFO | unicore.tasks.unicore_task | get EpochBatchIterator for epoch 1
2026-06-30 16:39:40 | INFO | valid | epoch 004 | valid on 'valid' subset | loss 5.777 | valid_loss 5.777 | cross_distance_loss 0.814 | distance_loss 0.274 | coord_loss 4.395 | RMSD 4.39 | prmsd_loss 2.949 | bsz 26010 | num_updates 10500 | best_loss 5.777
2026-06-30 16:39:40 | INFO | unicore.checkpoint_utils | Preparing to save checkpoint for epoch 4 @ 10500 updates
2026-06-30 16:39:40 | INFO | unicore.trainer | Saving checkpoint to ./checkpoint_4_10500.pt
2026-06-30 16:39:44 | INFO | unicore.trainer | Finished saving checkpoint to ./checkpoint_4_10500.pt
2026-06-30 16:39:44 | INFO | unicore.checkpoint_utils | Saved checkpoint ./checkpoint_4_10500.pt (epoch 4 @ 10500 updates, score 5.777) (writing took 4.404374631121755 seconds)
2026-06-30 16:39:44 | INFO | unicore.checkpoint_utils | copy ./checkpoint_4_10500.pt to /home/bdldt_team007/DLDockingBenchSeminar/run4/checkpoints/checkpoint_4_10500.pt
2026-06-30 16:39:49 | INFO | unicore.checkpoint_utils | copy ./checkpoint_4_10500.pt to /home/bdldt_team007/DLDockingBenchSeminar/run4/checkpoints/checkpoint_best.pt
2026-06-30 16:39:52 | INFO | unicore.checkpoint_utils | copy ./checkpoint_4_10500.pt to /home/bdldt_team007/DLDockingBenchSeminar/run4/checkpoints/checkpoint_last.pt
2026-06-30 16:39:54 | INFO | unicore.checkpoint_utils | removing temp file ./checkpoint_4_10500.pt ...
2026-06-30 16:39:55 | INFO | unicore.checkpoint_utils | finished async ckp saving.
2026-06-30 16:41:42 | INFO | train_inner | epoch 004:   1764 / 2931 loss=5.514, train_loss=5.514, cross_distance_loss=0.821, distance_loss=0.336, coord_loss=4.063, RMSD=4.062, prmsd_loss=2.939, ups=0.01, bsz=8, num_updates=10550, lr=6.80894e-06, gnorm=48.187, clip=100, loss_scale=1, train_wall=117.64, gb_free=33.2, wall=167537
2026-06-30 16:43:49 | INFO | train_inner | epoch 004:   1814 / 2931 loss=5.825, train_loss=5.825, cross_distance_loss=0.836, distance_loss=0.398, coord_loss=4.301, RMSD=4.3, prmsd_loss=2.906, ups=0.39, bsz=8, num_updates=10600, lr=6.7908e-06, gnorm=53.354, clip=100, loss_scale=1, train_wall=126.91, gb_free=31.8, wall=167664
2026-06-30 16:45:54 | INFO | train_inner | epoch 004:   1864 / 2931 loss=5.848, train_loss=5.848, cross_distance_loss=0.837, distance_loss=0.376, coord_loss=4.345, RMSD=4.345, prmsd_loss=2.894, ups=0.4, bsz=8, num_updates=10650, lr=6.77265e-06, gnorm=20.968, clip=100, loss_scale=1, train_wall=125.26, gb_free=28.2, wall=167789
2026-06-30 16:48:03 | INFO | train_inner | epoch 004:   1914 / 2931 loss=5.844, train_loss=5.844, cross_distance_loss=0.828, distance_loss=0.373, coord_loss=4.355, RMSD=4.354, prmsd_loss=2.888, ups=0.39, bsz=8, num_updates=10700, lr=6.7545e-06, gnorm=28.898, clip=100, loss_scale=1, train_wall=128.89, gb_free=31.1, wall=167918
2026-06-30 16:50:05 | INFO | train_inner | epoch 004:   1964 / 2931 loss=5.857, train_loss=5.857, cross_distance_loss=0.816, distance_loss=0.37, coord_loss=4.384, RMSD=4.382, prmsd_loss=2.879, ups=0.41, bsz=8, num_updates=10750, lr=6.73635e-06, gnorm=47.631, clip=100, loss_scale=1, train_wall=121.83, gb_free=32.2, wall=168040
2026-06-30 16:52:17 | INFO | train_inner | epoch 004:   2014 / 2931 loss=5.861, train_loss=5.861, cross_distance_loss=0.825, distance_loss=0.389, coord_loss=4.356, RMSD=4.355, prmsd_loss=2.915, ups=0.38, bsz=8, num_updates=10800, lr=6.71821e-06, gnorm=49.562, clip=100, loss_scale=1, train_wall=132.25, gb_free=32.9, wall=168173
2026-06-30 16:54:22 | INFO | train_inner | epoch 004:   2064 / 2931 loss=5.962, train_loss=5.962, cross_distance_loss=0.832, distance_loss=0.392, coord_loss=4.448, RMSD=4.448, prmsd_loss=2.903, ups=0.4, bsz=8, num_updates=10850, lr=6.70006e-06, gnorm=29.81, clip=100, loss_scale=1, train_wall=123.94, gb_free=31.4, wall=168297
2026-06-30 16:56:21 | INFO | train_inner | epoch 004:   2114 / 2931 loss=5.799, train_loss=5.799, cross_distance_loss=0.816, distance_loss=0.363, coord_loss=4.328, RMSD=4.327, prmsd_loss=2.919, ups=0.42, bsz=8, num_updates=10900, lr=6.68191e-06, gnorm=40.236, clip=100, loss_scale=1, train_wall=118.91, gb_free=24.4, wall=168416
2026-06-30 16:58:35 | INFO | train_inner | epoch 004:   2164 / 2931 loss=5.97, train_loss=5.97, cross_distance_loss=0.851, distance_loss=0.398, coord_loss=4.434, RMSD=4.433, prmsd_loss=2.868, ups=0.37, bsz=8, num_updates=10950, lr=6.66376e-06, gnorm=22.083, clip=100, loss_scale=1, train_wall=134.12, gb_free=33.6, wall=168550
2026-06-30 17:00:44 | INFO | train_inner | epoch 004:   2214 / 2931 loss=5.779, train_loss=5.779, cross_distance_loss=0.841, distance_loss=0.38, coord_loss=4.271, RMSD=4.27, prmsd_loss=2.885, ups=0.39, bsz=8, num_updates=11000, lr=6.64562e-06, gnorm=27.281, clip=100, loss_scale=1, train_wall=129.11, gb_free=29.2, wall=168679
2026-06-30 17:00:44 | INFO | unicore_cli.train | begin validation on "valid" subset
2026-06-30 17:00:44 | INFO | unicore.tasks.unicore_task | get EpochBatchIterator for epoch 1
2026-06-30 18:34:07 | INFO | valid | epoch 004 | valid on 'valid' subset | loss 5.766 | valid_loss 5.766 | cross_distance_loss 0.793 | distance_loss 0.272 | coord_loss 4.412 | RMSD 4.408 | prmsd_loss 2.893 | bsz 26010 | num_updates 11000 | best_loss 5.766
2026-06-30 18:34:07 | INFO | unicore.checkpoint_utils | Preparing to save checkpoint for epoch 4 @ 11000 updates
2026-06-30 18:34:07 | INFO | unicore.trainer | Saving checkpoint to ./checkpoint_4_11000.pt
2026-06-30 18:34:11 | INFO | unicore.trainer | Finished saving checkpoint to ./checkpoint_4_11000.pt
2026-06-30 18:34:11 | INFO | unicore.checkpoint_utils | Saved checkpoint ./checkpoint_4_11000.pt (epoch 4 @ 11000 updates, score 5.766) (writing took 4.376386854797602 seconds)
2026-06-30 18:34:11 | INFO | unicore.checkpoint_utils | copy ./checkpoint_4_11000.pt to /home/bdldt_team007/DLDockingBenchSeminar/run4/checkpoints/checkpoint_4_11000.pt
2026-06-30 18:34:16 | INFO | unicore.checkpoint_utils | copy ./checkpoint_4_11000.pt to /home/bdldt_team007/DLDockingBenchSeminar/run4/checkpoints/checkpoint_best.pt
2026-06-30 18:34:19 | INFO | unicore.checkpoint_utils | copy ./checkpoint_4_11000.pt to /home/bdldt_team007/DLDockingBenchSeminar/run4/checkpoints/checkpoint_last.pt
2026-06-30 18:34:21 | INFO | unicore.checkpoint_utils | removing temp file ./checkpoint_4_11000.pt ...
2026-06-30 18:34:22 | INFO | unicore.checkpoint_utils | finished async ckp saving.
2026-06-30 18:36:29 | INFO | train_inner | epoch 004:   2264 / 2931 loss=6.007, train_loss=6.007, cross_distance_loss=0.825, distance_loss=0.363, coord_loss=4.531, RMSD=4.531, prmsd_loss=2.872, ups=0.01, bsz=8, num_updates=11050, lr=6.62747e-06, gnorm=48.422, clip=100, loss_scale=1, train_wall=137.98, gb_free=28.2, wall=174424
2026-06-30 18:38:38 | INFO | train_inner | epoch 004:   2314 / 2931 loss=5.724, train_loss=5.724, cross_distance_loss=0.814, distance_loss=0.355, coord_loss=4.265, RMSD=4.265, prmsd_loss=2.903, ups=0.39, bsz=8, num_updates=11100, lr=6.60932e-06, gnorm=73.137, clip=100, loss_scale=1, train_wall=128.16, gb_free=31.4, wall=174553
2026-06-30 18:40:48 | INFO | train_inner | epoch 004:   2364 / 2931 loss=5.827, train_loss=5.827, cross_distance_loss=0.833, distance_loss=0.348, coord_loss=4.356, RMSD=4.355, prmsd_loss=2.899, ups=0.38, bsz=8, num_updates=11150, lr=6.59117e-06, gnorm=37.422, clip=100, loss_scale=1, train_wall=130.47, gb_free=32.2, wall=174683
2026-06-30 18:42:51 | INFO | train_inner | epoch 004:   2414 / 2931 loss=5.891, train_loss=5.891, cross_distance_loss=0.834, distance_loss=0.373, coord_loss=4.392, RMSD=4.392, prmsd_loss=2.918, ups=0.41, bsz=8, num_updates=11200, lr=6.57303e-06, gnorm=28.04, clip=100, loss_scale=1, train_wall=123.15, gb_free=29.7, wall=174806
2026-06-30 18:44:53 | INFO | train_inner | epoch 004:   2464 / 2931 loss=5.824, train_loss=5.824, cross_distance_loss=0.812, distance_loss=0.33, coord_loss=4.393, RMSD=4.392, prmsd_loss=2.898, ups=0.41, bsz=8, num_updates=11250, lr=6.55488e-06, gnorm=73.161, clip=100, loss_scale=1, train_wall=122.01, gb_free=31, wall=174929
2026-06-30 18:47:04 | INFO | train_inner | epoch 004:   2514 / 2931 loss=5.932, train_loss=5.932, cross_distance_loss=0.832, distance_loss=0.439, coord_loss=4.372, RMSD=4.371, prmsd_loss=2.887, ups=0.38, bsz=8, num_updates=11300, lr=6.53673e-06, gnorm=32.742, clip=100, loss_scale=1, train_wall=130.16, gb_free=30.5, wall=175059
2026-06-30 18:49:03 | INFO | train_inner | epoch 004:   2564 / 2931 loss=5.669, train_loss=5.669, cross_distance_loss=0.813, distance_loss=0.347, coord_loss=4.221, RMSD=4.22, prmsd_loss=2.884, ups=0.42, bsz=8, num_updates=11350, lr=6.51858e-06, gnorm=53.437, clip=100, loss_scale=1, train_wall=118.82, gb_free=29.8, wall=175178
2026-06-30 18:51:20 | INFO | train_inner | epoch 004:   2614 / 2931 loss=6.335, train_loss=6.335, cross_distance_loss=0.851, distance_loss=0.502, coord_loss=4.704, RMSD=4.703, prmsd_loss=2.785, ups=0.36, bsz=8, num_updates=11400, lr=6.50044e-06, gnorm=42.792, clip=100, loss_scale=1, train_wall=137.02, gb_free=23.8, wall=175315
2026-06-30 18:53:30 | INFO | train_inner | epoch 004:   2664 / 2931 loss=5.786, train_loss=5.786, cross_distance_loss=0.804, distance_loss=0.384, coord_loss=4.304, RMSD=4.303, prmsd_loss=2.934, ups=0.38, bsz=8, num_updates=11450, lr=6.48229e-06, gnorm=17.27, clip=100, loss_scale=1, train_wall=130.58, gb_free=29.7, wall=175446
2026-06-30 18:55:38 | INFO | train_inner | epoch 004:   2714 / 2931 loss=5.921, train_loss=5.921, cross_distance_loss=0.83, distance_loss=0.434, coord_loss=4.373, RMSD=4.372, prmsd_loss=2.839, ups=0.39, bsz=8, num_updates=11500, lr=6.46414e-06, gnorm=24.026, clip=100, loss_scale=1, train_wall=126.96, gb_free=32.5, wall=175573
2026-06-30 18:55:38 | INFO | unicore_cli.train | begin validation on "valid" subset
2026-06-30 18:55:38 | INFO | unicore.tasks.unicore_task | get EpochBatchIterator for epoch 1
2026-06-30 20:19:16 | INFO | valid | epoch 004 | valid on 'valid' subset | loss 5.888 | valid_loss 5.888 | cross_distance_loss 0.803 | distance_loss 0.27 | coord_loss 4.509 | RMSD 4.505 | prmsd_loss 3.068 | bsz 26010 | num_updates 11500 | best_loss 5.766
2026-06-30 20:19:16 | INFO | unicore.checkpoint_utils | Preparing to save checkpoint for epoch 4 @ 11500 updates
2026-06-30 20:19:16 | INFO | unicore.trainer | Saving checkpoint to ./checkpoint_4_11500.pt
2026-06-30 20:19:21 | INFO | unicore.trainer | Finished saving checkpoint to ./checkpoint_4_11500.pt
2026-06-30 20:19:21 | INFO | unicore.checkpoint_utils | Saved checkpoint ./checkpoint_4_11500.pt (epoch 4 @ 11500 updates, score 5.888) (writing took 4.491473998874426 seconds)
2026-06-30 20:19:21 | INFO | unicore.checkpoint_utils | copy ./checkpoint_4_11500.pt to /home/bdldt_team007/DLDockingBenchSeminar/run4/checkpoints/checkpoint_4_11500.pt
2026-06-30 20:19:26 | INFO | unicore.checkpoint_utils | copy ./checkpoint_4_11500.pt to /home/bdldt_team007/DLDockingBenchSeminar/run4/checkpoints/checkpoint_last.pt
2026-06-30 20:19:28 | INFO | unicore.checkpoint_utils | removing temp file ./checkpoint_4_11500.pt ...
2026-06-30 20:19:29 | INFO | unicore.checkpoint_utils | finished async ckp saving.
2026-06-30 20:21:29 | INFO | train_inner | epoch 004:   2764 / 2931 loss=5.938, train_loss=5.938, cross_distance_loss=0.825, distance_loss=0.399, coord_loss=4.425, RMSD=4.424, prmsd_loss=2.894, ups=0.01, bsz=8, num_updates=11550, lr=6.44599e-06, gnorm=29.705, clip=100, loss_scale=1, train_wall=127.94, gb_free=25.5, wall=180724
2026-06-30 20:23:21 | INFO | train_inner | epoch 004:   2814 / 2931 loss=5.538, train_loss=5.538, cross_distance_loss=0.802, distance_loss=0.288, coord_loss=4.153, RMSD=4.152, prmsd_loss=2.954, ups=0.45, bsz=8, num_updates=11600, lr=6.42785e-06, gnorm=31.838, clip=100, loss_scale=1, train_wall=111.75, gb_free=33.6, wall=180836
2026-06-30 20:25:29 | INFO | train_inner | epoch 004:   2864 / 2931 loss=6.086, train_loss=6.086, cross_distance_loss=0.829, distance_loss=0.43, coord_loss=4.536, RMSD=4.535, prmsd_loss=2.907, ups=0.39, bsz=8, num_updates=11650, lr=6.4097e-06, gnorm=32.644, clip=100, loss_scale=1, train_wall=127.9, gb_free=32.5, wall=180964
2026-06-30 20:27:34 | INFO | train_inner | epoch 004:   2914 / 2931 loss=5.802, train_loss=5.802, cross_distance_loss=0.827, distance_loss=0.376, coord_loss=4.308, RMSD=4.307, prmsd_loss=2.911, ups=0.4, bsz=8, num_updates=11700, lr=6.39155e-06, gnorm=37.724, clip=100, loss_scale=1, train_wall=124.66, gb_free=31.8, wall=181089
2026-06-30 20:28:14 | INFO | unicore_cli.train | begin validation on "valid" subset
2026-06-30 20:28:14 | INFO | unicore.tasks.unicore_task | get EpochBatchIterator for epoch 1
2026-06-30 21:59:48 | INFO | valid | epoch 004 | valid on 'valid' subset | loss 5.654 | valid_loss 5.654 | cross_distance_loss 0.813 | distance_loss 0.271 | coord_loss 4.271 | RMSD 4.267 | prmsd_loss 2.986 | bsz 26010 | num_updates 11717 | best_loss 5.654
2026-06-30 21:59:48 | INFO | unicore.checkpoint_utils | Preparing to save checkpoint for epoch 4 @ 11717 updates
2026-06-30 21:59:48 | INFO | unicore.trainer | Saving checkpoint to ./checkpoint4.pt
2026-06-30 21:59:53 | INFO | unicore.trainer | Finished saving checkpoint to ./checkpoint4.pt
2026-06-30 21:59:53 | INFO | unicore.checkpoint_utils | Saved checkpoint ./checkpoint4.pt (epoch 4 @ 11717 updates, score 5.654) (writing took 4.632964141666889 seconds)
2026-06-30 21:59:53 | INFO | unicore_cli.train | end of epoch 4 (average epoch stats below)
2026-06-30 21:59:53 | INFO | unicore.checkpoint_utils | copy ./checkpoint4.pt to /home/bdldt_team007/DLDockingBenchSeminar/run4/checkpoints/checkpoint4.pt
2026-06-30 21:59:53 | INFO | train | epoch 004 | loss 5.924 | train_loss 5.924 | cross_distance_loss 0.835 | distance_loss 0.383 | coord_loss 4.415 | RMSD 4.414 | prmsd_loss 2.903 | ups 0.07 | bsz 8 | num_updates 11717 | lr 6.38538e-06 | gnorm 49.909 | clip 100 | loss_scale 1 | train_wall 7341.27 | gb_free 32.2 | wall 186628
2026-06-30 21:59:53 | INFO | unicore.tasks.unicore_task | get EpochBatchIterator for epoch 5
2026-06-30 21:59:53 | INFO | unicore.trainer | begin training epoch 5
2026-06-30 21:59:53 | INFO | unicore_cli.train | Start iterating over samples
2026-06-30 21:59:58 | INFO | unicore.checkpoint_utils | copy ./checkpoint4.pt to /home/bdldt_team007/DLDockingBenchSeminar/run4/checkpoints/checkpoint_best.pt
2026-06-30 22:00:00 | INFO | unicore.checkpoint_utils | copy ./checkpoint4.pt to /home/bdldt_team007/DLDockingBenchSeminar/run4/checkpoints/checkpoint_last.pt
2026-06-30 22:00:03 | INFO | unicore.checkpoint_utils | removing temp file ./checkpoint4.pt ...
2026-06-30 22:00:03 | INFO | unicore.checkpoint_utils | finished async ckp saving.
2026-06-30 22:01:25 | INFO | train_inner | epoch 005:     33 / 2931 loss=5.847, train_loss=5.847, cross_distance_loss=0.832, distance_loss=0.373, coord_loss=4.352, RMSD=4.351, prmsd_loss=2.895, ups=0.01, bsz=8, num_updates=11750, lr=6.3734e-06, gnorm=46.615, clip=100, loss_scale=1, train_wall=131.96, gb_free=31, wall=186720
2026-06-30 22:03:19 | INFO | train_inner | epoch 005:     83 / 2931 loss=5.581, train_loss=5.581, cross_distance_loss=0.804, distance_loss=0.337, coord_loss=4.153, RMSD=4.152, prmsd_loss=2.874, ups=0.44, bsz=8, num_updates=11800, lr=6.35526e-06, gnorm=33.217, clip=100, loss_scale=1, train_wall=114.35, gb_free=32.2, wall=186834
2026-06-30 22:05:26 | INFO | train_inner | epoch 005:    133 / 2931 loss=5.721, train_loss=5.721, cross_distance_loss=0.817, distance_loss=0.342, coord_loss=4.271, RMSD=4.27, prmsd_loss=2.919, ups=0.4, bsz=8, num_updates=11850, lr=6.33711e-06, gnorm=47.081, clip=100, loss_scale=1, train_wall=126.44, gb_free=30.6, wall=186961
2026-06-30 22:07:24 | INFO | train_inner | epoch 005:    183 / 2931 loss=5.598, train_loss=5.598, cross_distance_loss=0.807, distance_loss=0.355, coord_loss=4.142, RMSD=4.142, prmsd_loss=2.938, ups=0.42, bsz=8, num_updates=11900, lr=6.31896e-06, gnorm=33.68, clip=100, loss_scale=1, train_wall=117.95, gb_free=31.4, wall=187079
2026-06-30 22:09:36 | INFO | train_inner | epoch 005:    233 / 2931 loss=5.934, train_loss=5.934, cross_distance_loss=0.827, distance_loss=0.4, coord_loss=4.417, RMSD=4.417, prmsd_loss=2.901, ups=0.38, bsz=8, num_updates=11950, lr=6.30081e-06, gnorm=56.084, clip=100, loss_scale=1, train_wall=132.19, gb_free=31, wall=187211
2026-06-30 22:11:42 | INFO | train_inner | epoch 005:    283 / 2931 loss=5.845, train_loss=5.845, cross_distance_loss=0.827, distance_loss=0.367, coord_loss=4.361, RMSD=4.36, prmsd_loss=2.904, ups=0.4, bsz=8, num_updates=12000, lr=6.28267e-06, gnorm=23.144, clip=100, loss_scale=1, train_wall=126.26, gb_free=32.5, wall=187337
2026-06-30 22:11:42 | INFO | unicore_cli.train | begin validation on "valid" subset
2026-06-30 22:11:42 | INFO | unicore.tasks.unicore_task | get EpochBatchIterator for epoch 1
2026-06-30 23:35:21 | INFO | valid | epoch 005 | valid on 'valid' subset | loss 5.847 | valid_loss 5.847 | cross_distance_loss 0.792 | distance_loss 0.269 | coord_loss 4.48 | RMSD 4.476 | prmsd_loss 3.049 | bsz 26010 | num_updates 12000 | best_loss 5.654
2026-06-30 23:35:21 | INFO | unicore.checkpoint_utils | Preparing to save checkpoint for epoch 5 @ 12000 updates
2026-06-30 23:35:21 | INFO | unicore.trainer | Saving checkpoint to ./checkpoint_5_12000.pt
2026-06-30 23:35:25 | INFO | unicore.trainer | Finished saving checkpoint to ./checkpoint_5_12000.pt
2026-06-30 23:35:26 | INFO | unicore.checkpoint_utils | Saved checkpoint ./checkpoint_5_12000.pt (epoch 5 @ 12000 updates, score 5.847) (writing took 4.241553299129009 seconds)
2026-06-30 23:35:26 | INFO | unicore.checkpoint_utils | copy ./checkpoint_5_12000.pt to /home/bdldt_team007/DLDockingBenchSeminar/run4/checkpoints/checkpoint_5_12000.pt
2026-06-30 23:35:30 | INFO | unicore.checkpoint_utils | copy ./checkpoint_5_12000.pt to /home/bdldt_team007/DLDockingBenchSeminar/run4/checkpoints/checkpoint_last.pt
2026-06-30 23:35:33 | INFO | unicore.checkpoint_utils | removing temp file ./checkpoint_5_12000.pt ...
2026-06-30 23:35:34 | INFO | unicore.checkpoint_utils | finished async ckp saving.
2026-06-30 23:37:18 | INFO | train_inner | epoch 005:    333 / 2931 loss=5.898, train_loss=5.898, cross_distance_loss=0.811, distance_loss=0.437, coord_loss=4.362, RMSD=4.361, prmsd_loss=2.875, ups=0.01, bsz=8, num_updates=12050, lr=6.26452e-06, gnorm=49.009, clip=100, loss_scale=1, train_wall=111.89, gb_free=29.7, wall=192473
2026-06-30 23:39:25 | INFO | train_inner | epoch 005:    383 / 2931 loss=5.699, train_loss=5.699, cross_distance_loss=0.814, distance_loss=0.36, coord_loss=4.236, RMSD=4.235, prmsd_loss=2.889, ups=0.39, bsz=8, num_updates=12100, lr=6.24637e-06, gnorm=27.255, clip=100, loss_scale=1, train_wall=127.12, gb_free=31.4, wall=192600
2026-06-30 23:41:31 | INFO | train_inner | epoch 005:    433 / 2931 loss=5.702, train_loss=5.702, cross_distance_loss=0.812, distance_loss=0.349, coord_loss=4.249, RMSD=4.248, prmsd_loss=2.909, ups=0.4, bsz=8, num_updates=12150, lr=6.22822e-06, gnorm=52.983, clip=100, loss_scale=1, train_wall=126.39, gb_free=30.1, wall=192726
2026-06-30 23:43:35 | INFO | train_inner | epoch 005:    483 / 2931 loss=5.779, train_loss=5.779, cross_distance_loss=0.813, distance_loss=0.382, coord_loss=4.295, RMSD=4.294, prmsd_loss=2.897, ups=0.4, bsz=8, num_updates=12200, lr=6.21008e-06, gnorm=49.186, clip=100, loss_scale=1, train_wall=123.5, gb_free=29.7, wall=192850
2026-06-30 23:45:30 | INFO | train_inner | epoch 005:    533 / 2931 loss=5.479, train_loss=5.479, cross_distance_loss=0.804, distance_loss=0.34, coord_loss=4.046, RMSD=4.045, prmsd_loss=2.892, ups=0.43, bsz=8, num_updates=12250, lr=6.19193e-06, gnorm=35.874, clip=100, loss_scale=1, train_wall=115.15, gb_free=32.9, wall=192965
2026-06-30 23:47:30 | INFO | train_inner | epoch 005:    583 / 2931 loss=5.837, train_loss=5.837, cross_distance_loss=0.803, distance_loss=0.374, coord_loss=4.371, RMSD=4.37, prmsd_loss=2.887, ups=0.42, bsz=8, num_updates=12300, lr=6.17378e-06, gnorm=44.086, clip=100, loss_scale=1, train_wall=119.48, gb_free=31, wall=193085
2026-06-30 23:49:21 | INFO | train_inner | epoch 005:    633 / 2931 loss=5.535, train_loss=5.535, cross_distance_loss=0.804, distance_loss=0.349, coord_loss=4.093, RMSD=4.092, prmsd_loss=2.892, ups=0.45, bsz=8, num_updates=12350, lr=6.15563e-06, gnorm=54.493, clip=100, loss_scale=1, train_wall=111.07, gb_free=30.9, wall=193196
2026-06-30 23:51:20 | INFO | train_inner | epoch 005:    683 / 2931 loss=5.696, train_loss=5.696, cross_distance_loss=0.813, distance_loss=0.37, coord_loss=4.224, RMSD=4.223, prmsd_loss=2.894, ups=0.42, bsz=8, num_updates=12400, lr=6.13749e-06, gnorm=31.814, clip=100, loss_scale=1, train_wall=119, gb_free=27.7, wall=193315
2026-06-30 23:53:26 | INFO | train_inner | epoch 005:    733 / 2931 loss=5.637, train_loss=5.637, cross_distance_loss=0.804, distance_loss=0.359, coord_loss=4.188, RMSD=4.187, prmsd_loss=2.861, ups=0.4, bsz=8, num_updates=12450, lr=6.11934e-06, gnorm=166.217, clip=100, loss_scale=1, train_wall=125.45, gb_free=30.1, wall=193441
2026-06-30 23:55:19 | INFO | train_inner | epoch 005:    783 / 2931 loss=5.679, train_loss=5.679, cross_distance_loss=0.807, distance_loss=0.361, coord_loss=4.22, RMSD=4.219, prmsd_loss=2.911, ups=0.44, bsz=8, num_updates=12500, lr=6.10119e-06, gnorm=65.092, clip=100, loss_scale=1, train_wall=113.79, gb_free=31.4, wall=193554
2026-06-30 23:55:19 | INFO | unicore_cli.train | begin validation on "valid" subset
2026-06-30 23:55:19 | INFO | unicore.tasks.unicore_task | get EpochBatchIterator for epoch 1
2026-07-01 01:12:13 | INFO | valid | epoch 005 | valid on 'valid' subset | loss 5.888 | valid_loss 5.888 | cross_distance_loss 0.79 | distance_loss 0.262 | coord_loss 4.524 | RMSD 4.52 | prmsd_loss 3.115 | bsz 26010 | num_updates 12500 | best_loss 5.654
2026-07-01 01:12:13 | INFO | unicore.checkpoint_utils | Preparing to save checkpoint for epoch 5 @ 12500 updates
2026-07-01 01:12:13 | INFO | unicore.trainer | Saving checkpoint to ./checkpoint_5_12500.pt
2026-07-01 01:12:17 | INFO | unicore.trainer | Finished saving checkpoint to ./checkpoint_5_12500.pt
2026-07-01 01:12:18 | INFO | unicore.checkpoint_utils | Saved checkpoint ./checkpoint_5_12500.pt (epoch 5 @ 12500 updates, score 5.888) (writing took 4.382951827719808 seconds)
2026-07-01 01:12:18 | INFO | unicore.checkpoint_utils | copy ./checkpoint_5_12500.pt to /home/bdldt_team007/DLDockingBenchSeminar/run4/checkpoints/checkpoint_5_12500.pt
2026-07-01 01:12:22 | INFO | unicore.checkpoint_utils | copy ./checkpoint_5_12500.pt to /home/bdldt_team007/DLDockingBenchSeminar/run4/checkpoints/checkpoint_last.pt
2026-07-01 01:12:25 | INFO | unicore.checkpoint_utils | removing temp file ./checkpoint_5_12500.pt ...
2026-07-01 01:12:25 | INFO | unicore.checkpoint_utils | finished async ckp saving.
2026-07-01 01:14:22 | INFO | train_inner | epoch 005:    833 / 2931 loss=5.619, train_loss=5.619, cross_distance_loss=0.803, distance_loss=0.359, coord_loss=4.165, RMSD=4.164, prmsd_loss=2.921, ups=0.01, bsz=8, num_updates=12550, lr=6.08304e-06, gnorm=31.251, clip=100, loss_scale=1, train_wall=124.45, gb_free=28.6, wall=198297
2026-07-01 01:16:21 | INFO | train_inner | epoch 005:    883 / 2931 loss=5.702, train_loss=5.702, cross_distance_loss=0.819, distance_loss=0.38, coord_loss=4.215, RMSD=4.214, prmsd_loss=2.881, ups=0.42, bsz=8, num_updates=12600, lr=6.0649e-06, gnorm=32.34, clip=100, loss_scale=1, train_wall=118.45, gb_free=30.1, wall=198416
2026-07-01 01:18:14 | INFO | train_inner | epoch 005:    933 / 2931 loss=5.583, train_loss=5.583, cross_distance_loss=0.793, distance_loss=0.327, coord_loss=4.174, RMSD=4.173, prmsd_loss=2.898, ups=0.44, bsz=8, num_updates=12650, lr=6.04675e-06, gnorm=72.198, clip=100, loss_scale=1, train_wall=113.63, gb_free=32.2, wall=198529
2026-07-01 01:20:15 | INFO | train_inner | epoch 005:    983 / 2931 loss=5.734, train_loss=5.734, cross_distance_loss=0.814, distance_loss=0.37, coord_loss=4.262, RMSD=4.262, prmsd_loss=2.877, ups=0.41, bsz=8, num_updates=12700, lr=6.0286e-06, gnorm=44.133, clip=100, loss_scale=1, train_wall=120.56, gb_free=30.9, wall=198650
2026-07-01 01:22:19 | INFO | train_inner | epoch 005:   1033 / 2931 loss=5.634, train_loss=5.634, cross_distance_loss=0.812, distance_loss=0.36, coord_loss=4.167, RMSD=4.166, prmsd_loss=2.941, ups=0.4, bsz=8, num_updates=12750, lr=6.01045e-06, gnorm=54.183, clip=100, loss_scale=1, train_wall=123.4, gb_free=32.2, wall=198774
2026-07-01 01:24:13 | INFO | train_inner | epoch 005:   1083 / 2931 loss=5.812, train_loss=5.812, cross_distance_loss=0.816, distance_loss=0.422, coord_loss=4.28, RMSD=4.279, prmsd_loss=2.945, ups=0.44, bsz=8, num_updates=12800, lr=5.99231e-06, gnorm=45.244, clip=100, loss_scale=1, train_wall=114.3, gb_free=29.2, wall=198888
2026-07-01 01:26:15 | INFO | train_inner | epoch 005:   1133 / 2931 loss=6.034, train_loss=6.034, cross_distance_loss=0.822, distance_loss=0.42, coord_loss=4.508, RMSD=4.507, prmsd_loss=2.844, ups=0.41, bsz=8, num_updates=12850, lr=5.97416e-06, gnorm=28.39, clip=100, loss_scale=1, train_wall=121.89, gb_free=32.8, wall=199010
2026-07-01 01:28:12 | INFO | train_inner | epoch 005:   1183 / 2931 loss=5.75, train_loss=5.75, cross_distance_loss=0.798, distance_loss=0.407, coord_loss=4.263, RMSD=4.262, prmsd_loss=2.826, ups=0.43, bsz=8, num_updates=12900, lr=5.95601e-06, gnorm=26.188, clip=100, loss_scale=1, train_wall=116.43, gb_free=31, wall=199127
2026-07-01 01:30:05 | INFO | train_inner | epoch 005:   1233 / 2931 loss=5.735, train_loss=5.735, cross_distance_loss=0.804, distance_loss=0.379, coord_loss=4.261, RMSD=4.261, prmsd_loss=2.906, ups=0.44, bsz=8, num_updates=12950, lr=5.93786e-06, gnorm=27.789, clip=100, loss_scale=1, train_wall=113.87, gb_free=26.1, wall=199241
2026-07-01 01:32:03 | INFO | train_inner | epoch 005:   1283 / 2931 loss=5.706, train_loss=5.706, cross_distance_loss=0.806, distance_loss=0.349, coord_loss=4.264, RMSD=4.263, prmsd_loss=2.868, ups=0.43, bsz=8, num_updates=13000, lr=5.91972e-06, gnorm=20.38, clip=100, loss_scale=1, train_wall=117.37, gb_free=32.2, wall=199358
2026-07-01 01:32:03 | INFO | unicore_cli.train | begin validation on "valid" subset
2026-07-01 01:32:03 | INFO | unicore.tasks.unicore_task | get EpochBatchIterator for epoch 1
2026-07-01 03:00:54 | INFO | valid | epoch 005 | valid on 'valid' subset | loss 5.993 | valid_loss 5.993 | cross_distance_loss 0.805 | distance_loss 0.259 | coord_loss 4.619 | RMSD 4.615 | prmsd_loss 3.109 | bsz 26010 | num_updates 13000 | best_loss 5.654
2026-07-01 03:00:54 | INFO | unicore.checkpoint_utils | Preparing to save checkpoint for epoch 5 @ 13000 updates
2026-07-01 03:00:54 | INFO | unicore.trainer | Saving checkpoint to ./checkpoint_5_13000.pt
2026-07-01 03:00:58 | INFO | unicore.trainer | Finished saving checkpoint to ./checkpoint_5_13000.pt
2026-07-01 03:00:58 | INFO | unicore.checkpoint_utils | Saved checkpoint ./checkpoint_5_13000.pt (epoch 5 @ 13000 updates, score 5.993) (writing took 4.525741554796696 seconds)
2026-07-01 03:00:58 | INFO | unicore.checkpoint_utils | copy ./checkpoint_5_13000.pt to /home/bdldt_team007/DLDockingBenchSeminar/run4/checkpoints/checkpoint_5_13000.pt
2026-07-01 03:01:03 | INFO | unicore.checkpoint_utils | copy ./checkpoint_5_13000.pt to /home/bdldt_team007/DLDockingBenchSeminar/run4/checkpoints/checkpoint_last.pt
2026-07-01 03:01:06 | INFO | unicore.checkpoint_utils | removing temp file ./checkpoint_5_13000.pt ...
2026-07-01 03:01:06 | INFO | unicore.checkpoint_utils | finished async ckp saving.
2026-07-01 03:02:56 | INFO | train_inner | epoch 005:   1333 / 2931 loss=5.761, train_loss=5.761, cross_distance_loss=0.799, distance_loss=0.338, coord_loss=4.332, RMSD=4.33, prmsd_loss=2.914, ups=0.01, bsz=8, num_updates=13050, lr=5.90157e-06, gnorm=25.963, clip=100, loss_scale=1, train_wall=117.75, gb_free=32.2, wall=204811
2026-07-01 03:04:52 | INFO | train_inner | epoch 005:   1383 / 2931 loss=5.666, train_loss=5.666, cross_distance_loss=0.802, distance_loss=0.397, coord_loss=4.181, RMSD=4.18, prmsd_loss=2.858, ups=0.43, bsz=8, num_updates=13100, lr=5.88342e-06, gnorm=79.331, clip=100, loss_scale=1, train_wall=115.57, gb_free=32.2, wall=204927
2026-07-01 03:06:46 | INFO | train_inner | epoch 005:   1433 / 2931 loss=5.534, train_loss=5.534, cross_distance_loss=0.795, distance_loss=0.345, coord_loss=4.102, RMSD=4.101, prmsd_loss=2.925, ups=0.44, bsz=8, num_updates=13150, lr=5.86527e-06, gnorm=34.324, clip=100, loss_scale=1, train_wall=114.28, gb_free=32.5, wall=205041
2026-07-01 03:08:41 | INFO | train_inner | epoch 005:   1483 / 2931 loss=5.874, train_loss=5.874, cross_distance_loss=0.82, distance_loss=0.393, coord_loss=4.373, RMSD=4.372, prmsd_loss=2.87, ups=0.43, bsz=8, num_updates=13200, lr=5.84713e-06, gnorm=27.075, clip=100, loss_scale=1, train_wall=114.95, gb_free=28.1, wall=205156
2026-07-01 03:10:32 | INFO | train_inner | epoch 005:   1533 / 2931 loss=5.492, train_loss=5.492, cross_distance_loss=0.788, distance_loss=0.368, coord_loss=4.05, RMSD=4.049, prmsd_loss=2.867, ups=0.45, bsz=8, num_updates=13250, lr=5.82898e-06, gnorm=42.141, clip=100, loss_scale=1, train_wall=110.27, gb_free=30.2, wall=205267
2026-07-01 03:12:20 | INFO | train_inner | epoch 005:   1583 / 2931 loss=5.737, train_loss=5.737, cross_distance_loss=0.806, distance_loss=0.373, coord_loss=4.267, RMSD=4.267, prmsd_loss=2.905, ups=0.46, bsz=8, num_updates=13300, lr=5.81083e-06, gnorm=28.766, clip=100, loss_scale=1, train_wall=108.17, gb_free=33.2, wall=205375
2026-07-01 03:14:08 | INFO | train_inner | epoch 005:   1633 / 2931 loss=5.637, train_loss=5.637, cross_distance_loss=0.795, distance_loss=0.394, coord_loss=4.162, RMSD=4.161, prmsd_loss=2.86, ups=0.46, bsz=8, num_updates=13350, lr=5.79268e-06, gnorm=48.725, clip=100, loss_scale=1, train_wall=108.41, gb_free=31, wall=205483
2026-07-01 03:16:00 | INFO | train_inner | epoch 005:   1683 / 2931 loss=5.66, train_loss=5.66, cross_distance_loss=0.803, distance_loss=0.384, coord_loss=4.179, RMSD=4.178, prmsd_loss=2.933, ups=0.45, bsz=8, num_updates=13400, lr=5.77454e-06, gnorm=57.503, clip=100, loss_scale=1, train_wall=111.48, gb_free=30.1, wall=205595
2026-07-01 03:18:02 | INFO | train_inner | epoch 005:   1733 / 2931 loss=5.649, train_loss=5.649, cross_distance_loss=0.807, distance_loss=0.338, coord_loss=4.215, RMSD=4.214, prmsd_loss=2.893, ups=0.41, bsz=8, num_updates=13450, lr=5.75639e-06, gnorm=53.517, clip=100, loss_scale=1, train_wall=121.38, gb_free=32.9, wall=205717
2026-07-01 03:20:07 | INFO | train_inner | epoch 005:   1783 / 2931 loss=5.783, train_loss=5.783, cross_distance_loss=0.828, distance_loss=0.392, coord_loss=4.274, RMSD=4.273, prmsd_loss=2.901, ups=0.4, bsz=8, num_updates=13500, lr=5.73824e-06, gnorm=60.64, clip=100, loss_scale=1, train_wall=125.51, gb_free=31.4, wall=205842
2026-07-01 03:20:07 | INFO | unicore_cli.train | begin validation on "valid" subset
2026-07-01 03:20:07 | INFO | unicore.tasks.unicore_task | get EpochBatchIterator for epoch 1
2026-07-01 04:42:37 | INFO | valid | epoch 005 | valid on 'valid' subset | loss 5.792 | valid_loss 5.792 | cross_distance_loss 0.783 | distance_loss 0.259 | coord_loss 4.439 | RMSD 4.436 | prmsd_loss 3.112 | bsz 26010 | num_updates 13500 | best_loss 5.654
2026-07-01 04:42:37 | INFO | unicore.checkpoint_utils | Preparing to save checkpoint for epoch 5 @ 13500 updates
2026-07-01 04:42:37 | INFO | unicore.trainer | Saving checkpoint to ./checkpoint_5_13500.pt
2026-07-01 04:42:41 | INFO | unicore.trainer | Finished saving checkpoint to ./checkpoint_5_13500.pt
2026-07-01 04:42:41 | INFO | unicore.checkpoint_utils | Saved checkpoint ./checkpoint_5_13500.pt (epoch 5 @ 13500 updates, score 5.792) (writing took 4.3622153121978045 seconds)
2026-07-01 04:42:41 | INFO | unicore.checkpoint_utils | copy ./checkpoint_5_13500.pt to /home/bdldt_team007/DLDockingBenchSeminar/run4/checkpoints/checkpoint_5_13500.pt
2026-07-01 04:42:46 | INFO | unicore.checkpoint_utils | copy ./checkpoint_5_13500.pt to /home/bdldt_team007/DLDockingBenchSeminar/run4/checkpoints/checkpoint_last.pt
2026-07-01 04:42:49 | INFO | unicore.checkpoint_utils | removing temp file ./checkpoint_5_13500.pt ...
2026-07-01 04:42:49 | INFO | unicore.checkpoint_utils | finished async ckp saving.
2026-07-01 04:44:30 | INFO | train_inner | epoch 005:   1833 / 2931 loss=5.582, train_loss=5.582, cross_distance_loss=0.784, distance_loss=0.33, coord_loss=4.177, RMSD=4.176, prmsd_loss=2.916, ups=0.01, bsz=8, num_updates=13550, lr=5.72009e-06, gnorm=53.808, clip=100, loss_scale=1, train_wall=108.9, gb_free=31.4, wall=210905
2026-07-01 04:46:35 | INFO | train_inner | epoch 005:   1883 / 2931 loss=5.533, train_loss=5.533, cross_distance_loss=0.795, distance_loss=0.345, coord_loss=4.103, RMSD=4.103, prmsd_loss=2.889, ups=0.4, bsz=8, num_updates=13600, lr=5.70195e-06, gnorm=60.437, clip=100, loss_scale=1, train_wall=123.93, gb_free=30.5, wall=211030
2026-07-01 04:48:29 | INFO | train_inner | epoch 005:   1933 / 2931 loss=5.783, train_loss=5.783, cross_distance_loss=0.81, distance_loss=0.403, coord_loss=4.283, RMSD=4.282, prmsd_loss=2.867, ups=0.44, bsz=8, num_updates=13650, lr=5.6838e-06, gnorm=38.173, clip=100, loss_scale=1, train_wall=114.21, gb_free=29.2, wall=211144
2026-07-01 04:50:21 | INFO | train_inner | epoch 005:   1983 / 2931 loss=5.597, train_loss=5.597, cross_distance_loss=0.791, distance_loss=0.395, coord_loss=4.125, RMSD=4.125, prmsd_loss=2.855, ups=0.44, bsz=8, num_updates=13700, lr=5.66565e-06, gnorm=65.156, clip=100, loss_scale=1, train_wall=112.34, gb_free=31.8, wall=211256
2026-07-01 04:52:20 | INFO | train_inner | epoch 005:   2033 / 2931 loss=5.543, train_loss=5.543, cross_distance_loss=0.801, distance_loss=0.359, coord_loss=4.091, RMSD=4.09, prmsd_loss=2.926, ups=0.42, bsz=8, num_updates=13750, lr=5.6475e-06, gnorm=44.031, clip=100, loss_scale=1, train_wall=118.5, gb_free=32.2, wall=211375
2026-07-01 04:54:28 | INFO | train_inner | epoch 005:   2083 / 2931 loss=5.773, train_loss=5.773, cross_distance_loss=0.802, distance_loss=0.373, coord_loss=4.314, RMSD=4.314, prmsd_loss=2.835, ups=0.39, bsz=8, num_updates=13800, lr=5.62936e-06, gnorm=27.645, clip=100, loss_scale=1, train_wall=128.11, gb_free=31, wall=211503
2026-07-01 04:56:24 | INFO | train_inner | epoch 005:   2133 / 2931 loss=5.483, train_loss=5.483, cross_distance_loss=0.802, distance_loss=0.319, coord_loss=4.068, RMSD=4.067, prmsd_loss=2.943, ups=0.43, bsz=8, num_updates=13850, lr=5.61121e-06, gnorm=40.953, clip=100, loss_scale=1, train_wall=116.25, gb_free=25.5, wall=211619
2026-07-01 04:58:19 | INFO | train_inner | epoch 005:   2183 / 2931 loss=5.491, train_loss=5.491, cross_distance_loss=0.782, distance_loss=0.39, coord_loss=4.03, RMSD=4.029, prmsd_loss=2.885, ups=0.44, bsz=8, num_updates=13900, lr=5.59306e-06, gnorm=42.048, clip=100, loss_scale=1, train_wall=114.77, gb_free=30.6, wall=211734
2026-07-01 05:00:16 | INFO | train_inner | epoch 005:   2233 / 2931 loss=5.437, train_loss=5.437, cross_distance_loss=0.779, distance_loss=0.337, coord_loss=4.032, RMSD=4.031, prmsd_loss=2.891, ups=0.43, bsz=8, num_updates=13950, lr=5.57491e-06, gnorm=30.427, clip=100, loss_scale=1, train_wall=116.58, gb_free=32.2, wall=211851
2026-07-01 05:02:11 | INFO | train_inner | epoch 005:   2283 / 2931 loss=5.618, train_loss=5.618, cross_distance_loss=0.803, distance_loss=0.388, coord_loss=4.14, RMSD=4.14, prmsd_loss=2.867, ups=0.44, bsz=8, num_updates=14000, lr=5.55677e-06, gnorm=34.788, clip=100, loss_scale=1, train_wall=114.62, gb_free=30.6, wall=211966
2026-07-01 05:02:11 | INFO | unicore_cli.train | begin validation on "valid" subset
2026-07-01 05:02:11 | INFO | unicore.tasks.unicore_task | get EpochBatchIterator for epoch 1
2026-07-01 06:25:37 | INFO | valid | epoch 005 | valid on 'valid' subset | loss 5.58 | valid_loss 5.58 | cross_distance_loss 0.763 | distance_loss 0.259 | coord_loss 4.258 | RMSD 4.253 | prmsd_loss 3.005 | bsz 26010 | num_updates 14000 | best_loss 5.58
2026-07-01 06:25:37 | INFO | unicore.checkpoint_utils | Preparing to save checkpoint for epoch 5 @ 14000 updates
2026-07-01 06:25:37 | INFO | unicore.trainer | Saving checkpoint to ./checkpoint_5_14000.pt
2026-07-01 06:25:41 | INFO | unicore.trainer | Finished saving checkpoint to ./checkpoint_5_14000.pt
2026-07-01 06:25:42 | INFO | unicore.checkpoint_utils | Saved checkpoint ./checkpoint_5_14000.pt (epoch 5 @ 14000 updates, score 5.58) (writing took 4.385437758639455 seconds)
2026-07-01 06:25:42 | INFO | unicore.checkpoint_utils | copy ./checkpoint_5_14000.pt to /home/bdldt_team007/DLDockingBenchSeminar/run4/checkpoints/checkpoint_5_14000.pt
2026-07-01 06:25:46 | INFO | unicore.checkpoint_utils | copy ./checkpoint_5_14000.pt to /home/bdldt_team007/DLDockingBenchSeminar/run4/checkpoints/checkpoint_best.pt
2026-07-01 06:25:49 | INFO | unicore.checkpoint_utils | copy ./checkpoint_5_14000.pt to /home/bdldt_team007/DLDockingBenchSeminar/run4/checkpoints/checkpoint_last.pt
2026-07-01 06:25:52 | INFO | unicore.checkpoint_utils | removing temp file ./checkpoint_5_14000.pt ...
2026-07-01 06:25:52 | INFO | unicore.checkpoint_utils | finished async ckp saving.
2026-07-01 06:27:43 | INFO | train_inner | epoch 005:   2333 / 2931 loss=5.808, train_loss=5.808, cross_distance_loss=0.817, distance_loss=0.415, coord_loss=4.287, RMSD=4.286, prmsd_loss=2.885, ups=0.01, bsz=8, num_updates=14050, lr=5.53862e-06, gnorm=27.081, clip=100, loss_scale=1, train_wall=121.68, gb_free=31.4, wall=217098
2026-07-01 06:29:33 | INFO | train_inner | epoch 005:   2383 / 2931 loss=5.601, train_loss=5.601, cross_distance_loss=0.795, distance_loss=0.388, coord_loss=4.128, RMSD=4.127, prmsd_loss=2.895, ups=0.45, bsz=8, num_updates=14100, lr=5.52047e-06, gnorm=53.685, clip=100, loss_scale=1, train_wall=109.84, gb_free=29.2, wall=217208
2026-07-01 06:31:39 | INFO | train_inner | epoch 005:   2433 / 2931 loss=5.814, train_loss=5.814, cross_distance_loss=0.824, distance_loss=0.407, coord_loss=4.295, RMSD=4.294, prmsd_loss=2.871, ups=0.4, bsz=8, num_updates=14150, lr=5.50232e-06, gnorm=27.057, clip=100, loss_scale=1, train_wall=126.05, gb_free=30.1, wall=217335
2026-07-01 06:33:42 | INFO | train_inner | epoch 005:   2483 / 2931 loss=5.512, train_loss=5.512, cross_distance_loss=0.797, distance_loss=0.362, coord_loss=4.063, RMSD=4.062, prmsd_loss=2.893, ups=0.41, bsz=8, num_updates=14200, lr=5.48418e-06, gnorm=30.455, clip=100, loss_scale=1, train_wall=122.71, gb_free=29.3, wall=217457
2026-07-01 06:35:49 | INFO | train_inner | epoch 005:   2533 / 2931 loss=5.67, train_loss=5.67, cross_distance_loss=0.793, distance_loss=0.366, coord_loss=4.226, RMSD=4.225, prmsd_loss=2.851, ups=0.4, bsz=8, num_updates=14250, lr=5.46603e-06, gnorm=28.159, clip=100, loss_scale=1, train_wall=126.22, gb_free=32.2, wall=217584
2026-07-01 06:37:39 | INFO | train_inner | epoch 005:   2583 / 2931 loss=5.604, train_loss=5.604, cross_distance_loss=0.793, distance_loss=0.357, coord_loss=4.164, RMSD=4.163, prmsd_loss=2.899, ups=0.45, bsz=8, num_updates=14300, lr=5.44788e-06, gnorm=39.66, clip=100, loss_scale=1, train_wall=110.13, gb_free=32.5, wall=217694
2026-07-01 06:39:38 | INFO | train_inner | epoch 005:   2633 / 2931 loss=5.498, train_loss=5.498, cross_distance_loss=0.784, distance_loss=0.316, coord_loss=4.106, RMSD=4.105, prmsd_loss=2.912, ups=0.42, bsz=8, num_updates=14350, lr=5.42973e-06, gnorm=23.381, clip=100, loss_scale=1, train_wall=119.25, gb_free=31, wall=217813
2026-07-01 06:41:38 | INFO | train_inner | epoch 005:   2683 / 2931 loss=5.524, train_loss=5.524, cross_distance_loss=0.79, distance_loss=0.334, coord_loss=4.107, RMSD=4.106, prmsd_loss=2.935, ups=0.42, bsz=8, num_updates=14400, lr=5.41159e-06, gnorm=37.844, clip=100, loss_scale=1, train_wall=119.4, gb_free=29.2, wall=217933
2026-07-01 06:43:37 | INFO | train_inner | epoch 005:   2733 / 2931 loss=5.67, train_loss=5.67, cross_distance_loss=0.808, distance_loss=0.401, coord_loss=4.17, RMSD=4.169, prmsd_loss=2.913, ups=0.42, bsz=8, num_updates=14450, lr=5.39344e-06, gnorm=34.35, clip=100, loss_scale=1, train_wall=119.13, gb_free=30.1, wall=218052
2026-07-01 06:45:39 | INFO | train_inner | epoch 005:   2783 / 2931 loss=5.551, train_loss=5.551, cross_distance_loss=0.777, distance_loss=0.351, coord_loss=4.136, RMSD=4.135, prmsd_loss=2.873, ups=0.41, bsz=8, num_updates=14500, lr=5.37529e-06, gnorm=57.389, clip=100, loss_scale=1, train_wall=122.33, gb_free=32.2, wall=218174
2026-07-01 06:45:39 | INFO | unicore_cli.train | begin validation on "valid" subset
2026-07-01 06:45:39 | INFO | unicore.tasks.unicore_task | get EpochBatchIterator for epoch 1
2026-07-01 08:05:25 | INFO | valid | epoch 005 | valid on 'valid' subset | loss 5.54 | valid_loss 5.54 | cross_distance_loss 0.765 | distance_loss 0.255 | coord_loss 4.22 | RMSD 4.218 | prmsd_loss 3.005 | bsz 26010 | num_updates 14500 | best_loss 5.54
2026-07-01 08:05:25 | INFO | unicore.checkpoint_utils | Preparing to save checkpoint for epoch 5 @ 14500 updates
2026-07-01 08:05:25 | INFO | unicore.trainer | Saving checkpoint to ./checkpoint_5_14500.pt
2026-07-01 08:05:29 | INFO | unicore.trainer | Finished saving checkpoint to ./checkpoint_5_14500.pt
2026-07-01 08:05:29 | INFO | unicore.checkpoint_utils | Saved checkpoint ./checkpoint_5_14500.pt (epoch 5 @ 14500 updates, score 5.54) (writing took 4.230895396322012 seconds)
2026-07-01 08:05:29 | INFO | unicore.checkpoint_utils | copy ./checkpoint_5_14500.pt to /home/bdldt_team007/DLDockingBenchSeminar/run4/checkpoints/checkpoint_5_14500.pt
2026-07-01 08:05:34 | INFO | unicore.checkpoint_utils | copy ./checkpoint_5_14500.pt to /home/bdldt_team007/DLDockingBenchSeminar/run4/checkpoints/checkpoint_best.pt
2026-07-01 08:05:37 | INFO | unicore.checkpoint_utils | copy ./checkpoint_5_14500.pt to /home/bdldt_team007/DLDockingBenchSeminar/run4/checkpoints/checkpoint_last.pt
2026-07-01 08:05:39 | INFO | unicore.checkpoint_utils | removing temp file ./checkpoint_5_14500.pt ...
2026-07-01 08:05:40 | INFO | unicore.checkpoint_utils | finished async ckp saving.
2026-07-01 08:07:21 | INFO | train_inner | epoch 005:   2833 / 2931 loss=5.36, train_loss=5.36, cross_distance_loss=0.796, distance_loss=0.334, coord_loss=3.94, RMSD=3.939, prmsd_loss=2.912, ups=0.01, bsz=8, num_updates=14550, lr=5.35714e-06, gnorm=43.943, clip=100, loss_scale=1, train_wall=111.86, gb_free=31, wall=223076
2026-07-01 08:09:19 | INFO | train_inner | epoch 005:   2883 / 2931 loss=5.54, train_loss=5.54, cross_distance_loss=0.8, distance_loss=0.386, coord_loss=4.068, RMSD=4.067, prmsd_loss=2.857, ups=0.42, bsz=8, num_updates=14600, lr=5.339e-06, gnorm=39.498, clip=100, loss_scale=1, train_wall=117.59, gb_free=28.7, wall=223194
2026-07-01 08:11:04 | INFO | unicore_cli.train | begin validation on "valid" subset
2026-07-01 08:11:04 | INFO | unicore.tasks.unicore_task | get EpochBatchIterator for epoch 1
2026-07-01 09:40:58 | INFO | valid | epoch 005 | valid on 'valid' subset | loss 5.477 | valid_loss 5.477 | cross_distance_loss 0.763 | distance_loss 0.257 | coord_loss 4.162 | RMSD 4.161 | prmsd_loss 2.947 | bsz 26010 | num_updates 14648 | best_loss 5.477
2026-07-01 09:40:58 | INFO | unicore.checkpoint_utils | Preparing to save checkpoint for epoch 5 @ 14648 updates
2026-07-01 09:40:58 | INFO | unicore.trainer | Saving checkpoint to ./checkpoint5.pt
2026-07-01 09:41:03 | INFO | unicore.trainer | Finished saving checkpoint to ./checkpoint5.pt
2026-07-01 09:41:03 | INFO | unicore.checkpoint_utils | Saved checkpoint ./checkpoint5.pt (epoch 5 @ 14648 updates, score 5.477) (writing took 4.2270431611686945 seconds)
2026-07-01 09:41:03 | INFO | unicore_cli.train | end of epoch 5 (average epoch stats below)
2026-07-01 09:41:03 | INFO | unicore.checkpoint_utils | copy ./checkpoint5.pt to /home/bdldt_team007/DLDockingBenchSeminar/run4/checkpoints/checkpoint5.pt
2026-07-01 09:41:03 | INFO | train | epoch 005 | loss 5.661 | train_loss 5.661 | cross_distance_loss 0.804 | distance_loss 0.369 | coord_loss 4.198 | RMSD 4.197 | prmsd_loss 2.892 | ups 0.07 | bsz 8 | num_updates 14648 | lr 5.32157e-06 | gnorm 43.534 | clip 100 | loss_scale 1 | train_wall 6932.45 | gb_free 31.4 | wall 228698
2026-07-01 09:41:03 | INFO | unicore.tasks.unicore_task | get EpochBatchIterator for epoch 6
2026-07-01 09:41:03 | INFO | unicore.trainer | begin training epoch 6
2026-07-01 09:41:03 | INFO | unicore_cli.train | Start iterating over samples
2026-07-01 09:41:07 | INFO | unicore.checkpoint_utils | copy ./checkpoint5.pt to /home/bdldt_team007/DLDockingBenchSeminar/run4/checkpoints/checkpoint_best.pt
2026-07-01 09:41:09 | INFO | train_inner | epoch 006:      2 / 2931 loss=5.514, train_loss=5.514, cross_distance_loss=0.788, distance_loss=0.396, coord_loss=4.041, RMSD=4.04, prmsd_loss=2.894, ups=0.01, bsz=8, num_updates=14650, lr=5.32085e-06, gnorm=24.86, clip=100, loss_scale=1, train_wall=110.59, gb_free=30.6, wall=228704
2026-07-01 09:41:10 | INFO | unicore.checkpoint_utils | copy ./checkpoint5.pt to /home/bdldt_team007/DLDockingBenchSeminar/run4/checkpoints/checkpoint_last.pt
2026-07-01 09:41:13 | INFO | unicore.checkpoint_utils | removing temp file ./checkpoint5.pt ...
2026-07-01 09:41:13 | INFO | unicore.checkpoint_utils | finished async ckp saving.
2026-07-01 09:42:58 | INFO | train_inner | epoch 006:     52 / 2931 loss=5.545, train_loss=5.545, cross_distance_loss=0.794, distance_loss=0.371, coord_loss=4.092, RMSD=4.092, prmsd_loss=2.875, ups=0.46, bsz=8, num_updates=14700, lr=5.3027e-06, gnorm=31.045, clip=100, loss_scale=1, train_wall=108.64, gb_free=31.8, wall=228813
2026-07-01 09:44:57 | INFO | train_inner | epoch 006:    102 / 2931 loss=5.573, train_loss=5.573, cross_distance_loss=0.794, distance_loss=0.391, coord_loss=4.102, RMSD=4.102, prmsd_loss=2.859, ups=0.42, bsz=8, num_updates=14750, lr=5.28455e-06, gnorm=39.469, clip=100, loss_scale=1, train_wall=118.48, gb_free=30.2, wall=228932
2026-07-01 09:46:51 | INFO | train_inner | epoch 006:    152 / 2931 loss=5.549, train_loss=5.549, cross_distance_loss=0.785, distance_loss=0.345, coord_loss=4.13, RMSD=4.13, prmsd_loss=2.89, ups=0.44, bsz=8, num_updates=14800, lr=5.26641e-06, gnorm=64.96, clip=100, loss_scale=1, train_wall=114.22, gb_free=31, wall=229046
2026-07-01 09:48:51 | INFO | train_inner | epoch 006:    202 / 2931 loss=5.603, train_loss=5.603, cross_distance_loss=0.804, distance_loss=0.375, coord_loss=4.137, RMSD=4.136, prmsd_loss=2.878, ups=0.42, bsz=8, num_updates=14850, lr=5.24826e-06, gnorm=54.009, clip=100, loss_scale=1, train_wall=120.07, gb_free=30.5, wall=229166
2026-07-01 09:51:02 | INFO | train_inner | epoch 006:    252 / 2931 loss=5.579, train_loss=5.579, cross_distance_loss=0.799, distance_loss=0.431, coord_loss=4.06, RMSD=4.059, prmsd_loss=2.899, ups=0.38, bsz=8, num_updates=14900, lr=5.23011e-06, gnorm=51.596, clip=100, loss_scale=1, train_wall=131.02, gb_free=30.1, wall=229297
2026-07-01 09:53:01 | INFO | train_inner | epoch 006:    302 / 2931 loss=5.481, train_loss=5.481, cross_distance_loss=0.789, distance_loss=0.446, coord_loss=3.961, RMSD=3.961, prmsd_loss=2.847, ups=0.42, bsz=8, num_updates=14950, lr=5.21196e-06, gnorm=43.026, clip=100, loss_scale=1, train_wall=118.96, gb_free=31.4, wall=229416
2026-07-01 09:55:01 | INFO | train_inner | epoch 006:    352 / 2931 loss=5.49, train_loss=5.49, cross_distance_loss=0.797, distance_loss=0.364, coord_loss=4.038, RMSD=4.037, prmsd_loss=2.92, ups=0.42, bsz=8, num_updates=15000, lr=5.19382e-06, gnorm=24.915, clip=100, loss_scale=1, train_wall=119.72, gb_free=30.5, wall=229536
2026-07-01 09:55:01 | INFO | unicore_cli.train | begin validation on "valid" subset
2026-07-01 09:55:01 | INFO | unicore.tasks.unicore_task | get EpochBatchIterator for epoch 1
2026-07-01 11:32:24 | INFO | valid | epoch 006 | valid on 'valid' subset | loss 5.768 | valid_loss 5.768 | cross_distance_loss 0.776 | distance_loss 0.256 | coord_loss 4.423 | RMSD 4.42 | prmsd_loss 3.135 | bsz 26010 | num_updates 15000 | best_loss 5.477
2026-07-01 11:32:24 | INFO | unicore.checkpoint_utils | Preparing to save checkpoint for epoch 6 @ 15000 updates
2026-07-01 11:32:24 | INFO | unicore.trainer | Saving checkpoint to ./checkpoint_6_15000.pt
2026-07-01 11:32:28 | INFO | unicore.trainer | Finished saving checkpoint to ./checkpoint_6_15000.pt
2026-07-01 11:32:28 | INFO | unicore.checkpoint_utils | Saved checkpoint ./checkpoint_6_15000.pt (epoch 6 @ 15000 updates, score 5.768) (writing took 4.3364526983350515 seconds)
2026-07-01 11:32:28 | INFO | unicore.checkpoint_utils | copy ./checkpoint_6_15000.pt to /home/bdldt_team007/DLDockingBenchSeminar/run4/checkpoints/checkpoint_6_15000.pt
2026-07-01 11:32:33 | INFO | unicore.checkpoint_utils | copy ./checkpoint_6_15000.pt to /home/bdldt_team007/DLDockingBenchSeminar/run4/checkpoints/checkpoint_last.pt
2026-07-01 11:32:35 | INFO | unicore.checkpoint_utils | removing temp file ./checkpoint_6_15000.pt ...
2026-07-01 11:32:36 | INFO | unicore.checkpoint_utils | finished async ckp saving.
2026-07-01 11:34:32 | INFO | train_inner | epoch 006:    402 / 2931 loss=5.409, train_loss=5.409, cross_distance_loss=0.791, distance_loss=0.352, coord_loss=3.978, RMSD=3.977, prmsd_loss=2.886, ups=0.01, bsz=8, num_updates=15050, lr=5.17567e-06, gnorm=47.118, clip=100, loss_scale=1, train_wall=124.16, gb_free=31.8, wall=235507
2026-07-01 11:36:39 | INFO | train_inner | epoch 006:    452 / 2931 loss=5.428, train_loss=5.428, cross_distance_loss=0.767, distance_loss=0.337, coord_loss=4.037, RMSD=4.036, prmsd_loss=2.878, ups=0.4, bsz=8, num_updates=15100, lr=5.15752e-06, gnorm=26.75, clip=100, loss_scale=1, train_wall=126.04, gb_free=29.2, wall=235634
2026-07-01 11:38:41 | INFO | train_inner | epoch 006:    502 / 2931 loss=5.32, train_loss=5.32, cross_distance_loss=0.771, distance_loss=0.324, coord_loss=3.933, RMSD=3.933, prmsd_loss=2.923, ups=0.41, bsz=8, num_updates=15150, lr=5.13937e-06, gnorm=17.815, clip=100, loss_scale=1, train_wall=122.37, gb_free=31, wall=235756
2026-07-01 11:40:51 | INFO | train_inner | epoch 006:    552 / 2931 loss=5.372, train_loss=5.372, cross_distance_loss=0.779, distance_loss=0.35, coord_loss=3.953, RMSD=3.952, prmsd_loss=2.901, ups=0.39, bsz=8, num_updates=15200, lr=5.12123e-06, gnorm=35.793, clip=100, loss_scale=1, train_wall=129.43, gb_free=31.4, wall=235886
2026-07-01 11:42:47 | INFO | train_inner | epoch 006:    602 / 2931 loss=5.274, train_loss=5.274, cross_distance_loss=0.765, distance_loss=0.336, coord_loss=3.888, RMSD=3.887, prmsd_loss=2.85, ups=0.43, bsz=8, num_updates=15250, lr=5.10308e-06, gnorm=22.424, clip=100, loss_scale=1, train_wall=116.04, gb_free=30.5, wall=236002
2026-07-01 11:44:52 | INFO | train_inner | epoch 006:    652 / 2931 loss=5.336, train_loss=5.336, cross_distance_loss=0.794, distance_loss=0.301, coord_loss=3.948, RMSD=3.948, prmsd_loss=2.93, ups=0.4, bsz=8, num_updates=15300, lr=5.08493e-06, gnorm=77.764, clip=100, loss_scale=1, train_wall=125.09, gb_free=30.6, wall=236127
2026-07-01 11:46:54 | INFO | train_inner | epoch 006:    702 / 2931 loss=5.463, train_loss=5.463, cross_distance_loss=0.781, distance_loss=0.342, coord_loss=4.049, RMSD=4.049, prmsd_loss=2.898, ups=0.41, bsz=8, num_updates=15350, lr=5.06678e-06, gnorm=28.679, clip=100, loss_scale=1, train_wall=121.83, gb_free=29.2, wall=236249
2026-07-01 11:48:47 | INFO | train_inner | epoch 006:    752 / 2931 loss=5.331, train_loss=5.331, cross_distance_loss=0.765, distance_loss=0.358, coord_loss=3.922, RMSD=3.921, prmsd_loss=2.857, ups=0.44, bsz=8, num_updates=15400, lr=5.04864e-06, gnorm=28.681, clip=100, loss_scale=1, train_wall=113.1, gb_free=31.8, wall=236362
2026-07-01 11:50:44 | INFO | train_inner | epoch 006:    802 / 2931 loss=5.542, train_loss=5.542, cross_distance_loss=0.785, distance_loss=0.366, coord_loss=4.1, RMSD=4.099, prmsd_loss=2.914, ups=0.43, bsz=8, num_updates=15450, lr=5.03049e-06, gnorm=45.521, clip=100, loss_scale=1, train_wall=117.12, gb_free=31.4, wall=236479
2026-07-01 11:52:38 | INFO | train_inner | epoch 006:    852 / 2931 loss=5.472, train_loss=5.472, cross_distance_loss=0.774, distance_loss=0.365, coord_loss=4.048, RMSD=4.048, prmsd_loss=2.849, ups=0.44, bsz=8, num_updates=15500, lr=5.01234e-06, gnorm=35.906, clip=100, loss_scale=1, train_wall=113.93, gb_free=30.9, wall=236593
2026-07-01 11:52:38 | INFO | unicore_cli.train | begin validation on "valid" subset
2026-07-01 11:52:38 | INFO | unicore.tasks.unicore_task | get EpochBatchIterator for epoch 1
2026-07-01 13:17:40 | INFO | valid | epoch 006 | valid on 'valid' subset | loss 5.636 | valid_loss 5.636 | cross_distance_loss 0.769 | distance_loss 0.253 | coord_loss 4.296 | RMSD 4.295 | prmsd_loss 3.174 | bsz 26010 | num_updates 15500 | best_loss 5.477
2026-07-01 13:17:40 | INFO | unicore.checkpoint_utils | Preparing to save checkpoint for epoch 6 @ 15500 updates
2026-07-01 13:17:40 | INFO | unicore.trainer | Saving checkpoint to ./checkpoint_6_15500.pt
2026-07-01 13:17:44 | INFO | unicore.trainer | Finished saving checkpoint to ./checkpoint_6_15500.pt
2026-07-01 13:17:44 | INFO | unicore.checkpoint_utils | Saved checkpoint ./checkpoint_6_15500.pt (epoch 6 @ 15500 updates, score 5.636) (writing took 3.9290692787617445 seconds)
2026-07-01 13:17:44 | INFO | unicore.checkpoint_utils | copy ./checkpoint_6_15500.pt to /home/bdldt_team007/DLDockingBenchSeminar/run4/checkpoints/checkpoint_6_15500.pt
2026-07-01 13:17:49 | INFO | unicore.checkpoint_utils | copy ./checkpoint_6_15500.pt to /home/bdldt_team007/DLDockingBenchSeminar/run4/checkpoints/checkpoint_last.pt
2026-07-01 13:17:52 | INFO | unicore.checkpoint_utils | removing temp file ./checkpoint_6_15500.pt ...
2026-07-01 13:17:52 | INFO | unicore.checkpoint_utils | finished async ckp saving.
2026-07-01 13:19:40 | INFO | train_inner | epoch 006:    902 / 2931 loss=5.294, train_loss=5.294, cross_distance_loss=0.762, distance_loss=0.342, coord_loss=3.898, RMSD=3.898, prmsd_loss=2.924, ups=0.01, bsz=8, num_updates=15550, lr=4.99419e-06, gnorm=29.363, clip=100, loss_scale=1, train_wall=115.64, gb_free=30.9, wall=241815
2026-07-01 13:21:42 | INFO | train_inner | epoch 006:    952 / 2931 loss=5.577, train_loss=5.577, cross_distance_loss=0.787, distance_loss=0.407, coord_loss=4.094, RMSD=4.094, prmsd_loss=2.895, ups=0.41, bsz=8, num_updates=15600, lr=4.97605e-06, gnorm=34.137, clip=100, loss_scale=1, train_wall=122.54, gb_free=27.7, wall=241937
2026-07-01 13:23:43 | INFO | train_inner | epoch 006:   1002 / 2931 loss=5.419, train_loss=5.419, cross_distance_loss=0.789, distance_loss=0.332, coord_loss=4.01, RMSD=4.009, prmsd_loss=2.882, ups=0.42, bsz=8, num_updates=15650, lr=4.9579e-06, gnorm=29.889, clip=100, loss_scale=1, train_wall=120.15, gb_free=30.9, wall=242058
2026-07-01 13:25:41 | INFO | train_inner | epoch 006:   1052 / 2931 loss=5.445, train_loss=5.445, cross_distance_loss=0.791, distance_loss=0.334, coord_loss=4.027, RMSD=4.026, prmsd_loss=2.919, ups=0.42, bsz=8, num_updates=15700, lr=4.93975e-06, gnorm=43.424, clip=100, loss_scale=1, train_wall=118.36, gb_free=31.8, wall=242176
2026-07-01 13:27:40 | INFO | train_inner | epoch 006:   1102 / 2931 loss=5.394, train_loss=5.394, cross_distance_loss=0.782, distance_loss=0.348, coord_loss=3.975, RMSD=3.974, prmsd_loss=2.894, ups=0.42, bsz=8, num_updates=15750, lr=4.9216e-06, gnorm=37.948, clip=100, loss_scale=1, train_wall=118.73, gb_free=31.8, wall=242295
2026-07-01 13:29:26 | INFO | train_inner | epoch 006:   1152 / 2931 loss=5.494, train_loss=5.494, cross_distance_loss=0.782, distance_loss=0.373, coord_loss=4.051, RMSD=4.05, prmsd_loss=2.887, ups=0.47, bsz=8, num_updates=15800, lr=4.90346e-06, gnorm=40.59, clip=100, loss_scale=1, train_wall=105.72, gb_free=28.7, wall=242401
2026-07-01 13:31:22 | INFO | train_inner | epoch 006:   1202 / 2931 loss=5.389, train_loss=5.389, cross_distance_loss=0.787, distance_loss=0.359, coord_loss=3.955, RMSD=3.954, prmsd_loss=2.875, ups=0.43, bsz=8, num_updates=15850, lr=4.88531e-06, gnorm=44.828, clip=100, loss_scale=1, train_wall=116.49, gb_free=28.7, wall=242517
2026-07-01 13:33:22 | INFO | train_inner | epoch 006:   1252 / 2931 loss=5.586, train_loss=5.586, cross_distance_loss=0.775, distance_loss=0.39, coord_loss=4.137, RMSD=4.136, prmsd_loss=2.838, ups=0.42, bsz=8, num_updates=15900, lr=4.86716e-06, gnorm=42.707, clip=100, loss_scale=1, train_wall=119.73, gb_free=30.5, wall=242637
2026-07-01 13:35:14 | INFO | train_inner | epoch 006:   1302 / 2931 loss=5.546, train_loss=5.546, cross_distance_loss=0.787, distance_loss=0.319, coord_loss=4.148, RMSD=4.147, prmsd_loss=2.923, ups=0.45, bsz=8, num_updates=15950, lr=4.84901e-06, gnorm=43.844, clip=100, loss_scale=1, train_wall=111.59, gb_free=33.3, wall=242749
2026-07-01 13:36:59 | INFO | train_inner | epoch 006:   1352 / 2931 loss=5.519, train_loss=5.519, cross_distance_loss=0.775, distance_loss=0.37, coord_loss=4.086, RMSD=4.085, prmsd_loss=2.885, ups=0.48, bsz=8, num_updates=16000, lr=4.83087e-06, gnorm=38.391, clip=100, loss_scale=1, train_wall=104.71, gb_free=28.8, wall=242854
2026-07-01 13:36:59 | INFO | unicore_cli.train | begin validation on "valid" subset
2026-07-01 13:36:59 | INFO | unicore.tasks.unicore_task | get EpochBatchIterator for epoch 1
2026-07-01 15:07:15 | INFO | valid | epoch 006 | valid on 'valid' subset | loss 5.74 | valid_loss 5.74 | cross_distance_loss 0.747 | distance_loss 0.256 | coord_loss 4.426 | RMSD 4.422 | prmsd_loss 3.11 | bsz 26010 | num_updates 16000 | best_loss 5.477
2026-07-01 15:07:15 | INFO | unicore.checkpoint_utils | Preparing to save checkpoint for epoch 6 @ 16000 updates
2026-07-01 15:07:15 | INFO | unicore.trainer | Saving checkpoint to ./checkpoint_6_16000.pt
2026-07-01 15:07:19 | INFO | unicore.trainer | Finished saving checkpoint to ./checkpoint_6_16000.pt
2026-07-01 15:07:19 | INFO | unicore.checkpoint_utils | Saved checkpoint ./checkpoint_6_16000.pt (epoch 6 @ 16000 updates, score 5.74) (writing took 4.176853867247701 seconds)
2026-07-01 15:07:19 | INFO | unicore.checkpoint_utils | copy ./checkpoint_6_16000.pt to /home/bdldt_team007/DLDockingBenchSeminar/run4/checkpoints/checkpoint_6_16000.pt
2026-07-01 15:07:24 | INFO | unicore.checkpoint_utils | copy ./checkpoint_6_16000.pt to /home/bdldt_team007/DLDockingBenchSeminar/run4/checkpoints/checkpoint_last.pt
2026-07-01 15:07:26 | INFO | unicore.checkpoint_utils | removing temp file ./checkpoint_6_16000.pt ...
2026-07-01 15:07:27 | INFO | unicore.checkpoint_utils | finished async ckp saving.
2026-07-01 15:09:17 | INFO | train_inner | epoch 006:   1402 / 2931 loss=5.386, train_loss=5.386, cross_distance_loss=0.765, distance_loss=0.33, coord_loss=4.002, RMSD=4.002, prmsd_loss=2.889, ups=0.01, bsz=8, num_updates=16050, lr=4.81272e-06, gnorm=33.927, clip=100, loss_scale=1, train_wall=118.42, gb_free=29.7, wall=248392
2026-07-01 15:11:08 | INFO | train_inner | epoch 006:   1452 / 2931 loss=5.357, train_loss=5.357, cross_distance_loss=0.781, distance_loss=0.353, coord_loss=3.93, RMSD=3.929, prmsd_loss=2.938, ups=0.45, bsz=8, num_updates=16100, lr=4.79457e-06, gnorm=63.909, clip=100, loss_scale=1, train_wall=110.75, gb_free=29.7, wall=248503
2026-07-01 15:13:17 | INFO | train_inner | epoch 006:   1502 / 2931 loss=5.602, train_loss=5.602, cross_distance_loss=0.798, distance_loss=0.386, coord_loss=4.13, RMSD=4.129, prmsd_loss=2.884, ups=0.39, bsz=8, num_updates=16150, lr=4.77642e-06, gnorm=72.986, clip=100, loss_scale=1, train_wall=128.44, gb_free=29.7, wall=248632
2026-07-01 15:15:14 | INFO | train_inner | epoch 006:   1552 / 2931 loss=5.632, train_loss=5.632, cross_distance_loss=0.786, distance_loss=0.371, coord_loss=4.188, RMSD=4.187, prmsd_loss=2.872, ups=0.43, bsz=8, num_updates=16200, lr=4.75828e-06, gnorm=46.77, clip=100, loss_scale=1, train_wall=117.01, gb_free=30.1, wall=248749
2026-07-01 15:17:02 | INFO | train_inner | epoch 006:   1602 / 2931 loss=5.381, train_loss=5.381, cross_distance_loss=0.776, distance_loss=0.356, coord_loss=3.963, RMSD=3.962, prmsd_loss=2.864, ups=0.46, bsz=8, num_updates=16250, lr=4.74013e-06, gnorm=26.914, clip=100, loss_scale=1, train_wall=108.14, gb_free=32.5, wall=248857
2026-07-01 15:19:03 | INFO | train_inner | epoch 006:   1652 / 2931 loss=5.539, train_loss=5.539, cross_distance_loss=0.792, distance_loss=0.368, coord_loss=4.092, RMSD=4.092, prmsd_loss=2.867, ups=0.41, bsz=8, num_updates=16300, lr=4.72198e-06, gnorm=26.703, clip=100, loss_scale=1, train_wall=120.86, gb_free=31.1, wall=248978
2026-07-01 15:20:49 | INFO | train_inner | epoch 006:   1702 / 2931 loss=5.412, train_loss=5.412, cross_distance_loss=0.782, distance_loss=0.309, coord_loss=4.028, RMSD=4.027, prmsd_loss=2.928, ups=0.47, bsz=8, num_updates=16350, lr=4.70383e-06, gnorm=56.022, clip=100, loss_scale=1, train_wall=105.71, gb_free=30.1, wall=249084
2026-07-01 15:22:44 | INFO | train_inner | epoch 006:   1752 / 2931 loss=5.407, train_loss=5.407, cross_distance_loss=0.784, distance_loss=0.347, coord_loss=3.987, RMSD=3.987, prmsd_loss=2.891, ups=0.43, bsz=8, num_updates=16400, lr=4.68569e-06, gnorm=36.333, clip=100, loss_scale=1, train_wall=115.11, gb_free=30.5, wall=249199
2026-07-01 15:24:32 | INFO | train_inner | epoch 006:   1802 / 2931 loss=5.359, train_loss=5.359, cross_distance_loss=0.781, distance_loss=0.341, coord_loss=3.944, RMSD=3.944, prmsd_loss=2.925, ups=0.46, bsz=8, num_updates=16450, lr=4.66754e-06, gnorm=64.87, clip=100, loss_scale=1, train_wall=108.11, gb_free=28.7, wall=249307
2026-07-01 15:26:39 | INFO | train_inner | epoch 006:   1852 / 2931 loss=5.44, train_loss=5.44, cross_distance_loss=0.777, distance_loss=0.398, coord_loss=3.976, RMSD=3.975, prmsd_loss=2.903, ups=0.39, bsz=8, num_updates=16500, lr=4.64939e-06, gnorm=45.967, clip=100, loss_scale=1, train_wall=126.79, gb_free=29.8, wall=249434
2026-07-01 15:26:39 | INFO | unicore_cli.train | begin validation on "valid" subset
2026-07-01 15:26:39 | INFO | unicore.tasks.unicore_task | get EpochBatchIterator for epoch 1
2026-07-01 16:42:14 | INFO | valid | epoch 006 | valid on 'valid' subset | loss 5.613 | valid_loss 5.613 | cross_distance_loss 0.754 | distance_loss 0.25 | coord_loss 4.293 | RMSD 4.289 | prmsd_loss 3.155 | bsz 26010 | num_updates 16500 | best_loss 5.477
2026-07-01 16:42:14 | INFO | unicore.checkpoint_utils | Preparing to save checkpoint for epoch 6 @ 16500 updates
2026-07-01 16:42:14 | INFO | unicore.trainer | Saving checkpoint to ./checkpoint_6_16500.pt
2026-07-01 16:42:18 | INFO | unicore.trainer | Finished saving checkpoint to ./checkpoint_6_16500.pt
2026-07-01 16:42:18 | INFO | unicore.checkpoint_utils | Saved checkpoint ./checkpoint_6_16500.pt (epoch 6 @ 16500 updates, score 5.613) (writing took 4.169648766517639 seconds)
2026-07-01 16:42:18 | INFO | unicore.checkpoint_utils | copy ./checkpoint_6_16500.pt to /home/bdldt_team007/DLDockingBenchSeminar/run4/checkpoints/checkpoint_6_16500.pt
2026-07-01 16:42:24 | INFO | unicore.checkpoint_utils | copy ./checkpoint_6_16500.pt to /home/bdldt_team007/DLDockingBenchSeminar/run4/checkpoints/checkpoint_last.pt
2026-07-01 16:42:26 | INFO | unicore.checkpoint_utils | removing temp file ./checkpoint_6_16500.pt ...
2026-07-01 16:42:26 | INFO | unicore.checkpoint_utils | finished async ckp saving.
2026-07-01 16:44:11 | INFO | train_inner | epoch 006:   1902 / 2931 loss=5.388, train_loss=5.388, cross_distance_loss=0.762, distance_loss=0.39, coord_loss=3.951, RMSD=3.95, prmsd_loss=2.849, ups=0.01, bsz=8, num_updates=16550, lr=4.63124e-06, gnorm=25.963, clip=100, loss_scale=1, train_wall=112.43, gb_free=31.4, wall=254086
2026-07-01 16:46:06 | INFO | train_inner | epoch 006:   1952 / 2931 loss=5.254, train_loss=5.254, cross_distance_loss=0.758, distance_loss=0.358, coord_loss=3.852, RMSD=3.852, prmsd_loss=2.851, ups=0.44, bsz=8, num_updates=16600, lr=4.6131e-06, gnorm=34.305, clip=100, loss_scale=1, train_wall=114.52, gb_free=29.2, wall=254201
2026-07-01 16:48:00 | INFO | train_inner | epoch 006:   2002 / 2931 loss=5.37, train_loss=5.37, cross_distance_loss=0.757, distance_loss=0.343, coord_loss=3.985, RMSD=3.984, prmsd_loss=2.851, ups=0.44, bsz=8, num_updates=16650, lr=4.59495e-06, gnorm=33.91, clip=100, loss_scale=1, train_wall=114.52, gb_free=29.7, wall=254315
2026-07-01 16:49:53 | INFO | train_inner | epoch 006:   2052 / 2931 loss=5.21, train_loss=5.21, cross_distance_loss=0.761, distance_loss=0.294, coord_loss=3.864, RMSD=3.863, prmsd_loss=2.913, ups=0.44, bsz=8, num_updates=16700, lr=4.5768e-06, gnorm=67.34, clip=100, loss_scale=1, train_wall=112.73, gb_free=30.9, wall=254428
2026-07-01 16:51:49 | INFO | train_inner | epoch 006:   2102 / 2931 loss=5.551, train_loss=5.551, cross_distance_loss=0.777, distance_loss=0.4, coord_loss=4.087, RMSD=4.086, prmsd_loss=2.877, ups=0.43, bsz=8, num_updates=16750, lr=4.55865e-06, gnorm=31.877, clip=100, loss_scale=1, train_wall=116.27, gb_free=32.2, wall=254544
2026-07-01 16:53:46 | INFO | train_inner | epoch 006:   2152 / 2931 loss=5.21, train_loss=5.21, cross_distance_loss=0.765, distance_loss=0.333, coord_loss=3.822, RMSD=3.822, prmsd_loss=2.902, ups=0.43, bsz=8, num_updates=16800, lr=4.54051e-06, gnorm=61.042, clip=100, loss_scale=1, train_wall=116.04, gb_free=29.2, wall=254661
2026-07-01 16:55:45 | INFO | train_inner | epoch 006:   2202 / 2931 loss=5.232, train_loss=5.232, cross_distance_loss=0.768, distance_loss=0.361, coord_loss=3.813, RMSD=3.812, prmsd_loss=2.902, ups=0.42, bsz=8, num_updates=16850, lr=4.52236e-06, gnorm=71.978, clip=100, loss_scale=1, train_wall=119.37, gb_free=26.6, wall=254780
2026-07-01 16:57:39 | INFO | train_inner | epoch 006:   2252 / 2931 loss=5.329, train_loss=5.329, cross_distance_loss=0.789, distance_loss=0.351, coord_loss=3.9, RMSD=3.899, prmsd_loss=2.889, ups=0.44, bsz=8, num_updates=16900, lr=4.50421e-06, gnorm=34.77, clip=100, loss_scale=1, train_wall=114.22, gb_free=29.2, wall=254894
2026-07-01 16:59:34 | INFO | train_inner | epoch 006:   2302 / 2931 loss=5.396, train_loss=5.396, cross_distance_loss=0.767, distance_loss=0.403, coord_loss=3.942, RMSD=3.941, prmsd_loss=2.84, ups=0.44, bsz=8, num_updates=16950, lr=4.48606e-06, gnorm=70.714, clip=100, loss_scale=1, train_wall=114.12, gb_free=28.8, wall=255009
2026-07-01 17:01:28 | INFO | train_inner | epoch 006:   2352 / 2931 loss=5.499, train_loss=5.499, cross_distance_loss=0.775, distance_loss=0.399, coord_loss=4.039, RMSD=4.038, prmsd_loss=2.858, ups=0.44, bsz=8, num_updates=17000, lr=4.46792e-06, gnorm=130.818, clip=100, loss_scale=1, train_wall=114.35, gb_free=31.4, wall=255123
2026-07-01 17:01:28 | INFO | unicore_cli.train | begin validation on "valid" subset
2026-07-01 17:01:28 | INFO | unicore.tasks.unicore_task | get EpochBatchIterator for epoch 1
2026-07-01 18:25:54 | INFO | valid | epoch 006 | valid on 'valid' subset | loss 5.378 | valid_loss 5.378 | cross_distance_loss 0.742 | distance_loss 0.258 | coord_loss 4.078 | RMSD 4.074 | prmsd_loss 3 | bsz 26010 | num_updates 17000 | best_loss 5.378
2026-07-01 18:25:54 | INFO | unicore.checkpoint_utils | Preparing to save checkpoint for epoch 6 @ 17000 updates
2026-07-01 18:25:54 | INFO | unicore.trainer | Saving checkpoint to ./checkpoint_6_17000.pt
2026-07-01 18:25:59 | INFO | unicore.trainer | Finished saving checkpoint to ./checkpoint_6_17000.pt
2026-07-01 18:25:59 | INFO | unicore.checkpoint_utils | Saved checkpoint ./checkpoint_6_17000.pt (epoch 6 @ 17000 updates, score 5.378) (writing took 4.232755100354552 seconds)
2026-07-01 18:25:59 | INFO | unicore.checkpoint_utils | copy ./checkpoint_6_17000.pt to /home/bdldt_team007/DLDockingBenchSeminar/run4/checkpoints/checkpoint_6_17000.pt
2026-07-01 18:26:04 | INFO | unicore.checkpoint_utils | copy ./checkpoint_6_17000.pt to /home/bdldt_team007/DLDockingBenchSeminar/run4/checkpoints/checkpoint_best.pt
2026-07-01 18:26:06 | INFO | unicore.checkpoint_utils | copy ./checkpoint_6_17000.pt to /home/bdldt_team007/DLDockingBenchSeminar/run4/checkpoints/checkpoint_last.pt
2026-07-01 18:26:09 | INFO | unicore.checkpoint_utils | removing temp file ./checkpoint_6_17000.pt ...
2026-07-01 18:26:09 | INFO | unicore.checkpoint_utils | finished async ckp saving.
2026-07-01 18:27:47 | INFO | train_inner | epoch 006:   2402 / 2931 loss=5.304, train_loss=5.304, cross_distance_loss=0.753, distance_loss=0.349, coord_loss=3.917, RMSD=3.916, prmsd_loss=2.847, ups=0.01, bsz=8, num_updates=17050, lr=4.44977e-06, gnorm=32.682, clip=100, loss_scale=1, train_wall=108.66, gb_free=28.2, wall=260302
2026-07-01 18:29:48 | INFO | train_inner | epoch 006:   2452 / 2931 loss=5.236, train_loss=5.236, cross_distance_loss=0.771, distance_loss=0.318, coord_loss=3.86, RMSD=3.86, prmsd_loss=2.865, ups=0.41, bsz=8, num_updates=17100, lr=4.43162e-06, gnorm=39.976, clip=100, loss_scale=1, train_wall=120.47, gb_free=31.8, wall=260423
2026-07-01 18:31:42 | INFO | train_inner | epoch 006:   2502 / 2931 loss=5.284, train_loss=5.284, cross_distance_loss=0.762, distance_loss=0.358, coord_loss=3.879, RMSD=3.878, prmsd_loss=2.856, ups=0.44, bsz=8, num_updates=17150, lr=4.41347e-06, gnorm=62.866, clip=100, loss_scale=1, train_wall=113.95, gb_free=34.2, wall=260537
2026-07-01 18:33:44 | INFO | train_inner | epoch 006:   2552 / 2931 loss=5.224, train_loss=5.224, cross_distance_loss=0.771, distance_loss=0.325, coord_loss=3.838, RMSD=3.837, prmsd_loss=2.906, ups=0.41, bsz=8, num_updates=17200, lr=4.39533e-06, gnorm=37.924, clip=100, loss_scale=1, train_wall=121.36, gb_free=30.5, wall=260659
2026-07-01 18:35:32 | INFO | train_inner | epoch 006:   2602 / 2931 loss=5.206, train_loss=5.206, cross_distance_loss=0.751, distance_loss=0.299, coord_loss=3.869, RMSD=3.868, prmsd_loss=2.878, ups=0.46, bsz=8, num_updates=17250, lr=4.37718e-06, gnorm=52.267, clip=100, loss_scale=1, train_wall=107.86, gb_free=31.4, wall=260767
2026-07-01 18:37:27 | INFO | train_inner | epoch 006:   2652 / 2931 loss=5.467, train_loss=5.467, cross_distance_loss=0.778, distance_loss=0.335, coord_loss=4.063, RMSD=4.062, prmsd_loss=2.902, ups=0.43, bsz=8, num_updates=17300, lr=4.35903e-06, gnorm=57.854, clip=100, loss_scale=1, train_wall=115.79, gb_free=29.2, wall=260882
2026-07-01 18:39:22 | INFO | train_inner | epoch 006:   2702 / 2931 loss=5.388, train_loss=5.388, cross_distance_loss=0.772, distance_loss=0.385, coord_loss=3.948, RMSD=3.947, prmsd_loss=2.836, ups=0.44, bsz=8, num_updates=17350, lr=4.34088e-06, gnorm=41.337, clip=100, loss_scale=1, train_wall=113.97, gb_free=31.4, wall=260997
2026-07-01 18:41:15 | INFO | train_inner | epoch 006:   2752 / 2931 loss=5.429, train_loss=5.429, cross_distance_loss=0.764, distance_loss=0.37, coord_loss=4.01, RMSD=4.009, prmsd_loss=2.854, ups=0.44, bsz=8, num_updates=17400, lr=4.32274e-06, gnorm=46.786, clip=100, loss_scale=1, train_wall=113.38, gb_free=29.6, wall=261110
2026-07-01 18:42:57 | INFO | train_inner | epoch 006:   2802 / 2931 loss=5.333, train_loss=5.333, cross_distance_loss=0.768, distance_loss=0.325, coord_loss=3.952, RMSD=3.951, prmsd_loss=2.877, ups=0.49, bsz=8, num_updates=17450, lr=4.30459e-06, gnorm=72.287, clip=100, loss_scale=1, train_wall=101.85, gb_free=30.5, wall=261212
2026-07-01 18:44:59 | INFO | train_inner | epoch 006:   2852 / 2931 loss=5.17, train_loss=5.17, cross_distance_loss=0.76, distance_loss=0.337, coord_loss=3.781, RMSD=3.781, prmsd_loss=2.911, ups=0.41, bsz=8, num_updates=17500, lr=4.28644e-06, gnorm=54.832, clip=100, loss_scale=1, train_wall=122.33, gb_free=30.9, wall=261334
2026-07-01 18:44:59 | INFO | unicore_cli.train | begin validation on "valid" subset
2026-07-01 18:44:59 | INFO | unicore.tasks.unicore_task | get EpochBatchIterator for epoch 1
2026-07-01 20:13:43 | INFO | valid | epoch 006 | valid on 'valid' subset | loss 5.309 | valid_loss 5.309 | cross_distance_loss 0.732 | distance_loss 0.254 | coord_loss 4.028 | RMSD 4.025 | prmsd_loss 2.944 | bsz 26010 | num_updates 17500 | best_loss 5.309
2026-07-01 20:13:44 | INFO | unicore.checkpoint_utils | Preparing to save checkpoint for epoch 6 @ 17500 updates
2026-07-01 20:13:44 | INFO | unicore.trainer | Saving checkpoint to ./checkpoint_6_17500.pt
2026-07-01 20:13:48 | INFO | unicore.trainer | Finished saving checkpoint to ./checkpoint_6_17500.pt
2026-07-01 20:13:48 | INFO | unicore.checkpoint_utils | Saved checkpoint ./checkpoint_6_17500.pt (epoch 6 @ 17500 updates, score 5.309) (writing took 4.715381043031812 seconds)
2026-07-01 20:13:48 | INFO | unicore.checkpoint_utils | copy ./checkpoint_6_17500.pt to /home/bdldt_team007/DLDockingBenchSeminar/run4/checkpoints/checkpoint_6_17500.pt
2026-07-01 20:13:53 | INFO | unicore.checkpoint_utils | copy ./checkpoint_6_17500.pt to /home/bdldt_team007/DLDockingBenchSeminar/run4/checkpoints/checkpoint_best.pt
2026-07-01 20:13:55 | INFO | unicore.checkpoint_utils | copy ./checkpoint_6_17500.pt to /home/bdldt_team007/DLDockingBenchSeminar/run4/checkpoints/checkpoint_last.pt
2026-07-01 20:13:58 | INFO | unicore.checkpoint_utils | removing temp file ./checkpoint_6_17500.pt ...
2026-07-01 20:13:59 | INFO | unicore.checkpoint_utils | finished async ckp saving.
2026-07-01 20:15:57 | INFO | train_inner | epoch 006:   2902 / 2931 loss=5.378, train_loss=5.378, cross_distance_loss=0.778, distance_loss=0.413, coord_loss=3.899, RMSD=3.898, prmsd_loss=2.875, ups=0.01, bsz=8, num_updates=17550, lr=4.26829e-06, gnorm=38.749, clip=100, loss_scale=1, train_wall=129.08, gb_free=24.4, wall=266792
2026-07-01 20:17:10 | INFO | unicore_cli.train | begin validation on "valid" subset
2026-07-01 20:17:10 | INFO | unicore.tasks.unicore_task | get EpochBatchIterator for epoch 1
