
=============
== PyTorch ==
=============

NVIDIA Release 22.04 (build 36527063)
PyTorch Version 1.12.0a0+bd13bc6

Container image Copyright (c) 2022, NVIDIA CORPORATION & AFFILIATES. All rights reserved.

Copyright (c) 2014-2022 Facebook Inc.
Copyright (c) 2011-2014 Idiap Research Institute (Ronan Collobert)
Copyright (c) 2012-2014 Deepmind Technologies    (Koray Kavukcuoglu)
Copyright (c) 2011-2012 NEC Laboratories America (Koray Kavukcuoglu)
Copyright (c) 2011-2013 NYU                      (Clement Farabet)
Copyright (c) 2006-2010 NEC Laboratories America (Ronan Collobert, Leon Bottou, Iain Melvin, Jason Weston)
Copyright (c) 2006      Idiap Research Institute (Samy Bengio)
Copyright (c) 2001-2004 Idiap Research Institute (Ronan Collobert, Samy Bengio, Johnny Mariethoz)
Copyright (c) 2015      Google Inc.
Copyright (c) 2015      Yangqing Jia
Copyright (c) 2013-2016 The Caffe contributors
All rights reserved.

Various files include modifications (c) NVIDIA CORPORATION & AFFILIATES.  All rights reserved.

This container image and its contents are governed by the NVIDIA Deep Learning Container License.
By pulling and using the container, you accept the terms and conditions of this license:
https://developer.nvidia.com/ngc/nvidia-deep-learning-container-license

=== RUN5 TRAIN COMMAND START ===
2026-06-28 20:23:28 | INFO | unicore_cli.train | Namespace(activation_dropout=0.0, activation_fn='gelu', adam_betas='(0.9, 0.99)', adam_eps=1e-06, all_gather_list_size=16384, allreduce_fp32_grad=False, arch='docking_pose_v2', attention_dropout=0.1, batch_size=8, batch_size_valid=8, best_checkpoint_metric='loss', bf16=False, bf16_sr=False, broadcast_buffers=False, bucket_cap_mb=25, checkpoint_suffix='', clip_norm=1.0, conf_size=10, cpu=False, curriculum=0, data='/home/bdldt_team007/DLDockingBenchSeminar/run5/data', data_buffer_size=10, ddp_backend='c10d', delta_pair_repr_norm_loss=-1.0, device_id=0, disable_validation=False, dist_threshold=8.0, distributed_backend='nccl', distributed_init_method=None, distributed_no_spawn=False, distributed_num_procs=1, distributed_port=-1, distributed_rank=0, distributed_world_size=1, dropout=0.1, ema_decay=-1.0, emb_dropout=0.1, empty_cache_freq=0, encoder_attention_heads=64, encoder_embed_dim=512, encoder_ffn_embed_dim=2048, encoder_layers=15, end_learning_rate=0.0, fast_stat_sync=False, find_unused_parameters=False, finetune_from_model=None, finetune_mol_model='/home/bdldt_team007/DLDockingBenchSeminar/run5/weights/mol_pre_no_h_220816.pt', finetune_pocket_model='/home/bdldt_team007/DLDockingBenchSeminar/run5/weights/pocket_pre_220816.pt', fix_batches_to_gpus=False, fixed_validation_seed=None, force_anneal=None, fp16=True, fp16_init_scale=128, fp16_no_flatten_grads=False, fp16_scale_tolerance=0.0, fp16_scale_window=None, keep_best_checkpoints=-1, keep_interval_updates=-1, keep_last_epochs=10, load_from_ema=False, log_format='simple', log_interval=50, loss='docking_pose_v2', lr=[3e-05], lr_scheduler='polynomial_decay', masked_coord_loss=-1.0, masked_dist_loss=-1.0, masked_token_loss=-1.0, max_epoch=10, max_pocket_atoms=256, max_seq_len=512, max_update=0, max_valid_steps=None, maximize_best_checkpoint_metric=False, min_loss_scale=0.0001, mol=Namespace(activation_dropout=0.0, activation_fn='gelu', attention_dropout=0.1, delta_pair_repr_norm_loss=-1.0, dropout=0.1, emb_dropout=0.1, encoder_attention_heads=64, encoder_embed_dim=512, encoder_ffn_embed_dim=2048, encoder_layers=15, masked_coord_loss=-1.0, masked_dist_loss=-1.0, masked_token_loss=-1.0, max_seq_len=512, pooler_activation_fn='tanh', pooler_dropout=0.2, post_ln=False, x_norm_loss=-1.0), mol_pooler_dropout=0.2, no_epoch_checkpoints=False, no_last_checkpoints=False, no_progress_bar=False, no_save=False, no_save_optimizer_state=False, no_seed_provided=False, nprocs_per_node=1, num_workers=0, optimizer='adam', optimizer_overrides='{}', patience=-1, per_sample_clip_norm=0, pocket=Namespace(activation_dropout=0.0, activation_fn='gelu', attention_dropout=0.1, delta_pair_repr_norm_loss=-1.0, dropout=0.1, emb_dropout=0.1, encoder_attention_heads=64, encoder_embed_dim=512, encoder_ffn_embed_dim=2048, encoder_layers=15, masked_coord_loss=-1.0, masked_dist_loss=-1.0, masked_token_loss=-1.0, max_seq_len=512, pooler_activation_fn='tanh', pooler_dropout=0.2, post_ln=False, x_norm_loss=-1.0), pocket_pooler_dropout=0.2, pooler_activation_fn='tanh', pooler_dropout=0.0, post_ln=False, power=1.0, profile=False, recycling=4, required_batch_size_multiple=1, reset_dataloader=False, reset_lr_scheduler=False, reset_meters=False, reset_optimizer=False, restore_file='checkpoint_last.pt', save_dir='/home/bdldt_team007/DLDockingBenchSeminar/run5/checkpoints', save_interval=1, save_interval_updates=500, seed=42, skip_invalid_size_inputs_valid_test=True, stop_min_lr=-1, stop_time_hours=0, suppress_crashes=False, task='docking_pose_v2', tensorboard_logdir='', threshold_loss_scale=None, tmp_save_dir='./', total_num_update=29310, train_subset='train', update_freq=[1], user_dir='/home/bdldt_team007/DLDockingBenchSeminar/unimol/unimol_docking_v2/unimol', valid_subset='valid', validate_after_updates=0, validate_interval=1, validate_interval_updates=0, validate_with_ema=False, wandb_name='', wandb_project='', warmup_ratio=-1.0, warmup_updates=1758, weight_decay=0.0, x_norm_loss=-1.0)
2026-06-28 20:23:28 | INFO | unimol.tasks.docking_pose_v2 | ligand dictionary: 30 types
2026-06-28 20:23:28 | INFO | unimol.tasks.docking_pose_v2 | pocket dictionary: 9 types
load pretrain model weight from... /home/bdldt_team007/DLDockingBenchSeminar/run5/weights/mol_pre_no_h_220816.pt
load pretrain model weight from... /home/bdldt_team007/DLDockingBenchSeminar/run5/weights/pocket_pre_220816.pt
2026-06-28 20:23:30 | INFO | unicore_cli.train | DockingPoseV2Model(
  (mol_model): UniMolModel(
    (embed_tokens): Embedding(31, 512, padding_idx=0)
    (encoder): TransformerEncoderWithPair(
      (emb_layer_norm): LayerNorm(torch.Size([512]), eps=1e-05, elementwise_affine=True)
      (final_layer_norm): LayerNorm(torch.Size([512]), eps=1e-05, elementwise_affine=True)
      (layers): ModuleList(
        (0): TransformerEncoderLayer(
          (self_attn): SelfMultiheadAttention(
            (in_proj): Linear(in_features=512, out_features=1536, bias=True)
            (out_proj): Linear(in_features=512, out_features=512, bias=True)
          )
          (self_attn_layer_norm): LayerNorm(torch.Size([512]), eps=1e-05, elementwise_affine=True)
          (fc1): Linear(in_features=512, out_features=2048, bias=True)
          (fc2): Linear(in_features=2048, out_features=512, bias=True)
          (final_layer_norm): LayerNorm(torch.Size([512]), eps=1e-05, elementwise_affine=True)
        )
        (1): TransformerEncoderLayer(
          (self_attn): SelfMultiheadAttention(
            (in_proj): Linear(in_features=512, out_features=1536, bias=True)
            (out_proj): Linear(in_features=512, out_features=512, bias=True)
          )
          (self_attn_layer_norm): LayerNorm(torch.Size([512]), eps=1e-05, elementwise_affine=True)
          (fc1): Linear(in_features=512, out_features=2048, bias=True)
          (fc2): Linear(in_features=2048, out_features=512, bias=True)
          (final_layer_norm): LayerNorm(torch.Size([512]), eps=1e-05, elementwise_affine=True)
        )
        (2): TransformerEncoderLayer(
          (self_attn): SelfMultiheadAttention(
            (in_proj): Linear(in_features=512, out_features=1536, bias=True)
            (out_proj): Linear(in_features=512, out_features=512, bias=True)
          )
          (self_attn_layer_norm): LayerNorm(torch.Size([512]), eps=1e-05, elementwise_affine=True)
          (fc1): Linear(in_features=512, out_features=2048, bias=True)
          (fc2): Linear(in_features=2048, out_features=512, bias=True)
          (final_layer_norm): LayerNorm(torch.Size([512]), eps=1e-05, elementwise_affine=True)
        )
        (3): TransformerEncoderLayer(
          (self_attn): SelfMultiheadAttention(
            (in_proj): Linear(in_features=512, out_features=1536, bias=True)
            (out_proj): Linear(in_features=512, out_features=512, bias=True)
          )
          (self_attn_layer_norm): LayerNorm(torch.Size([512]), eps=1e-05, elementwise_affine=True)
          (fc1): Linear(in_features=512, out_features=2048, bias=True)
          (fc2): Linear(in_features=2048, out_features=512, bias=True)
          (final_layer_norm): LayerNorm(torch.Size([512]), eps=1e-05, elementwise_affine=True)
        )
        (4): TransformerEncoderLayer(
          (self_attn): SelfMultiheadAttention(
            (in_proj): Linear(in_features=512, out_features=1536, bias=True)
            (out_proj): Linear(in_features=512, out_features=512, bias=True)
          )
          (self_attn_layer_norm): LayerNorm(torch.Size([512]), eps=1e-05, elementwise_affine=True)
          (fc1): Linear(in_features=512, out_features=2048, bias=True)
          (fc2): Linear(in_features=2048, out_features=512, bias=True)
          (final_layer_norm): LayerNorm(torch.Size([512]), eps=1e-05, elementwise_affine=True)
        )
        (5): TransformerEncoderLayer(
          (self_attn): SelfMultiheadAttention(
            (in_proj): Linear(in_features=512, out_features=1536, bias=True)
            (out_proj): Linear(in_features=512, out_features=512, bias=True)
          )
          (self_attn_layer_norm): LayerNorm(torch.Size([512]), eps=1e-05, elementwise_affine=True)
          (fc1): Linear(in_features=512, out_features=2048, bias=True)
          (fc2): Linear(in_features=2048, out_features=512, bias=True)
          (final_layer_norm): LayerNorm(torch.Size([512]), eps=1e-05, elementwise_affine=True)
        )
        (6): TransformerEncoderLayer(
          (self_attn): SelfMultiheadAttention(
            (in_proj): Linear(in_features=512, out_features=1536, bias=True)
            (out_proj): Linear(in_features=512, out_features=512, bias=True)
          )
          (self_attn_layer_norm): LayerNorm(torch.Size([512]), eps=1e-05, elementwise_affine=True)
          (fc1): Linear(in_features=512, out_features=2048, bias=True)
          (fc2): Linear(in_features=2048, out_features=512, bias=True)
          (final_layer_norm): LayerNorm(torch.Size([512]), eps=1e-05, elementwise_affine=True)
        )
        (7): TransformerEncoderLayer(
          (self_attn): SelfMultiheadAttention(
            (in_proj): Linear(in_features=512, out_features=1536, bias=True)
            (out_proj): Linear(in_features=512, out_features=512, bias=True)
          )
          (self_attn_layer_norm): LayerNorm(torch.Size([512]), eps=1e-05, elementwise_affine=True)
          (fc1): Linear(in_features=512, out_features=2048, bias=True)
          (fc2): Linear(in_features=2048, out_features=512, bias=True)
          (final_layer_norm): LayerNorm(torch.Size([512]), eps=1e-05, elementwise_affine=True)
        )
        (8): TransformerEncoderLayer(
          (self_attn): SelfMultiheadAttention(
            (in_proj): Linear(in_features=512, out_features=1536, bias=True)
            (out_proj): Linear(in_features=512, out_features=512, bias=True)
          )
          (self_attn_layer_norm): LayerNorm(torch.Size([512]), eps=1e-05, elementwise_affine=True)
          (fc1): Linear(in_features=512, out_features=2048, bias=True)
          (fc2): Linear(in_features=2048, out_features=512, bias=True)
          (final_layer_norm): LayerNorm(torch.Size([512]), eps=1e-05, elementwise_affine=True)
        )
        (9): TransformerEncoderLayer(
          (self_attn): SelfMultiheadAttention(
            (in_proj): Linear(in_features=512, out_features=1536, bias=True)
            (out_proj): Linear(in_features=512, out_features=512, bias=True)
          )
          (self_attn_layer_norm): LayerNorm(torch.Size([512]), eps=1e-05, elementwise_affine=True)
          (fc1): Linear(in_features=512, out_features=2048, bias=True)
          (fc2): Linear(in_features=2048, out_features=512, bias=True)
          (final_layer_norm): LayerNorm(torch.Size([512]), eps=1e-05, elementwise_affine=True)
        )
        (10): TransformerEncoderLayer(
          (self_attn): SelfMultiheadAttention(
            (in_proj): Linear(in_features=512, out_features=1536, bias=True)
            (out_proj): Linear(in_features=512, out_features=512, bias=True)
          )
          (self_attn_layer_norm): LayerNorm(torch.Size([512]), eps=1e-05, elementwise_affine=True)
          (fc1): Linear(in_features=512, out_features=2048, bias=True)
          (fc2): Linear(in_features=2048, out_features=512, bias=True)
          (final_layer_norm): LayerNorm(torch.Size([512]), eps=1e-05, elementwise_affine=True)
        )
        (11): TransformerEncoderLayer(
          (self_attn): SelfMultiheadAttention(
            (in_proj): Linear(in_features=512, out_features=1536, bias=True)
            (out_proj): Linear(in_features=512, out_features=512, bias=True)
          )
          (self_attn_layer_norm): LayerNorm(torch.Size([512]), eps=1e-05, elementwise_affine=True)
          (fc1): Linear(in_features=512, out_features=2048, bias=True)
          (fc2): Linear(in_features=2048, out_features=512, bias=True)
          (final_layer_norm): LayerNorm(torch.Size([512]), eps=1e-05, elementwise_affine=True)
        )
        (12): TransformerEncoderLayer(
          (self_attn): SelfMultiheadAttention(
            (in_proj): Linear(in_features=512, out_features=1536, bias=True)
            (out_proj): Linear(in_features=512, out_features=512, bias=True)
          )
          (self_attn_layer_norm): LayerNorm(torch.Size([512]), eps=1e-05, elementwise_affine=True)
          (fc1): Linear(in_features=512, out_features=2048, bias=True)
          (fc2): Linear(in_features=2048, out_features=512, bias=True)
          (final_layer_norm): LayerNorm(torch.Size([512]), eps=1e-05, elementwise_affine=True)
        )
        (13): TransformerEncoderLayer(
          (self_attn): SelfMultiheadAttention(
            (in_proj): Linear(in_features=512, out_features=1536, bias=True)
            (out_proj): Linear(in_features=512, out_features=512, bias=True)
          )
          (self_attn_layer_norm): LayerNorm(torch.Size([512]), eps=1e-05, elementwise_affine=True)
          (fc1): Linear(in_features=512, out_features=2048, bias=True)
          (fc2): Linear(in_features=2048, out_features=512, bias=True)
          (final_layer_norm): LayerNorm(torch.Size([512]), eps=1e-05, elementwise_affine=True)
        )
        (14): TransformerEncoderLayer(
          (self_attn): SelfMultiheadAttention(
            (in_proj): Linear(in_features=512, out_features=1536, bias=True)
            (out_proj): Linear(in_features=512, out_features=512, bias=True)
          )
          (self_attn_layer_norm): LayerNorm(torch.Size([512]), eps=1e-05, elementwise_affine=True)
          (fc1): Linear(in_features=512, out_features=2048, bias=True)
          (fc2): Linear(in_features=2048, out_features=512, bias=True)
          (final_layer_norm): LayerNorm(torch.Size([512]), eps=1e-05, elementwise_affine=True)
        )
      )
    )
    (gbf_proj): NonLinearHead(
      (linear1): Linear(in_features=128, out_features=128, bias=True)
      (linear2): Linear(in_features=128, out_features=64, bias=True)
    )
    (gbf): GaussianLayer(
      (means): Embedding(1, 128)
      (stds): Embedding(1, 128)
      (mul): Embedding(961, 1)
      (bias): Embedding(961, 1)
    )
    (classification_heads): ModuleDict()
  )
  (pocket_model): UniMolModel(
    (embed_tokens): Embedding(10, 512, padding_idx=0)
    (encoder): TransformerEncoderWithPair(
      (emb_layer_norm): LayerNorm(torch.Size([512]), eps=1e-05, elementwise_affine=True)
      (final_layer_norm): LayerNorm(torch.Size([512]), eps=1e-05, elementwise_affine=True)
      (layers): ModuleList(
        (0): TransformerEncoderLayer(
          (self_attn): SelfMultiheadAttention(
            (in_proj): Linear(in_features=512, out_features=1536, bias=True)
            (out_proj): Linear(in_features=512, out_features=512, bias=True)
          )
          (self_attn_layer_norm): LayerNorm(torch.Size([512]), eps=1e-05, elementwise_affine=True)
          (fc1): Linear(in_features=512, out_features=2048, bias=True)
          (fc2): Linear(in_features=2048, out_features=512, bias=True)
          (final_layer_norm): LayerNorm(torch.Size([512]), eps=1e-05, elementwise_affine=True)
        )
        (1): TransformerEncoderLayer(
          (self_attn): SelfMultiheadAttention(
            (in_proj): Linear(in_features=512, out_features=1536, bias=True)
            (out_proj): Linear(in_features=512, out_features=512, bias=True)
          )
          (self_attn_layer_norm): LayerNorm(torch.Size([512]), eps=1e-05, elementwise_affine=True)
          (fc1): Linear(in_features=512, out_features=2048, bias=True)
          (fc2): Linear(in_features=2048, out_features=512, bias=True)
          (final_layer_norm): LayerNorm(torch.Size([512]), eps=1e-05, elementwise_affine=True)
        )
        (2): TransformerEncoderLayer(
          (self_attn): SelfMultiheadAttention(
            (in_proj): Linear(in_features=512, out_features=1536, bias=True)
            (out_proj): Linear(in_features=512, out_features=512, bias=True)
          )
          (self_attn_layer_norm): LayerNorm(torch.Size([512]), eps=1e-05, elementwise_affine=True)
          (fc1): Linear(in_features=512, out_features=2048, bias=True)
          (fc2): Linear(in_features=2048, out_features=512, bias=True)
          (final_layer_norm): LayerNorm(torch.Size([512]), eps=1e-05, elementwise_affine=True)
        )
        (3): TransformerEncoderLayer(
          (self_attn): SelfMultiheadAttention(
            (in_proj): Linear(in_features=512, out_features=1536, bias=True)
            (out_proj): Linear(in_features=512, out_features=512, bias=True)
          )
          (self_attn_layer_norm): LayerNorm(torch.Size([512]), eps=1e-05, elementwise_affine=True)
          (fc1): Linear(in_features=512, out_features=2048, bias=True)
          (fc2): Linear(in_features=2048, out_features=512, bias=True)
          (final_layer_norm): LayerNorm(torch.Size([512]), eps=1e-05, elementwise_affine=True)
        )
        (4): TransformerEncoderLayer(
          (self_attn): SelfMultiheadAttention(
            (in_proj): Linear(in_features=512, out_features=1536, bias=True)
            (out_proj): Linear(in_features=512, out_features=512, bias=True)
          )
          (self_attn_layer_norm): LayerNorm(torch.Size([512]), eps=1e-05, elementwise_affine=True)
          (fc1): Linear(in_features=512, out_features=2048, bias=True)
          (fc2): Linear(in_features=2048, out_features=512, bias=True)
          (final_layer_norm): LayerNorm(torch.Size([512]), eps=1e-05, elementwise_affine=True)
        )
        (5): TransformerEncoderLayer(
          (self_attn): SelfMultiheadAttention(
            (in_proj): Linear(in_features=512, out_features=1536, bias=True)
            (out_proj): Linear(in_features=512, out_features=512, bias=True)
          )
          (self_attn_layer_norm): LayerNorm(torch.Size([512]), eps=1e-05, elementwise_affine=True)
          (fc1): Linear(in_features=512, out_features=2048, bias=True)
          (fc2): Linear(in_features=2048, out_features=512, bias=True)
          (final_layer_norm): LayerNorm(torch.Size([512]), eps=1e-05, elementwise_affine=True)
        )
        (6): TransformerEncoderLayer(
          (self_attn): SelfMultiheadAttention(
            (in_proj): Linear(in_features=512, out_features=1536, bias=True)
            (out_proj): Linear(in_features=512, out_features=512, bias=True)
          )
          (self_attn_layer_norm): LayerNorm(torch.Size([512]), eps=1e-05, elementwise_affine=True)
          (fc1): Linear(in_features=512, out_features=2048, bias=True)
          (fc2): Linear(in_features=2048, out_features=512, bias=True)
          (final_layer_norm): LayerNorm(torch.Size([512]), eps=1e-05, elementwise_affine=True)
        )
        (7): TransformerEncoderLayer(
          (self_attn): SelfMultiheadAttention(
            (in_proj): Linear(in_features=512, out_features=1536, bias=True)
            (out_proj): Linear(in_features=512, out_features=512, bias=True)
          )
          (self_attn_layer_norm): LayerNorm(torch.Size([512]), eps=1e-05, elementwise_affine=True)
          (fc1): Linear(in_features=512, out_features=2048, bias=True)
          (fc2): Linear(in_features=2048, out_features=512, bias=True)
          (final_layer_norm): LayerNorm(torch.Size([512]), eps=1e-05, elementwise_affine=True)
        )
        (8): TransformerEncoderLayer(
          (self_attn): SelfMultiheadAttention(
            (in_proj): Linear(in_features=512, out_features=1536, bias=True)
            (out_proj): Linear(in_features=512, out_features=512, bias=True)
          )
          (self_attn_layer_norm): LayerNorm(torch.Size([512]), eps=1e-05, elementwise_affine=True)
          (fc1): Linear(in_features=512, out_features=2048, bias=True)
          (fc2): Linear(in_features=2048, out_features=512, bias=True)
          (final_layer_norm): LayerNorm(torch.Size([512]), eps=1e-05, elementwise_affine=True)
        )
        (9): TransformerEncoderLayer(
          (self_attn): SelfMultiheadAttention(
            (in_proj): Linear(in_features=512, out_features=1536, bias=True)
            (out_proj): Linear(in_features=512, out_features=512, bias=True)
          )
          (self_attn_layer_norm): LayerNorm(torch.Size([512]), eps=1e-05, elementwise_affine=True)
          (fc1): Linear(in_features=512, out_features=2048, bias=True)
          (fc2): Linear(in_features=2048, out_features=512, bias=True)
          (final_layer_norm): LayerNorm(torch.Size([512]), eps=1e-05, elementwise_affine=True)
        )
        (10): TransformerEncoderLayer(
          (self_attn): SelfMultiheadAttention(
            (in_proj): Linear(in_features=512, out_features=1536, bias=True)
            (out_proj): Linear(in_features=512, out_features=512, bias=True)
          )
          (self_attn_layer_norm): LayerNorm(torch.Size([512]), eps=1e-05, elementwise_affine=True)
          (fc1): Linear(in_features=512, out_features=2048, bias=True)
          (fc2): Linear(in_features=2048, out_features=512, bias=True)
          (final_layer_norm): LayerNorm(torch.Size([512]), eps=1e-05, elementwise_affine=True)
        )
        (11): TransformerEncoderLayer(
          (self_attn): SelfMultiheadAttention(
            (in_proj): Linear(in_features=512, out_features=1536, bias=True)
            (out_proj): Linear(in_features=512, out_features=512, bias=True)
          )
          (self_attn_layer_norm): LayerNorm(torch.Size([512]), eps=1e-05, elementwise_affine=True)
          (fc1): Linear(in_features=512, out_features=2048, bias=True)
          (fc2): Linear(in_features=2048, out_features=512, bias=True)
          (final_layer_norm): LayerNorm(torch.Size([512]), eps=1e-05, elementwise_affine=True)
        )
        (12): TransformerEncoderLayer(
          (self_attn): SelfMultiheadAttention(
            (in_proj): Linear(in_features=512, out_features=1536, bias=True)
            (out_proj): Linear(in_features=512, out_features=512, bias=True)
          )
          (self_attn_layer_norm): LayerNorm(torch.Size([512]), eps=1e-05, elementwise_affine=True)
          (fc1): Linear(in_features=512, out_features=2048, bias=True)
          (fc2): Linear(in_features=2048, out_features=512, bias=True)
          (final_layer_norm): LayerNorm(torch.Size([512]), eps=1e-05, elementwise_affine=True)
        )
        (13): TransformerEncoderLayer(
          (self_attn): SelfMultiheadAttention(
            (in_proj): Linear(in_features=512, out_features=1536, bias=True)
            (out_proj): Linear(in_features=512, out_features=512, bias=True)
          )
          (self_attn_layer_norm): LayerNorm(torch.Size([512]), eps=1e-05, elementwise_affine=True)
          (fc1): Linear(in_features=512, out_features=2048, bias=True)
          (fc2): Linear(in_features=2048, out_features=512, bias=True)
          (final_layer_norm): LayerNorm(torch.Size([512]), eps=1e-05, elementwise_affine=True)
        )
        (14): TransformerEncoderLayer(
          (self_attn): SelfMultiheadAttention(
            (in_proj): Linear(in_features=512, out_features=1536, bias=True)
            (out_proj): Linear(in_features=512, out_features=512, bias=True)
          )
          (self_attn_layer_norm): LayerNorm(torch.Size([512]), eps=1e-05, elementwise_affine=True)
          (fc1): Linear(in_features=512, out_features=2048, bias=True)
          (fc2): Linear(in_features=2048, out_features=512, bias=True)
          (final_layer_norm): LayerNorm(torch.Size([512]), eps=1e-05, elementwise_affine=True)
        )
      )
    )
    (gbf_proj): NonLinearHead(
      (linear1): Linear(in_features=128, out_features=128, bias=True)
      (linear2): Linear(in_features=128, out_features=64, bias=True)
    )
    (gbf): GaussianLayer(
      (means): Embedding(1, 128)
      (stds): Embedding(1, 128)
      (mul): Embedding(100, 1)
      (bias): Embedding(100, 1)
    )
    (classification_heads): ModuleDict()
  )
  (concat_decoder): TransformerEncoderWithPair(
    (emb_layer_norm): LayerNorm(torch.Size([512]), eps=1e-05, elementwise_affine=True)
    (final_layer_norm): LayerNorm(torch.Size([512]), eps=1e-05, elementwise_affine=True)
    (final_head_layer_norm): LayerNorm(torch.Size([64]), eps=1e-05, elementwise_affine=True)
    (layers): ModuleList(
      (0): TransformerEncoderLayer(
        (self_attn): SelfMultiheadAttention(
          (in_proj): Linear(in_features=512, out_features=1536, bias=True)
          (out_proj): Linear(in_features=512, out_features=512, bias=True)
        )
        (self_attn_layer_norm): LayerNorm(torch.Size([512]), eps=1e-05, elementwise_affine=True)
        (fc1): Linear(in_features=512, out_features=2048, bias=True)
        (fc2): Linear(in_features=2048, out_features=512, bias=True)
        (final_layer_norm): LayerNorm(torch.Size([512]), eps=1e-05, elementwise_affine=True)
      )
      (1): TransformerEncoderLayer(
        (self_attn): SelfMultiheadAttention(
          (in_proj): Linear(in_features=512, out_features=1536, bias=True)
          (out_proj): Linear(in_features=512, out_features=512, bias=True)
        )
        (self_attn_layer_norm): LayerNorm(torch.Size([512]), eps=1e-05, elementwise_affine=True)
        (fc1): Linear(in_features=512, out_features=2048, bias=True)
        (fc2): Linear(in_features=2048, out_features=512, bias=True)
        (final_layer_norm): LayerNorm(torch.Size([512]), eps=1e-05, elementwise_affine=True)
      )
      (2): TransformerEncoderLayer(
        (self_attn): SelfMultiheadAttention(
          (in_proj): Linear(in_features=512, out_features=1536, bias=True)
          (out_proj): Linear(in_features=512, out_features=512, bias=True)
        )
        (self_attn_layer_norm): LayerNorm(torch.Size([512]), eps=1e-05, elementwise_affine=True)
        (fc1): Linear(in_features=512, out_features=2048, bias=True)
        (fc2): Linear(in_features=2048, out_features=512, bias=True)
        (final_layer_norm): LayerNorm(torch.Size([512]), eps=1e-05, elementwise_affine=True)
      )
      (3): TransformerEncoderLayer(
        (self_attn): SelfMultiheadAttention(
          (in_proj): Linear(in_features=512, out_features=1536, bias=True)
          (out_proj): Linear(in_features=512, out_features=512, bias=True)
        )
        (self_attn_layer_norm): LayerNorm(torch.Size([512]), eps=1e-05, elementwise_affine=True)
        (fc1): Linear(in_features=512, out_features=2048, bias=True)
        (fc2): Linear(in_features=2048, out_features=512, bias=True)
        (final_layer_norm): LayerNorm(torch.Size([512]), eps=1e-05, elementwise_affine=True)
      )
    )
  )
  (cross_distance_project): NonLinearHead(
    (linear1): Linear(in_features=1088, out_features=1088, bias=True)
    (linear2): Linear(in_features=1088, out_features=1, bias=True)
  )
  (holo_distance_project): DistanceHead(
    (dense): Linear(in_features=576, out_features=576, bias=True)
    (layer_norm): LayerNorm((576,), eps=1e-05, elementwise_affine=True)
    (out_proj): Linear(in_features=576, out_features=1, bias=True)
  )
  (concat_gbf): GaussianLayer(
    (means): Embedding(1, 128)
    (stds): Embedding(1, 128)
    (mul): Embedding(1681, 1)
    (bias): Embedding(1681, 1)
  )
  (concat_gbf_proj): NonLinearHead(
    (linear1): Linear(in_features=128, out_features=128, bias=True)
    (linear2): Linear(in_features=128, out_features=64, bias=True)
  )
  (coord_decoder): TransformerEncoderWithPair(
    (emb_layer_norm): LayerNorm(torch.Size([512]), eps=1e-05, elementwise_affine=True)
    (final_layer_norm): LayerNorm(torch.Size([512]), eps=1e-05, elementwise_affine=True)
    (final_head_layer_norm): LayerNorm(torch.Size([64]), eps=1e-05, elementwise_affine=True)
    (layers): ModuleList(
      (0): TransformerEncoderLayer(
        (self_attn): SelfMultiheadAttention(
          (in_proj): Linear(in_features=512, out_features=1536, bias=True)
          (out_proj): Linear(in_features=512, out_features=512, bias=True)
        )
        (self_attn_layer_norm): LayerNorm(torch.Size([512]), eps=1e-05, elementwise_affine=True)
        (fc1): Linear(in_features=512, out_features=2048, bias=True)
        (fc2): Linear(in_features=2048, out_features=512, bias=True)
        (final_layer_norm): LayerNorm(torch.Size([512]), eps=1e-05, elementwise_affine=True)
      )
      (1): TransformerEncoderLayer(
        (self_attn): SelfMultiheadAttention(
          (in_proj): Linear(in_features=512, out_features=1536, bias=True)
          (out_proj): Linear(in_features=512, out_features=512, bias=True)
        )
        (self_attn_layer_norm): LayerNorm(torch.Size([512]), eps=1e-05, elementwise_affine=True)
        (fc1): Linear(in_features=512, out_features=2048, bias=True)
        (fc2): Linear(in_features=2048, out_features=512, bias=True)
        (final_layer_norm): LayerNorm(torch.Size([512]), eps=1e-05, elementwise_affine=True)
      )
      (2): TransformerEncoderLayer(
        (self_attn): SelfMultiheadAttention(
          (in_proj): Linear(in_features=512, out_features=1536, bias=True)
          (out_proj): Linear(in_features=512, out_features=512, bias=True)
        )
        (self_attn_layer_norm): LayerNorm(torch.Size([512]), eps=1e-05, elementwise_affine=True)
        (fc1): Linear(in_features=512, out_features=2048, bias=True)
        (fc2): Linear(in_features=2048, out_features=512, bias=True)
        (final_layer_norm): LayerNorm(torch.Size([512]), eps=1e-05, elementwise_affine=True)
      )
      (3): TransformerEncoderLayer(
        (self_attn): SelfMultiheadAttention(
          (in_proj): Linear(in_features=512, out_features=1536, bias=True)
          (out_proj): Linear(in_features=512, out_features=512, bias=True)
        )
        (self_attn_layer_norm): LayerNorm(torch.Size([512]), eps=1e-05, elementwise_affine=True)
        (fc1): Linear(in_features=512, out_features=2048, bias=True)
        (fc2): Linear(in_features=2048, out_features=512, bias=True)
        (final_layer_norm): LayerNorm(torch.Size([512]), eps=1e-05, elementwise_affine=True)
      )
    )
  )
  (coord_delta_project): NonLinearHead(
    (linear1): Linear(in_features=64, out_features=64, bias=True)
    (linear2): Linear(in_features=64, out_features=1, bias=True)
  )
  (prmsd_project): NonLinearHead(
    (linear1): Linear(in_features=512, out_features=512, bias=True)
    (linear2): Linear(in_features=512, out_features=32, bias=True)
  )
)
2026-06-28 20:23:30 | INFO | unicore_cli.train | task: DockingPoseV2
2026-06-28 20:23:30 | INFO | unicore_cli.train | model: DockingPoseV2Model
2026-06-28 20:23:30 | INFO | unicore_cli.train | loss: DockingPosseV2Loss
2026-06-28 20:23:30 | INFO | unicore_cli.train | num. model params: 121,703,887 (num. trained: 121,703,887)
2026-06-28 20:23:32 | INFO | unicore.utils | ***********************CUDA enviroments for all 1 workers***********************
2026-06-28 20:23:32 | INFO | unicore.utils | rank   0: capabilities =  8.0  ; total memory = 39.495 GB ; name = NVIDIA A100-PCIE-40GB                   
2026-06-28 20:23:32 | INFO | unicore.utils | ***********************CUDA enviroments for all 1 workers***********************
2026-06-28 20:23:32 | INFO | unicore_cli.train | training on 1 devices (GPUs)
2026-06-28 20:23:32 | INFO | unicore_cli.train | batch size per device = 8
2026-06-28 20:23:32 | INFO | unicore.trainer | Preparing to load checkpoint /home/bdldt_team007/DLDockingBenchSeminar/run5/checkpoints/checkpoint_last.pt
2026-06-28 20:23:32 | INFO | unicore.trainer | No existing checkpoint found /home/bdldt_team007/DLDockingBenchSeminar/run5/checkpoints/checkpoint_last.pt
2026-06-28 20:23:32 | INFO | unicore.trainer | loading train data for epoch 1
2026-06-28 20:23:32 | INFO | unicore.tasks.unicore_task | get EpochBatchIterator for epoch 1
2026-06-28 20:23:32 | INFO | unicore.optim.adam | using FusedAdam
2026-06-28 20:23:32 | INFO | unicore.trainer | begin training epoch 1
2026-06-28 20:23:32 | INFO | unicore_cli.train | Start iterating over samples
2026-06-28 20:23:38 | INFO | unicore.trainer | NOTE: gradient overflow detected, ignoring gradient, setting loss scale to: 64.0
2026-06-28 20:23:45 | INFO | unicore.trainer | NOTE: gradient overflow detected, ignoring gradient, setting loss scale to: 32.0
2026-06-28 20:24:02 | INFO | unicore.trainer | NOTE: gradient overflow detected, ignoring gradient, setting loss scale to: 16.0
2026-06-28 20:25:47 | INFO | unicore.trainer | NOTE: gradient overflow detected, ignoring gradient, setting loss scale to: 8.0
2026-06-28 20:25:55 | INFO | train_inner | epoch 001:     54 / 2931 loss=36.722, train_loss=36.722, cross_distance_loss=26.371, distance_loss=5.425, coord_loss=4.579, RMSD=4.579, prmsd_loss=3.468, ups=0.35, bsz=8, num_updates=50, lr=8.53242e-07, gnorm=133.656, clip=100, loss_scale=8, train_wall=142.38, gb_free=32.9, wall=143
2026-06-28 20:27:36 | INFO | train_inner | epoch 001:    104 / 2931 loss=22.58, train_loss=22.58, cross_distance_loss=12.946, distance_loss=4.766, coord_loss=4.521, RMSD=4.521, prmsd_loss=3.47, ups=0.49, bsz=8, num_updates=100, lr=1.70648e-06, gnorm=154.007, clip=100, loss_scale=8, train_wall=101.06, gb_free=32.2, wall=244
2026-06-28 20:28:54 | INFO | train_inner | epoch 001:    154 / 2931 loss=10.761, train_loss=10.761, cross_distance_loss=2.53, distance_loss=3.057, coord_loss=4.828, RMSD=4.827, prmsd_loss=3.456, ups=0.64, bsz=8, num_updates=150, lr=2.55973e-06, gnorm=49.285, clip=100, loss_scale=8, train_wall=77.83, gb_free=31.3, wall=322
2026-06-28 20:29:46 | INFO | train_inner | epoch 001:    204 / 2931 loss=7.999, train_loss=7.999, cross_distance_loss=1.436, distance_loss=1.465, coord_loss=4.757, RMSD=4.757, prmsd_loss=3.41, ups=0.96, bsz=8, num_updates=200, lr=3.41297e-06, gnorm=28.912, clip=100, loss_scale=8, train_wall=51.79, gb_free=30.6, wall=374
2026-06-28 20:30:31 | INFO | train_inner | epoch 001:    254 / 2931 loss=7.368, train_loss=7.368, cross_distance_loss=1.416, distance_loss=1.006, coord_loss=4.609, RMSD=4.608, prmsd_loss=3.373, ups=1.11, bsz=8, num_updates=250, lr=4.26621e-06, gnorm=9.723, clip=100, loss_scale=8, train_wall=44.86, gb_free=26.7, wall=419
2026-06-28 20:31:59 | INFO | train_inner | epoch 001:    304 / 2931 loss=7.349, train_loss=7.349, cross_distance_loss=1.394, distance_loss=0.891, coord_loss=4.73, RMSD=4.73, prmsd_loss=3.335, ups=0.57, bsz=8, num_updates=300, lr=5.11945e-06, gnorm=11.966, clip=100, loss_scale=8, train_wall=42.91, gb_free=29.2, wall=507
2026-06-28 20:33:15 | INFO | train_inner | epoch 001:    354 / 2931 loss=7.117, train_loss=7.117, cross_distance_loss=1.347, distance_loss=0.729, coord_loss=4.71, RMSD=4.71, prmsd_loss=3.314, ups=0.65, bsz=8, num_updates=350, lr=5.9727e-06, gnorm=4.301, clip=100, loss_scale=8, train_wall=42.75, gb_free=31, wall=583
2026-06-28 20:34:35 | INFO | train_inner | epoch 001:    404 / 2931 loss=6.784, train_loss=6.784, cross_distance_loss=1.288, distance_loss=0.642, coord_loss=4.52, RMSD=4.52, prmsd_loss=3.326, ups=0.63, bsz=8, num_updates=400, lr=6.82594e-06, gnorm=3.358, clip=100, loss_scale=8, train_wall=39.43, gb_free=31.8, wall=663
2026-06-28 20:35:17 | INFO | train_inner | epoch 001:    454 / 2931 loss=6.926, train_loss=6.926, cross_distance_loss=1.27, distance_loss=0.689, coord_loss=4.638, RMSD=4.637, prmsd_loss=3.29, ups=1.19, bsz=8, num_updates=450, lr=7.67918e-06, gnorm=4.604, clip=100, loss_scale=8, train_wall=42.03, gb_free=28.8, wall=705
2026-06-28 20:35:57 | INFO | train_inner | epoch 001:    504 / 2931 loss=6.903, train_loss=6.903, cross_distance_loss=1.248, distance_loss=0.643, coord_loss=4.683, RMSD=4.683, prmsd_loss=3.29, ups=1.24, bsz=8, num_updates=500, lr=8.53242e-06, gnorm=3.893, clip=98, loss_scale=8, train_wall=40, gb_free=29.2, wall=745
2026-06-28 20:35:57 | INFO | unicore_cli.train | begin validation on "valid" subset
2026-06-28 20:35:57 | INFO | unicore.tasks.unicore_task | get EpochBatchIterator for epoch 1
2026-06-28 21:02:29 | INFO | valid | epoch 001 | valid on 'valid' subset | loss 6.852 | valid_loss 6.852 | cross_distance_loss 1.321 | distance_loss 0.507 | coord_loss 4.693 | RMSD 4.694 | prmsd_loss 3.309 | bsz 26010 | num_updates 500
2026-06-28 21:02:29 | INFO | unicore.checkpoint_utils | Preparing to save checkpoint for epoch 1 @ 500 updates
2026-06-28 21:02:29 | INFO | unicore.trainer | Saving checkpoint to ./checkpoint_1_500.pt
2026-06-28 21:02:33 | INFO | unicore.trainer | Finished saving checkpoint to ./checkpoint_1_500.pt
2026-06-28 21:02:34 | INFO | unicore.checkpoint_utils | Saved checkpoint ./checkpoint_1_500.pt (epoch 1 @ 500 updates, score 6.852) (writing took 4.110969141125679 seconds)
2026-06-28 21:02:34 | INFO | unicore.checkpoint_utils | copy ./checkpoint_1_500.pt to /home/bdldt_team007/DLDockingBenchSeminar/run5/checkpoints/checkpoint_1_500.pt
2026-06-28 21:02:38 | INFO | unicore.checkpoint_utils | copy ./checkpoint_1_500.pt to /home/bdldt_team007/DLDockingBenchSeminar/run5/checkpoints/checkpoint_best.pt
2026-06-28 21:02:42 | INFO | unicore.checkpoint_utils | copy ./checkpoint_1_500.pt to /home/bdldt_team007/DLDockingBenchSeminar/run5/checkpoints/checkpoint_last.pt
2026-06-28 21:02:45 | INFO | unicore.checkpoint_utils | removing temp file ./checkpoint_1_500.pt ...
2026-06-28 21:02:45 | INFO | unicore.checkpoint_utils | finished async ckp saving.
2026-06-28 21:03:12 | INFO | train_inner | epoch 001:    554 / 2931 loss=6.996, train_loss=6.996, cross_distance_loss=1.227, distance_loss=0.648, coord_loss=4.794, RMSD=4.794, prmsd_loss=3.276, ups=0.03, bsz=8, num_updates=550, lr=9.38567e-06, gnorm=2.849, clip=96, loss_scale=8, train_wall=37.87, gb_free=29.2, wall=2379
2026-06-28 21:03:51 | INFO | train_inner | epoch 001:    604 / 2931 loss=6.801, train_loss=6.801, cross_distance_loss=1.203, distance_loss=0.631, coord_loss=4.638, RMSD=4.635, prmsd_loss=3.281, ups=1.25, bsz=8, num_updates=600, lr=1.02389e-05, gnorm=3.787, clip=94, loss_scale=8, train_wall=39.77, gb_free=29.2, wall=2419
2026-06-28 21:04:29 | INFO | train_inner | epoch 001:    654 / 2931 loss=6.953, train_loss=6.953, cross_distance_loss=1.189, distance_loss=0.741, coord_loss=4.696, RMSD=4.696, prmsd_loss=3.268, ups=1.33, bsz=8, num_updates=650, lr=1.10922e-05, gnorm=3.569, clip=98, loss_scale=8, train_wall=37.39, gb_free=31.8, wall=2457
2026-06-28 21:05:13 | INFO | train_inner | epoch 001:    704 / 2931 loss=6.757, train_loss=6.757, cross_distance_loss=1.161, distance_loss=0.605, coord_loss=4.664, RMSD=4.656, prmsd_loss=3.272, ups=1.12, bsz=8, num_updates=700, lr=1.19454e-05, gnorm=6.094, clip=98, loss_scale=8, train_wall=44.47, gb_free=32.9, wall=2501
2026-06-28 21:06:31 | INFO | train_inner | epoch 001:    754 / 2931 loss=6.927, train_loss=6.927, cross_distance_loss=1.144, distance_loss=0.693, coord_loss=4.766, RMSD=4.738, prmsd_loss=3.241, ups=0.64, bsz=8, num_updates=750, lr=1.27986e-05, gnorm=7.951, clip=98, loss_scale=8, train_wall=77.84, gb_free=32.2, wall=2579
2026-06-28 21:08:25 | INFO | train_inner | epoch 001:    804 / 2931 loss=6.799, train_loss=6.799, cross_distance_loss=1.11, distance_loss=0.48, coord_loss=4.885, RMSD=4.863, prmsd_loss=3.244, ups=0.44, bsz=8, num_updates=800, lr=1.36519e-05, gnorm=8.384, clip=100, loss_scale=8, train_wall=113.65, gb_free=31, wall=2693
2026-06-28 21:11:00 | INFO | train_inner | epoch 001:    854 / 2931 loss=7.021, train_loss=7.021, cross_distance_loss=1.108, distance_loss=0.46, coord_loss=5.133, RMSD=5.078, prmsd_loss=3.208, ups=0.32, bsz=8, num_updates=850, lr=1.45051e-05, gnorm=4.57, clip=100, loss_scale=8, train_wall=154.81, gb_free=29.7, wall=2848
2026-06-28 21:13:36 | INFO | train_inner | epoch 001:    904 / 2931 loss=7.243, train_loss=7.243, cross_distance_loss=1.091, distance_loss=0.575, coord_loss=5.261, RMSD=5.216, prmsd_loss=3.159, ups=0.32, bsz=8, num_updates=900, lr=1.53584e-05, gnorm=4.799, clip=100, loss_scale=8, train_wall=155.42, gb_free=30.6, wall=3004
2026-06-28 21:15:47 | INFO | train_inner | epoch 001:    954 / 2931 loss=7.42, train_loss=7.42, cross_distance_loss=1.115, distance_loss=0.536, coord_loss=5.456, RMSD=5.412, prmsd_loss=3.125, ups=0.38, bsz=8, num_updates=950, lr=1.62116e-05, gnorm=9.731, clip=98, loss_scale=8, train_wall=131.3, gb_free=30.9, wall=3135
2026-06-28 21:18:33 | INFO | train_inner | epoch 001:   1004 / 2931 loss=7.414, train_loss=7.414, cross_distance_loss=1.074, distance_loss=0.519, coord_loss=5.504, RMSD=5.457, prmsd_loss=3.171, ups=0.3, bsz=8, num_updates=1000, lr=1.70648e-05, gnorm=11.945, clip=100, loss_scale=8, train_wall=165.46, gb_free=32.8, wall=3301
2026-06-28 21:18:33 | INFO | unicore_cli.train | begin validation on "valid" subset
2026-06-28 21:18:33 | INFO | unicore.tasks.unicore_task | get EpochBatchIterator for epoch 1
2026-06-28 23:41:16 | INFO | valid | epoch 001 | valid on 'valid' subset | loss 7.702 | valid_loss 7.702 | cross_distance_loss 1.069 | distance_loss 0.387 | coord_loss 5.941 | RMSD 5.867 | prmsd_loss 3.053 | bsz 26010 | num_updates 1000 | best_loss 6.852
2026-06-28 23:41:16 | INFO | unicore.checkpoint_utils | Preparing to save checkpoint for epoch 1 @ 1000 updates
2026-06-28 23:41:16 | INFO | unicore.trainer | Saving checkpoint to ./checkpoint_1_1000.pt
2026-06-28 23:41:20 | INFO | unicore.trainer | Finished saving checkpoint to ./checkpoint_1_1000.pt
2026-06-28 23:41:21 | INFO | unicore.checkpoint_utils | Saved checkpoint ./checkpoint_1_1000.pt (epoch 1 @ 1000 updates, score 7.702) (writing took 4.248867718502879 seconds)
2026-06-28 23:41:21 | INFO | unicore.checkpoint_utils | copy ./checkpoint_1_1000.pt to /home/bdldt_team007/DLDockingBenchSeminar/run5/checkpoints/checkpoint_1_1000.pt
2026-06-28 23:41:26 | INFO | unicore.checkpoint_utils | copy ./checkpoint_1_1000.pt to /home/bdldt_team007/DLDockingBenchSeminar/run5/checkpoints/checkpoint_last.pt
2026-06-28 23:41:28 | INFO | unicore.checkpoint_utils | removing temp file ./checkpoint_1_1000.pt ...
2026-06-28 23:41:28 | INFO | unicore.checkpoint_utils | finished async ckp saving.
2026-06-28 23:44:03 | INFO | train_inner | epoch 001:   1054 / 2931 loss=7.569, train_loss=7.569, cross_distance_loss=1.065, distance_loss=0.56, coord_loss=5.639, RMSD=5.578, prmsd_loss=3.049, ups=0.01, bsz=8, num_updates=1050, lr=1.79181e-05, gnorm=5.529, clip=100, loss_scale=8, train_wall=161.97, gb_free=31.4, wall=12031
2026-06-28 23:46:47 | INFO | train_inner | epoch 001:   1104 / 2931 loss=7.564, train_loss=7.564, cross_distance_loss=1.058, distance_loss=0.482, coord_loss=5.726, RMSD=5.687, prmsd_loss=2.983, ups=0.3, bsz=8, num_updates=1100, lr=1.87713e-05, gnorm=13.353, clip=100, loss_scale=8, train_wall=164.2, gb_free=26.7, wall=12195
2026-06-28 23:49:45 | INFO | train_inner | epoch 001:   1154 / 2931 loss=7.487, train_loss=7.487, cross_distance_loss=1.053, distance_loss=0.549, coord_loss=5.588, RMSD=5.584, prmsd_loss=2.972, ups=0.28, bsz=8, num_updates=1150, lr=1.96246e-05, gnorm=8.633, clip=100, loss_scale=8, train_wall=177.44, gb_free=30.9, wall=12373
2026-06-28 23:52:25 | INFO | train_inner | epoch 001:   1204 / 2931 loss=7.416, train_loss=7.416, cross_distance_loss=1.059, distance_loss=0.615, coord_loss=5.438, RMSD=5.435, prmsd_loss=3.038, ups=0.31, bsz=8, num_updates=1200, lr=2.04778e-05, gnorm=9.649, clip=100, loss_scale=8, train_wall=160.69, gb_free=32.2, wall=12533
2026-06-28 23:55:18 | INFO | train_inner | epoch 001:   1254 / 2931 loss=6.998, train_loss=6.998, cross_distance_loss=1.034, distance_loss=0.521, coord_loss=5.139, RMSD=5.136, prmsd_loss=3.032, ups=0.29, bsz=8, num_updates=1250, lr=2.13311e-05, gnorm=10.879, clip=100, loss_scale=8, train_wall=172.45, gb_free=30.9, wall=12706
2026-06-28 23:57:57 | INFO | train_inner | epoch 001:   1304 / 2931 loss=7.171, train_loss=7.171, cross_distance_loss=1.032, distance_loss=0.515, coord_loss=5.318, RMSD=5.313, prmsd_loss=3.057, ups=0.31, bsz=8, num_updates=1300, lr=2.21843e-05, gnorm=17.324, clip=100, loss_scale=8, train_wall=159.4, gb_free=32.5, wall=12865
2026-06-29 00:00:37 | INFO | train_inner | epoch 001:   1354 / 2931 loss=7.08, train_loss=7.08, cross_distance_loss=1.048, distance_loss=0.521, coord_loss=5.209, RMSD=5.209, prmsd_loss=3.025, ups=0.31, bsz=8, num_updates=1350, lr=2.30375e-05, gnorm=12.759, clip=100, loss_scale=8, train_wall=159.79, gb_free=32.5, wall=13025
2026-06-29 00:03:21 | INFO | train_inner | epoch 001:   1404 / 2931 loss=7.029, train_loss=7.029, cross_distance_loss=1.019, distance_loss=0.537, coord_loss=5.168, RMSD=5.168, prmsd_loss=3.048, ups=0.31, bsz=8, num_updates=1400, lr=2.38908e-05, gnorm=9.069, clip=100, loss_scale=8, train_wall=163.45, gb_free=30.6, wall=13189
2026-06-29 00:06:07 | INFO | train_inner | epoch 001:   1454 / 2931 loss=7.288, train_loss=7.288, cross_distance_loss=1.009, distance_loss=0.526, coord_loss=5.449, RMSD=5.447, prmsd_loss=3.04, ups=0.3, bsz=8, num_updates=1450, lr=2.4744e-05, gnorm=5.641, clip=100, loss_scale=8, train_wall=166.34, gb_free=27.6, wall=13355
2026-06-29 00:08:49 | INFO | train_inner | epoch 001:   1504 / 2931 loss=6.958, train_loss=6.958, cross_distance_loss=1.018, distance_loss=0.494, coord_loss=5.136, RMSD=5.136, prmsd_loss=3.099, ups=0.31, bsz=8, num_updates=1500, lr=2.55973e-05, gnorm=4.691, clip=100, loss_scale=8, train_wall=161.31, gb_free=30.5, wall=13517
2026-06-29 00:08:49 | INFO | unicore_cli.train | begin validation on "valid" subset
2026-06-29 00:08:49 | INFO | unicore.tasks.unicore_task | get EpochBatchIterator for epoch 1
2026-06-29 02:06:49 | INFO | valid | epoch 001 | valid on 'valid' subset | loss 6.52 | valid_loss 6.52 | cross_distance_loss 1.023 | distance_loss 0.36 | coord_loss 4.825 | RMSD 4.825 | prmsd_loss 3.126 | bsz 26010 | num_updates 1500 | best_loss 6.52
2026-06-29 02:06:49 | INFO | unicore.checkpoint_utils | Preparing to save checkpoint for epoch 1 @ 1500 updates
2026-06-29 02:06:49 | INFO | unicore.trainer | Saving checkpoint to ./checkpoint_1_1500.pt
2026-06-29 02:06:53 | INFO | unicore.trainer | Finished saving checkpoint to ./checkpoint_1_1500.pt
2026-06-29 02:06:53 | INFO | unicore.checkpoint_utils | Saved checkpoint ./checkpoint_1_1500.pt (epoch 1 @ 1500 updates, score 6.52) (writing took 4.449105147272348 seconds)
2026-06-29 02:06:53 | INFO | unicore.checkpoint_utils | copy ./checkpoint_1_1500.pt to /home/bdldt_team007/DLDockingBenchSeminar/run5/checkpoints/checkpoint_1_1500.pt
2026-06-29 02:06:58 | INFO | unicore.checkpoint_utils | copy ./checkpoint_1_1500.pt to /home/bdldt_team007/DLDockingBenchSeminar/run5/checkpoints/checkpoint_best.pt
2026-06-29 02:07:01 | INFO | unicore.checkpoint_utils | copy ./checkpoint_1_1500.pt to /home/bdldt_team007/DLDockingBenchSeminar/run5/checkpoints/checkpoint_last.pt
2026-06-29 02:07:04 | INFO | unicore.checkpoint_utils | removing temp file ./checkpoint_1_1500.pt ...
2026-06-29 02:07:04 | INFO | unicore.checkpoint_utils | finished async ckp saving.
2026-06-29 02:09:34 | INFO | train_inner | epoch 001:   1554 / 2931 loss=7.139, train_loss=7.139, cross_distance_loss=1.016, distance_loss=0.524, coord_loss=5.295, RMSD=5.294, prmsd_loss=3.035, ups=0.01, bsz=8, num_updates=1550, lr=2.64505e-05, gnorm=7.402, clip=100, loss_scale=8, train_wall=160.43, gb_free=32.2, wall=20762
2026-06-29 02:11:57 | INFO | train_inner | epoch 001:   1604 / 2931 loss=7.161, train_loss=7.161, cross_distance_loss=1, distance_loss=0.545, coord_loss=5.313, RMSD=5.313, prmsd_loss=3.018, ups=0.35, bsz=8, num_updates=1600, lr=2.73038e-05, gnorm=7.365, clip=100, loss_scale=8, train_wall=143.43, gb_free=29.7, wall=20905
2026-06-29 02:14:28 | INFO | train_inner | epoch 001:   1654 / 2931 loss=6.893, train_loss=6.893, cross_distance_loss=0.986, distance_loss=0.53, coord_loss=5.076, RMSD=5.075, prmsd_loss=3.015, ups=0.33, bsz=8, num_updates=1650, lr=2.8157e-05, gnorm=7.359, clip=100, loss_scale=8, train_wall=150.15, gb_free=24.9, wall=21056
2026-06-29 02:16:53 | INFO | train_inner | epoch 001:   1704 / 2931 loss=7.068, train_loss=7.068, cross_distance_loss=0.993, distance_loss=0.565, coord_loss=5.21, RMSD=5.21, prmsd_loss=2.987, ups=0.34, bsz=8, num_updates=1700, lr=2.90102e-05, gnorm=10.111, clip=100, loss_scale=8, train_wall=145.07, gb_free=33.2, wall=21201
2026-06-29 02:19:25 | INFO | train_inner | epoch 001:   1754 / 2931 loss=6.705, train_loss=6.705, cross_distance_loss=0.982, distance_loss=0.489, coord_loss=4.932, RMSD=4.932, prmsd_loss=3.01, ups=0.33, bsz=8, num_updates=1750, lr=2.98635e-05, gnorm=7.724, clip=100, loss_scale=8, train_wall=152.14, gb_free=32.9, wall=21353
2026-06-29 02:22:18 | INFO | train_inner | epoch 001:   1804 / 2931 loss=6.928, train_loss=6.928, cross_distance_loss=0.991, distance_loss=0.449, coord_loss=5.176, RMSD=5.176, prmsd_loss=3.124, ups=0.29, bsz=8, num_updates=1800, lr=2.99543e-05, gnorm=6.604, clip=100, loss_scale=8, train_wall=173, gb_free=31, wall=21526
2026-06-29 02:24:48 | INFO | train_inner | epoch 001:   1854 / 2931 loss=6.961, train_loss=6.961, cross_distance_loss=0.977, distance_loss=0.533, coord_loss=5.152, RMSD=5.15, prmsd_loss=2.994, ups=0.33, bsz=8, num_updates=1850, lr=2.98998e-05, gnorm=6.123, clip=100, loss_scale=8, train_wall=150.05, gb_free=29.2, wall=21676
2026-06-29 02:27:23 | INFO | train_inner | epoch 001:   1904 / 2931 loss=6.968, train_loss=6.968, cross_distance_loss=0.973, distance_loss=0.513, coord_loss=5.181, RMSD=5.181, prmsd_loss=3.008, ups=0.32, bsz=8, num_updates=1900, lr=2.98454e-05, gnorm=8.316, clip=100, loss_scale=8, train_wall=154.7, gb_free=30.5, wall=21831
2026-06-29 02:29:50 | INFO | train_inner | epoch 001:   1954 / 2931 loss=6.861, train_loss=6.861, cross_distance_loss=0.961, distance_loss=0.524, coord_loss=5.078, RMSD=5.078, prmsd_loss=2.974, ups=0.34, bsz=8, num_updates=1950, lr=2.97909e-05, gnorm=5.267, clip=100, loss_scale=8, train_wall=146.86, gb_free=31.4, wall=21978
2026-06-29 02:32:22 | INFO | train_inner | epoch 001:   2004 / 2931 loss=6.858, train_loss=6.858, cross_distance_loss=0.953, distance_loss=0.46, coord_loss=5.147, RMSD=5.146, prmsd_loss=2.991, ups=0.33, bsz=8, num_updates=2000, lr=2.97365e-05, gnorm=10.179, clip=100, loss_scale=8, train_wall=151.78, gb_free=30.6, wall=22130
2026-06-29 02:32:22 | INFO | unicore_cli.train | begin validation on "valid" subset
2026-06-29 02:32:22 | INFO | unicore.tasks.unicore_task | get EpochBatchIterator for epoch 1
2026-06-29 04:12:04 | INFO | valid | epoch 001 | valid on 'valid' subset | loss 6.43 | valid_loss 6.43 | cross_distance_loss 0.953 | distance_loss 0.329 | coord_loss 4.844 | RMSD 4.844 | prmsd_loss 3.032 | bsz 26010 | num_updates 2000 | best_loss 6.43
2026-06-29 04:12:04 | INFO | unicore.checkpoint_utils | Preparing to save checkpoint for epoch 1 @ 2000 updates
2026-06-29 04:12:04 | INFO | unicore.trainer | Saving checkpoint to ./checkpoint_1_2000.pt
2026-06-29 04:12:08 | INFO | unicore.trainer | Finished saving checkpoint to ./checkpoint_1_2000.pt
2026-06-29 04:12:09 | INFO | unicore.checkpoint_utils | Saved checkpoint ./checkpoint_1_2000.pt (epoch 1 @ 2000 updates, score 6.43) (writing took 4.2745518404990435 seconds)
2026-06-29 04:12:09 | INFO | unicore.checkpoint_utils | copy ./checkpoint_1_2000.pt to /home/bdldt_team007/DLDockingBenchSeminar/run5/checkpoints/checkpoint_1_2000.pt
2026-06-29 04:12:14 | INFO | unicore.checkpoint_utils | copy ./checkpoint_1_2000.pt to /home/bdldt_team007/DLDockingBenchSeminar/run5/checkpoints/checkpoint_best.pt
2026-06-29 04:12:16 | INFO | unicore.checkpoint_utils | copy ./checkpoint_1_2000.pt to /home/bdldt_team007/DLDockingBenchSeminar/run5/checkpoints/checkpoint_last.pt
2026-06-29 04:12:19 | INFO | unicore.checkpoint_utils | removing temp file ./checkpoint_1_2000.pt ...
2026-06-29 04:12:19 | INFO | unicore.checkpoint_utils | finished async ckp saving.
2026-06-29 04:14:39 | INFO | train_inner | epoch 001:   2054 / 2931 loss=6.579, train_loss=6.579, cross_distance_loss=0.941, distance_loss=0.398, coord_loss=4.941, RMSD=4.94, prmsd_loss=2.994, ups=0.01, bsz=8, num_updates=2050, lr=2.96821e-05, gnorm=6.984, clip=100, loss_scale=8, train_wall=150.42, gb_free=27.6, wall=28267
2026-06-29 04:17:12 | INFO | train_inner | epoch 001:   2104 / 2931 loss=6.859, train_loss=6.859, cross_distance_loss=0.982, distance_loss=0.506, coord_loss=5.072, RMSD=5.071, prmsd_loss=2.992, ups=0.33, bsz=8, num_updates=2100, lr=2.96276e-05, gnorm=6.128, clip=100, loss_scale=8, train_wall=153.16, gb_free=29.7, wall=28420
2026-06-29 04:19:45 | INFO | train_inner | epoch 001:   2154 / 2931 loss=6.509, train_loss=6.509, cross_distance_loss=0.956, distance_loss=0.409, coord_loss=4.844, RMSD=4.844, prmsd_loss=2.989, ups=0.33, bsz=8, num_updates=2150, lr=2.95732e-05, gnorm=5.872, clip=100, loss_scale=8, train_wall=152.88, gb_free=34.1, wall=28573
2026-06-29 04:22:13 | INFO | train_inner | epoch 001:   2204 / 2931 loss=6.677, train_loss=6.677, cross_distance_loss=0.951, distance_loss=0.492, coord_loss=4.938, RMSD=4.938, prmsd_loss=2.957, ups=0.34, bsz=8, num_updates=2200, lr=2.95187e-05, gnorm=4.865, clip=100, loss_scale=8, train_wall=148, gb_free=31.8, wall=28721
2026-06-29 04:24:38 | INFO | train_inner | epoch 001:   2254 / 2931 loss=6.712, train_loss=6.712, cross_distance_loss=0.942, distance_loss=0.523, coord_loss=4.948, RMSD=4.948, prmsd_loss=2.987, ups=0.35, bsz=8, num_updates=2250, lr=2.94643e-05, gnorm=6.307, clip=100, loss_scale=8, train_wall=144.46, gb_free=31.4, wall=28866
2026-06-29 04:26:57 | INFO | train_inner | epoch 001:   2304 / 2931 loss=6.759, train_loss=6.759, cross_distance_loss=0.928, distance_loss=0.44, coord_loss=5.094, RMSD=5.093, prmsd_loss=2.97, ups=0.36, bsz=8, num_updates=2300, lr=2.94098e-05, gnorm=6.104, clip=100, loss_scale=8, train_wall=139.14, gb_free=31, wall=29005
2026-06-29 04:29:20 | INFO | train_inner | epoch 001:   2354 / 2931 loss=6.766, train_loss=6.766, cross_distance_loss=0.926, distance_loss=0.492, coord_loss=5.052, RMSD=5.051, prmsd_loss=2.965, ups=0.35, bsz=8, num_updates=2350, lr=2.93554e-05, gnorm=8.968, clip=100, loss_scale=8, train_wall=142.88, gb_free=32.2, wall=29148
2026-06-29 04:32:00 | INFO | train_inner | epoch 001:   2404 / 2931 loss=6.586, train_loss=6.586, cross_distance_loss=0.919, distance_loss=0.44, coord_loss=4.927, RMSD=4.926, prmsd_loss=2.996, ups=0.31, bsz=8, num_updates=2400, lr=2.9301e-05, gnorm=6.149, clip=100, loss_scale=8, train_wall=138.89, gb_free=30.1, wall=29308
2026-06-29 04:34:37 | INFO | train_inner | epoch 001:   2454 / 2931 loss=6.579, train_loss=6.579, cross_distance_loss=0.912, distance_loss=0.423, coord_loss=4.944, RMSD=4.944, prmsd_loss=3.003, ups=0.32, bsz=8, num_updates=2450, lr=2.92465e-05, gnorm=6.68, clip=100, loss_scale=8, train_wall=135.49, gb_free=31.4, wall=29465
2026-06-29 04:37:18 | INFO | train_inner | epoch 001:   2504 / 2931 loss=6.462, train_loss=6.462, cross_distance_loss=0.917, distance_loss=0.424, coord_loss=4.824, RMSD=4.824, prmsd_loss=2.968, ups=0.31, bsz=8, num_updates=2500, lr=2.91921e-05, gnorm=7.118, clip=100, loss_scale=8, train_wall=141.59, gb_free=32.2, wall=29626
2026-06-29 04:37:18 | INFO | unicore_cli.train | begin validation on "valid" subset
2026-06-29 04:37:18 | INFO | unicore.tasks.unicore_task | get EpochBatchIterator for epoch 1
2026-06-29 06:07:28 | INFO | valid | epoch 001 | valid on 'valid' subset | loss 6.318 | valid_loss 6.318 | cross_distance_loss 0.901 | distance_loss 0.335 | coord_loss 4.763 | RMSD 4.762 | prmsd_loss 3.194 | bsz 26010 | num_updates 2500 | best_loss 6.318
2026-06-29 06:07:28 | INFO | unicore.checkpoint_utils | Preparing to save checkpoint for epoch 1 @ 2500 updates
2026-06-29 06:07:28 | INFO | unicore.trainer | Saving checkpoint to ./checkpoint_1_2500.pt
2026-06-29 06:07:33 | INFO | unicore.trainer | Finished saving checkpoint to ./checkpoint_1_2500.pt
2026-06-29 06:07:33 | INFO | unicore.checkpoint_utils | Saved checkpoint ./checkpoint_1_2500.pt (epoch 1 @ 2500 updates, score 6.318) (writing took 4.197688406333327 seconds)
2026-06-29 06:07:33 | INFO | unicore.checkpoint_utils | copy ./checkpoint_1_2500.pt to /home/bdldt_team007/DLDockingBenchSeminar/run5/checkpoints/checkpoint_1_2500.pt
2026-06-29 06:07:37 | INFO | unicore.checkpoint_utils | copy ./checkpoint_1_2500.pt to /home/bdldt_team007/DLDockingBenchSeminar/run5/checkpoints/checkpoint_best.pt
2026-06-29 06:07:40 | INFO | unicore.checkpoint_utils | copy ./checkpoint_1_2500.pt to /home/bdldt_team007/DLDockingBenchSeminar/run5/checkpoints/checkpoint_last.pt
2026-06-29 06:07:42 | INFO | unicore.checkpoint_utils | removing temp file ./checkpoint_1_2500.pt ...
2026-06-29 06:07:42 | INFO | unicore.checkpoint_utils | finished async ckp saving.
2026-06-29 06:09:49 | INFO | train_inner | epoch 001:   2554 / 2931 loss=6.504, train_loss=6.504, cross_distance_loss=0.916, distance_loss=0.442, coord_loss=4.847, RMSD=4.846, prmsd_loss=2.998, ups=0.01, bsz=8, num_updates=2550, lr=2.91376e-05, gnorm=10.093, clip=100, loss_scale=8, train_wall=136.33, gb_free=27.2, wall=35177
2026-06-29 06:12:06 | INFO | train_inner | epoch 001:   2604 / 2931 loss=6.715, train_loss=6.715, cross_distance_loss=0.921, distance_loss=0.509, coord_loss=4.99, RMSD=4.989, prmsd_loss=2.953, ups=0.37, bsz=8, num_updates=2600, lr=2.90832e-05, gnorm=6.39, clip=100, loss_scale=8, train_wall=136.6, gb_free=31.8, wall=35314
2026-06-29 06:14:22 | INFO | train_inner | epoch 001:   2654 / 2931 loss=6.609, train_loss=6.609, cross_distance_loss=0.9, distance_loss=0.528, coord_loss=4.886, RMSD=4.885, prmsd_loss=2.956, ups=0.37, bsz=8, num_updates=2650, lr=2.90287e-05, gnorm=5.553, clip=100, loss_scale=8, train_wall=136.41, gb_free=27.7, wall=35450
2026-06-29 06:16:44 | INFO | train_inner | epoch 001:   2704 / 2931 loss=6.589, train_loss=6.589, cross_distance_loss=0.895, distance_loss=0.491, coord_loss=4.905, RMSD=4.904, prmsd_loss=2.981, ups=0.35, bsz=8, num_updates=2700, lr=2.89743e-05, gnorm=10.492, clip=100, loss_scale=8, train_wall=141.98, gb_free=32.5, wall=35592
2026-06-29 06:19:07 | INFO | train_inner | epoch 001:   2754 / 2931 loss=6.737, train_loss=6.737, cross_distance_loss=0.904, distance_loss=0.533, coord_loss=5.007, RMSD=5.007, prmsd_loss=2.932, ups=0.35, bsz=8, num_updates=2750, lr=2.89199e-05, gnorm=14.485, clip=100, loss_scale=8, train_wall=141.96, gb_free=31.4, wall=35734
2026-06-29 06:21:21 | INFO | train_inner | epoch 001:   2804 / 2931 loss=6.495, train_loss=6.495, cross_distance_loss=0.886, distance_loss=0.446, coord_loss=4.864, RMSD=4.863, prmsd_loss=2.99, ups=0.37, bsz=8, num_updates=2800, lr=2.88654e-05, gnorm=8.637, clip=100, loss_scale=8, train_wall=134.38, gb_free=29.7, wall=35869
2026-06-29 06:23:36 | INFO | train_inner | epoch 001:   2854 / 2931 loss=6.614, train_loss=6.614, cross_distance_loss=0.88, distance_loss=0.427, coord_loss=5.01, RMSD=5.009, prmsd_loss=2.974, ups=0.37, bsz=8, num_updates=2850, lr=2.8811e-05, gnorm=7.615, clip=100, loss_scale=8, train_wall=135.22, gb_free=32.5, wall=36004
2026-06-29 06:25:28 | INFO | train_inner | epoch 001:   2904 / 2931 loss=6.45, train_loss=6.45, cross_distance_loss=0.887, distance_loss=0.464, coord_loss=4.804, RMSD=4.803, prmsd_loss=2.949, ups=0.45, bsz=8, num_updates=2900, lr=2.87565e-05, gnorm=7.297, clip=100, loss_scale=8, train_wall=111.82, gb_free=33.6, wall=36116
2026-06-29 06:26:41 | INFO | unicore_cli.train | begin validation on "valid" subset
2026-06-29 06:26:41 | INFO | unicore.tasks.unicore_task | get EpochBatchIterator for epoch 1
2026-06-29 07:43:14 | INFO | valid | epoch 001 | valid on 'valid' subset | loss 6.125 | valid_loss 6.125 | cross_distance_loss 0.879 | distance_loss 0.321 | coord_loss 4.629 | RMSD 4.628 | prmsd_loss 2.965 | bsz 26010 | num_updates 2927 | best_loss 6.125
2026-06-29 07:43:14 | INFO | unicore.checkpoint_utils | Preparing to save checkpoint for epoch 1 @ 2927 updates
2026-06-29 07:43:14 | INFO | unicore.trainer | Saving checkpoint to ./checkpoint1.pt
2026-06-29 07:43:18 | INFO | unicore.trainer | Finished saving checkpoint to ./checkpoint1.pt
2026-06-29 07:43:18 | INFO | unicore.checkpoint_utils | Saved checkpoint ./checkpoint1.pt (epoch 1 @ 2927 updates, score 6.125) (writing took 4.207368092611432 seconds)
2026-06-29 07:43:18 | INFO | unicore_cli.train | end of epoch 1 (average epoch stats below)
2026-06-29 07:43:18 | INFO | unicore.checkpoint_utils | copy ./checkpoint1.pt to /home/bdldt_team007/DLDockingBenchSeminar/run5/checkpoints/checkpoint1.pt
2026-06-29 07:43:18 | INFO | train | epoch 001 | loss 7.783 | train_loss 7.783 | cross_distance_loss 1.707 | distance_loss 0.756 | coord_loss 5.01 | RMSD 5.003 | prmsd_loss 3.103 | ups 0.07 | bsz 8 | num_updates 2927 | lr 2.87271e-05 | gnorm 13.353 | clip 99.7 | loss_scale 8 | train_wall 7352.25 | gb_free 32.2 | wall 40786
2026-06-29 07:43:18 | INFO | unicore.tasks.unicore_task | get EpochBatchIterator for epoch 2
2026-06-29 07:43:18 | INFO | unicore.trainer | begin training epoch 2
2026-06-29 07:43:18 | INFO | unicore_cli.train | Start iterating over samples
2026-06-29 07:43:23 | INFO | unicore.checkpoint_utils | copy ./checkpoint1.pt to /home/bdldt_team007/DLDockingBenchSeminar/run5/checkpoints/checkpoint_best.pt
2026-06-29 07:43:25 | INFO | unicore.checkpoint_utils | copy ./checkpoint1.pt to /home/bdldt_team007/DLDockingBenchSeminar/run5/checkpoints/checkpoint_last.pt
2026-06-29 07:43:28 | INFO | unicore.checkpoint_utils | removing temp file ./checkpoint1.pt ...
2026-06-29 07:43:28 | INFO | unicore.checkpoint_utils | finished async ckp saving.
2026-06-29 07:44:13 | INFO | train_inner | epoch 002:     23 / 2931 loss=6.389, train_loss=6.389, cross_distance_loss=0.869, distance_loss=0.393, coord_loss=4.831, RMSD=4.83, prmsd_loss=2.95, ups=0.01, bsz=8, num_updates=2950, lr=2.87021e-05, gnorm=9.347, clip=100, loss_scale=8, train_wall=127.43, gb_free=28.7, wall=40841
2026-06-29 07:46:36 | INFO | train_inner | epoch 002:     73 / 2931 loss=6.321, train_loss=6.321, cross_distance_loss=0.871, distance_loss=0.46, coord_loss=4.692, RMSD=4.69, prmsd_loss=2.987, ups=0.35, bsz=8, num_updates=3000, lr=2.86476e-05, gnorm=12.278, clip=100, loss_scale=8, train_wall=143, gb_free=31.8, wall=40984
2026-06-29 07:46:36 | INFO | unicore_cli.train | begin validation on "valid" subset
2026-06-29 07:46:36 | INFO | unicore.tasks.unicore_task | get EpochBatchIterator for epoch 1
2026-06-29 09:11:11 | INFO | valid | epoch 002 | valid on 'valid' subset | loss 6.269 | valid_loss 6.269 | cross_distance_loss 0.898 | distance_loss 0.293 | coord_loss 4.751 | RMSD 4.747 | prmsd_loss 3.261 | bsz 26010 | num_updates 3000 | best_loss 6.125
2026-06-29 09:11:11 | INFO | unicore.checkpoint_utils | Preparing to save checkpoint for epoch 2 @ 3000 updates
2026-06-29 09:11:11 | INFO | unicore.trainer | Saving checkpoint to ./checkpoint_2_3000.pt
2026-06-29 09:11:16 | INFO | unicore.trainer | Finished saving checkpoint to ./checkpoint_2_3000.pt
2026-06-29 09:11:16 | INFO | unicore.checkpoint_utils | Saved checkpoint ./checkpoint_2_3000.pt (epoch 2 @ 3000 updates, score 6.269) (writing took 4.640794049948454 seconds)
2026-06-29 09:11:16 | INFO | unicore.checkpoint_utils | copy ./checkpoint_2_3000.pt to /home/bdldt_team007/DLDockingBenchSeminar/run5/checkpoints/checkpoint_2_3000.pt
2026-06-29 09:11:20 | INFO | unicore.checkpoint_utils | copy ./checkpoint_2_3000.pt to /home/bdldt_team007/DLDockingBenchSeminar/run5/checkpoints/checkpoint_last.pt
2026-06-29 09:11:26 | INFO | unicore.checkpoint_utils | removing temp file ./checkpoint_2_3000.pt ...
2026-06-29 09:11:27 | INFO | unicore.checkpoint_utils | finished async ckp saving.
2026-06-29 09:13:36 | INFO | train_inner | epoch 002:    123 / 2931 loss=6.288, train_loss=6.288, cross_distance_loss=0.86, distance_loss=0.422, coord_loss=4.714, RMSD=4.711, prmsd_loss=2.913, ups=0.01, bsz=8, num_updates=3050, lr=2.85932e-05, gnorm=7.931, clip=100, loss_scale=8, train_wall=139.76, gb_free=27.6, wall=46203
2026-06-29 09:15:56 | INFO | train_inner | epoch 002:    173 / 2931 loss=6.347, train_loss=6.347, cross_distance_loss=0.888, distance_loss=0.435, coord_loss=4.724, RMSD=4.722, prmsd_loss=3.002, ups=0.36, bsz=8, num_updates=3100, lr=2.85388e-05, gnorm=9.114, clip=100, loss_scale=8, train_wall=139.98, gb_free=31.4, wall=46344
2026-06-29 09:17:59 | INFO | train_inner | epoch 002:    223 / 2931 loss=6.42, train_loss=6.42, cross_distance_loss=0.871, distance_loss=0.445, coord_loss=4.807, RMSD=4.806, prmsd_loss=2.969, ups=0.4, bsz=8, num_updates=3150, lr=2.84843e-05, gnorm=12.205, clip=100, loss_scale=8, train_wall=123.75, gb_free=29.7, wall=46467
2026-06-29 09:20:11 | INFO | train_inner | epoch 002:    273 / 2931 loss=6.294, train_loss=6.294, cross_distance_loss=0.854, distance_loss=0.421, coord_loss=4.728, RMSD=4.728, prmsd_loss=2.918, ups=0.38, bsz=8, num_updates=3200, lr=2.84299e-05, gnorm=6.775, clip=100, loss_scale=8, train_wall=131.24, gb_free=29.7, wall=46599
2026-06-29 09:22:18 | INFO | train_inner | epoch 002:    323 / 2931 loss=6.413, train_loss=6.413, cross_distance_loss=0.871, distance_loss=0.462, coord_loss=4.784, RMSD=4.783, prmsd_loss=2.949, ups=0.39, bsz=8, num_updates=3250, lr=2.83754e-05, gnorm=6.009, clip=100, loss_scale=8, train_wall=126.82, gb_free=22.4, wall=46726
2026-06-29 09:24:13 | INFO | train_inner | epoch 002:    373 / 2931 loss=6.053, train_loss=6.053, cross_distance_loss=0.839, distance_loss=0.391, coord_loss=4.527, RMSD=4.526, prmsd_loss=2.96, ups=0.43, bsz=8, num_updates=3300, lr=2.8321e-05, gnorm=8.395, clip=100, loss_scale=8, train_wall=114.87, gb_free=30.2, wall=46841
2026-06-29 09:26:16 | INFO | train_inner | epoch 002:    423 / 2931 loss=6.128, train_loss=6.128, cross_distance_loss=0.841, distance_loss=0.429, coord_loss=4.563, RMSD=4.563, prmsd_loss=2.952, ups=0.4, bsz=8, num_updates=3350, lr=2.82666e-05, gnorm=6.565, clip=100, loss_scale=8, train_wall=123.39, gb_free=23.8, wall=46964
2026-06-29 09:28:28 | INFO | train_inner | epoch 002:    473 / 2931 loss=5.956, train_loss=5.956, cross_distance_loss=0.859, distance_loss=0.384, coord_loss=4.414, RMSD=4.412, prmsd_loss=2.999, ups=0.38, bsz=8, num_updates=3400, lr=2.82121e-05, gnorm=9.359, clip=100, loss_scale=8, train_wall=131.55, gb_free=31.5, wall=47096
2026-06-29 09:30:25 | INFO | train_inner | epoch 002:    523 / 2931 loss=6.066, train_loss=6.066, cross_distance_loss=0.837, distance_loss=0.361, coord_loss=4.574, RMSD=4.574, prmsd_loss=2.946, ups=0.43, bsz=8, num_updates=3450, lr=2.81577e-05, gnorm=8.251, clip=100, loss_scale=8, train_wall=116.74, gb_free=31.5, wall=47213
2026-06-29 09:32:44 | INFO | train_inner | epoch 002:    573 / 2931 loss=6.366, train_loss=6.366, cross_distance_loss=0.867, distance_loss=0.504, coord_loss=4.699, RMSD=4.698, prmsd_loss=2.958, ups=0.36, bsz=8, num_updates=3500, lr=2.81032e-05, gnorm=10.406, clip=100, loss_scale=8, train_wall=139.42, gb_free=31.4, wall=47352
2026-06-29 09:32:44 | INFO | unicore_cli.train | begin validation on "valid" subset
2026-06-29 09:32:44 | INFO | unicore.tasks.unicore_task | get EpochBatchIterator for epoch 1
2026-06-29 11:28:41 | INFO | valid | epoch 002 | valid on 'valid' subset | loss 5.896 | valid_loss 5.896 | cross_distance_loss 0.862 | distance_loss 0.304 | coord_loss 4.427 | RMSD 4.427 | prmsd_loss 3.022 | bsz 26010 | num_updates 3500 | best_loss 5.896
2026-06-29 11:28:41 | INFO | unicore.checkpoint_utils | Preparing to save checkpoint for epoch 2 @ 3500 updates
2026-06-29 11:28:41 | INFO | unicore.trainer | Saving checkpoint to ./checkpoint_2_3500.pt
2026-06-29 11:28:46 | INFO | unicore.trainer | Finished saving checkpoint to ./checkpoint_2_3500.pt
2026-06-29 11:28:46 | INFO | unicore.checkpoint_utils | Saved checkpoint ./checkpoint_2_3500.pt (epoch 2 @ 3500 updates, score 5.896) (writing took 4.588351713493466 seconds)
2026-06-29 11:28:46 | INFO | unicore.checkpoint_utils | copy ./checkpoint_2_3500.pt to /home/bdldt_team007/DLDockingBenchSeminar/run5/checkpoints/checkpoint_2_3500.pt
2026-06-29 11:28:51 | INFO | unicore.checkpoint_utils | copy ./checkpoint_2_3500.pt to /home/bdldt_team007/DLDockingBenchSeminar/run5/checkpoints/checkpoint_best.pt
2026-06-29 11:28:55 | INFO | unicore.checkpoint_utils | copy ./checkpoint_2_3500.pt to /home/bdldt_team007/DLDockingBenchSeminar/run5/checkpoints/checkpoint_last.pt
2026-06-29 11:28:57 | INFO | unicore.checkpoint_utils | removing temp file ./checkpoint_2_3500.pt ...
2026-06-29 11:28:58 | INFO | unicore.checkpoint_utils | finished async ckp saving.
2026-06-29 11:31:08 | INFO | train_inner | epoch 002:    623 / 2931 loss=5.917, train_loss=5.917, cross_distance_loss=0.839, distance_loss=0.361, coord_loss=4.419, RMSD=4.418, prmsd_loss=2.973, ups=0.01, bsz=8, num_updates=3550, lr=2.80488e-05, gnorm=7.067, clip=100, loss_scale=8, train_wall=142.02, gb_free=27.1, wall=54456
2026-06-29 11:33:12 | INFO | train_inner | epoch 002:    673 / 2931 loss=5.988, train_loss=5.988, cross_distance_loss=0.831, distance_loss=0.386, coord_loss=4.478, RMSD=4.477, prmsd_loss=2.934, ups=0.4, bsz=8, num_updates=3600, lr=2.79943e-05, gnorm=6.811, clip=100, loss_scale=8, train_wall=123.72, gb_free=32.5, wall=54580
2026-06-29 11:35:19 | INFO | train_inner | epoch 002:    723 / 2931 loss=6.066, train_loss=6.066, cross_distance_loss=0.854, distance_loss=0.399, coord_loss=4.517, RMSD=4.516, prmsd_loss=2.962, ups=0.39, bsz=8, num_updates=3650, lr=2.79399e-05, gnorm=11.014, clip=100, loss_scale=8, train_wall=126.86, gb_free=30.5, wall=54707
2026-06-29 11:37:26 | INFO | train_inner | epoch 002:    773 / 2931 loss=6.45, train_loss=6.45, cross_distance_loss=0.84, distance_loss=0.493, coord_loss=4.83, RMSD=4.83, prmsd_loss=2.867, ups=0.39, bsz=8, num_updates=3700, lr=2.78855e-05, gnorm=17.188, clip=100, loss_scale=8, train_wall=126.74, gb_free=26.6, wall=54834
2026-06-29 11:39:34 | INFO | train_inner | epoch 002:    823 / 2931 loss=6.29, train_loss=6.29, cross_distance_loss=0.878, distance_loss=0.479, coord_loss=4.642, RMSD=4.641, prmsd_loss=2.914, ups=0.39, bsz=8, num_updates=3750, lr=2.7831e-05, gnorm=10.323, clip=100, loss_scale=8, train_wall=127.65, gb_free=31.8, wall=54962
2026-06-29 11:41:38 | INFO | train_inner | epoch 002:    873 / 2931 loss=6.173, train_loss=6.173, cross_distance_loss=0.839, distance_loss=0.471, coord_loss=4.574, RMSD=4.573, prmsd_loss=2.891, ups=0.4, bsz=8, num_updates=3800, lr=2.77766e-05, gnorm=10.558, clip=100, loss_scale=8, train_wall=124.2, gb_free=30.1, wall=55086
2026-06-29 11:43:43 | INFO | train_inner | epoch 002:    923 / 2931 loss=5.929, train_loss=5.929, cross_distance_loss=0.83, distance_loss=0.37, coord_loss=4.434, RMSD=4.433, prmsd_loss=2.948, ups=0.4, bsz=8, num_updates=3850, lr=2.77221e-05, gnorm=10.248, clip=100, loss_scale=8, train_wall=124.67, gb_free=31.8, wall=55211
2026-06-29 11:45:44 | INFO | train_inner | epoch 002:    973 / 2931 loss=5.837, train_loss=5.837, cross_distance_loss=0.831, distance_loss=0.381, coord_loss=4.328, RMSD=4.327, prmsd_loss=2.967, ups=0.41, bsz=8, num_updates=3900, lr=2.76677e-05, gnorm=14.205, clip=100, loss_scale=8, train_wall=121.44, gb_free=30.2, wall=55332
2026-06-29 11:47:50 | INFO | train_inner | epoch 002:   1023 / 2931 loss=6.097, train_loss=6.097, cross_distance_loss=0.832, distance_loss=0.378, coord_loss=4.595, RMSD=4.593, prmsd_loss=2.926, ups=0.4, bsz=8, num_updates=3950, lr=2.76132e-05, gnorm=14.48, clip=100, loss_scale=8, train_wall=125.72, gb_free=32.5, wall=55458
2026-06-29 11:49:59 | INFO | train_inner | epoch 002:   1073 / 2931 loss=5.855, train_loss=5.855, cross_distance_loss=0.826, distance_loss=0.407, coord_loss=4.333, RMSD=4.332, prmsd_loss=2.891, ups=0.39, bsz=8, num_updates=4000, lr=2.75588e-05, gnorm=10.567, clip=100, loss_scale=8, train_wall=128.84, gb_free=31, wall=55587
2026-06-29 11:49:59 | INFO | unicore_cli.train | begin validation on "valid" subset
2026-06-29 11:49:59 | INFO | unicore.tasks.unicore_task | get EpochBatchIterator for epoch 1
2026-06-29 13:20:36 | INFO | valid | epoch 002 | valid on 'valid' subset | loss 6.014 | valid_loss 6.014 | cross_distance_loss 0.816 | distance_loss 0.297 | coord_loss 4.591 | RMSD 4.587 | prmsd_loss 3.099 | bsz 26010 | num_updates 4000 | best_loss 5.896
2026-06-29 13:20:36 | INFO | unicore.checkpoint_utils | Preparing to save checkpoint for epoch 2 @ 4000 updates
2026-06-29 13:20:36 | INFO | unicore.trainer | Saving checkpoint to ./checkpoint_2_4000.pt
2026-06-29 13:20:40 | INFO | unicore.trainer | Finished saving checkpoint to ./checkpoint_2_4000.pt
2026-06-29 13:20:41 | INFO | unicore.checkpoint_utils | Saved checkpoint ./checkpoint_2_4000.pt (epoch 2 @ 4000 updates, score 6.014) (writing took 4.61520779132843 seconds)
2026-06-29 13:20:41 | INFO | unicore.checkpoint_utils | copy ./checkpoint_2_4000.pt to /home/bdldt_team007/DLDockingBenchSeminar/run5/checkpoints/checkpoint_2_4000.pt
2026-06-29 13:20:46 | INFO | unicore.checkpoint_utils | copy ./checkpoint_2_4000.pt to /home/bdldt_team007/DLDockingBenchSeminar/run5/checkpoints/checkpoint_last.pt
2026-06-29 13:20:48 | INFO | unicore.checkpoint_utils | removing temp file ./checkpoint_2_4000.pt ...
2026-06-29 13:20:48 | INFO | unicore.checkpoint_utils | finished async ckp saving.
2026-06-29 13:22:43 | INFO | train_inner | epoch 002:   1123 / 2931 loss=5.984, train_loss=5.984, cross_distance_loss=0.831, distance_loss=0.423, coord_loss=4.44, RMSD=4.439, prmsd_loss=2.903, ups=0.01, bsz=8, num_updates=4050, lr=2.75044e-05, gnorm=11.206, clip=100, loss_scale=8, train_wall=122.82, gb_free=30.6, wall=61151
2026-06-29 13:24:40 | INFO | train_inner | epoch 002:   1173 / 2931 loss=5.958, train_loss=5.958, cross_distance_loss=0.817, distance_loss=0.336, coord_loss=4.508, RMSD=4.508, prmsd_loss=2.967, ups=0.43, bsz=8, num_updates=4100, lr=2.74499e-05, gnorm=13.107, clip=100, loss_scale=8, train_wall=116.31, gb_free=30.6, wall=61268
2026-06-29 13:26:48 | INFO | train_inner | epoch 002:   1223 / 2931 loss=5.817, train_loss=5.817, cross_distance_loss=0.805, distance_loss=0.372, coord_loss=4.346, RMSD=4.345, prmsd_loss=2.94, ups=0.39, bsz=8, num_updates=4150, lr=2.73955e-05, gnorm=8.745, clip=100, loss_scale=8, train_wall=128.23, gb_free=31.8, wall=61396
2026-06-29 13:28:57 | INFO | train_inner | epoch 002:   1273 / 2931 loss=6.132, train_loss=6.132, cross_distance_loss=0.839, distance_loss=0.447, coord_loss=4.553, RMSD=4.552, prmsd_loss=2.928, ups=0.39, bsz=8, num_updates=4200, lr=2.7341e-05, gnorm=16.589, clip=100, loss_scale=8, train_wall=128.52, gb_free=31.4, wall=61525
2026-06-29 13:30:59 | INFO | train_inner | epoch 002:   1323 / 2931 loss=5.967, train_loss=5.967, cross_distance_loss=0.831, distance_loss=0.419, coord_loss=4.419, RMSD=4.417, prmsd_loss=2.982, ups=0.41, bsz=8, num_updates=4250, lr=2.72866e-05, gnorm=8.988, clip=100, loss_scale=8, train_wall=122.44, gb_free=30.2, wall=61647
2026-06-29 13:33:01 | INFO | train_inner | epoch 002:   1373 / 2931 loss=5.787, train_loss=5.787, cross_distance_loss=0.812, distance_loss=0.399, coord_loss=4.284, RMSD=4.283, prmsd_loss=2.914, ups=0.41, bsz=8, num_updates=4300, lr=2.72321e-05, gnorm=11.83, clip=100, loss_scale=8, train_wall=121.64, gb_free=30.1, wall=61769
2026-06-29 13:35:07 | INFO | train_inner | epoch 002:   1423 / 2931 loss=5.916, train_loss=5.916, cross_distance_loss=0.822, distance_loss=0.401, coord_loss=4.401, RMSD=4.4, prmsd_loss=2.917, ups=0.4, bsz=8, num_updates=4350, lr=2.71777e-05, gnorm=9.114, clip=100, loss_scale=8, train_wall=125.24, gb_free=30.1, wall=61894
2026-06-29 13:37:08 | INFO | train_inner | epoch 002:   1473 / 2931 loss=5.672, train_loss=5.672, cross_distance_loss=0.808, distance_loss=0.357, coord_loss=4.213, RMSD=4.212, prmsd_loss=2.942, ups=0.41, bsz=8, num_updates=4400, lr=2.71233e-05, gnorm=18.201, clip=100, loss_scale=8, train_wall=121.4, gb_free=31.4, wall=62016
2026-06-29 13:39:03 | INFO | train_inner | epoch 002:   1523 / 2931 loss=5.65, train_loss=5.65, cross_distance_loss=0.795, distance_loss=0.381, coord_loss=4.179, RMSD=4.178, prmsd_loss=2.95, ups=0.43, bsz=8, num_updates=4450, lr=2.70688e-05, gnorm=10.176, clip=100, loss_scale=8, train_wall=114.84, gb_free=32.5, wall=62131
2026-06-29 13:41:15 | INFO | train_inner | epoch 002:   1573 / 2931 loss=5.602, train_loss=5.602, cross_distance_loss=0.808, distance_loss=0.392, coord_loss=4.11, RMSD=4.109, prmsd_loss=2.927, ups=0.38, bsz=8, num_updates=4500, lr=2.70144e-05, gnorm=10.393, clip=100, loss_scale=8, train_wall=132.22, gb_free=27.1, wall=62263
2026-06-29 13:41:15 | INFO | unicore_cli.train | begin validation on "valid" subset
2026-06-29 13:41:15 | INFO | unicore.tasks.unicore_task | get EpochBatchIterator for epoch 1
2026-06-29 14:55:25 | INFO | valid | epoch 002 | valid on 'valid' subset | loss 5.736 | valid_loss 5.736 | cross_distance_loss 0.806 | distance_loss 0.275 | coord_loss 4.35 | RMSD 4.347 | prmsd_loss 3.044 | bsz 26010 | num_updates 4500 | best_loss 5.736
2026-06-29 14:55:25 | INFO | unicore.checkpoint_utils | Preparing to save checkpoint for epoch 2 @ 4500 updates
2026-06-29 14:55:25 | INFO | unicore.trainer | Saving checkpoint to ./checkpoint_2_4500.pt
2026-06-29 14:55:29 | INFO | unicore.trainer | Finished saving checkpoint to ./checkpoint_2_4500.pt
2026-06-29 14:55:30 | INFO | unicore.checkpoint_utils | Saved checkpoint ./checkpoint_2_4500.pt (epoch 2 @ 4500 updates, score 5.736) (writing took 4.743675209581852 seconds)
2026-06-29 14:55:30 | INFO | unicore.checkpoint_utils | copy ./checkpoint_2_4500.pt to /home/bdldt_team007/DLDockingBenchSeminar/run5/checkpoints/checkpoint_2_4500.pt
2026-06-29 14:55:34 | INFO | unicore.checkpoint_utils | copy ./checkpoint_2_4500.pt to /home/bdldt_team007/DLDockingBenchSeminar/run5/checkpoints/checkpoint_best.pt
2026-06-29 14:55:37 | INFO | unicore.checkpoint_utils | copy ./checkpoint_2_4500.pt to /home/bdldt_team007/DLDockingBenchSeminar/run5/checkpoints/checkpoint_last.pt
2026-06-29 14:55:39 | INFO | unicore.checkpoint_utils | removing temp file ./checkpoint_2_4500.pt ...
2026-06-29 14:55:40 | INFO | unicore.checkpoint_utils | finished async ckp saving.
2026-06-29 14:57:38 | INFO | train_inner | epoch 002:   1623 / 2931 loss=5.73, train_loss=5.73, cross_distance_loss=0.81, distance_loss=0.413, coord_loss=4.219, RMSD=4.218, prmsd_loss=2.883, ups=0.01, bsz=8, num_updates=4550, lr=2.69599e-05, gnorm=13.534, clip=100, loss_scale=8, train_wall=127.91, gb_free=21.8, wall=66846
2026-06-29 14:59:31 | INFO | train_inner | epoch 002:   1673 / 2931 loss=5.726, train_loss=5.726, cross_distance_loss=0.81, distance_loss=0.38, coord_loss=4.249, RMSD=4.248, prmsd_loss=2.88, ups=0.44, bsz=8, num_updates=4600, lr=2.69055e-05, gnorm=11.573, clip=100, loss_scale=8, train_wall=113.2, gb_free=31.4, wall=66959
2026-06-29 15:01:40 | INFO | train_inner | epoch 002:   1723 / 2931 loss=5.902, train_loss=5.902, cross_distance_loss=0.822, distance_loss=0.426, coord_loss=4.361, RMSD=4.36, prmsd_loss=2.924, ups=0.39, bsz=8, num_updates=4650, lr=2.6851e-05, gnorm=10.873, clip=100, loss_scale=8, train_wall=128.63, gb_free=29.3, wall=67088
2026-06-29 15:03:37 | INFO | train_inner | epoch 002:   1773 / 2931 loss=5.587, train_loss=5.587, cross_distance_loss=0.791, distance_loss=0.357, coord_loss=4.144, RMSD=4.142, prmsd_loss=2.947, ups=0.42, bsz=8, num_updates=4700, lr=2.67966e-05, gnorm=9.55, clip=100, loss_scale=8, train_wall=117.54, gb_free=30.1, wall=67205
2026-06-29 15:05:43 | INFO | train_inner | epoch 002:   1823 / 2931 loss=5.606, train_loss=5.606, cross_distance_loss=0.786, distance_loss=0.38, coord_loss=4.15, RMSD=4.149, prmsd_loss=2.899, ups=0.4, bsz=8, num_updates=4750, lr=2.67422e-05, gnorm=12.125, clip=100, loss_scale=8, train_wall=125.48, gb_free=30.9, wall=67331
2026-06-29 15:07:51 | INFO | train_inner | epoch 002:   1873 / 2931 loss=5.988, train_loss=5.988, cross_distance_loss=0.825, distance_loss=0.449, coord_loss=4.424, RMSD=4.422, prmsd_loss=2.902, ups=0.39, bsz=8, num_updates=4800, lr=2.66877e-05, gnorm=12.021, clip=100, loss_scale=8, train_wall=127.62, gb_free=30.5, wall=67459
2026-06-29 15:09:54 | INFO | train_inner | epoch 002:   1923 / 2931 loss=5.72, train_loss=5.72, cross_distance_loss=0.794, distance_loss=0.422, coord_loss=4.216, RMSD=4.215, prmsd_loss=2.883, ups=0.41, bsz=8, num_updates=4850, lr=2.66333e-05, gnorm=10.856, clip=100, loss_scale=8, train_wall=123.21, gb_free=29.7, wall=67582
2026-06-29 15:11:58 | INFO | train_inner | epoch 002:   1973 / 2931 loss=5.557, train_loss=5.557, cross_distance_loss=0.789, distance_loss=0.424, coord_loss=4.054, RMSD=4.053, prmsd_loss=2.899, ups=0.4, bsz=8, num_updates=4900, lr=2.65788e-05, gnorm=11.287, clip=100, loss_scale=8, train_wall=123.53, gb_free=31.4, wall=67706
2026-06-29 15:14:10 | INFO | train_inner | epoch 002:   2023 / 2931 loss=5.6, train_loss=5.6, cross_distance_loss=0.802, distance_loss=0.376, coord_loss=4.127, RMSD=4.127, prmsd_loss=2.948, ups=0.38, bsz=8, num_updates=4950, lr=2.65244e-05, gnorm=10.215, clip=100, loss_scale=8, train_wall=132.75, gb_free=30.5, wall=67838
2026-06-29 15:16:09 | INFO | train_inner | epoch 002:   2073 / 2931 loss=5.665, train_loss=5.665, cross_distance_loss=0.801, distance_loss=0.385, coord_loss=4.187, RMSD=4.186, prmsd_loss=2.925, ups=0.42, bsz=8, num_updates=5000, lr=2.64699e-05, gnorm=12.306, clip=100, loss_scale=8, train_wall=118.19, gb_free=30.6, wall=67957
2026-06-29 15:16:09 | INFO | unicore_cli.train | begin validation on "valid" subset
2026-06-29 15:16:09 | INFO | unicore.tasks.unicore_task | get EpochBatchIterator for epoch 1
2026-06-29 16:52:44 | INFO | valid | epoch 002 | valid on 'valid' subset | loss 5.795 | valid_loss 5.795 | cross_distance_loss 0.769 | distance_loss 0.282 | coord_loss 4.435 | RMSD 4.432 | prmsd_loss 3.092 | bsz 26010 | num_updates 5000 | best_loss 5.736
2026-06-29 16:52:44 | INFO | unicore.checkpoint_utils | Preparing to save checkpoint for epoch 2 @ 5000 updates
2026-06-29 16:52:44 | INFO | unicore.trainer | Saving checkpoint to ./checkpoint_2_5000.pt
2026-06-29 16:52:48 | INFO | unicore.trainer | Finished saving checkpoint to ./checkpoint_2_5000.pt
2026-06-29 16:52:49 | INFO | unicore.checkpoint_utils | Saved checkpoint ./checkpoint_2_5000.pt (epoch 2 @ 5000 updates, score 5.795) (writing took 4.656095439568162 seconds)
2026-06-29 16:52:49 | INFO | unicore.checkpoint_utils | copy ./checkpoint_2_5000.pt to /home/bdldt_team007/DLDockingBenchSeminar/run5/checkpoints/checkpoint_2_5000.pt
2026-06-29 16:52:54 | INFO | unicore.checkpoint_utils | copy ./checkpoint_2_5000.pt to /home/bdldt_team007/DLDockingBenchSeminar/run5/checkpoints/checkpoint_last.pt
2026-06-29 16:52:56 | INFO | unicore.checkpoint_utils | removing temp file ./checkpoint_2_5000.pt ...
2026-06-29 16:52:57 | INFO | unicore.checkpoint_utils | finished async ckp saving.
2026-06-29 16:54:46 | INFO | train_inner | epoch 002:   2123 / 2931 loss=5.571, train_loss=5.571, cross_distance_loss=0.791, distance_loss=0.386, coord_loss=4.105, RMSD=4.104, prmsd_loss=2.9, ups=0.01, bsz=8, num_updates=5050, lr=2.64155e-05, gnorm=11.588, clip=100, loss_scale=8, train_wall=117.14, gb_free=31.8, wall=73874
2026-06-29 16:56:49 | INFO | train_inner | epoch 002:   2173 / 2931 loss=5.356, train_loss=5.356, cross_distance_loss=0.782, distance_loss=0.35, coord_loss=3.931, RMSD=3.93, prmsd_loss=2.928, ups=0.41, bsz=8, num_updates=5100, lr=2.63611e-05, gnorm=11.896, clip=100, loss_scale=8, train_wall=122.81, gb_free=31.4, wall=73997
2026-06-29 16:58:49 | INFO | train_inner | epoch 002:   2223 / 2931 loss=5.671, train_loss=5.671, cross_distance_loss=0.793, distance_loss=0.353, coord_loss=4.229, RMSD=4.228, prmsd_loss=2.96, ups=0.42, bsz=8, num_updates=5150, lr=2.63066e-05, gnorm=14.659, clip=100, loss_scale=8, train_wall=119.65, gb_free=32.2, wall=74116
2026-06-29 17:00:49 | INFO | train_inner | epoch 002:   2273 / 2931 loss=5.306, train_loss=5.306, cross_distance_loss=0.775, distance_loss=0.329, coord_loss=3.91, RMSD=3.909, prmsd_loss=2.925, ups=0.42, bsz=8, num_updates=5200, lr=2.62522e-05, gnorm=18.776, clip=100, loss_scale=8, train_wall=120.29, gb_free=30.5, wall=74237
2026-06-29 17:02:44 | INFO | train_inner | epoch 002:   2323 / 2931 loss=5.548, train_loss=5.548, cross_distance_loss=0.783, distance_loss=0.383, coord_loss=4.091, RMSD=4.09, prmsd_loss=2.912, ups=0.43, bsz=8, num_updates=5250, lr=2.61977e-05, gnorm=11.439, clip=100, loss_scale=8, train_wall=115.1, gb_free=32.8, wall=74352
2026-06-29 17:04:55 | INFO | train_inner | epoch 002:   2373 / 2931 loss=5.639, train_loss=5.639, cross_distance_loss=0.81, distance_loss=0.345, coord_loss=4.191, RMSD=4.19, prmsd_loss=2.93, ups=0.38, bsz=8, num_updates=5300, lr=2.61433e-05, gnorm=15.478, clip=100, loss_scale=8, train_wall=130.66, gb_free=30.5, wall=74483
2026-06-29 17:07:07 | INFO | train_inner | epoch 002:   2423 / 2931 loss=5.501, train_loss=5.501, cross_distance_loss=0.775, distance_loss=0.352, coord_loss=4.085, RMSD=4.084, prmsd_loss=2.897, ups=0.38, bsz=8, num_updates=5350, lr=2.60889e-05, gnorm=13.28, clip=100, loss_scale=8, train_wall=132, gb_free=29.6, wall=74615
2026-06-29 17:09:09 | INFO | train_inner | epoch 002:   2473 / 2931 loss=5.866, train_loss=5.866, cross_distance_loss=0.831, distance_loss=0.439, coord_loss=4.303, RMSD=4.302, prmsd_loss=2.914, ups=0.41, bsz=8, num_updates=5400, lr=2.60344e-05, gnorm=14.083, clip=100, loss_scale=8, train_wall=122.06, gb_free=28.2, wall=74737
2026-06-29 17:10:57 | INFO | train_inner | epoch 002:   2523 / 2931 loss=5.247, train_loss=5.247, cross_distance_loss=0.775, distance_loss=0.338, coord_loss=3.84, RMSD=3.84, prmsd_loss=2.933, ups=0.47, bsz=8, num_updates=5450, lr=2.598e-05, gnorm=12.049, clip=100, loss_scale=8, train_wall=107.4, gb_free=29.7, wall=74845
2026-06-29 17:12:52 | INFO | train_inner | epoch 002:   2573 / 2931 loss=5.582, train_loss=5.582, cross_distance_loss=0.769, distance_loss=0.387, coord_loss=4.139, RMSD=4.138, prmsd_loss=2.874, ups=0.43, bsz=8, num_updates=5500, lr=2.59255e-05, gnorm=11.234, clip=100, loss_scale=8, train_wall=114.97, gb_free=31.8, wall=74960
2026-06-29 17:12:52 | INFO | unicore_cli.train | begin validation on "valid" subset
2026-06-29 17:12:52 | INFO | unicore.tasks.unicore_task | get EpochBatchIterator for epoch 1
2026-06-29 18:38:48 | INFO | valid | epoch 002 | valid on 'valid' subset | loss 5.802 | valid_loss 5.802 | cross_distance_loss 0.745 | distance_loss 0.261 | coord_loss 4.479 | RMSD 4.475 | prmsd_loss 3.165 | bsz 26010 | num_updates 5500 | best_loss 5.736
2026-06-29 18:38:48 | INFO | unicore.checkpoint_utils | Preparing to save checkpoint for epoch 2 @ 5500 updates
2026-06-29 18:38:48 | INFO | unicore.trainer | Saving checkpoint to ./checkpoint_2_5500.pt
2026-06-29 18:38:53 | INFO | unicore.trainer | Finished saving checkpoint to ./checkpoint_2_5500.pt
2026-06-29 18:38:53 | INFO | unicore.checkpoint_utils | Saved checkpoint ./checkpoint_2_5500.pt (epoch 2 @ 5500 updates, score 5.802) (writing took 4.808509772643447 seconds)
2026-06-29 18:38:53 | INFO | unicore.checkpoint_utils | copy ./checkpoint_2_5500.pt to /home/bdldt_team007/DLDockingBenchSeminar/run5/checkpoints/checkpoint_2_5500.pt
2026-06-29 18:38:58 | INFO | unicore.checkpoint_utils | copy ./checkpoint_2_5500.pt to /home/bdldt_team007/DLDockingBenchSeminar/run5/checkpoints/checkpoint_last.pt
2026-06-29 18:39:01 | INFO | unicore.checkpoint_utils | removing temp file ./checkpoint_2_5500.pt ...
2026-06-29 18:39:01 | INFO | unicore.checkpoint_utils | finished async ckp saving.
2026-06-29 18:40:42 | INFO | train_inner | epoch 002:   2623 / 2931 loss=5.156, train_loss=5.156, cross_distance_loss=0.749, distance_loss=0.323, coord_loss=3.793, RMSD=3.791, prmsd_loss=2.914, ups=0.01, bsz=8, num_updates=5550, lr=2.58711e-05, gnorm=11.799, clip=100, loss_scale=8, train_wall=109.17, gb_free=31.7, wall=80230
2026-06-29 18:42:50 | INFO | train_inner | epoch 002:   2673 / 2931 loss=5.824, train_loss=5.824, cross_distance_loss=0.788, distance_loss=0.433, coord_loss=4.318, RMSD=4.317, prmsd_loss=2.854, ups=0.39, bsz=8, num_updates=5600, lr=2.58166e-05, gnorm=15.11, clip=100, loss_scale=8, train_wall=127.75, gb_free=31, wall=80358
2026-06-29 18:44:45 | INFO | train_inner | epoch 002:   2723 / 2931 loss=5.534, train_loss=5.534, cross_distance_loss=0.772, distance_loss=0.381, coord_loss=4.093, RMSD=4.092, prmsd_loss=2.892, ups=0.44, bsz=8, num_updates=5650, lr=2.57622e-05, gnorm=16.71, clip=100, loss_scale=8, train_wall=114.58, gb_free=30.1, wall=80473
2026-06-29 18:46:55 | INFO | train_inner | epoch 002:   2773 / 2931 loss=5.602, train_loss=5.602, cross_distance_loss=0.804, distance_loss=0.37, coord_loss=4.132, RMSD=4.131, prmsd_loss=2.963, ups=0.38, bsz=8, num_updates=5700, lr=2.57078e-05, gnorm=13.157, clip=100, loss_scale=8, train_wall=130.33, gb_free=26.5, wall=80603
2026-06-29 18:48:55 | INFO | train_inner | epoch 002:   2823 / 2931 loss=5.536, train_loss=5.536, cross_distance_loss=0.776, distance_loss=0.356, coord_loss=4.111, RMSD=4.111, prmsd_loss=2.921, ups=0.42, bsz=8, num_updates=5750, lr=2.56533e-05, gnorm=12.39, clip=100, loss_scale=8, train_wall=119.9, gb_free=32.9, wall=80723
2026-06-29 18:50:48 | INFO | train_inner | epoch 002:   2873 / 2931 loss=5.207, train_loss=5.207, cross_distance_loss=0.741, distance_loss=0.326, coord_loss=3.852, RMSD=3.851, prmsd_loss=2.881, ups=0.44, bsz=8, num_updates=5800, lr=2.55989e-05, gnorm=13.374, clip=100, loss_scale=8, train_wall=112.65, gb_free=30.6, wall=80836
2026-06-29 18:52:33 | INFO | train_inner | epoch 002:   2923 / 2931 loss=5.145, train_loss=5.145, cross_distance_loss=0.761, distance_loss=0.332, coord_loss=3.761, RMSD=3.76, prmsd_loss=2.911, ups=0.47, bsz=8, num_updates=5850, lr=2.55444e-05, gnorm=12.154, clip=100, loss_scale=8, train_wall=105.31, gb_free=30.2, wall=80941
2026-06-29 18:52:49 | INFO | unicore_cli.train | begin validation on "valid" subset
2026-06-29 18:52:49 | INFO | unicore.tasks.unicore_task | get EpochBatchIterator for epoch 1
2026-06-29 20:42:46 | INFO | valid | epoch 002 | valid on 'valid' subset | loss 5.533 | valid_loss 5.533 | cross_distance_loss 0.736 | distance_loss 0.254 | coord_loss 4.236 | RMSD 4.234 | prmsd_loss 3.066 | bsz 26010 | num_updates 5858 | best_loss 5.533
2026-06-29 20:42:48 | INFO | unicore.checkpoint_utils | Preparing to save checkpoint for epoch 2 @ 5858 updates
2026-06-29 20:42:48 | INFO | unicore.trainer | Saving checkpoint to ./checkpoint2.pt
2026-06-29 20:43:25 | INFO | unicore.trainer | Finished saving checkpoint to ./checkpoint2.pt
2026-06-29 20:43:25 | INFO | unicore.checkpoint_utils | Saved checkpoint ./checkpoint2.pt (epoch 2 @ 5858 updates, score 5.533) (writing took 36.7407692540437 seconds)
2026-06-29 20:43:25 | INFO | unicore_cli.train | end of epoch 2 (average epoch stats below)
2026-06-29 20:43:25 | INFO | unicore.checkpoint_utils | copy ./checkpoint2.pt to /home/bdldt_team007/DLDockingBenchSeminar/run5/checkpoints/checkpoint2.pt
2026-06-29 20:43:25 | INFO | train | epoch 002 | loss 5.832 | train_loss 5.832 | cross_distance_loss 0.816 | distance_loss 0.396 | coord_loss 4.327 | RMSD 4.326 | prmsd_loss 2.927 | ups 0.06 | bsz 8 | num_updates 5858 | lr 2.55357e-05 | gnorm 11.564 | clip 100 | loss_scale 8 | train_wall 7265.86 | gb_free 30.1 | wall 87593
2026-06-29 20:43:25 | INFO | unicore.tasks.unicore_task | get EpochBatchIterator for epoch 3
2026-06-29 20:43:25 | INFO | unicore.trainer | begin training epoch 3
2026-06-29 20:43:25 | INFO | unicore_cli.train | Start iterating over samples
2026-06-29 20:43:47 | INFO | unicore.checkpoint_utils | copy ./checkpoint2.pt to /home/bdldt_team007/DLDockingBenchSeminar/run5/checkpoints/checkpoint_best.pt
2026-06-29 20:43:50 | INFO | unicore.checkpoint_utils | copy ./checkpoint2.pt to /home/bdldt_team007/DLDockingBenchSeminar/run5/checkpoints/checkpoint_last.pt
2026-06-29 20:43:53 | INFO | unicore.checkpoint_utils | removing temp file ./checkpoint2.pt ...
2026-06-29 20:43:53 | INFO | unicore.checkpoint_utils | finished async ckp saving.
2026-06-29 20:45:17 | INFO | train_inner | epoch 003:     42 / 2931 loss=5.453, train_loss=5.453, cross_distance_loss=0.778, distance_loss=0.405, coord_loss=3.981, RMSD=3.98, prmsd_loss=2.899, ups=0.01, bsz=8, num_updates=5900, lr=2.549e-05, gnorm=16.698, clip=100, loss_scale=8, train_wall=121.69, gb_free=32.5, wall=87705
2026-06-29 20:47:19 | INFO | train_inner | epoch 003:     92 / 2931 loss=5.362, train_loss=5.362, cross_distance_loss=0.767, distance_loss=0.363, coord_loss=3.944, RMSD=3.944, prmsd_loss=2.879, ups=0.41, bsz=8, num_updates=5950, lr=2.54355e-05, gnorm=11.563, clip=100, loss_scale=8, train_wall=122.11, gb_free=30.5, wall=87827
2026-06-29 20:49:08 | INFO | train_inner | epoch 003:    142 / 2931 loss=5.321, train_loss=5.321, cross_distance_loss=0.753, distance_loss=0.345, coord_loss=3.929, RMSD=3.928, prmsd_loss=2.94, ups=0.46, bsz=8, num_updates=6000, lr=2.53811e-05, gnorm=12.132, clip=100, loss_scale=8, train_wall=109.37, gb_free=30.5, wall=87936
2026-06-29 20:49:08 | INFO | unicore_cli.train | begin validation on "valid" subset
2026-06-29 20:49:08 | INFO | unicore.tasks.unicore_task | get EpochBatchIterator for epoch 1
2026-06-29 22:14:42 | INFO | valid | epoch 003 | valid on 'valid' subset | loss 5.292 | valid_loss 5.292 | cross_distance_loss 0.734 | distance_loss 0.254 | coord_loss 4.009 | RMSD 4.004 | prmsd_loss 2.951 | bsz 26010 | num_updates 6000 | best_loss 5.292
2026-06-29 22:14:42 | INFO | unicore.checkpoint_utils | Preparing to save checkpoint for epoch 3 @ 6000 updates
2026-06-29 22:14:42 | INFO | unicore.trainer | Saving checkpoint to ./checkpoint_3_6000.pt
2026-06-29 22:14:46 | INFO | unicore.trainer | Finished saving checkpoint to ./checkpoint_3_6000.pt
2026-06-29 22:14:46 | INFO | unicore.checkpoint_utils | Saved checkpoint ./checkpoint_3_6000.pt (epoch 3 @ 6000 updates, score 5.292) (writing took 4.488169500604272 seconds)
2026-06-29 22:14:46 | INFO | unicore.checkpoint_utils | copy ./checkpoint_3_6000.pt to /home/bdldt_team007/DLDockingBenchSeminar/run5/checkpoints/checkpoint_3_6000.pt
2026-06-29 22:14:51 | INFO | unicore.checkpoint_utils | copy ./checkpoint_3_6000.pt to /home/bdldt_team007/DLDockingBenchSeminar/run5/checkpoints/checkpoint_best.pt
2026-06-29 22:14:54 | INFO | unicore.checkpoint_utils | copy ./checkpoint_3_6000.pt to /home/bdldt_team007/DLDockingBenchSeminar/run5/checkpoints/checkpoint_last.pt
2026-06-29 22:14:56 | INFO | unicore.checkpoint_utils | removing temp file ./checkpoint_3_6000.pt ...
2026-06-29 22:14:56 | INFO | unicore.checkpoint_utils | finished async ckp saving.
2026-06-29 22:16:42 | INFO | train_inner | epoch 003:    192 / 2931 loss=5.322, train_loss=5.322, cross_distance_loss=0.748, distance_loss=0.39, coord_loss=3.895, RMSD=3.894, prmsd_loss=2.884, ups=0.01, bsz=8, num_updates=6050, lr=2.53267e-05, gnorm=9.901, clip=100, loss_scale=8, train_wall=115.36, gb_free=31.8, wall=93189
2026-06-29 22:19:05 | INFO | train_inner | epoch 003:    242 / 2931 loss=5.23, train_loss=5.23, cross_distance_loss=0.754, distance_loss=0.388, coord_loss=3.8, RMSD=3.798, prmsd_loss=2.878, ups=0.35, bsz=8, num_updates=6100, lr=2.52722e-05, gnorm=11.313, clip=100, loss_scale=8, train_wall=143.42, gb_free=33.3, wall=93333
2026-06-29 22:20:50 | INFO | train_inner | epoch 003:    292 / 2931 loss=5.246, train_loss=5.246, cross_distance_loss=0.738, distance_loss=0.365, coord_loss=3.852, RMSD=3.851, prmsd_loss=2.908, ups=0.47, bsz=8, num_updates=6150, lr=2.52178e-05, gnorm=15.651, clip=100, loss_scale=8, train_wall=105.31, gb_free=30.9, wall=93438
2026-06-29 22:22:49 | INFO | train_inner | epoch 003:    342 / 2931 loss=5.288, train_loss=5.288, cross_distance_loss=0.754, distance_loss=0.378, coord_loss=3.868, RMSD=3.867, prmsd_loss=2.886, ups=0.42, bsz=8, num_updates=6200, lr=2.51633e-05, gnorm=25.216, clip=100, loss_scale=8, train_wall=118.12, gb_free=32.2, wall=93557
2026-06-29 22:24:43 | INFO | train_inner | epoch 003:    392 / 2931 loss=5.41, train_loss=5.41, cross_distance_loss=0.75, distance_loss=0.359, coord_loss=4.021, RMSD=4.021, prmsd_loss=2.801, ups=0.44, bsz=8, num_updates=6250, lr=2.51089e-05, gnorm=24.299, clip=100, loss_scale=8, train_wall=113.87, gb_free=32.2, wall=93671
2026-06-29 22:26:45 | INFO | train_inner | epoch 003:    442 / 2931 loss=5.437, train_loss=5.437, cross_distance_loss=0.78, distance_loss=0.362, coord_loss=4.003, RMSD=4.002, prmsd_loss=2.924, ups=0.41, bsz=8, num_updates=6300, lr=2.50544e-05, gnorm=10.78, clip=100, loss_scale=8, train_wall=121.75, gb_free=29.8, wall=93793
2026-06-29 22:28:36 | INFO | train_inner | epoch 003:    492 / 2931 loss=5.418, train_loss=5.418, cross_distance_loss=0.742, distance_loss=0.388, coord_loss=4.004, RMSD=4.003, prmsd_loss=2.845, ups=0.45, bsz=8, num_updates=6350, lr=2.5e-05, gnorm=21.307, clip=100, loss_scale=8, train_wall=110.93, gb_free=33.3, wall=93904
2026-06-29 22:30:34 | INFO | train_inner | epoch 003:    542 / 2931 loss=5.206, train_loss=5.206, cross_distance_loss=0.738, distance_loss=0.356, coord_loss=3.825, RMSD=3.824, prmsd_loss=2.879, ups=0.42, bsz=8, num_updates=6400, lr=2.49456e-05, gnorm=20.431, clip=100, loss_scale=8, train_wall=118.43, gb_free=32.5, wall=94022
2026-06-29 22:32:31 | INFO | train_inner | epoch 003:    592 / 2931 loss=5.084, train_loss=5.084, cross_distance_loss=0.737, distance_loss=0.366, coord_loss=3.697, RMSD=3.697, prmsd_loss=2.838, ups=0.43, bsz=8, num_updates=6450, lr=2.48911e-05, gnorm=16.834, clip=100, loss_scale=8, train_wall=116.53, gb_free=31.8, wall=94139
2026-06-29 22:34:24 | INFO | train_inner | epoch 003:    642 / 2931 loss=5.117, train_loss=5.117, cross_distance_loss=0.726, distance_loss=0.367, coord_loss=3.737, RMSD=3.736, prmsd_loss=2.863, ups=0.44, bsz=8, num_updates=6500, lr=2.48367e-05, gnorm=13.424, clip=100, loss_scale=8, train_wall=113.34, gb_free=29.7, wall=94252
2026-06-29 22:34:24 | INFO | unicore_cli.train | begin validation on "valid" subset
2026-06-29 22:34:24 | INFO | unicore.tasks.unicore_task | get EpochBatchIterator for epoch 1
2026-06-30 00:00:17 | INFO | valid | epoch 003 | valid on 'valid' subset | loss 5.233 | valid_loss 5.233 | cross_distance_loss 0.739 | distance_loss 0.246 | coord_loss 3.953 | RMSD 3.952 | prmsd_loss 2.956 | bsz 26010 | num_updates 6500 | best_loss 5.233
2026-06-30 00:00:18 | INFO | unicore.checkpoint_utils | Preparing to save checkpoint for epoch 3 @ 6500 updates
2026-06-30 00:00:18 | INFO | unicore.trainer | Saving checkpoint to ./checkpoint_3_6500.pt
2026-06-30 00:00:22 | INFO | unicore.trainer | Finished saving checkpoint to ./checkpoint_3_6500.pt
2026-06-30 00:00:22 | INFO | unicore.checkpoint_utils | Saved checkpoint ./checkpoint_3_6500.pt (epoch 3 @ 6500 updates, score 5.233) (writing took 4.673477569594979 seconds)
2026-06-30 00:00:22 | INFO | unicore.checkpoint_utils | copy ./checkpoint_3_6500.pt to /home/bdldt_team007/DLDockingBenchSeminar/run5/checkpoints/checkpoint_3_6500.pt
2026-06-30 00:00:27 | INFO | unicore.checkpoint_utils | copy ./checkpoint_3_6500.pt to /home/bdldt_team007/DLDockingBenchSeminar/run5/checkpoints/checkpoint_best.pt
2026-06-30 00:00:30 | INFO | unicore.checkpoint_utils | copy ./checkpoint_3_6500.pt to /home/bdldt_team007/DLDockingBenchSeminar/run5/checkpoints/checkpoint_last.pt
2026-06-30 00:00:33 | INFO | unicore.checkpoint_utils | removing temp file ./checkpoint_3_6500.pt ...
2026-06-30 00:00:33 | INFO | unicore.checkpoint_utils | finished async ckp saving.
2026-06-30 00:02:12 | INFO | train_inner | epoch 003:    692 / 2931 loss=5.171, train_loss=5.171, cross_distance_loss=0.738, distance_loss=0.343, coord_loss=3.805, RMSD=3.804, prmsd_loss=2.86, ups=0.01, bsz=8, num_updates=6550, lr=2.47822e-05, gnorm=13.548, clip=100, loss_scale=8, train_wall=109.44, gb_free=32.2, wall=99520
2026-06-30 00:04:06 | INFO | train_inner | epoch 003:    742 / 2931 loss=5.371, train_loss=5.371, cross_distance_loss=0.742, distance_loss=0.331, coord_loss=4.009, RMSD=4.008, prmsd_loss=2.893, ups=0.44, bsz=8, num_updates=6600, lr=2.47278e-05, gnorm=12.414, clip=100, loss_scale=8, train_wall=113.87, gb_free=32.9, wall=99634
2026-06-30 00:06:07 | INFO | train_inner | epoch 003:    792 / 2931 loss=4.946, train_loss=4.946, cross_distance_loss=0.729, distance_loss=0.307, coord_loss=3.621, RMSD=3.62, prmsd_loss=2.89, ups=0.41, bsz=8, num_updates=6650, lr=2.46733e-05, gnorm=13.65, clip=100, loss_scale=8, train_wall=120.8, gb_free=29.2, wall=99755
2026-06-30 00:08:06 | INFO | train_inner | epoch 003:    842 / 2931 loss=5.161, train_loss=5.161, cross_distance_loss=0.748, distance_loss=0.32, coord_loss=3.801, RMSD=3.8, prmsd_loss=2.913, ups=0.42, bsz=8, num_updates=6700, lr=2.46189e-05, gnorm=17.009, clip=100, loss_scale=8, train_wall=119.22, gb_free=33.6, wall=99874
2026-06-30 00:10:01 | INFO | train_inner | epoch 003:    892 / 2931 loss=5.092, train_loss=5.092, cross_distance_loss=0.737, distance_loss=0.332, coord_loss=3.733, RMSD=3.732, prmsd_loss=2.907, ups=0.43, bsz=8, num_updates=6750, lr=2.45645e-05, gnorm=16.87, clip=100, loss_scale=8, train_wall=114.93, gb_free=30.1, wall=99989
2026-06-30 00:11:49 | INFO | train_inner | epoch 003:    942 / 2931 loss=4.966, train_loss=4.966, cross_distance_loss=0.729, distance_loss=0.361, coord_loss=3.591, RMSD=3.59, prmsd_loss=2.846, ups=0.46, bsz=8, num_updates=6800, lr=2.451e-05, gnorm=14.455, clip=100, loss_scale=8, train_wall=107.54, gb_free=30.1, wall=100097
2026-06-30 00:13:41 | INFO | train_inner | epoch 003:    992 / 2931 loss=4.906, train_loss=4.906, cross_distance_loss=0.713, distance_loss=0.319, coord_loss=3.589, RMSD=3.588, prmsd_loss=2.843, ups=0.45, bsz=8, num_updates=6850, lr=2.44556e-05, gnorm=17.095, clip=100, loss_scale=8, train_wall=112.21, gb_free=29.2, wall=100209
2026-06-30 00:15:27 | INFO | train_inner | epoch 003:   1042 / 2931 loss=5.059, train_loss=5.059, cross_distance_loss=0.714, distance_loss=0.327, coord_loss=3.733, RMSD=3.733, prmsd_loss=2.857, ups=0.47, bsz=8, num_updates=6900, lr=2.44011e-05, gnorm=12.83, clip=100, loss_scale=8, train_wall=106.05, gb_free=30.5, wall=100315
2026-06-30 00:17:11 | INFO | train_inner | epoch 003:   1092 / 2931 loss=5.238, train_loss=5.238, cross_distance_loss=0.745, distance_loss=0.373, coord_loss=3.836, RMSD=3.835, prmsd_loss=2.85, ups=0.48, bsz=8, num_updates=6950, lr=2.43467e-05, gnorm=37.87, clip=100, loss_scale=8, train_wall=103.74, gb_free=31.4, wall=100419
2026-06-30 00:18:13 | INFO | unicore.trainer | NOTE: gradient overflow detected, ignoring gradient, setting loss scale to: 4.0
2026-06-30 00:18:58 | INFO | train_inner | epoch 003:   1143 / 2931 loss=5.145, train_loss=5.145, cross_distance_loss=0.744, distance_loss=0.37, coord_loss=3.747, RMSD=3.746, prmsd_loss=2.841, ups=0.47, bsz=8, num_updates=7000, lr=2.42922e-05, gnorm=27.975, clip=100, loss_scale=4, train_wall=107.11, gb_free=30.1, wall=100526
2026-06-30 00:18:58 | INFO | unicore_cli.train | begin validation on "valid" subset
2026-06-30 00:18:58 | INFO | unicore.tasks.unicore_task | get EpochBatchIterator for epoch 1
2026-06-30 01:50:42 | INFO | valid | epoch 003 | valid on 'valid' subset | loss 5.24 | valid_loss 5.24 | cross_distance_loss 0.706 | distance_loss 0.263 | coord_loss 3.985 | RMSD 3.984 | prmsd_loss 2.862 | bsz 26010 | num_updates 7000 | best_loss 5.233
2026-06-30 01:50:42 | INFO | unicore.checkpoint_utils | Preparing to save checkpoint for epoch 3 @ 7000 updates
2026-06-30 01:50:42 | INFO | unicore.trainer | Saving checkpoint to ./checkpoint_3_7000.pt
2026-06-30 01:50:47 | INFO | unicore.trainer | Finished saving checkpoint to ./checkpoint_3_7000.pt
2026-06-30 01:50:47 | INFO | unicore.checkpoint_utils | Saved checkpoint ./checkpoint_3_7000.pt (epoch 3 @ 7000 updates, score 5.24) (writing took 4.5077393390238285 seconds)
2026-06-30 01:50:47 | INFO | unicore.checkpoint_utils | copy ./checkpoint_3_7000.pt to /home/bdldt_team007/DLDockingBenchSeminar/run5/checkpoints/checkpoint_3_7000.pt
2026-06-30 01:50:52 | INFO | unicore.checkpoint_utils | copy ./checkpoint_3_7000.pt to /home/bdldt_team007/DLDockingBenchSeminar/run5/checkpoints/checkpoint_last.pt
2026-06-30 01:50:55 | INFO | unicore.checkpoint_utils | removing temp file ./checkpoint_3_7000.pt ...
2026-06-30 01:50:55 | INFO | unicore.checkpoint_utils | finished async ckp saving.
2026-06-30 01:52:45 | INFO | train_inner | epoch 003:   1193 / 2931 loss=5.031, train_loss=5.031, cross_distance_loss=0.71, distance_loss=0.336, coord_loss=3.703, RMSD=3.702, prmsd_loss=2.837, ups=0.01, bsz=8, num_updates=7050, lr=2.42378e-05, gnorm=50.046, clip=100, loss_scale=4, train_wall=117.8, gb_free=31.4, wall=106153
2026-06-30 01:54:34 | INFO | train_inner | epoch 003:   1243 / 2931 loss=5.151, train_loss=5.151, cross_distance_loss=0.731, distance_loss=0.34, coord_loss=3.795, RMSD=3.795, prmsd_loss=2.847, ups=0.46, bsz=8, num_updates=7100, lr=2.41834e-05, gnorm=17.745, clip=100, loss_scale=4, train_wall=108.8, gb_free=30.1, wall=106262
2026-06-30 01:56:31 | INFO | train_inner | epoch 003:   1293 / 2931 loss=5.234, train_loss=5.234, cross_distance_loss=0.74, distance_loss=0.399, coord_loss=3.807, RMSD=3.806, prmsd_loss=2.878, ups=0.43, bsz=8, num_updates=7150, lr=2.41289e-05, gnorm=22.929, clip=100, loss_scale=4, train_wall=117.32, gb_free=32.9, wall=106379
2026-06-30 01:58:22 | INFO | train_inner | epoch 003:   1343 / 2931 loss=5.053, train_loss=5.053, cross_distance_loss=0.732, distance_loss=0.324, coord_loss=3.708, RMSD=3.707, prmsd_loss=2.889, ups=0.45, bsz=8, num_updates=7200, lr=2.40745e-05, gnorm=13.839, clip=100, loss_scale=4, train_wall=111.1, gb_free=30.5, wall=106490
2026-06-30 02:00:11 | INFO | train_inner | epoch 003:   1393 / 2931 loss=4.99, train_loss=4.99, cross_distance_loss=0.713, distance_loss=0.346, coord_loss=3.645, RMSD=3.644, prmsd_loss=2.856, ups=0.46, bsz=8, num_updates=7250, lr=2.402e-05, gnorm=30.017, clip=100, loss_scale=4, train_wall=108.72, gb_free=31, wall=106599
2026-06-30 02:02:01 | INFO | train_inner | epoch 003:   1443 / 2931 loss=4.868, train_loss=4.868, cross_distance_loss=0.718, distance_loss=0.34, coord_loss=3.524, RMSD=3.523, prmsd_loss=2.869, ups=0.45, bsz=8, num_updates=7300, lr=2.39656e-05, gnorm=13.521, clip=100, loss_scale=4, train_wall=109.94, gb_free=33.6, wall=106709
2026-06-30 02:04:04 | INFO | train_inner | epoch 003:   1493 / 2931 loss=5.28, train_loss=5.28, cross_distance_loss=0.755, distance_loss=0.398, coord_loss=3.847, RMSD=3.846, prmsd_loss=2.799, ups=0.41, bsz=8, num_updates=7350, lr=2.39111e-05, gnorm=18.454, clip=100, loss_scale=4, train_wall=122.68, gb_free=30.9, wall=106832
2026-06-30 02:06:04 | INFO | train_inner | epoch 003:   1543 / 2931 loss=4.919, train_loss=4.919, cross_distance_loss=0.721, distance_loss=0.319, coord_loss=3.593, RMSD=3.592, prmsd_loss=2.869, ups=0.42, bsz=8, num_updates=7400, lr=2.38567e-05, gnorm=10.353, clip=100, loss_scale=4, train_wall=119.6, gb_free=30.9, wall=106952
2026-06-30 02:07:48 | INFO | train_inner | epoch 003:   1593 / 2931 loss=5.033, train_loss=5.033, cross_distance_loss=0.729, distance_loss=0.384, coord_loss=3.635, RMSD=3.635, prmsd_loss=2.841, ups=0.48, bsz=8, num_updates=7450, lr=2.38023e-05, gnorm=13.211, clip=100, loss_scale=4, train_wall=103.68, gb_free=31.4, wall=107056
2026-06-30 02:09:35 | INFO | train_inner | epoch 003:   1643 / 2931 loss=4.842, train_loss=4.842, cross_distance_loss=0.712, distance_loss=0.312, coord_loss=3.533, RMSD=3.532, prmsd_loss=2.846, ups=0.47, bsz=8, num_updates=7500, lr=2.37478e-05, gnorm=14.44, clip=100, loss_scale=4, train_wall=107.35, gb_free=30.6, wall=107163
2026-06-30 02:09:35 | INFO | unicore_cli.train | begin validation on "valid" subset
2026-06-30 02:09:35 | INFO | unicore.tasks.unicore_task | get EpochBatchIterator for epoch 1
2026-06-30 03:40:53 | INFO | valid | epoch 003 | valid on 'valid' subset | loss 4.813 | valid_loss 4.813 | cross_distance_loss 0.71 | distance_loss 0.241 | coord_loss 3.566 | RMSD 3.564 | prmsd_loss 2.971 | bsz 26010 | num_updates 7500 | best_loss 4.813
2026-06-30 03:40:53 | INFO | unicore.checkpoint_utils | Preparing to save checkpoint for epoch 3 @ 7500 updates
2026-06-30 03:40:53 | INFO | unicore.trainer | Saving checkpoint to ./checkpoint_3_7500.pt
2026-06-30 03:40:57 | INFO | unicore.trainer | Finished saving checkpoint to ./checkpoint_3_7500.pt
2026-06-30 03:40:58 | INFO | unicore.checkpoint_utils | Saved checkpoint ./checkpoint_3_7500.pt (epoch 3 @ 7500 updates, score 4.813) (writing took 4.629934620112181 seconds)
2026-06-30 03:40:58 | INFO | unicore.checkpoint_utils | copy ./checkpoint_3_7500.pt to /home/bdldt_team007/DLDockingBenchSeminar/run5/checkpoints/checkpoint_3_7500.pt
2026-06-30 03:41:03 | INFO | unicore.checkpoint_utils | copy ./checkpoint_3_7500.pt to /home/bdldt_team007/DLDockingBenchSeminar/run5/checkpoints/checkpoint_best.pt
2026-06-30 03:41:05 | INFO | unicore.checkpoint_utils | copy ./checkpoint_3_7500.pt to /home/bdldt_team007/DLDockingBenchSeminar/run5/checkpoints/checkpoint_last.pt
2026-06-30 03:41:08 | INFO | unicore.checkpoint_utils | removing temp file ./checkpoint_3_7500.pt ...
2026-06-30 03:41:08 | INFO | unicore.checkpoint_utils | finished async ckp saving.
2026-06-30 03:43:02 | INFO | train_inner | epoch 003:   1693 / 2931 loss=4.855, train_loss=4.855, cross_distance_loss=0.715, distance_loss=0.321, coord_loss=3.532, RMSD=3.531, prmsd_loss=2.865, ups=0.01, bsz=8, num_updates=7550, lr=2.36934e-05, gnorm=13.326, clip=100, loss_scale=4, train_wall=123.94, gb_free=31.8, wall=112770
2026-06-30 03:44:50 | INFO | train_inner | epoch 003:   1743 / 2931 loss=4.787, train_loss=4.787, cross_distance_loss=0.695, distance_loss=0.297, coord_loss=3.511, RMSD=3.51, prmsd_loss=2.839, ups=0.46, bsz=8, num_updates=7600, lr=2.36389e-05, gnorm=11.791, clip=100, loss_scale=4, train_wall=108.24, gb_free=31.4, wall=112878
2026-06-30 03:46:43 | INFO | train_inner | epoch 003:   1793 / 2931 loss=5.111, train_loss=5.111, cross_distance_loss=0.707, distance_loss=0.298, coord_loss=3.815, RMSD=3.814, prmsd_loss=2.91, ups=0.44, bsz=8, num_updates=7650, lr=2.35845e-05, gnorm=13.116, clip=100, loss_scale=4, train_wall=112.84, gb_free=32.9, wall=112991
2026-06-30 03:48:36 | INFO | train_inner | epoch 003:   1843 / 2931 loss=5.233, train_loss=5.233, cross_distance_loss=0.734, distance_loss=0.387, coord_loss=3.832, RMSD=3.832, prmsd_loss=2.802, ups=0.44, bsz=8, num_updates=7700, lr=2.35301e-05, gnorm=19.319, clip=100, loss_scale=4, train_wall=113.44, gb_free=29.2, wall=113104
2026-06-30 03:50:24 | INFO | train_inner | epoch 003:   1893 / 2931 loss=4.655, train_loss=4.655, cross_distance_loss=0.68, distance_loss=0.279, coord_loss=3.412, RMSD=3.412, prmsd_loss=2.843, ups=0.47, bsz=8, num_updates=7750, lr=2.34756e-05, gnorm=9.836, clip=100, loss_scale=4, train_wall=107.31, gb_free=29.2, wall=113212
2026-06-30 03:52:12 | INFO | train_inner | epoch 003:   1943 / 2931 loss=5.018, train_loss=5.018, cross_distance_loss=0.705, distance_loss=0.37, coord_loss=3.657, RMSD=3.657, prmsd_loss=2.859, ups=0.46, bsz=8, num_updates=7800, lr=2.34212e-05, gnorm=12.749, clip=100, loss_scale=4, train_wall=108.29, gb_free=30.5, wall=113320
2026-06-30 03:54:12 | INFO | train_inner | epoch 003:   1993 / 2931 loss=5.072, train_loss=5.072, cross_distance_loss=0.712, distance_loss=0.363, coord_loss=3.712, RMSD=3.711, prmsd_loss=2.856, ups=0.42, bsz=8, num_updates=7850, lr=2.33667e-05, gnorm=18.975, clip=100, loss_scale=4, train_wall=119.3, gb_free=31.4, wall=113440
2026-06-30 03:56:04 | INFO | train_inner | epoch 003:   2043 / 2931 loss=4.947, train_loss=4.947, cross_distance_loss=0.712, distance_loss=0.318, coord_loss=3.629, RMSD=3.629, prmsd_loss=2.881, ups=0.45, bsz=8, num_updates=7900, lr=2.33123e-05, gnorm=15.425, clip=100, loss_scale=4, train_wall=112.09, gb_free=31.8, wall=113552
2026-06-30 03:57:42 | INFO | train_inner | epoch 003:   2093 / 2931 loss=4.973, train_loss=4.973, cross_distance_loss=0.706, distance_loss=0.355, coord_loss=3.626, RMSD=3.625, prmsd_loss=2.859, ups=0.51, bsz=8, num_updates=7950, lr=2.32578e-05, gnorm=18.8, clip=100, loss_scale=4, train_wall=98.45, gb_free=32.2, wall=113650
2026-06-30 03:59:35 | INFO | train_inner | epoch 003:   2143 / 2931 loss=5.052, train_loss=5.052, cross_distance_loss=0.717, distance_loss=0.377, coord_loss=3.671, RMSD=3.67, prmsd_loss=2.87, ups=0.44, bsz=8, num_updates=8000, lr=2.32034e-05, gnorm=14.363, clip=100, loss_scale=4, train_wall=112.62, gb_free=32.2, wall=113763
2026-06-30 03:59:35 | INFO | unicore_cli.train | begin validation on "valid" subset
2026-06-30 03:59:35 | INFO | unicore.tasks.unicore_task | get EpochBatchIterator for epoch 1
2026-06-30 05:27:29 | INFO | valid | epoch 003 | valid on 'valid' subset | loss 4.586 | valid_loss 4.586 | cross_distance_loss 0.684 | distance_loss 0.249 | coord_loss 3.371 | RMSD 3.369 | prmsd_loss 2.828 | bsz 26010 | num_updates 8000 | best_loss 4.586
2026-06-30 05:27:29 | INFO | unicore.checkpoint_utils | Preparing to save checkpoint for epoch 3 @ 8000 updates
2026-06-30 05:27:29 | INFO | unicore.trainer | Saving checkpoint to ./checkpoint_3_8000.pt
2026-06-30 05:27:34 | INFO | unicore.trainer | Finished saving checkpoint to ./checkpoint_3_8000.pt
2026-06-30 05:27:34 | INFO | unicore.checkpoint_utils | Saved checkpoint ./checkpoint_3_8000.pt (epoch 3 @ 8000 updates, score 4.586) (writing took 4.689493188634515 seconds)
2026-06-30 05:27:34 | INFO | unicore.checkpoint_utils | copy ./checkpoint_3_8000.pt to /home/bdldt_team007/DLDockingBenchSeminar/run5/checkpoints/checkpoint_3_8000.pt
2026-06-30 05:27:39 | INFO | unicore.checkpoint_utils | copy ./checkpoint_3_8000.pt to /home/bdldt_team007/DLDockingBenchSeminar/run5/checkpoints/checkpoint_best.pt
2026-06-30 05:27:42 | INFO | unicore.checkpoint_utils | copy ./checkpoint_3_8000.pt to /home/bdldt_team007/DLDockingBenchSeminar/run5/checkpoints/checkpoint_last.pt
2026-06-30 05:27:44 | INFO | unicore.checkpoint_utils | removing temp file ./checkpoint_3_8000.pt ...
2026-06-30 05:27:44 | INFO | unicore.checkpoint_utils | finished async ckp saving.
2026-06-30 05:29:37 | INFO | train_inner | epoch 003:   2193 / 2931 loss=4.996, train_loss=4.996, cross_distance_loss=0.714, distance_loss=0.398, coord_loss=3.604, RMSD=3.603, prmsd_loss=2.807, ups=0.01, bsz=8, num_updates=8050, lr=2.3149e-05, gnorm=11.682, clip=100, loss_scale=4, train_wall=122.74, gb_free=30.9, wall=119165
2026-06-30 05:31:30 | INFO | train_inner | epoch 003:   2243 / 2931 loss=5.016, train_loss=5.016, cross_distance_loss=0.724, distance_loss=0.352, coord_loss=3.652, RMSD=3.652, prmsd_loss=2.884, ups=0.44, bsz=8, num_updates=8100, lr=2.30945e-05, gnorm=12.255, clip=100, loss_scale=4, train_wall=113.52, gb_free=27.2, wall=119278
2026-06-30 05:33:22 | INFO | train_inner | epoch 003:   2293 / 2931 loss=5.104, train_loss=5.104, cross_distance_loss=0.7, distance_loss=0.408, coord_loss=3.716, RMSD=3.715, prmsd_loss=2.805, ups=0.45, bsz=8, num_updates=8150, lr=2.30401e-05, gnorm=13.97, clip=100, loss_scale=4, train_wall=110.97, gb_free=31, wall=119389
2026-06-30 05:35:18 | INFO | train_inner | epoch 003:   2343 / 2931 loss=5.062, train_loss=5.062, cross_distance_loss=0.716, distance_loss=0.406, coord_loss=3.658, RMSD=3.657, prmsd_loss=2.825, ups=0.43, bsz=8, num_updates=8200, lr=2.29856e-05, gnorm=21.054, clip=100, loss_scale=4, train_wall=116.53, gb_free=29.7, wall=119506
2026-06-30 05:37:03 | INFO | train_inner | epoch 003:   2393 / 2931 loss=4.991, train_loss=4.991, cross_distance_loss=0.713, distance_loss=0.319, coord_loss=3.676, RMSD=3.676, prmsd_loss=2.832, ups=0.48, bsz=8, num_updates=8250, lr=2.29312e-05, gnorm=37.153, clip=100, loss_scale=4, train_wall=104.68, gb_free=32.3, wall=119611
2026-06-30 05:38:47 | INFO | train_inner | epoch 003:   2443 / 2931 loss=4.624, train_loss=4.624, cross_distance_loss=0.681, distance_loss=0.279, coord_loss=3.376, RMSD=3.375, prmsd_loss=2.874, ups=0.48, bsz=8, num_updates=8300, lr=2.28767e-05, gnorm=14.381, clip=100, loss_scale=4, train_wall=104.13, gb_free=28.8, wall=119715
2026-06-30 05:40:49 | INFO | train_inner | epoch 003:   2493 / 2931 loss=4.81, train_loss=4.81, cross_distance_loss=0.681, distance_loss=0.344, coord_loss=3.503, RMSD=3.502, prmsd_loss=2.824, ups=0.41, bsz=8, num_updates=8350, lr=2.28223e-05, gnorm=31.281, clip=100, loss_scale=4, train_wall=121.41, gb_free=31.8, wall=119837
2026-06-30 05:42:40 | INFO | train_inner | epoch 003:   2543 / 2931 loss=4.889, train_loss=4.889, cross_distance_loss=0.704, distance_loss=0.321, coord_loss=3.581, RMSD=3.581, prmsd_loss=2.82, ups=0.45, bsz=8, num_updates=8400, lr=2.27679e-05, gnorm=22.912, clip=100, loss_scale=4, train_wall=110.67, gb_free=24.9, wall=119947
2026-06-30 05:44:29 | INFO | train_inner | epoch 003:   2593 / 2931 loss=4.821, train_loss=4.821, cross_distance_loss=0.703, distance_loss=0.332, coord_loss=3.5, RMSD=3.5, prmsd_loss=2.846, ups=0.46, bsz=8, num_updates=8450, lr=2.27134e-05, gnorm=15.597, clip=100, loss_scale=4, train_wall=109.12, gb_free=32.5, wall=120057
2026-06-30 05:46:17 | INFO | train_inner | epoch 003:   2643 / 2931 loss=4.687, train_loss=4.687, cross_distance_loss=0.686, distance_loss=0.339, coord_loss=3.385, RMSD=3.384, prmsd_loss=2.768, ups=0.46, bsz=8, num_updates=8500, lr=2.2659e-05, gnorm=14.681, clip=100, loss_scale=4, train_wall=108.55, gb_free=26.1, wall=120165
2026-06-30 05:46:17 | INFO | unicore_cli.train | begin validation on "valid" subset
2026-06-30 05:46:17 | INFO | unicore.tasks.unicore_task | get EpochBatchIterator for epoch 1
2026-06-30 07:02:24 | INFO | valid | epoch 003 | valid on 'valid' subset | loss 4.621 | valid_loss 4.621 | cross_distance_loss 0.69 | distance_loss 0.241 | coord_loss 3.402 | RMSD 3.401 | prmsd_loss 2.879 | bsz 26010 | num_updates 8500 | best_loss 4.586
2026-06-30 07:02:24 | INFO | unicore.checkpoint_utils | Preparing to save checkpoint for epoch 3 @ 8500 updates
2026-06-30 07:02:24 | INFO | unicore.trainer | Saving checkpoint to ./checkpoint_3_8500.pt
2026-06-30 07:02:29 | INFO | unicore.trainer | Finished saving checkpoint to ./checkpoint_3_8500.pt
2026-06-30 07:02:29 | INFO | unicore.checkpoint_utils | Saved checkpoint ./checkpoint_3_8500.pt (epoch 3 @ 8500 updates, score 4.621) (writing took 4.6163516622036695 seconds)
2026-06-30 07:02:29 | INFO | unicore.checkpoint_utils | copy ./checkpoint_3_8500.pt to /home/bdldt_team007/DLDockingBenchSeminar/run5/checkpoints/checkpoint_3_8500.pt
2026-06-30 07:02:34 | INFO | unicore.checkpoint_utils | copy ./checkpoint_3_8500.pt to /home/bdldt_team007/DLDockingBenchSeminar/run5/checkpoints/checkpoint_last.pt
2026-06-30 07:02:37 | INFO | unicore.checkpoint_utils | removing temp file ./checkpoint_3_8500.pt ...
2026-06-30 07:02:37 | INFO | unicore.checkpoint_utils | finished async ckp saving.
2026-06-30 07:04:20 | INFO | train_inner | epoch 003:   2693 / 2931 loss=4.848, train_loss=4.848, cross_distance_loss=0.705, distance_loss=0.342, coord_loss=3.517, RMSD=3.517, prmsd_loss=2.831, ups=0.01, bsz=8, num_updates=8550, lr=2.26045e-05, gnorm=16.384, clip=100, loss_scale=4, train_wall=111.12, gb_free=30.5, wall=124848
2026-06-30 07:06:15 | INFO | train_inner | epoch 003:   2743 / 2931 loss=4.793, train_loss=4.793, cross_distance_loss=0.702, distance_loss=0.346, coord_loss=3.466, RMSD=3.465, prmsd_loss=2.797, ups=0.44, bsz=8, num_updates=8600, lr=2.25501e-05, gnorm=19.059, clip=100, loss_scale=4, train_wall=114.77, gb_free=30.9, wall=124963
2026-06-30 07:08:01 | INFO | train_inner | epoch 003:   2793 / 2931 loss=4.712, train_loss=4.712, cross_distance_loss=0.693, distance_loss=0.34, coord_loss=3.398, RMSD=3.397, prmsd_loss=2.817, ups=0.47, bsz=8, num_updates=8650, lr=2.24956e-05, gnorm=13.953, clip=100, loss_scale=4, train_wall=106.04, gb_free=28.8, wall=125069
2026-06-30 07:09:49 | INFO | train_inner | epoch 003:   2843 / 2931 loss=4.845, train_loss=4.845, cross_distance_loss=0.712, distance_loss=0.327, coord_loss=3.521, RMSD=3.521, prmsd_loss=2.849, ups=0.46, bsz=8, num_updates=8700, lr=2.24412e-05, gnorm=17.276, clip=100, loss_scale=4, train_wall=107.83, gb_free=32.9, wall=125177
2026-06-30 07:11:45 | INFO | train_inner | epoch 003:   2893 / 2931 loss=5.026, train_loss=5.026, cross_distance_loss=0.717, distance_loss=0.385, coord_loss=3.641, RMSD=3.64, prmsd_loss=2.826, ups=0.43, bsz=8, num_updates=8750, lr=2.23868e-05, gnorm=24.136, clip=100, loss_scale=4, train_wall=115.84, gb_free=31.8, wall=125293
2026-06-30 07:13:04 | INFO | unicore_cli.train | begin validation on "valid" subset
2026-06-30 07:13:04 | INFO | unicore.tasks.unicore_task | get EpochBatchIterator for epoch 1
2026-06-30 08:34:32 | INFO | valid | epoch 003 | valid on 'valid' subset | loss 1.3349e+08 | valid_loss 1.3349e+08 | cross_distance_loss 0.675 | distance_loss 0.239 | coord_loss 1.3349e+08 | RMSD 1.3202e+08 | prmsd_loss 2.846 | bsz 26010 | num_updates 8788 | best_loss 4.586
2026-06-30 08:34:32 | INFO | unicore.checkpoint_utils | Preparing to save checkpoint for epoch 3 @ 8788 updates
2026-06-30 08:34:32 | INFO | unicore.trainer | Saving checkpoint to ./checkpoint3.pt
2026-06-30 08:34:37 | INFO | unicore.trainer | Finished saving checkpoint to ./checkpoint3.pt
2026-06-30 08:34:37 | INFO | unicore.checkpoint_utils | Saved checkpoint ./checkpoint3.pt (epoch 3 @ 8788 updates, score 133489856.0) (writing took 4.716975608840585 seconds)
2026-06-30 08:34:37 | INFO | unicore_cli.train | end of epoch 3 (average epoch stats below)
2026-06-30 08:34:37 | INFO | unicore.checkpoint_utils | copy ./checkpoint3.pt to /home/bdldt_team007/DLDockingBenchSeminar/run5/checkpoints/checkpoint3.pt
2026-06-30 08:34:37 | INFO | train | epoch 003 | loss 5.05 | train_loss 5.05 | cross_distance_loss 0.724 | distance_loss 0.349 | coord_loss 3.691 | RMSD 3.691 | prmsd_loss 2.856 | ups 0.07 | bsz 8 | num_updates 8788 | lr 2.23454e-05 | gnorm 17.79 | clip 100 | loss_scale 4 | train_wall 6630.11 | gb_free 32.8 | wall 130265
2026-06-30 08:34:37 | INFO | unicore.tasks.unicore_task | get EpochBatchIterator for epoch 4
2026-06-30 08:34:37 | INFO | unicore.trainer | begin training epoch 4
2026-06-30 08:34:37 | INFO | unicore_cli.train | Start iterating over samples
2026-06-30 08:34:42 | INFO | unicore.checkpoint_utils | copy ./checkpoint3.pt to /home/bdldt_team007/DLDockingBenchSeminar/run5/checkpoints/checkpoint_last.pt
2026-06-30 08:34:45 | INFO | unicore.checkpoint_utils | removing temp file ./checkpoint3.pt ...
2026-06-30 08:34:45 | INFO | unicore.checkpoint_utils | finished async ckp saving.
2026-06-30 08:35:05 | INFO | train_inner | epoch 004:     12 / 2931 loss=4.577, train_loss=4.577, cross_distance_loss=0.684, distance_loss=0.299, coord_loss=3.311, RMSD=3.311, prmsd_loss=2.823, ups=0.01, bsz=8, num_updates=8800, lr=2.23323e-05, gnorm=16.85, clip=100, loss_scale=4, train_wall=106.78, gb_free=30.1, wall=130293
2026-06-30 08:36:52 | INFO | train_inner | epoch 004:     62 / 2931 loss=4.759, train_loss=4.759, cross_distance_loss=0.679, distance_loss=0.336, coord_loss=3.465, RMSD=3.465, prmsd_loss=2.791, ups=0.47, bsz=8, num_updates=8850, lr=2.22779e-05, gnorm=16.229, clip=100, loss_scale=4, train_wall=107.14, gb_free=27.7, wall=130400
2026-06-30 08:38:46 | INFO | train_inner | epoch 004:    112 / 2931 loss=4.455, train_loss=4.455, cross_distance_loss=0.664, distance_loss=0.301, coord_loss=3.206, RMSD=3.205, prmsd_loss=2.834, ups=0.44, bsz=8, num_updates=8900, lr=2.22234e-05, gnorm=12.848, clip=100, loss_scale=4, train_wall=113.15, gb_free=31.4, wall=130514
2026-06-30 08:40:36 | INFO | train_inner | epoch 004:    162 / 2931 loss=4.745, train_loss=4.745, cross_distance_loss=0.679, distance_loss=0.348, coord_loss=3.439, RMSD=3.438, prmsd_loss=2.787, ups=0.45, bsz=8, num_updates=8950, lr=2.2169e-05, gnorm=14.866, clip=100, loss_scale=4, train_wall=110.61, gb_free=30.5, wall=130624
2026-06-30 08:42:35 | INFO | train_inner | epoch 004:    212 / 2931 loss=4.781, train_loss=4.781, cross_distance_loss=0.679, distance_loss=0.345, coord_loss=3.475, RMSD=3.475, prmsd_loss=2.813, ups=0.42, bsz=8, num_updates=9000, lr=2.21145e-05, gnorm=12.834, clip=100, loss_scale=4, train_wall=118.37, gb_free=32.2, wall=130743
2026-06-30 08:42:35 | INFO | unicore_cli.train | begin validation on "valid" subset
2026-06-30 08:42:35 | INFO | unicore.tasks.unicore_task | get EpochBatchIterator for epoch 1
2026-06-30 10:06:09 | INFO | valid | epoch 004 | valid on 'valid' subset | loss 4.393 | valid_loss 4.393 | cross_distance_loss 0.664 | distance_loss 0.23 | coord_loss 3.224 | RMSD 3.223 | prmsd_loss 2.759 | bsz 26010 | num_updates 9000 | best_loss 4.393
2026-06-30 10:06:09 | INFO | unicore.checkpoint_utils | Preparing to save checkpoint for epoch 4 @ 9000 updates
2026-06-30 10:06:09 | INFO | unicore.trainer | Saving checkpoint to ./checkpoint_4_9000.pt
2026-06-30 10:06:14 | INFO | unicore.trainer | Finished saving checkpoint to ./checkpoint_4_9000.pt
2026-06-30 10:06:14 | INFO | unicore.checkpoint_utils | Saved checkpoint ./checkpoint_4_9000.pt (epoch 4 @ 9000 updates, score 4.393) (writing took 4.648700611665845 seconds)
2026-06-30 10:06:14 | INFO | unicore.checkpoint_utils | copy ./checkpoint_4_9000.pt to /home/bdldt_team007/DLDockingBenchSeminar/run5/checkpoints/checkpoint_4_9000.pt
2026-06-30 10:06:19 | INFO | unicore.checkpoint_utils | copy ./checkpoint_4_9000.pt to /home/bdldt_team007/DLDockingBenchSeminar/run5/checkpoints/checkpoint_best.pt
2026-06-30 10:06:22 | INFO | unicore.checkpoint_utils | copy ./checkpoint_4_9000.pt to /home/bdldt_team007/DLDockingBenchSeminar/run5/checkpoints/checkpoint_last.pt
2026-06-30 10:06:24 | INFO | unicore.checkpoint_utils | removing temp file ./checkpoint_4_9000.pt ...
2026-06-30 10:06:25 | INFO | unicore.checkpoint_utils | finished async ckp saving.
2026-06-30 10:08:12 | INFO | train_inner | epoch 004:    262 / 2931 loss=4.663, train_loss=4.663, cross_distance_loss=0.681, distance_loss=0.292, coord_loss=3.411, RMSD=3.411, prmsd_loss=2.794, ups=0.01, bsz=8, num_updates=9050, lr=2.20601e-05, gnorm=13.757, clip=100, loss_scale=4, train_wall=118.18, gb_free=29.7, wall=135880
2026-06-30 10:10:02 | INFO | train_inner | epoch 004:    312 / 2931 loss=4.695, train_loss=4.695, cross_distance_loss=0.692, distance_loss=0.313, coord_loss=3.41, RMSD=3.41, prmsd_loss=2.799, ups=0.45, bsz=8, num_updates=9100, lr=2.20057e-05, gnorm=12.675, clip=100, loss_scale=4, train_wall=109.84, gb_free=33.3, wall=135990
2026-06-30 10:11:43 | INFO | train_inner | epoch 004:    362 / 2931 loss=4.538, train_loss=4.538, cross_distance_loss=0.686, distance_loss=0.302, coord_loss=3.266, RMSD=3.266, prmsd_loss=2.835, ups=0.5, bsz=8, num_updates=9150, lr=2.19512e-05, gnorm=23.345, clip=100, loss_scale=4, train_wall=100.89, gb_free=31, wall=136091
2026-06-30 10:13:37 | INFO | train_inner | epoch 004:    412 / 2931 loss=4.664, train_loss=4.664, cross_distance_loss=0.68, distance_loss=0.33, coord_loss=3.373, RMSD=3.372, prmsd_loss=2.813, ups=0.44, bsz=8, num_updates=9200, lr=2.18968e-05, gnorm=18.468, clip=100, loss_scale=4, train_wall=113.5, gb_free=33.2, wall=136205
2026-06-30 10:15:24 | INFO | train_inner | epoch 004:    462 / 2931 loss=4.581, train_loss=4.581, cross_distance_loss=0.665, distance_loss=0.299, coord_loss=3.339, RMSD=3.338, prmsd_loss=2.778, ups=0.47, bsz=8, num_updates=9250, lr=2.18423e-05, gnorm=15.792, clip=100, loss_scale=4, train_wall=107.15, gb_free=31.8, wall=136312
2026-06-30 10:17:04 | INFO | train_inner | epoch 004:    512 / 2931 loss=4.681, train_loss=4.681, cross_distance_loss=0.688, distance_loss=0.315, coord_loss=3.395, RMSD=3.395, prmsd_loss=2.824, ups=0.5, bsz=8, num_updates=9300, lr=2.17879e-05, gnorm=21.994, clip=100, loss_scale=4, train_wall=99.61, gb_free=30.1, wall=136412
2026-06-30 10:18:49 | INFO | train_inner | epoch 004:    562 / 2931 loss=4.469, train_loss=4.469, cross_distance_loss=0.651, distance_loss=0.31, coord_loss=3.229, RMSD=3.229, prmsd_loss=2.792, ups=0.48, bsz=8, num_updates=9350, lr=2.17334e-05, gnorm=14.353, clip=100, loss_scale=4, train_wall=104.77, gb_free=31.4, wall=136517
2026-06-30 10:20:45 | INFO | train_inner | epoch 004:    612 / 2931 loss=4.456, train_loss=4.456, cross_distance_loss=0.668, distance_loss=0.341, coord_loss=3.173, RMSD=3.172, prmsd_loss=2.738, ups=0.43, bsz=8, num_updates=9400, lr=2.1679e-05, gnorm=24.121, clip=100, loss_scale=4, train_wall=116.54, gb_free=29.2, wall=136633
2026-06-30 10:22:27 | INFO | train_inner | epoch 004:    662 / 2931 loss=4.518, train_loss=4.518, cross_distance_loss=0.663, distance_loss=0.337, coord_loss=3.242, RMSD=3.242, prmsd_loss=2.756, ups=0.49, bsz=8, num_updates=9450, lr=2.16246e-05, gnorm=16.291, clip=100, loss_scale=4, train_wall=101.73, gb_free=31.8, wall=136735
2026-06-30 10:24:20 | INFO | train_inner | epoch 004:    712 / 2931 loss=4.848, train_loss=4.848, cross_distance_loss=0.705, distance_loss=0.322, coord_loss=3.538, RMSD=3.537, prmsd_loss=2.824, ups=0.45, bsz=8, num_updates=9500, lr=2.15701e-05, gnorm=15.078, clip=100, loss_scale=4, train_wall=112.19, gb_free=31.4, wall=136848
2026-06-30 10:24:20 | INFO | unicore_cli.train | begin validation on "valid" subset
2026-06-30 10:24:20 | INFO | unicore.tasks.unicore_task | get EpochBatchIterator for epoch 1
2026-06-30 11:38:39 | INFO | valid | epoch 004 | valid on 'valid' subset | loss 4.593 | valid_loss 4.593 | cross_distance_loss 0.662 | distance_loss 0.23 | coord_loss 3.409 | RMSD 3.408 | prmsd_loss 2.917 | bsz 26010 | num_updates 9500 | best_loss 4.393
2026-06-30 11:38:39 | INFO | unicore.checkpoint_utils | Preparing to save checkpoint for epoch 4 @ 9500 updates
2026-06-30 11:38:39 | INFO | unicore.trainer | Saving checkpoint to ./checkpoint_4_9500.pt
2026-06-30 11:38:44 | INFO | unicore.trainer | Finished saving checkpoint to ./checkpoint_4_9500.pt
2026-06-30 11:38:44 | INFO | unicore.checkpoint_utils | Saved checkpoint ./checkpoint_4_9500.pt (epoch 4 @ 9500 updates, score 4.593) (writing took 4.681983903050423 seconds)
2026-06-30 11:38:44 | INFO | unicore.checkpoint_utils | copy ./checkpoint_4_9500.pt to /home/bdldt_team007/DLDockingBenchSeminar/run5/checkpoints/checkpoint_4_9500.pt
2026-06-30 11:38:50 | INFO | unicore.checkpoint_utils | copy ./checkpoint_4_9500.pt to /home/bdldt_team007/DLDockingBenchSeminar/run5/checkpoints/checkpoint_last.pt
2026-06-30 11:38:53 | INFO | unicore.checkpoint_utils | removing temp file ./checkpoint_4_9500.pt ...
2026-06-30 11:38:53 | INFO | unicore.checkpoint_utils | finished async ckp saving.
2026-06-30 11:40:33 | INFO | train_inner | epoch 004:    762 / 2931 loss=4.73, train_loss=4.73, cross_distance_loss=0.696, distance_loss=0.318, coord_loss=3.439, RMSD=3.438, prmsd_loss=2.775, ups=0.01, bsz=8, num_updates=9550, lr=2.15157e-05, gnorm=16.781, clip=100, loss_scale=4, train_wall=109.1, gb_free=31.4, wall=141421
2026-06-30 11:42:15 | INFO | train_inner | epoch 004:    812 / 2931 loss=4.593, train_loss=4.593, cross_distance_loss=0.661, distance_loss=0.357, coord_loss=3.302, RMSD=3.302, prmsd_loss=2.733, ups=0.49, bsz=8, num_updates=9600, lr=2.14612e-05, gnorm=19.425, clip=100, loss_scale=4, train_wall=101.99, gb_free=31.8, wall=141523
2026-06-30 11:44:02 | INFO | train_inner | epoch 004:    862 / 2931 loss=4.69, train_loss=4.69, cross_distance_loss=0.686, distance_loss=0.342, coord_loss=3.382, RMSD=3.381, prmsd_loss=2.799, ups=0.47, bsz=8, num_updates=9650, lr=2.14068e-05, gnorm=19.366, clip=100, loss_scale=4, train_wall=106.18, gb_free=31.8, wall=141630
2026-06-30 11:45:50 | INFO | train_inner | epoch 004:    912 / 2931 loss=4.64, train_loss=4.64, cross_distance_loss=0.68, distance_loss=0.302, coord_loss=3.378, RMSD=3.377, prmsd_loss=2.797, ups=0.46, bsz=8, num_updates=9700, lr=2.13524e-05, gnorm=14.128, clip=100, loss_scale=4, train_wall=107.69, gb_free=31, wall=141738
2026-06-30 11:47:36 | INFO | train_inner | epoch 004:    962 / 2931 loss=4.249, train_loss=4.249, cross_distance_loss=0.649, distance_loss=0.262, coord_loss=3.063, RMSD=3.062, prmsd_loss=2.756, ups=0.47, bsz=8, num_updates=9750, lr=2.12979e-05, gnorm=11.976, clip=100, loss_scale=4, train_wall=105.95, gb_free=31.8, wall=141844
2026-06-30 11:49:33 | INFO | train_inner | epoch 004:   1012 / 2931 loss=4.655, train_loss=4.655, cross_distance_loss=0.655, distance_loss=0.319, coord_loss=3.402, RMSD=3.401, prmsd_loss=2.778, ups=0.43, bsz=8, num_updates=9800, lr=2.12435e-05, gnorm=22.127, clip=100, loss_scale=4, train_wall=116.99, gb_free=32.2, wall=141961
2026-06-30 11:51:23 | INFO | train_inner | epoch 004:   1062 / 2931 loss=4.556, train_loss=4.556, cross_distance_loss=0.68, distance_loss=0.321, coord_loss=3.276, RMSD=3.275, prmsd_loss=2.787, ups=0.45, bsz=8, num_updates=9850, lr=2.1189e-05, gnorm=13.333, clip=100, loss_scale=4, train_wall=110.56, gb_free=29.7, wall=142071
2026-06-30 11:53:00 | INFO | train_inner | epoch 004:   1112 / 2931 loss=4.734, train_loss=4.734, cross_distance_loss=0.658, distance_loss=0.296, coord_loss=3.504, RMSD=3.503, prmsd_loss=2.773, ups=0.52, bsz=8, num_updates=9900, lr=2.11346e-05, gnorm=13.9, clip=100, loss_scale=4, train_wall=96.11, gb_free=31, wall=142168
2026-06-30 11:54:43 | INFO | train_inner | epoch 004:   1162 / 2931 loss=4.452, train_loss=4.452, cross_distance_loss=0.665, distance_loss=0.321, coord_loss=3.186, RMSD=3.184, prmsd_loss=2.811, ups=0.48, bsz=8, num_updates=9950, lr=2.10801e-05, gnorm=13.681, clip=100, loss_scale=4, train_wall=103.28, gb_free=31, wall=142271
2026-06-30 11:56:40 | INFO | train_inner | epoch 004:   1212 / 2931 loss=4.417, train_loss=4.417, cross_distance_loss=0.649, distance_loss=0.31, coord_loss=3.178, RMSD=3.178, prmsd_loss=2.798, ups=0.43, bsz=8, num_updates=10000, lr=2.10257e-05, gnorm=15.713, clip=100, loss_scale=4, train_wall=116.79, gb_free=30.1, wall=142388
2026-06-30 11:56:40 | INFO | unicore_cli.train | begin validation on "valid" subset
2026-06-30 11:56:40 | INFO | unicore.tasks.unicore_task | get EpochBatchIterator for epoch 1
2026-06-30 13:23:29 | INFO | valid | epoch 004 | valid on 'valid' subset | loss 4.303 | valid_loss 4.303 | cross_distance_loss 0.655 | distance_loss 0.226 | coord_loss 3.145 | RMSD 3.144 | prmsd_loss 2.778 | bsz 26010 | num_updates 10000 | best_loss 4.303
2026-06-30 13:23:29 | INFO | unicore.checkpoint_utils | Preparing to save checkpoint for epoch 4 @ 10000 updates
2026-06-30 13:23:29 | INFO | unicore.trainer | Saving checkpoint to ./checkpoint_4_10000.pt
2026-06-30 13:23:33 | INFO | unicore.trainer | Finished saving checkpoint to ./checkpoint_4_10000.pt
2026-06-30 13:23:33 | INFO | unicore.checkpoint_utils | Saved checkpoint ./checkpoint_4_10000.pt (epoch 4 @ 10000 updates, score 4.303) (writing took 4.466874331235886 seconds)
2026-06-30 13:23:33 | INFO | unicore.checkpoint_utils | copy ./checkpoint_4_10000.pt to /home/bdldt_team007/DLDockingBenchSeminar/run5/checkpoints/checkpoint_4_10000.pt
2026-06-30 13:23:38 | INFO | unicore.checkpoint_utils | copy ./checkpoint_4_10000.pt to /home/bdldt_team007/DLDockingBenchSeminar/run5/checkpoints/checkpoint_best.pt
2026-06-30 13:23:41 | INFO | unicore.checkpoint_utils | copy ./checkpoint_4_10000.pt to /home/bdldt_team007/DLDockingBenchSeminar/run5/checkpoints/checkpoint_last.pt
2026-06-30 13:23:43 | INFO | unicore.checkpoint_utils | removing temp file ./checkpoint_4_10000.pt ...
2026-06-30 13:23:44 | INFO | unicore.checkpoint_utils | finished async ckp saving.
2026-06-30 13:25:27 | INFO | train_inner | epoch 004:   1262 / 2931 loss=4.265, train_loss=4.265, cross_distance_loss=0.642, distance_loss=0.282, coord_loss=3.06, RMSD=3.06, prmsd_loss=2.811, ups=0.01, bsz=8, num_updates=10050, lr=2.09713e-05, gnorm=20.31, clip=100, loss_scale=4, train_wall=113.27, gb_free=30.1, wall=147715
2026-06-30 13:27:20 | INFO | train_inner | epoch 004:   1312 / 2931 loss=4.787, train_loss=4.787, cross_distance_loss=0.673, distance_loss=0.364, coord_loss=3.475, RMSD=3.474, prmsd_loss=2.759, ups=0.44, bsz=8, num_updates=10100, lr=2.09168e-05, gnorm=15.689, clip=100, loss_scale=4, train_wall=113, gb_free=32.9, wall=147828
2026-06-30 13:29:03 | INFO | train_inner | epoch 004:   1362 / 2931 loss=4.441, train_loss=4.441, cross_distance_loss=0.65, distance_loss=0.292, coord_loss=3.22, RMSD=3.219, prmsd_loss=2.79, ups=0.48, bsz=8, num_updates=10150, lr=2.08624e-05, gnorm=19.045, clip=100, loss_scale=4, train_wall=103, gb_free=30.6, wall=147931
2026-06-30 13:30:41 | INFO | train_inner | epoch 004:   1412 / 2931 loss=4.457, train_loss=4.457, cross_distance_loss=0.661, distance_loss=0.316, coord_loss=3.203, RMSD=3.202, prmsd_loss=2.777, ups=0.51, bsz=8, num_updates=10200, lr=2.08079e-05, gnorm=16.915, clip=100, loss_scale=4, train_wall=97.42, gb_free=32.2, wall=148028
2026-06-30 13:32:36 | INFO | train_inner | epoch 004:   1462 / 2931 loss=4.389, train_loss=4.389, cross_distance_loss=0.658, distance_loss=0.311, coord_loss=3.143, RMSD=3.143, prmsd_loss=2.765, ups=0.43, bsz=8, num_updates=10250, lr=2.07535e-05, gnorm=13.904, clip=100, loss_scale=4, train_wall=115.32, gb_free=32.2, wall=148144
2026-06-30 13:34:35 | INFO | train_inner | epoch 004:   1512 / 2931 loss=4.626, train_loss=4.626, cross_distance_loss=0.676, distance_loss=0.344, coord_loss=3.335, RMSD=3.333, prmsd_loss=2.723, ups=0.42, bsz=8, num_updates=10300, lr=2.0699e-05, gnorm=16.851, clip=100, loss_scale=4, train_wall=118.44, gb_free=30.2, wall=148262
2026-06-30 13:36:23 | INFO | train_inner | epoch 004:   1562 / 2931 loss=4.496, train_loss=4.496, cross_distance_loss=0.67, distance_loss=0.315, coord_loss=3.236, RMSD=3.235, prmsd_loss=2.76, ups=0.46, bsz=8, num_updates=10350, lr=2.06446e-05, gnorm=15.693, clip=100, loss_scale=4, train_wall=108.66, gb_free=32.5, wall=148371
2026-06-30 13:38:10 | INFO | train_inner | epoch 004:   1612 / 2931 loss=4.29, train_loss=4.29, cross_distance_loss=0.656, distance_loss=0.28, coord_loss=3.076, RMSD=3.076, prmsd_loss=2.773, ups=0.47, bsz=8, num_updates=10400, lr=2.05902e-05, gnorm=15.841, clip=100, loss_scale=4, train_wall=106.24, gb_free=32.2, wall=148478
2026-06-30 13:39:58 | INFO | train_inner | epoch 004:   1662 / 2931 loss=4.422, train_loss=4.422, cross_distance_loss=0.658, distance_loss=0.307, coord_loss=3.182, RMSD=3.181, prmsd_loss=2.757, ups=0.46, bsz=8, num_updates=10450, lr=2.05357e-05, gnorm=26.574, clip=100, loss_scale=4, train_wall=108.29, gb_free=31.8, wall=148586
2026-06-30 13:41:40 | INFO | train_inner | epoch 004:   1712 / 2931 loss=4.263, train_loss=4.263, cross_distance_loss=0.636, distance_loss=0.32, coord_loss=3.034, RMSD=3.034, prmsd_loss=2.734, ups=0.49, bsz=8, num_updates=10500, lr=2.04813e-05, gnorm=16.47, clip=100, loss_scale=4, train_wall=102.26, gb_free=31.4, wall=148688
2026-06-30 13:41:40 | INFO | unicore_cli.train | begin validation on "valid" subset
2026-06-30 13:41:40 | INFO | unicore.tasks.unicore_task | get EpochBatchIterator for epoch 1
2026-06-30 15:00:45 | INFO | valid | epoch 004 | valid on 'valid' subset | loss 4.289 | valid_loss 4.289 | cross_distance_loss 0.632 | distance_loss 0.228 | coord_loss 3.157 | RMSD 3.156 | prmsd_loss 2.721 | bsz 26010 | num_updates 10500 | best_loss 4.289
2026-06-30 15:00:45 | INFO | unicore.checkpoint_utils | Preparing to save checkpoint for epoch 4 @ 10500 updates
2026-06-30 15:00:45 | INFO | unicore.trainer | Saving checkpoint to ./checkpoint_4_10500.pt
2026-06-30 15:00:49 | INFO | unicore.trainer | Finished saving checkpoint to ./checkpoint_4_10500.pt
2026-06-30 15:00:49 | INFO | unicore.checkpoint_utils | Saved checkpoint ./checkpoint_4_10500.pt (epoch 4 @ 10500 updates, score 4.289) (writing took 4.7857580706477165 seconds)
2026-06-30 15:00:49 | INFO | unicore.checkpoint_utils | copy ./checkpoint_4_10500.pt to /home/bdldt_team007/DLDockingBenchSeminar/run5/checkpoints/checkpoint_4_10500.pt
2026-06-30 15:00:54 | INFO | unicore.checkpoint_utils | copy ./checkpoint_4_10500.pt to /home/bdldt_team007/DLDockingBenchSeminar/run5/checkpoints/checkpoint_best.pt
2026-06-30 15:00:57 | INFO | unicore.checkpoint_utils | copy ./checkpoint_4_10500.pt to /home/bdldt_team007/DLDockingBenchSeminar/run5/checkpoints/checkpoint_last.pt
2026-06-30 15:01:00 | INFO | unicore.checkpoint_utils | removing temp file ./checkpoint_4_10500.pt ...
2026-06-30 15:01:00 | INFO | unicore.checkpoint_utils | finished async ckp saving.
2026-06-30 15:02:26 | INFO | train_inner | epoch 004:   1762 / 2931 loss=4.131, train_loss=4.131, cross_distance_loss=0.643, distance_loss=0.263, coord_loss=2.948, RMSD=2.948, prmsd_loss=2.773, ups=0.01, bsz=8, num_updates=10550, lr=2.04268e-05, gnorm=12.455, clip=100, loss_scale=4, train_wall=96.51, gb_free=30.9, wall=153534
2026-06-30 15:04:09 | INFO | train_inner | epoch 004:   1812 / 2931 loss=4.302, train_loss=4.302, cross_distance_loss=0.645, distance_loss=0.311, coord_loss=3.073, RMSD=3.072, prmsd_loss=2.73, ups=0.49, bsz=8, num_updates=10600, lr=2.03724e-05, gnorm=14.604, clip=100, loss_scale=4, train_wall=102.48, gb_free=31.8, wall=153637
2026-06-30 15:05:53 | INFO | train_inner | epoch 004:   1862 / 2931 loss=4.362, train_loss=4.362, cross_distance_loss=0.648, distance_loss=0.296, coord_loss=3.145, RMSD=3.145, prmsd_loss=2.732, ups=0.48, bsz=8, num_updates=10650, lr=2.03179e-05, gnorm=13.868, clip=100, loss_scale=4, train_wall=104.67, gb_free=27.7, wall=153741
2026-06-30 15:07:43 | INFO | train_inner | epoch 004:   1912 / 2931 loss=4.396, train_loss=4.396, cross_distance_loss=0.655, distance_loss=0.293, coord_loss=3.171, RMSD=3.171, prmsd_loss=2.767, ups=0.46, bsz=8, num_updates=10700, lr=2.02635e-05, gnorm=11.705, clip=100, loss_scale=4, train_wall=109.36, gb_free=28.1, wall=153851
2026-06-30 15:09:25 | INFO | train_inner | epoch 004:   1962 / 2931 loss=4.168, train_loss=4.168, cross_distance_loss=0.617, distance_loss=0.304, coord_loss=2.975, RMSD=2.975, prmsd_loss=2.719, ups=0.49, bsz=8, num_updates=10750, lr=2.02091e-05, gnorm=11.724, clip=100, loss_scale=4, train_wall=102.27, gb_free=29.2, wall=153953
2026-06-30 15:11:12 | INFO | train_inner | epoch 004:   2012 / 2931 loss=4.467, train_loss=4.467, cross_distance_loss=0.639, distance_loss=0.324, coord_loss=3.23, RMSD=3.229, prmsd_loss=2.749, ups=0.47, bsz=8, num_updates=10800, lr=2.01546e-05, gnorm=33.381, clip=100, loss_scale=4, train_wall=106.9, gb_free=30.5, wall=154060
2026-06-30 15:12:59 | INFO | train_inner | epoch 004:   2062 / 2931 loss=4.516, train_loss=4.516, cross_distance_loss=0.652, distance_loss=0.335, coord_loss=3.253, RMSD=3.252, prmsd_loss=2.76, ups=0.47, bsz=8, num_updates=10850, lr=2.01002e-05, gnorm=16.173, clip=100, loss_scale=4, train_wall=106.74, gb_free=30.1, wall=154167
2026-06-30 15:14:35 | INFO | train_inner | epoch 004:   2112 / 2931 loss=4.288, train_loss=4.288, cross_distance_loss=0.641, distance_loss=0.284, coord_loss=3.087, RMSD=3.087, prmsd_loss=2.764, ups=0.52, bsz=8, num_updates=10900, lr=2.00457e-05, gnorm=19.205, clip=100, loss_scale=4, train_wall=96.12, gb_free=31, wall=154263
2026-06-30 15:16:18 | INFO | train_inner | epoch 004:   2162 / 2931 loss=4.412, train_loss=4.412, cross_distance_loss=0.663, distance_loss=0.312, coord_loss=3.16, RMSD=3.16, prmsd_loss=2.775, ups=0.49, bsz=8, num_updates=10950, lr=1.99913e-05, gnorm=13.621, clip=100, loss_scale=4, train_wall=102.7, gb_free=26.7, wall=154366
2026-06-30 15:18:02 | INFO | train_inner | epoch 004:   2212 / 2931 loss=4.358, train_loss=4.358, cross_distance_loss=0.655, distance_loss=0.336, coord_loss=3.094, RMSD=3.093, prmsd_loss=2.731, ups=0.48, bsz=8, num_updates=11000, lr=1.99368e-05, gnorm=14.814, clip=100, loss_scale=4, train_wall=103.49, gb_free=32.5, wall=154470
2026-06-30 15:18:02 | INFO | unicore_cli.train | begin validation on "valid" subset
2026-06-30 15:18:02 | INFO | unicore.tasks.unicore_task | get EpochBatchIterator for epoch 1
2026-06-30 16:31:39 | INFO | valid | epoch 004 | valid on 'valid' subset | loss 4.063 | valid_loss 4.063 | cross_distance_loss 0.631 | distance_loss 0.219 | coord_loss 2.944 | RMSD 2.944 | prmsd_loss 2.685 | bsz 26010 | num_updates 11000 | best_loss 4.063
2026-06-30 16:31:39 | INFO | unicore.checkpoint_utils | Preparing to save checkpoint for epoch 4 @ 11000 updates
2026-06-30 16:31:39 | INFO | unicore.trainer | Saving checkpoint to ./checkpoint_4_11000.pt
2026-06-30 16:31:44 | INFO | unicore.trainer | Finished saving checkpoint to ./checkpoint_4_11000.pt
2026-06-30 16:31:44 | INFO | unicore.checkpoint_utils | Saved checkpoint ./checkpoint_4_11000.pt (epoch 4 @ 11000 updates, score 4.063) (writing took 4.692108193412423 seconds)
2026-06-30 16:31:44 | INFO | unicore.checkpoint_utils | copy ./checkpoint_4_11000.pt to /home/bdldt_team007/DLDockingBenchSeminar/run5/checkpoints/checkpoint_4_11000.pt
2026-06-30 16:31:50 | INFO | unicore.checkpoint_utils | copy ./checkpoint_4_11000.pt to /home/bdldt_team007/DLDockingBenchSeminar/run5/checkpoints/checkpoint_best.pt
2026-06-30 16:31:53 | INFO | unicore.checkpoint_utils | copy ./checkpoint_4_11000.pt to /home/bdldt_team007/DLDockingBenchSeminar/run5/checkpoints/checkpoint_last.pt
2026-06-30 16:31:56 | INFO | unicore.checkpoint_utils | removing temp file ./checkpoint_4_11000.pt ...
2026-06-30 16:31:56 | INFO | unicore.checkpoint_utils | finished async ckp saving.
2026-06-30 16:33:38 | INFO | train_inner | epoch 004:   2262 / 2931 loss=4.245, train_loss=4.245, cross_distance_loss=0.631, distance_loss=0.292, coord_loss=3.048, RMSD=3.048, prmsd_loss=2.736, ups=0.01, bsz=8, num_updates=11050, lr=1.98824e-05, gnorm=12.896, clip=100, loss_scale=4, train_wall=113.46, gb_free=31, wall=159006
2026-06-30 16:35:21 | INFO | train_inner | epoch 004:   2312 / 2931 loss=4.181, train_loss=4.181, cross_distance_loss=0.639, distance_loss=0.289, coord_loss=2.982, RMSD=2.982, prmsd_loss=2.7, ups=0.49, bsz=8, num_updates=11100, lr=1.9828e-05, gnorm=14.568, clip=100, loss_scale=4, train_wall=102.77, gb_free=32.5, wall=159109
2026-06-30 16:37:16 | INFO | train_inner | epoch 004:   2362 / 2931 loss=4.306, train_loss=4.306, cross_distance_loss=0.646, distance_loss=0.29, coord_loss=3.096, RMSD=3.096, prmsd_loss=2.741, ups=0.43, bsz=8, num_updates=11150, lr=1.97735e-05, gnorm=15.067, clip=100, loss_scale=4, train_wall=115.37, gb_free=29.7, wall=159224
2026-06-30 16:39:14 | INFO | train_inner | epoch 004:   2412 / 2931 loss=4.36, train_loss=4.36, cross_distance_loss=0.648, distance_loss=0.305, coord_loss=3.134, RMSD=3.133, prmsd_loss=2.729, ups=0.42, bsz=8, num_updates=11200, lr=1.97191e-05, gnorm=18.032, clip=100, loss_scale=4, train_wall=117.67, gb_free=31.4, wall=159342
2026-06-30 16:41:10 | INFO | train_inner | epoch 004:   2462 / 2931 loss=4.228, train_loss=4.228, cross_distance_loss=0.636, distance_loss=0.273, coord_loss=3.04, RMSD=3.04, prmsd_loss=2.785, ups=0.43, bsz=8, num_updates=11250, lr=1.96646e-05, gnorm=13.059, clip=100, loss_scale=4, train_wall=116.08, gb_free=26.5, wall=159458
2026-06-30 16:43:17 | INFO | train_inner | epoch 004:   2512 / 2931 loss=4.497, train_loss=4.497, cross_distance_loss=0.657, distance_loss=0.344, coord_loss=3.221, RMSD=3.221, prmsd_loss=2.744, ups=0.39, bsz=8, num_updates=11300, lr=1.96102e-05, gnorm=13.581, clip=100, loss_scale=4, train_wall=126.87, gb_free=30.6, wall=159585
2026-06-30 16:44:55 | INFO | train_inner | epoch 004:   2562 / 2931 loss=3.907, train_loss=3.907, cross_distance_loss=0.612, distance_loss=0.27, coord_loss=2.758, RMSD=2.757, prmsd_loss=2.67, ups=0.51, bsz=8, num_updates=11350, lr=1.95557e-05, gnorm=23.995, clip=100, loss_scale=4, train_wall=98.01, gb_free=32.2, wall=159683
2026-06-30 16:46:58 | INFO | train_inner | epoch 004:   2612 / 2931 loss=4.635, train_loss=4.635, cross_distance_loss=0.68, distance_loss=0.412, coord_loss=3.271, RMSD=3.271, prmsd_loss=2.72, ups=0.41, bsz=8, num_updates=11400, lr=1.95013e-05, gnorm=15.187, clip=100, loss_scale=4, train_wall=122.51, gb_free=30.6, wall=159806
2026-06-30 16:48:39 | INFO | train_inner | epoch 004:   2662 / 2931 loss=4.294, train_loss=4.294, cross_distance_loss=0.626, distance_loss=0.333, coord_loss=3.061, RMSD=3.06, prmsd_loss=2.742, ups=0.49, bsz=8, num_updates=11450, lr=1.94469e-05, gnorm=18.686, clip=100, loss_scale=4, train_wall=101.4, gb_free=21.8, wall=159907
2026-06-30 16:50:32 | INFO | train_inner | epoch 004:   2712 / 2931 loss=4.652, train_loss=4.652, cross_distance_loss=0.672, distance_loss=0.35, coord_loss=3.356, RMSD=3.356, prmsd_loss=2.728, ups=0.44, bsz=8, num_updates=11500, lr=1.93924e-05, gnorm=17.701, clip=100, loss_scale=4, train_wall=112.91, gb_free=24.9, wall=160020
2026-06-30 16:50:32 | INFO | unicore_cli.train | begin validation on "valid" subset
2026-06-30 16:50:32 | INFO | unicore.tasks.unicore_task | get EpochBatchIterator for epoch 1
2026-06-30 18:08:07 | INFO | valid | epoch 004 | valid on 'valid' subset | loss 10.514 | valid_loss 10.514 | cross_distance_loss 0.624 | distance_loss 0.214 | coord_loss 9.405 | RMSD 9.371 | prmsd_loss 2.711 | bsz 26010 | num_updates 11500 | best_loss 4.063
2026-06-30 18:08:07 | INFO | unicore.checkpoint_utils | Preparing to save checkpoint for epoch 4 @ 11500 updates
2026-06-30 18:08:07 | INFO | unicore.trainer | Saving checkpoint to ./checkpoint_4_11500.pt
2026-06-30 18:08:11 | INFO | unicore.trainer | Finished saving checkpoint to ./checkpoint_4_11500.pt
2026-06-30 18:08:12 | INFO | unicore.checkpoint_utils | Saved checkpoint ./checkpoint_4_11500.pt (epoch 4 @ 11500 updates, score 10.514) (writing took 4.783305548131466 seconds)
2026-06-30 18:08:12 | INFO | unicore.checkpoint_utils | copy ./checkpoint_4_11500.pt to /home/bdldt_team007/DLDockingBenchSeminar/run5/checkpoints/checkpoint_4_11500.pt
2026-06-30 18:08:17 | INFO | unicore.checkpoint_utils | copy ./checkpoint_4_11500.pt to /home/bdldt_team007/DLDockingBenchSeminar/run5/checkpoints/checkpoint_last.pt
2026-06-30 18:08:19 | INFO | unicore.checkpoint_utils | removing temp file ./checkpoint_4_11500.pt ...
2026-06-30 18:08:20 | INFO | unicore.checkpoint_utils | finished async ckp saving.
2026-06-30 18:10:08 | INFO | train_inner | epoch 004:   2762 / 2931 loss=4.415, train_loss=4.415, cross_distance_loss=0.639, distance_loss=0.321, coord_loss=3.177, RMSD=3.177, prmsd_loss=2.778, ups=0.01, bsz=8, num_updates=11550, lr=1.9338e-05, gnorm=12.717, clip=100, loss_scale=4, train_wall=116.46, gb_free=28.7, wall=164796
2026-06-30 18:11:54 | INFO | train_inner | epoch 004:   2812 / 2931 loss=4.064, train_loss=4.064, cross_distance_loss=0.621, distance_loss=0.245, coord_loss=2.92, RMSD=2.92, prmsd_loss=2.775, ups=0.47, bsz=8, num_updates=11600, lr=1.92835e-05, gnorm=11.577, clip=100, loss_scale=4, train_wall=106.11, gb_free=30.5, wall=164902
2026-06-30 18:13:38 | INFO | train_inner | epoch 004:   2862 / 2931 loss=4.374, train_loss=4.374, cross_distance_loss=0.63, distance_loss=0.343, coord_loss=3.13, RMSD=3.129, prmsd_loss=2.72, ups=0.48, bsz=8, num_updates=11650, lr=1.92291e-05, gnorm=17.039, clip=100, loss_scale=4, train_wall=103.19, gb_free=28.8, wall=165006
2026-06-30 18:15:20 | INFO | train_inner | epoch 004:   2912 / 2931 loss=4.21, train_loss=4.21, cross_distance_loss=0.629, distance_loss=0.292, coord_loss=3.015, RMSD=3.014, prmsd_loss=2.745, ups=0.49, bsz=8, num_updates=11700, lr=1.91747e-05, gnorm=14.528, clip=100, loss_scale=4, train_wall=102.17, gb_free=29.2, wall=165108
2026-06-30 18:16:00 | INFO | unicore_cli.train | begin validation on "valid" subset
2026-06-30 18:16:00 | INFO | unicore.tasks.unicore_task | get EpochBatchIterator for epoch 1
2026-06-30 19:38:34 | INFO | valid | epoch 004 | valid on 'valid' subset | loss 4.03 | valid_loss 4.03 | cross_distance_loss 0.625 | distance_loss 0.214 | coord_loss 2.925 | RMSD 2.925 | prmsd_loss 2.658 | bsz 26010 | num_updates 11719 | best_loss 4.03
2026-06-30 19:38:34 | INFO | unicore.checkpoint_utils | Preparing to save checkpoint for epoch 4 @ 11719 updates
2026-06-30 19:38:34 | INFO | unicore.trainer | Saving checkpoint to ./checkpoint4.pt
2026-06-30 19:38:38 | INFO | unicore.trainer | Finished saving checkpoint to ./checkpoint4.pt
2026-06-30 19:38:38 | INFO | unicore.checkpoint_utils | Saved checkpoint ./checkpoint4.pt (epoch 4 @ 11719 updates, score 4.03) (writing took 4.694711055606604 seconds)
2026-06-30 19:38:38 | INFO | unicore_cli.train | end of epoch 4 (average epoch stats below)
2026-06-30 19:38:38 | INFO | unicore.checkpoint_utils | copy ./checkpoint4.pt to /home/bdldt_team007/DLDockingBenchSeminar/run5/checkpoints/checkpoint4.pt
2026-06-30 19:38:38 | INFO | train | epoch 004 | loss 4.461 | train_loss 4.461 | cross_distance_loss 0.658 | distance_loss 0.313 | coord_loss 3.213 | RMSD 3.212 | prmsd_loss 2.766 | ups 0.07 | bsz 8 | num_updates 11719 | lr 1.9154e-05 | gnorm 16.468 | clip 100 | loss_scale 4 | train_wall 6348.32 | gb_free 32.2 | wall 170106
2026-06-30 19:38:38 | INFO | unicore.tasks.unicore_task | get EpochBatchIterator for epoch 5
2026-06-30 19:38:39 | INFO | unicore.trainer | begin training epoch 5
2026-06-30 19:38:39 | INFO | unicore_cli.train | Start iterating over samples
2026-06-30 19:38:44 | INFO | unicore.checkpoint_utils | copy ./checkpoint4.pt to /home/bdldt_team007/DLDockingBenchSeminar/run5/checkpoints/checkpoint_best.pt
2026-06-30 19:38:46 | INFO | unicore.checkpoint_utils | copy ./checkpoint4.pt to /home/bdldt_team007/DLDockingBenchSeminar/run5/checkpoints/checkpoint_last.pt
2026-06-30 19:38:49 | INFO | unicore.checkpoint_utils | removing temp file ./checkpoint4.pt ...
2026-06-30 19:38:49 | INFO | unicore.checkpoint_utils | finished async ckp saving.
2026-06-30 19:39:54 | INFO | train_inner | epoch 005:     31 / 2931 loss=4.248, train_loss=4.248, cross_distance_loss=0.645, distance_loss=0.293, coord_loss=3.038, RMSD=3.038, prmsd_loss=2.711, ups=0.01, bsz=8, num_updates=11750, lr=1.91202e-05, gnorm=19.74, clip=100, loss_scale=4, train_wall=115.36, gb_free=32.6, wall=170182
2026-06-30 19:41:42 | INFO | train_inner | epoch 005:     81 / 2931 loss=4.091, train_loss=4.091, cross_distance_loss=0.624, distance_loss=0.287, coord_loss=2.911, RMSD=2.911, prmsd_loss=2.691, ups=0.46, bsz=8, num_updates=11800, lr=1.90658e-05, gnorm=13.425, clip=100, loss_scale=4, train_wall=107.66, gb_free=31.4, wall=170290
2026-06-30 19:43:43 | INFO | train_inner | epoch 005:    131 / 2931 loss=4.105, train_loss=4.105, cross_distance_loss=0.62, distance_loss=0.274, coord_loss=2.934, RMSD=2.933, prmsd_loss=2.774, ups=0.41, bsz=8, num_updates=11850, lr=1.90113e-05, gnorm=10.719, clip=100, loss_scale=4, train_wall=120.6, gb_free=32.9, wall=170410
2026-06-30 19:45:18 | INFO | train_inner | epoch 005:    181 / 2931 loss=4.084, train_loss=4.084, cross_distance_loss=0.616, distance_loss=0.278, coord_loss=2.915, RMSD=2.915, prmsd_loss=2.74, ups=0.52, bsz=8, num_updates=11900, lr=1.89569e-05, gnorm=14.281, clip=100, loss_scale=4, train_wall=95.67, gb_free=31, wall=170506
2026-06-30 19:47:07 | INFO | train_inner | epoch 005:    231 / 2931 loss=4.301, train_loss=4.301, cross_distance_loss=0.645, distance_loss=0.303, coord_loss=3.079, RMSD=3.078, prmsd_loss=2.748, ups=0.46, bsz=8, num_updates=11950, lr=1.89024e-05, gnorm=14.191, clip=100, loss_scale=4, train_wall=109.05, gb_free=28.8, wall=170615
2026-06-30 19:48:47 | INFO | train_inner | epoch 005:    281 / 2931 loss=4.192, train_loss=4.192, cross_distance_loss=0.62, distance_loss=0.3, coord_loss=2.995, RMSD=2.994, prmsd_loss=2.763, ups=0.5, bsz=8, num_updates=12000, lr=1.8848e-05, gnorm=14.378, clip=100, loss_scale=4, train_wall=99.57, gb_free=29.2, wall=170715
2026-06-30 19:48:47 | INFO | unicore_cli.train | begin validation on "valid" subset
2026-06-30 19:48:47 | INFO | unicore.tasks.unicore_task | get EpochBatchIterator for epoch 1
2026-06-30 21:01:31 | INFO | valid | epoch 005 | valid on 'valid' subset | loss 4.027 | valid_loss 4.027 | cross_distance_loss 0.631 | distance_loss 0.217 | coord_loss 2.909 | RMSD 2.908 | prmsd_loss 2.706 | bsz 26010 | num_updates 12000 | best_loss 4.027
2026-06-30 21:01:31 | INFO | unicore.checkpoint_utils | Preparing to save checkpoint for epoch 5 @ 12000 updates
2026-06-30 21:01:31 | INFO | unicore.trainer | Saving checkpoint to ./checkpoint_5_12000.pt
2026-06-30 21:01:36 | INFO | unicore.trainer | Finished saving checkpoint to ./checkpoint_5_12000.pt
2026-06-30 21:01:36 | INFO | unicore.checkpoint_utils | Saved checkpoint ./checkpoint_5_12000.pt (epoch 5 @ 12000 updates, score 4.027) (writing took 4.747615547850728 seconds)
2026-06-30 21:01:36 | INFO | unicore.checkpoint_utils | copy ./checkpoint_5_12000.pt to /home/bdldt_team007/DLDockingBenchSeminar/run5/checkpoints/checkpoint_5_12000.pt
2026-06-30 21:01:41 | INFO | unicore.checkpoint_utils | copy ./checkpoint_5_12000.pt to /home/bdldt_team007/DLDockingBenchSeminar/run5/checkpoints/checkpoint_best.pt
2026-06-30 21:01:44 | INFO | unicore.checkpoint_utils | copy ./checkpoint_5_12000.pt to /home/bdldt_team007/DLDockingBenchSeminar/run5/checkpoints/checkpoint_last.pt
2026-06-30 21:01:46 | INFO | unicore.checkpoint_utils | removing temp file ./checkpoint_5_12000.pt ...
2026-06-30 21:01:47 | INFO | unicore.checkpoint_utils | finished async ckp saving.
2026-06-30 21:03:22 | INFO | train_inner | epoch 005:    331 / 2931 loss=4.291, train_loss=4.291, cross_distance_loss=0.618, distance_loss=0.328, coord_loss=3.076, RMSD=3.075, prmsd_loss=2.694, ups=0.01, bsz=8, num_updates=12050, lr=1.87936e-05, gnorm=15.988, clip=100, loss_scale=4, train_wall=105.8, gb_free=31.4, wall=175190
2026-06-30 21:05:02 | INFO | train_inner | epoch 005:    381 / 2931 loss=4.12, train_loss=4.12, cross_distance_loss=0.621, distance_loss=0.279, coord_loss=2.948, RMSD=2.947, prmsd_loss=2.729, ups=0.5, bsz=8, num_updates=12100, lr=1.87391e-05, gnorm=17.919, clip=100, loss_scale=4, train_wall=100.02, gb_free=28.7, wall=175290
2026-06-30 21:06:42 | INFO | train_inner | epoch 005:    431 / 2931 loss=4.001, train_loss=4.001, cross_distance_loss=0.607, distance_loss=0.28, coord_loss=2.844, RMSD=2.844, prmsd_loss=2.704, ups=0.5, bsz=8, num_updates=12150, lr=1.86847e-05, gnorm=14.858, clip=100, loss_scale=4, train_wall=99.75, gb_free=30.9, wall=175390
2026-06-30 21:08:17 | INFO | train_inner | epoch 005:    481 / 2931 loss=4.053, train_loss=4.053, cross_distance_loss=0.614, distance_loss=0.323, coord_loss=2.847, RMSD=2.847, prmsd_loss=2.678, ups=0.53, bsz=8, num_updates=12200, lr=1.86302e-05, gnorm=16.156, clip=100, loss_scale=4, train_wall=94.77, gb_free=28.8, wall=175485
2026-06-30 21:09:52 | INFO | train_inner | epoch 005:    531 / 2931 loss=3.934, train_loss=3.934, cross_distance_loss=0.613, distance_loss=0.28, coord_loss=2.777, RMSD=2.776, prmsd_loss=2.642, ups=0.53, bsz=8, num_updates=12250, lr=1.85758e-05, gnorm=10.787, clip=100, loss_scale=4, train_wall=95.1, gb_free=33.3, wall=175580
2026-06-30 21:11:41 | INFO | train_inner | epoch 005:    581 / 2931 loss=4.171, train_loss=4.171, cross_distance_loss=0.612, distance_loss=0.307, coord_loss=2.982, RMSD=2.982, prmsd_loss=2.686, ups=0.46, bsz=8, num_updates=12300, lr=1.85213e-05, gnorm=16.833, clip=100, loss_scale=4, train_wall=108.67, gb_free=30.1, wall=175689
2026-06-30 21:13:20 | INFO | train_inner | epoch 005:    631 / 2931 loss=3.979, train_loss=3.979, cross_distance_loss=0.597, distance_loss=0.281, coord_loss=2.834, RMSD=2.833, prmsd_loss=2.663, ups=0.5, bsz=8, num_updates=12350, lr=1.84669e-05, gnorm=31.985, clip=100, loss_scale=4, train_wall=99.15, gb_free=31.8, wall=175788
2026-06-30 21:15:05 | INFO | train_inner | epoch 005:    681 / 2931 loss=4.181, train_loss=4.181, cross_distance_loss=0.618, distance_loss=0.288, coord_loss=3.004, RMSD=3.003, prmsd_loss=2.711, ups=0.47, bsz=8, num_updates=12400, lr=1.84125e-05, gnorm=21.583, clip=100, loss_scale=4, train_wall=105.42, gb_free=25.5, wall=175893
2026-06-30 21:16:50 | INFO | train_inner | epoch 005:    731 / 2931 loss=4.017, train_loss=4.017, cross_distance_loss=0.628, distance_loss=0.278, coord_loss=2.838, RMSD=2.837, prmsd_loss=2.743, ups=0.48, bsz=8, num_updates=12450, lr=1.8358e-05, gnorm=21.184, clip=100, loss_scale=4, train_wall=104.01, gb_free=32.9, wall=175998
2026-06-30 21:18:34 | INFO | train_inner | epoch 005:    781 / 2931 loss=4.142, train_loss=4.142, cross_distance_loss=0.625, distance_loss=0.292, coord_loss=2.955, RMSD=2.954, prmsd_loss=2.699, ups=0.48, bsz=8, num_updates=12500, lr=1.83036e-05, gnorm=23.571, clip=100, loss_scale=4, train_wall=104.43, gb_free=31.8, wall=176102
2026-06-30 21:18:34 | INFO | unicore_cli.train | begin validation on "valid" subset
2026-06-30 21:18:34 | INFO | unicore.tasks.unicore_task | get EpochBatchIterator for epoch 1
2026-06-30 22:38:00 | INFO | valid | epoch 005 | valid on 'valid' subset | loss 3.877 | valid_loss 3.877 | cross_distance_loss 0.597 | distance_loss 0.208 | coord_loss 2.81 | RMSD 2.809 | prmsd_loss 2.617 | bsz 26010 | num_updates 12500 | best_loss 3.877
2026-06-30 22:38:00 | INFO | unicore.checkpoint_utils | Preparing to save checkpoint for epoch 5 @ 12500 updates
2026-06-30 22:38:00 | INFO | unicore.trainer | Saving checkpoint to ./checkpoint_5_12500.pt
2026-06-30 22:38:05 | INFO | unicore.trainer | Finished saving checkpoint to ./checkpoint_5_12500.pt
2026-06-30 22:38:05 | INFO | unicore.checkpoint_utils | Saved checkpoint ./checkpoint_5_12500.pt (epoch 5 @ 12500 updates, score 3.877) (writing took 4.549990316852927 seconds)
2026-06-30 22:38:05 | INFO | unicore.checkpoint_utils | copy ./checkpoint_5_12500.pt to /home/bdldt_team007/DLDockingBenchSeminar/run5/checkpoints/checkpoint_5_12500.pt
2026-06-30 22:38:10 | INFO | unicore.checkpoint_utils | copy ./checkpoint_5_12500.pt to /home/bdldt_team007/DLDockingBenchSeminar/run5/checkpoints/checkpoint_best.pt
2026-06-30 22:38:13 | INFO | unicore.checkpoint_utils | copy ./checkpoint_5_12500.pt to /home/bdldt_team007/DLDockingBenchSeminar/run5/checkpoints/checkpoint_last.pt
2026-06-30 22:38:16 | INFO | unicore.checkpoint_utils | removing temp file ./checkpoint_5_12500.pt ...
2026-06-30 22:38:16 | INFO | unicore.checkpoint_utils | finished async ckp saving.
2026-06-30 22:39:55 | INFO | train_inner | epoch 005:    831 / 2931 loss=3.905, train_loss=3.905, cross_distance_loss=0.606, distance_loss=0.29, coord_loss=2.744, RMSD=2.744, prmsd_loss=2.646, ups=0.01, bsz=8, num_updates=12550, lr=1.82491e-05, gnorm=16.663, clip=100, loss_scale=4, train_wall=110.43, gb_free=32.5, wall=180983
2026-06-30 22:41:38 | INFO | train_inner | epoch 005:    881 / 2931 loss=4.353, train_loss=4.353, cross_distance_loss=0.641, distance_loss=0.311, coord_loss=3.132, RMSD=3.131, prmsd_loss=2.696, ups=0.49, bsz=8, num_updates=12600, lr=1.81947e-05, gnorm=17.744, clip=100, loss_scale=4, train_wall=102.58, gb_free=30.1, wall=181086
2026-06-30 22:43:15 | INFO | train_inner | epoch 005:    931 / 2931 loss=3.99, train_loss=3.99, cross_distance_loss=0.6, distance_loss=0.241, coord_loss=2.878, RMSD=2.877, prmsd_loss=2.703, ups=0.51, bsz=8, num_updates=12650, lr=1.81402e-05, gnorm=19.881, clip=100, loss_scale=4, train_wall=97.25, gb_free=31, wall=181183
2026-06-30 22:45:04 | INFO | train_inner | epoch 005:    981 / 2931 loss=4.148, train_loss=4.148, cross_distance_loss=0.623, distance_loss=0.308, coord_loss=2.947, RMSD=2.946, prmsd_loss=2.706, ups=0.46, bsz=8, num_updates=12700, lr=1.80858e-05, gnorm=13.763, clip=100, loss_scale=4, train_wall=108.7, gb_free=29.7, wall=181292
2026-06-30 22:46:51 | INFO | train_inner | epoch 005:   1031 / 2931 loss=3.917, train_loss=3.917, cross_distance_loss=0.613, distance_loss=0.298, coord_loss=2.742, RMSD=2.739, prmsd_loss=2.651, ups=0.47, bsz=8, num_updates=12750, lr=1.80314e-05, gnorm=32.865, clip=100, loss_scale=4, train_wall=106.17, gb_free=30.9, wall=181399
2026-06-30 22:48:38 | INFO | train_inner | epoch 005:   1081 / 2931 loss=4.172, train_loss=4.172, cross_distance_loss=0.621, distance_loss=0.334, coord_loss=2.949, RMSD=2.948, prmsd_loss=2.681, ups=0.47, bsz=8, num_updates=12800, lr=1.79769e-05, gnorm=25.501, clip=100, loss_scale=4, train_wall=107.19, gb_free=32.2, wall=181506
2026-06-30 22:50:30 | INFO | train_inner | epoch 005:   1131 / 2931 loss=4.289, train_loss=4.289, cross_distance_loss=0.636, distance_loss=0.342, coord_loss=3.042, RMSD=3.041, prmsd_loss=2.695, ups=0.44, bsz=8, num_updates=12850, lr=1.79225e-05, gnorm=16.434, clip=100, loss_scale=4, train_wall=112.28, gb_free=28.7, wall=181618
2026-06-30 22:52:24 | INFO | train_inner | epoch 005:   1181 / 2931 loss=4.074, train_loss=4.074, cross_distance_loss=0.606, distance_loss=0.303, coord_loss=2.899, RMSD=2.895, prmsd_loss=2.665, ups=0.44, bsz=8, num_updates=12900, lr=1.7868e-05, gnorm=15.489, clip=100, loss_scale=4, train_wall=113.95, gb_free=33.6, wall=181732
2026-06-30 22:54:10 | INFO | train_inner | epoch 005:   1231 / 2931 loss=4.088, train_loss=4.088, cross_distance_loss=0.617, distance_loss=0.293, coord_loss=2.909, RMSD=2.909, prmsd_loss=2.691, ups=0.47, bsz=8, num_updates=12950, lr=1.78136e-05, gnorm=16.449, clip=100, loss_scale=4, train_wall=105.59, gb_free=30.5, wall=181838
2026-06-30 22:55:50 | INFO | train_inner | epoch 005:   1281 / 2931 loss=4.145, train_loss=4.145, cross_distance_loss=0.613, distance_loss=0.274, coord_loss=2.987, RMSD=2.986, prmsd_loss=2.712, ups=0.5, bsz=8, num_updates=13000, lr=1.77591e-05, gnorm=13.229, clip=100, loss_scale=4, train_wall=99.75, gb_free=29.7, wall=181938
2026-06-30 22:55:50 | INFO | unicore_cli.train | begin validation on "valid" subset
2026-06-30 22:55:50 | INFO | unicore.tasks.unicore_task | get EpochBatchIterator for epoch 1
2026-07-01 00:13:34 | INFO | valid | epoch 005 | valid on 'valid' subset | loss 3.94 | valid_loss 3.94 | cross_distance_loss 0.594 | distance_loss 0.207 | coord_loss 2.87 | RMSD 2.87 | prmsd_loss 2.688 | bsz 26010 | num_updates 13000 | best_loss 3.877
2026-07-01 00:13:34 | INFO | unicore.checkpoint_utils | Preparing to save checkpoint for epoch 5 @ 13000 updates
2026-07-01 00:13:34 | INFO | unicore.trainer | Saving checkpoint to ./checkpoint_5_13000.pt
2026-07-01 00:13:38 | INFO | unicore.trainer | Finished saving checkpoint to ./checkpoint_5_13000.pt
2026-07-01 00:13:38 | INFO | unicore.checkpoint_utils | Saved checkpoint ./checkpoint_5_13000.pt (epoch 5 @ 13000 updates, score 3.94) (writing took 4.608380502089858 seconds)
2026-07-01 00:13:38 | INFO | unicore.checkpoint_utils | copy ./checkpoint_5_13000.pt to /home/bdldt_team007/DLDockingBenchSeminar/run5/checkpoints/checkpoint_5_13000.pt
2026-07-01 00:13:43 | INFO | unicore.checkpoint_utils | copy ./checkpoint_5_13000.pt to /home/bdldt_team007/DLDockingBenchSeminar/run5/checkpoints/checkpoint_last.pt
2026-07-01 00:13:46 | INFO | unicore.checkpoint_utils | removing temp file ./checkpoint_5_13000.pt ...
2026-07-01 00:13:46 | INFO | unicore.checkpoint_utils | finished async ckp saving.
2026-07-01 00:15:14 | INFO | train_inner | epoch 005:   1331 / 2931 loss=3.917, train_loss=3.917, cross_distance_loss=0.596, distance_loss=0.257, coord_loss=2.794, RMSD=2.794, prmsd_loss=2.701, ups=0.01, bsz=8, num_updates=13050, lr=1.77047e-05, gnorm=16.952, clip=100, loss_scale=4, train_wall=95.46, gb_free=32.9, wall=186702
2026-07-01 00:17:01 | INFO | train_inner | epoch 005:   1381 / 2931 loss=3.977, train_loss=3.977, cross_distance_loss=0.593, distance_loss=0.298, coord_loss=2.823, RMSD=2.822, prmsd_loss=2.63, ups=0.47, bsz=8, num_updates=13100, lr=1.76503e-05, gnorm=13.746, clip=100, loss_scale=4, train_wall=106.96, gb_free=33.6, wall=186809
2026-07-01 00:18:44 | INFO | train_inner | epoch 005:   1431 / 2931 loss=3.8, train_loss=3.8, cross_distance_loss=0.591, distance_loss=0.27, coord_loss=2.673, RMSD=2.673, prmsd_loss=2.658, ups=0.49, bsz=8, num_updates=13150, lr=1.75958e-05, gnorm=26.822, clip=100, loss_scale=4, train_wall=102.36, gb_free=31.4, wall=186911
2026-07-01 00:20:33 | INFO | train_inner | epoch 005:   1481 / 2931 loss=4.127, train_loss=4.127, cross_distance_loss=0.629, distance_loss=0.315, coord_loss=2.92, RMSD=2.918, prmsd_loss=2.637, ups=0.46, bsz=8, num_updates=13200, lr=1.75414e-05, gnorm=13.923, clip=100, loss_scale=4, train_wall=109.59, gb_free=31.4, wall=187021
2026-07-01 00:22:13 | INFO | train_inner | epoch 005:   1531 / 2931 loss=3.888, train_loss=3.888, cross_distance_loss=0.594, distance_loss=0.303, coord_loss=2.726, RMSD=2.726, prmsd_loss=2.654, ups=0.5, bsz=8, num_updates=13250, lr=1.74869e-05, gnorm=11.894, clip=100, loss_scale=4, train_wall=99.96, gb_free=30.1, wall=187121
2026-07-01 00:23:59 | INFO | train_inner | epoch 005:   1581 / 2931 loss=3.985, train_loss=3.985, cross_distance_loss=0.603, distance_loss=0.289, coord_loss=2.829, RMSD=2.828, prmsd_loss=2.642, ups=0.47, bsz=8, num_updates=13300, lr=1.74325e-05, gnorm=16.017, clip=100, loss_scale=4, train_wall=105.68, gb_free=32.2, wall=187227
2026-07-01 00:25:35 | INFO | train_inner | epoch 005:   1631 / 2931 loss=3.972, train_loss=3.972, cross_distance_loss=0.603, distance_loss=0.31, coord_loss=2.793, RMSD=2.792, prmsd_loss=2.665, ups=0.52, bsz=8, num_updates=13350, lr=1.7378e-05, gnorm=16.056, clip=100, loss_scale=4, train_wall=95.49, gb_free=30.1, wall=187323
2026-07-01 00:27:23 | INFO | train_inner | epoch 005:   1681 / 2931 loss=3.809, train_loss=3.809, cross_distance_loss=0.586, distance_loss=0.286, coord_loss=2.675, RMSD=2.674, prmsd_loss=2.626, ups=0.46, bsz=8, num_updates=13400, lr=1.73236e-05, gnorm=14.855, clip=100, loss_scale=4, train_wall=108.37, gb_free=31, wall=187431
2026-07-01 00:29:08 | INFO | train_inner | epoch 005:   1731 / 2931 loss=3.84, train_loss=3.84, cross_distance_loss=0.595, distance_loss=0.255, coord_loss=2.725, RMSD=2.725, prmsd_loss=2.655, ups=0.48, bsz=8, num_updates=13450, lr=1.72692e-05, gnorm=18.498, clip=100, loss_scale=4, train_wall=104.43, gb_free=31.8, wall=187536
2026-07-01 00:30:59 | INFO | train_inner | epoch 005:   1781 / 2931 loss=3.939, train_loss=3.939, cross_distance_loss=0.622, distance_loss=0.318, coord_loss=2.734, RMSD=2.734, prmsd_loss=2.649, ups=0.45, bsz=8, num_updates=13500, lr=1.72147e-05, gnorm=16.997, clip=100, loss_scale=4, train_wall=110.73, gb_free=29.3, wall=187647
2026-07-01 00:30:59 | INFO | unicore_cli.train | begin validation on "valid" subset
2026-07-01 00:30:59 | INFO | unicore.tasks.unicore_task | get EpochBatchIterator for epoch 1
2026-07-01 01:47:18 | INFO | valid | epoch 005 | valid on 'valid' subset | loss 3.771 | valid_loss 3.771 | cross_distance_loss 0.601 | distance_loss 0.206 | coord_loss 2.706 | RMSD 2.705 | prmsd_loss 2.59 | bsz 26010 | num_updates 13500 | best_loss 3.771
2026-07-01 01:47:18 | INFO | unicore.checkpoint_utils | Preparing to save checkpoint for epoch 5 @ 13500 updates
2026-07-01 01:47:18 | INFO | unicore.trainer | Saving checkpoint to ./checkpoint_5_13500.pt
2026-07-01 01:47:23 | INFO | unicore.trainer | Finished saving checkpoint to ./checkpoint_5_13500.pt
2026-07-01 01:47:23 | INFO | unicore.checkpoint_utils | Saved checkpoint ./checkpoint_5_13500.pt (epoch 5 @ 13500 updates, score 3.771) (writing took 4.471026672050357 seconds)
2026-07-01 01:47:23 | INFO | unicore.checkpoint_utils | copy ./checkpoint_5_13500.pt to /home/bdldt_team007/DLDockingBenchSeminar/run5/checkpoints/checkpoint_5_13500.pt
2026-07-01 01:47:28 | INFO | unicore.checkpoint_utils | copy ./checkpoint_5_13500.pt to /home/bdldt_team007/DLDockingBenchSeminar/run5/checkpoints/checkpoint_best.pt
2026-07-01 01:47:31 | INFO | unicore.checkpoint_utils | copy ./checkpoint_5_13500.pt to /home/bdldt_team007/DLDockingBenchSeminar/run5/checkpoints/checkpoint_last.pt
2026-07-01 01:47:33 | INFO | unicore.checkpoint_utils | removing temp file ./checkpoint_5_13500.pt ...
2026-07-01 01:47:34 | INFO | unicore.checkpoint_utils | finished async ckp saving.
2026-07-01 01:49:06 | INFO | train_inner | epoch 005:   1831 / 2931 loss=3.863, train_loss=3.863, cross_distance_loss=0.585, distance_loss=0.266, coord_loss=2.747, RMSD=2.746, prmsd_loss=2.665, ups=0.01, bsz=8, num_updates=13550, lr=1.71603e-05, gnorm=15.345, clip=100, loss_scale=4, train_wall=102.75, gb_free=31.8, wall=192334
2026-07-01 01:50:56 | INFO | train_inner | epoch 005:   1881 / 2931 loss=3.619, train_loss=3.619, cross_distance_loss=0.586, distance_loss=0.273, coord_loss=2.499, RMSD=2.498, prmsd_loss=2.619, ups=0.45, bsz=8, num_updates=13600, lr=1.71058e-05, gnorm=14.546, clip=100, loss_scale=4, train_wall=110, gb_free=31.8, wall=192444
2026-07-01 01:52:48 | INFO | train_inner | epoch 005:   1931 / 2931 loss=3.964, train_loss=3.964, cross_distance_loss=0.623, distance_loss=0.304, coord_loss=2.775, RMSD=2.775, prmsd_loss=2.613, ups=0.44, bsz=8, num_updates=13650, lr=1.70514e-05, gnorm=16.235, clip=100, loss_scale=4, train_wall=112.36, gb_free=32.5, wall=192556
2026-07-01 01:54:41 | INFO | train_inner | epoch 005:   1981 / 2931 loss=3.812, train_loss=3.812, cross_distance_loss=0.607, distance_loss=0.309, coord_loss=2.631, RMSD=2.631, prmsd_loss=2.648, ups=0.44, bsz=8, num_updates=13700, lr=1.6997e-05, gnorm=14.364, clip=100, loss_scale=4, train_wall=112.54, gb_free=31.8, wall=192669
2026-07-01 01:56:27 | INFO | train_inner | epoch 005:   2031 / 2931 loss=3.636, train_loss=3.636, cross_distance_loss=0.578, distance_loss=0.283, coord_loss=2.515, RMSD=2.515, prmsd_loss=2.599, ups=0.47, bsz=8, num_updates=13750, lr=1.69425e-05, gnorm=15.613, clip=100, loss_scale=4, train_wall=105.84, gb_free=32.2, wall=192775
2026-07-01 01:58:24 | INFO | train_inner | epoch 005:   2081 / 2931 loss=4.1, train_loss=4.1, cross_distance_loss=0.614, distance_loss=0.299, coord_loss=2.922, RMSD=2.921, prmsd_loss=2.662, ups=0.43, bsz=8, num_updates=13800, lr=1.68881e-05, gnorm=18.079, clip=100, loss_scale=4, train_wall=116.51, gb_free=32.2, wall=192892
2026-07-01 01:59:59 | INFO | train_inner | epoch 005:   2131 / 2931 loss=3.702, train_loss=3.702, cross_distance_loss=0.588, distance_loss=0.25, coord_loss=2.601, RMSD=2.6, prmsd_loss=2.627, ups=0.52, bsz=8, num_updates=13850, lr=1.68336e-05, gnorm=14.39, clip=100, loss_scale=4, train_wall=95.39, gb_free=29.2, wall=192987
2026-07-01 02:01:45 | INFO | train_inner | epoch 005:   2181 / 2931 loss=3.944, train_loss=3.944, cross_distance_loss=0.601, distance_loss=0.296, coord_loss=2.79, RMSD=2.789, prmsd_loss=2.577, ups=0.47, bsz=8, num_updates=13900, lr=1.67792e-05, gnorm=15.595, clip=100, loss_scale=4, train_wall=105.69, gb_free=30.2, wall=193093
2026-07-01 02:03:24 | INFO | train_inner | epoch 005:   2231 / 2931 loss=3.843, train_loss=3.843, cross_distance_loss=0.584, distance_loss=0.271, coord_loss=2.732, RMSD=2.731, prmsd_loss=2.574, ups=0.51, bsz=8, num_updates=13950, lr=1.67247e-05, gnorm=17.75, clip=100, loss_scale=4, train_wall=98.65, gb_free=32.5, wall=193192
2026-07-01 02:05:11 | INFO | train_inner | epoch 005:   2281 / 2931 loss=3.79, train_loss=3.79, cross_distance_loss=0.591, distance_loss=0.302, coord_loss=2.639, RMSD=2.638, prmsd_loss=2.581, ups=0.47, bsz=8, num_updates=14000, lr=1.66703e-05, gnorm=15.753, clip=100, loss_scale=4, train_wall=107.18, gb_free=25.5, wall=193299
2026-07-01 02:05:11 | INFO | unicore_cli.train | begin validation on "valid" subset
2026-07-01 02:05:11 | INFO | unicore.tasks.unicore_task | get EpochBatchIterator for epoch 1
2026-07-01 03:22:54 | INFO | valid | epoch 005 | valid on 'valid' subset | loss 3.623 | valid_loss 3.623 | cross_distance_loss 0.582 | distance_loss 0.209 | coord_loss 2.573 | RMSD 2.573 | prmsd_loss 2.593 | bsz 26010 | num_updates 14000 | best_loss 3.623
2026-07-01 03:22:54 | INFO | unicore.checkpoint_utils | Preparing to save checkpoint for epoch 5 @ 14000 updates
2026-07-01 03:22:54 | INFO | unicore.trainer | Saving checkpoint to ./checkpoint_5_14000.pt
2026-07-01 03:22:58 | INFO | unicore.trainer | Finished saving checkpoint to ./checkpoint_5_14000.pt
2026-07-01 03:22:59 | INFO | unicore.checkpoint_utils | Saved checkpoint ./checkpoint_5_14000.pt (epoch 5 @ 14000 updates, score 3.623) (writing took 4.715182613581419 seconds)
2026-07-01 03:22:59 | INFO | unicore.checkpoint_utils | copy ./checkpoint_5_14000.pt to /home/bdldt_team007/DLDockingBenchSeminar/run5/checkpoints/checkpoint_5_14000.pt
2026-07-01 03:23:03 | INFO | unicore.checkpoint_utils | copy ./checkpoint_5_14000.pt to /home/bdldt_team007/DLDockingBenchSeminar/run5/checkpoints/checkpoint_best.pt
2026-07-01 03:23:06 | INFO | unicore.checkpoint_utils | copy ./checkpoint_5_14000.pt to /home/bdldt_team007/DLDockingBenchSeminar/run5/checkpoints/checkpoint_last.pt
2026-07-01 03:23:08 | INFO | unicore.checkpoint_utils | removing temp file ./checkpoint_5_14000.pt ...
2026-07-01 03:23:09 | INFO | unicore.checkpoint_utils | finished async ckp saving.
2026-07-01 03:24:54 | INFO | train_inner | epoch 005:   2331 / 2931 loss=3.938, train_loss=3.938, cross_distance_loss=0.605, distance_loss=0.322, coord_loss=2.751, RMSD=2.751, prmsd_loss=2.597, ups=0.01, bsz=8, num_updates=14050, lr=1.66159e-05, gnorm=14.236, clip=100, loss_scale=4, train_wall=114.9, gb_free=27.7, wall=198081
2026-07-01 03:26:25 | INFO | train_inner | epoch 005:   2381 / 2931 loss=3.812, train_loss=3.812, cross_distance_loss=0.591, distance_loss=0.284, coord_loss=2.676, RMSD=2.676, prmsd_loss=2.611, ups=0.54, bsz=8, num_updates=14100, lr=1.65614e-05, gnorm=21.019, clip=100, loss_scale=4, train_wall=91.65, gb_free=32.9, wall=198173
2026-07-01 03:28:09 | INFO | train_inner | epoch 005:   2431 / 2931 loss=3.944, train_loss=3.944, cross_distance_loss=0.613, distance_loss=0.303, coord_loss=2.767, RMSD=2.767, prmsd_loss=2.611, ups=0.48, bsz=8, num_updates=14150, lr=1.6507e-05, gnorm=11.755, clip=100, loss_scale=4, train_wall=103.19, gb_free=32.9, wall=198277
2026-07-01 03:29:50 | INFO | train_inner | epoch 005:   2481 / 2931 loss=3.817, train_loss=3.817, cross_distance_loss=0.59, distance_loss=0.277, coord_loss=2.685, RMSD=2.684, prmsd_loss=2.649, ups=0.49, bsz=8, num_updates=14200, lr=1.64525e-05, gnorm=16.489, clip=100, loss_scale=4, train_wall=101.39, gb_free=31.8, wall=198378
2026-07-01 03:31:44 | INFO | train_inner | epoch 005:   2531 / 2931 loss=3.783, train_loss=3.783, cross_distance_loss=0.593, distance_loss=0.272, coord_loss=2.66, RMSD=2.659, prmsd_loss=2.592, ups=0.44, bsz=8, num_updates=14250, lr=1.63981e-05, gnorm=14.388, clip=100, loss_scale=4, train_wall=113.42, gb_free=31, wall=198492
2026-07-01 03:33:30 | INFO | train_inner | epoch 005:   2581 / 2931 loss=3.788, train_loss=3.788, cross_distance_loss=0.588, distance_loss=0.276, coord_loss=2.665, RMSD=2.665, prmsd_loss=2.599, ups=0.47, bsz=8, num_updates=14300, lr=1.63436e-05, gnorm=16.236, clip=100, loss_scale=4, train_wall=106.13, gb_free=27.7, wall=198598
2026-07-01 03:35:11 | INFO | train_inner | epoch 005:   2631 / 2931 loss=3.671, train_loss=3.671, cross_distance_loss=0.576, distance_loss=0.254, coord_loss=2.581, RMSD=2.58, prmsd_loss=2.606, ups=0.5, bsz=8, num_updates=14350, lr=1.62892e-05, gnorm=21.191, clip=100, loss_scale=4, train_wall=100.59, gb_free=30.5, wall=198699
2026-07-01 03:36:51 | INFO | train_inner | epoch 005:   2681 / 2931 loss=3.682, train_loss=3.682, cross_distance_loss=0.585, distance_loss=0.273, coord_loss=2.562, RMSD=2.562, prmsd_loss=2.617, ups=0.5, bsz=8, num_updates=14400, lr=1.62348e-05, gnorm=12.241, clip=100, loss_scale=4, train_wall=100.2, gb_free=32.9, wall=198799
2026-07-01 03:38:42 | INFO | train_inner | epoch 005:   2731 / 2931 loss=3.95, train_loss=3.95, cross_distance_loss=0.601, distance_loss=0.303, coord_loss=2.784, RMSD=2.784, prmsd_loss=2.617, ups=0.45, bsz=8, num_updates=14450, lr=1.61803e-05, gnorm=18.185, clip=100, loss_scale=4, train_wall=110.84, gb_free=32.8, wall=198910
2026-07-01 03:40:29 | INFO | train_inner | epoch 005:   2781 / 2931 loss=3.695, train_loss=3.695, cross_distance_loss=0.572, distance_loss=0.284, coord_loss=2.58, RMSD=2.579, prmsd_loss=2.587, ups=0.47, bsz=8, num_updates=14500, lr=1.61259e-05, gnorm=16.194, clip=100, loss_scale=4, train_wall=107.33, gb_free=32.5, wall=199017
2026-07-01 03:40:29 | INFO | unicore_cli.train | begin validation on "valid" subset
2026-07-01 03:40:29 | INFO | unicore.tasks.unicore_task | get EpochBatchIterator for epoch 1
2026-07-01 04:53:58 | INFO | valid | epoch 005 | valid on 'valid' subset | loss 3.56 | valid_loss 3.56 | cross_distance_loss 0.565 | distance_loss 0.201 | coord_loss 2.543 | RMSD 2.542 | prmsd_loss 2.513 | bsz 26010 | num_updates 14500 | best_loss 3.56
2026-07-01 04:53:58 | INFO | unicore.checkpoint_utils | Preparing to save checkpoint for epoch 5 @ 14500 updates
2026-07-01 04:53:58 | INFO | unicore.trainer | Saving checkpoint to ./checkpoint_5_14500.pt
2026-07-01 04:54:03 | INFO | unicore.trainer | Finished saving checkpoint to ./checkpoint_5_14500.pt
2026-07-01 04:54:03 | INFO | unicore.checkpoint_utils | Saved checkpoint ./checkpoint_5_14500.pt (epoch 5 @ 14500 updates, score 3.56) (writing took 4.581206323578954 seconds)
2026-07-01 04:54:03 | INFO | unicore.checkpoint_utils | copy ./checkpoint_5_14500.pt to /home/bdldt_team007/DLDockingBenchSeminar/run5/checkpoints/checkpoint_5_14500.pt
2026-07-01 04:54:08 | INFO | unicore.checkpoint_utils | copy ./checkpoint_5_14500.pt to /home/bdldt_team007/DLDockingBenchSeminar/run5/checkpoints/checkpoint_best.pt
2026-07-01 04:54:11 | INFO | unicore.checkpoint_utils | copy ./checkpoint_5_14500.pt to /home/bdldt_team007/DLDockingBenchSeminar/run5/checkpoints/checkpoint_last.pt
2026-07-01 04:54:13 | INFO | unicore.checkpoint_utils | removing temp file ./checkpoint_5_14500.pt ...
2026-07-01 04:54:13 | INFO | unicore.checkpoint_utils | finished async ckp saving.
2026-07-01 04:55:50 | INFO | train_inner | epoch 005:   2831 / 2931 loss=3.676, train_loss=3.676, cross_distance_loss=0.591, distance_loss=0.267, coord_loss=2.558, RMSD=2.557, prmsd_loss=2.612, ups=0.01, bsz=8, num_updates=14550, lr=1.60714e-05, gnorm=13.109, clip=100, loss_scale=4, train_wall=106.58, gb_free=32.2, wall=203538
2026-07-01 04:57:37 | INFO | train_inner | epoch 005:   2881 / 2931 loss=3.881, train_loss=3.881, cross_distance_loss=0.612, distance_loss=0.315, coord_loss=2.697, RMSD=2.697, prmsd_loss=2.566, ups=0.47, bsz=8, num_updates=14600, lr=1.6017e-05, gnorm=16.503, clip=100, loss_scale=4, train_wall=107.13, gb_free=31.4, wall=203645
2026-07-01 04:59:21 | INFO | train_inner | epoch 005:   2931 / 2931 loss=3.563, train_loss=3.563, cross_distance_loss=0.573, distance_loss=0.32, coord_loss=2.414, RMSD=2.414, prmsd_loss=2.56, ups=0.48, bsz=8, num_updates=14650, lr=1.59625e-05, gnorm=15.129, clip=100, loss_scale=4, train_wall=104.34, gb_free=31.4, wall=203749
2026-07-01 04:59:21 | INFO | unicore_cli.train | begin validation on "valid" subset
2026-07-01 04:59:21 | INFO | unicore.tasks.unicore_task | get EpochBatchIterator for epoch 1
2026-07-01 06:27:06 | INFO | valid | epoch 005 | valid on 'valid' subset | loss 3.622 | valid_loss 3.622 | cross_distance_loss 0.571 | distance_loss 0.207 | coord_loss 2.591 | RMSD 2.59 | prmsd_loss 2.522 | bsz 26010 | num_updates 14650 | best_loss 3.56
2026-07-01 06:27:06 | INFO | unicore.checkpoint_utils | Preparing to save checkpoint for epoch 5 @ 14650 updates
2026-07-01 06:27:06 | INFO | unicore.trainer | Saving checkpoint to ./checkpoint5.pt
2026-07-01 06:27:11 | INFO | unicore.trainer | Finished saving checkpoint to ./checkpoint5.pt
2026-07-01 06:27:11 | INFO | unicore.checkpoint_utils | Saved checkpoint ./checkpoint5.pt (epoch 5 @ 14650 updates, score 3.622) (writing took 4.836236134171486 seconds)
2026-07-01 06:27:11 | INFO | unicore_cli.train | end of epoch 5 (average epoch stats below)
2026-07-01 06:27:11 | INFO | unicore.checkpoint_utils | copy ./checkpoint5.pt to /home/bdldt_team007/DLDockingBenchSeminar/run5/checkpoints/checkpoint5.pt
2026-07-01 06:27:11 | INFO | train | epoch 005 | loss 3.959 | train_loss 3.959 | cross_distance_loss 0.606 | distance_loss 0.291 | coord_loss 2.797 | RMSD 2.796 | prmsd_loss 2.656 | ups 0.08 | bsz 8 | num_updates 14650 | lr 1.59625e-05 | gnorm 16.805 | clip 100 | loss_scale 4 | train_wall 6162.32 | gb_free 31.4 | wall 209019
2026-07-01 06:27:11 | INFO | unicore.tasks.unicore_task | get EpochBatchIterator for epoch 6
2026-07-01 06:27:11 | INFO | unicore.trainer | begin training epoch 6
2026-07-01 06:27:11 | INFO | unicore_cli.train | Start iterating over samples
2026-07-01 06:27:16 | INFO | unicore.checkpoint_utils | copy ./checkpoint5.pt to /home/bdldt_team007/DLDockingBenchSeminar/run5/checkpoints/checkpoint_last.pt
2026-07-01 06:27:18 | INFO | unicore.checkpoint_utils | removing temp file ./checkpoint5.pt ...
2026-07-01 06:27:19 | INFO | unicore.checkpoint_utils | finished async ckp saving.
2026-07-01 06:29:06 | INFO | train_inner | epoch 006:     50 / 2931 loss=3.722, train_loss=3.722, cross_distance_loss=0.582, distance_loss=0.301, coord_loss=2.584, RMSD=2.583, prmsd_loss=2.555, ups=0.01, bsz=8, num_updates=14700, lr=1.59081e-05, gnorm=12.55, clip=100, loss_scale=4, train_wall=115.17, gb_free=25, wall=209134
2026-07-01 06:30:46 | INFO | train_inner | epoch 006:    100 / 2931 loss=3.619, train_loss=3.619, cross_distance_loss=0.559, distance_loss=0.284, coord_loss=2.524, RMSD=2.523, prmsd_loss=2.508, ups=0.5, bsz=8, num_updates=14750, lr=1.58537e-05, gnorm=15.374, clip=100, loss_scale=4, train_wall=99.35, gb_free=28.1, wall=209234
2026-07-01 06:32:30 | INFO | train_inner | epoch 006:    150 / 2931 loss=3.573, train_loss=3.573, cross_distance_loss=0.566, distance_loss=0.269, coord_loss=2.483, RMSD=2.482, prmsd_loss=2.546, ups=0.48, bsz=8, num_updates=14800, lr=1.57992e-05, gnorm=23.21, clip=100, loss_scale=4, train_wall=104.47, gb_free=31.8, wall=209338
2026-07-01 06:34:17 | INFO | train_inner | epoch 006:    200 / 2931 loss=3.844, train_loss=3.844, cross_distance_loss=0.592, distance_loss=0.305, coord_loss=2.685, RMSD=2.684, prmsd_loss=2.613, ups=0.47, bsz=8, num_updates=14850, lr=1.57448e-05, gnorm=14.945, clip=100, loss_scale=4, train_wall=106.03, gb_free=28.8, wall=209445
2026-07-01 06:35:58 | INFO | train_inner | epoch 006:    250 / 2931 loss=3.627, train_loss=3.627, cross_distance_loss=0.592, distance_loss=0.322, coord_loss=2.457, RMSD=2.456, prmsd_loss=2.558, ups=0.49, bsz=8, num_updates=14900, lr=1.56903e-05, gnorm=13.955, clip=100, loss_scale=4, train_wall=101.31, gb_free=30.6, wall=209546
2026-07-01 06:37:43 | INFO | train_inner | epoch 006:    300 / 2931 loss=3.707, train_loss=3.707, cross_distance_loss=0.584, distance_loss=0.336, coord_loss=2.532, RMSD=2.531, prmsd_loss=2.557, ups=0.48, bsz=8, num_updates=14950, lr=1.56359e-05, gnorm=12.507, clip=100, loss_scale=4, train_wall=105.12, gb_free=31.4, wall=209651
2026-07-01 06:39:34 | INFO | train_inner | epoch 006:    350 / 2931 loss=3.72, train_loss=3.72, cross_distance_loss=0.6, distance_loss=0.287, coord_loss=2.574, RMSD=2.573, prmsd_loss=2.593, ups=0.45, bsz=8, num_updates=15000, lr=1.55814e-05, gnorm=13.668, clip=100, loss_scale=4, train_wall=110.19, gb_free=32.5, wall=209761
2026-07-01 06:39:34 | INFO | unicore_cli.train | begin validation on "valid" subset
2026-07-01 06:39:34 | INFO | unicore.tasks.unicore_task | get EpochBatchIterator for epoch 1
2026-07-01 07:55:08 | INFO | valid | epoch 006 | valid on 'valid' subset | loss 3.48 | valid_loss 3.48 | cross_distance_loss 0.57 | distance_loss 0.203 | coord_loss 2.455 | RMSD 2.454 | prmsd_loss 2.519 | bsz 26010 | num_updates 15000 | best_loss 3.48
2026-07-01 07:55:08 | INFO | unicore.checkpoint_utils | Preparing to save checkpoint for epoch 6 @ 15000 updates
2026-07-01 07:55:08 | INFO | unicore.trainer | Saving checkpoint to ./checkpoint_6_15000.pt
2026-07-01 07:55:13 | INFO | unicore.trainer | Finished saving checkpoint to ./checkpoint_6_15000.pt
2026-07-01 07:55:13 | INFO | unicore.checkpoint_utils | Saved checkpoint ./checkpoint_6_15000.pt (epoch 6 @ 15000 updates, score 3.48) (writing took 4.413519008085132 seconds)
2026-07-01 07:55:13 | INFO | unicore.checkpoint_utils | copy ./checkpoint_6_15000.pt to /home/bdldt_team007/DLDockingBenchSeminar/run5/checkpoints/checkpoint_6_15000.pt
2026-07-01 07:55:18 | INFO | unicore.checkpoint_utils | copy ./checkpoint_6_15000.pt to /home/bdldt_team007/DLDockingBenchSeminar/run5/checkpoints/checkpoint_best.pt
2026-07-01 07:55:20 | INFO | unicore.checkpoint_utils | copy ./checkpoint_6_15000.pt to /home/bdldt_team007/DLDockingBenchSeminar/run5/checkpoints/checkpoint_last.pt
2026-07-01 07:55:23 | INFO | unicore.checkpoint_utils | removing temp file ./checkpoint_6_15000.pt ...
2026-07-01 07:55:23 | INFO | unicore.checkpoint_utils | finished async ckp saving.
2026-07-01 07:56:53 | INFO | train_inner | epoch 006:    400 / 2931 loss=3.626, train_loss=3.626, cross_distance_loss=0.578, distance_loss=0.271, coord_loss=2.525, RMSD=2.524, prmsd_loss=2.52, ups=0.01, bsz=8, num_updates=15050, lr=1.5527e-05, gnorm=16.552, clip=100, loss_scale=4, train_wall=100.09, gb_free=30.1, wall=214401
2026-07-01 07:58:29 | INFO | train_inner | epoch 006:    450 / 2931 loss=3.589, train_loss=3.589, cross_distance_loss=0.562, distance_loss=0.256, coord_loss=2.515, RMSD=2.515, prmsd_loss=2.555, ups=0.52, bsz=8, num_updates=15100, lr=1.54726e-05, gnorm=14.871, clip=100, loss_scale=4, train_wall=95.56, gb_free=31.5, wall=214497
2026-07-01 08:00:11 | INFO | train_inner | epoch 006:    500 / 2931 loss=3.553, train_loss=3.553, cross_distance_loss=0.554, distance_loss=0.259, coord_loss=2.483, RMSD=2.482, prmsd_loss=2.57, ups=0.49, bsz=8, num_updates=15150, lr=1.54181e-05, gnorm=17.335, clip=100, loss_scale=4, train_wall=102.34, gb_free=29.7, wall=214599
2026-07-01 08:01:56 | INFO | train_inner | epoch 006:    550 / 2931 loss=3.575, train_loss=3.575, cross_distance_loss=0.559, distance_loss=0.263, coord_loss=2.504, RMSD=2.504, prmsd_loss=2.49, ups=0.48, bsz=8, num_updates=15200, lr=1.53637e-05, gnorm=12.583, clip=100, loss_scale=4, train_wall=105.15, gb_free=32.8, wall=214704
2026-07-01 08:03:38 | INFO | train_inner | epoch 006:    600 / 2931 loss=3.395, train_loss=3.395, cross_distance_loss=0.543, distance_loss=0.249, coord_loss=2.353, RMSD=2.353, prmsd_loss=2.497, ups=0.49, bsz=8, num_updates=15250, lr=1.53092e-05, gnorm=12.223, clip=100, loss_scale=4, train_wall=101.49, gb_free=30.1, wall=214806
2026-07-01 08:05:19 | INFO | train_inner | epoch 006:    650 / 2931 loss=3.541, train_loss=3.541, cross_distance_loss=0.576, distance_loss=0.233, coord_loss=2.472, RMSD=2.472, prmsd_loss=2.592, ups=0.49, bsz=8, num_updates=15300, lr=1.52548e-05, gnorm=14.405, clip=100, loss_scale=4, train_wall=101.18, gb_free=31, wall=214907
2026-07-01 08:07:11 | INFO | train_inner | epoch 006:    700 / 2931 loss=3.513, train_loss=3.513, cross_distance_loss=0.563, distance_loss=0.264, coord_loss=2.437, RMSD=2.436, prmsd_loss=2.487, ups=0.45, bsz=8, num_updates=15350, lr=1.52003e-05, gnorm=14.9, clip=100, loss_scale=4, train_wall=112.03, gb_free=29.7, wall=215019
2026-07-01 08:08:44 | INFO | train_inner | epoch 006:    750 / 2931 loss=3.462, train_loss=3.462, cross_distance_loss=0.553, distance_loss=0.27, coord_loss=2.39, RMSD=2.389, prmsd_loss=2.502, ups=0.54, bsz=8, num_updates=15400, lr=1.51459e-05, gnorm=16.07, clip=100, loss_scale=4, train_wall=92.43, gb_free=30.2, wall=215112
2026-07-01 08:10:31 | INFO | train_inner | epoch 006:    800 / 2931 loss=3.55, train_loss=3.55, cross_distance_loss=0.578, distance_loss=0.283, coord_loss=2.43, RMSD=2.43, prmsd_loss=2.575, ups=0.47, bsz=8, num_updates=15450, lr=1.50915e-05, gnorm=14.478, clip=100, loss_scale=4, train_wall=107.26, gb_free=29.2, wall=215219
2026-07-01 08:12:02 | INFO | train_inner | epoch 006:    850 / 2931 loss=3.713, train_loss=3.713, cross_distance_loss=0.569, distance_loss=0.283, coord_loss=2.606, RMSD=2.605, prmsd_loss=2.556, ups=0.55, bsz=8, num_updates=15500, lr=1.5037e-05, gnorm=17.511, clip=100, loss_scale=4, train_wall=90.54, gb_free=25.9, wall=215310
2026-07-01 08:12:02 | INFO | unicore_cli.train | begin validation on "valid" subset
2026-07-01 08:12:02 | INFO | unicore.tasks.unicore_task | get EpochBatchIterator for epoch 1
2026-07-01 09:31:02 | INFO | valid | epoch 006 | valid on 'valid' subset | loss 3.499 | valid_loss 3.499 | cross_distance_loss 0.562 | distance_loss 0.196 | coord_loss 2.491 | RMSD 2.49 | prmsd_loss 2.505 | bsz 26010 | num_updates 15500 | best_loss 3.48
2026-07-01 09:31:02 | INFO | unicore.checkpoint_utils | Preparing to save checkpoint for epoch 6 @ 15500 updates
2026-07-01 09:31:02 | INFO | unicore.trainer | Saving checkpoint to ./checkpoint_6_15500.pt
2026-07-01 09:31:07 | INFO | unicore.trainer | Finished saving checkpoint to ./checkpoint_6_15500.pt
2026-07-01 09:31:07 | INFO | unicore.checkpoint_utils | Saved checkpoint ./checkpoint_6_15500.pt (epoch 6 @ 15500 updates, score 3.499) (writing took 4.615849474444985 seconds)
2026-07-01 09:31:07 | INFO | unicore.checkpoint_utils | copy ./checkpoint_6_15500.pt to /home/bdldt_team007/DLDockingBenchSeminar/run5/checkpoints/checkpoint_6_15500.pt
2026-07-01 09:31:12 | INFO | unicore.checkpoint_utils | copy ./checkpoint_6_15500.pt to /home/bdldt_team007/DLDockingBenchSeminar/run5/checkpoints/checkpoint_last.pt
2026-07-01 09:31:15 | INFO | unicore.checkpoint_utils | removing temp file ./checkpoint_6_15500.pt ...
2026-07-01 09:31:15 | INFO | unicore.checkpoint_utils | finished async ckp saving.
2026-07-01 09:32:48 | INFO | train_inner | epoch 006:    900 / 2931 loss=3.478, train_loss=3.478, cross_distance_loss=0.55, distance_loss=0.252, coord_loss=2.421, RMSD=2.421, prmsd_loss=2.54, ups=0.01, bsz=8, num_updates=15550, lr=1.49826e-05, gnorm=14.814, clip=100, loss_scale=4, train_wall=100.61, gb_free=31, wall=220155
2026-07-01 09:34:20 | INFO | train_inner | epoch 006:    950 / 2931 loss=3.533, train_loss=3.533, cross_distance_loss=0.554, distance_loss=0.29, coord_loss=2.435, RMSD=2.434, prmsd_loss=2.533, ups=0.54, bsz=8, num_updates=15600, lr=1.49281e-05, gnorm=14.544, clip=100, loss_scale=4, train_wall=92.36, gb_free=31.4, wall=220248
2026-07-01 09:36:01 | INFO | train_inner | epoch 006:   1000 / 2931 loss=3.47, train_loss=3.47, cross_distance_loss=0.571, distance_loss=0.277, coord_loss=2.368, RMSD=2.368, prmsd_loss=2.526, ups=0.5, bsz=8, num_updates=15650, lr=1.48737e-05, gnorm=15.355, clip=100, loss_scale=4, train_wall=100.61, gb_free=31.4, wall=220349
2026-07-01 09:37:47 | INFO | train_inner | epoch 006:   1050 / 2931 loss=3.541, train_loss=3.541, cross_distance_loss=0.567, distance_loss=0.257, coord_loss=2.461, RMSD=2.46, prmsd_loss=2.568, ups=0.47, bsz=8, num_updates=15700, lr=1.48193e-05, gnorm=19.614, clip=100, loss_scale=4, train_wall=106.04, gb_free=32.5, wall=220455
2026-07-01 09:39:29 | INFO | train_inner | epoch 006:   1100 / 2931 loss=3.526, train_loss=3.526, cross_distance_loss=0.566, distance_loss=0.254, coord_loss=2.452, RMSD=2.452, prmsd_loss=2.535, ups=0.49, bsz=8, num_updates=15750, lr=1.47648e-05, gnorm=16.315, clip=100, loss_scale=4, train_wall=102.16, gb_free=30.1, wall=220557
2026-07-01 09:41:11 | INFO | train_inner | epoch 006:   1150 / 2931 loss=3.485, train_loss=3.485, cross_distance_loss=0.563, distance_loss=0.27, coord_loss=2.401, RMSD=2.401, prmsd_loss=2.506, ups=0.49, bsz=8, num_updates=15800, lr=1.47104e-05, gnorm=18.779, clip=100, loss_scale=4, train_wall=101.56, gb_free=28.2, wall=220659
2026-07-01 09:42:56 | INFO | train_inner | epoch 006:   1200 / 2931 loss=3.422, train_loss=3.422, cross_distance_loss=0.552, distance_loss=0.285, coord_loss=2.338, RMSD=2.337, prmsd_loss=2.474, ups=0.47, bsz=8, num_updates=15850, lr=1.46559e-05, gnorm=14.747, clip=100, loss_scale=4, train_wall=105.17, gb_free=29.2, wall=220764
2026-07-01 09:44:47 | INFO | train_inner | epoch 006:   1250 / 2931 loss=3.66, train_loss=3.66, cross_distance_loss=0.553, distance_loss=0.312, coord_loss=2.547, RMSD=2.547, prmsd_loss=2.474, ups=0.45, bsz=8, num_updates=15900, lr=1.46015e-05, gnorm=16.651, clip=100, loss_scale=4, train_wall=111.18, gb_free=32.5, wall=220875
2026-07-01 09:46:20 | INFO | train_inner | epoch 006:   1300 / 2931 loss=3.539, train_loss=3.539, cross_distance_loss=0.569, distance_loss=0.252, coord_loss=2.458, RMSD=2.457, prmsd_loss=2.6, ups=0.54, bsz=8, num_updates=15950, lr=1.4547e-05, gnorm=14.892, clip=100, loss_scale=4, train_wall=92.27, gb_free=22.4, wall=220968
2026-07-01 09:48:07 | INFO | train_inner | epoch 006:   1350 / 2931 loss=3.571, train_loss=3.571, cross_distance_loss=0.557, distance_loss=0.268, coord_loss=2.496, RMSD=2.495, prmsd_loss=2.504, ups=0.46, bsz=8, num_updates=16000, lr=1.44926e-05, gnorm=20.432, clip=100, loss_scale=4, train_wall=107.66, gb_free=27.2, wall=221075
2026-07-01 09:48:07 | INFO | unicore_cli.train | begin validation on "valid" subset
2026-07-01 09:48:07 | INFO | unicore.tasks.unicore_task | get EpochBatchIterator for epoch 1
2026-07-01 11:04:35 | INFO | valid | epoch 006 | valid on 'valid' subset | loss 3.346 | valid_loss 3.346 | cross_distance_loss 0.553 | distance_loss 0.196 | coord_loss 2.353 | RMSD 2.353 | prmsd_loss 2.442 | bsz 26010 | num_updates 16000 | best_loss 3.346
2026-07-01 11:04:35 | INFO | unicore.checkpoint_utils | Preparing to save checkpoint for epoch 6 @ 16000 updates
2026-07-01 11:04:35 | INFO | unicore.trainer | Saving checkpoint to ./checkpoint_6_16000.pt
2026-07-01 11:04:39 | INFO | unicore.trainer | Finished saving checkpoint to ./checkpoint_6_16000.pt
2026-07-01 11:04:39 | INFO | unicore.checkpoint_utils | Saved checkpoint ./checkpoint_6_16000.pt (epoch 6 @ 16000 updates, score 3.346) (writing took 4.5983190052211285 seconds)
2026-07-01 11:04:39 | INFO | unicore.checkpoint_utils | copy ./checkpoint_6_16000.pt to /home/bdldt_team007/DLDockingBenchSeminar/run5/checkpoints/checkpoint_6_16000.pt
2026-07-01 11:04:44 | INFO | unicore.checkpoint_utils | copy ./checkpoint_6_16000.pt to /home/bdldt_team007/DLDockingBenchSeminar/run5/checkpoints/checkpoint_best.pt
2026-07-01 11:04:47 | INFO | unicore.checkpoint_utils | copy ./checkpoint_6_16000.pt to /home/bdldt_team007/DLDockingBenchSeminar/run5/checkpoints/checkpoint_last.pt
2026-07-01 11:04:49 | INFO | unicore.checkpoint_utils | removing temp file ./checkpoint_6_16000.pt ...
2026-07-01 11:04:49 | INFO | unicore.checkpoint_utils | finished async ckp saving.
2026-07-01 11:06:29 | INFO | train_inner | epoch 006:   1400 / 2931 loss=3.39, train_loss=3.39, cross_distance_loss=0.551, distance_loss=0.252, coord_loss=2.337, RMSD=2.337, prmsd_loss=2.494, ups=0.01, bsz=8, num_updates=16050, lr=1.44382e-05, gnorm=14.426, clip=100, loss_scale=4, train_wall=110.03, gb_free=30.5, wall=225777
2026-07-01 11:08:23 | INFO | train_inner | epoch 006:   1450 / 2931 loss=3.515, train_loss=3.515, cross_distance_loss=0.556, distance_loss=0.268, coord_loss=2.441, RMSD=2.439, prmsd_loss=2.498, ups=0.44, bsz=8, num_updates=16100, lr=1.43837e-05, gnorm=15.03, clip=100, loss_scale=4, train_wall=113.66, gb_free=31.8, wall=225891
2026-07-01 11:10:08 | INFO | train_inner | epoch 006:   1500 / 2931 loss=3.821, train_loss=3.821, cross_distance_loss=0.594, distance_loss=0.294, coord_loss=2.675, RMSD=2.674, prmsd_loss=2.589, ups=0.48, bsz=8, num_updates=16150, lr=1.43293e-05, gnorm=16.161, clip=100, loss_scale=4, train_wall=104.51, gb_free=30.5, wall=225996
2026-07-01 11:11:51 | INFO | train_inner | epoch 006:   1550 / 2931 loss=3.628, train_loss=3.628, cross_distance_loss=0.56, distance_loss=0.269, coord_loss=2.542, RMSD=2.541, prmsd_loss=2.569, ups=0.48, bsz=8, num_updates=16200, lr=1.42748e-05, gnorm=16.388, clip=100, loss_scale=4, train_wall=103.14, gb_free=31.1, wall=226099
2026-07-01 11:13:37 | INFO | train_inner | epoch 006:   1600 / 2931 loss=3.627, train_loss=3.627, cross_distance_loss=0.559, distance_loss=0.269, coord_loss=2.547, RMSD=2.545, prmsd_loss=2.525, ups=0.47, bsz=8, num_updates=16250, lr=1.42204e-05, gnorm=14.894, clip=100, loss_scale=4, train_wall=105.59, gb_free=31.4, wall=226205
2026-07-01 11:15:23 | INFO | train_inner | epoch 006:   1650 / 2931 loss=3.546, train_loss=3.546, cross_distance_loss=0.564, distance_loss=0.282, coord_loss=2.448, RMSD=2.447, prmsd_loss=2.528, ups=0.47, bsz=8, num_updates=16300, lr=1.41659e-05, gnorm=16.448, clip=100, loss_scale=4, train_wall=105.7, gb_free=31.4, wall=226310
2026-07-01 11:17:09 | INFO | train_inner | epoch 006:   1700 / 2931 loss=3.399, train_loss=3.399, cross_distance_loss=0.549, distance_loss=0.229, coord_loss=2.371, RMSD=2.371, prmsd_loss=2.5, ups=0.47, bsz=8, num_updates=16350, lr=1.41115e-05, gnorm=15.334, clip=100, loss_scale=4, train_wall=106.05, gb_free=31.8, wall=226417
2026-07-01 11:18:59 | INFO | train_inner | epoch 006:   1750 / 2931 loss=3.619, train_loss=3.619, cross_distance_loss=0.561, distance_loss=0.267, coord_loss=2.54, RMSD=2.539, prmsd_loss=2.511, ups=0.45, bsz=8, num_updates=16400, lr=1.40571e-05, gnorm=14.19, clip=100, loss_scale=4, train_wall=110.06, gb_free=28.7, wall=226527
2026-07-01 11:20:33 | INFO | train_inner | epoch 006:   1800 / 2931 loss=3.515, train_loss=3.515, cross_distance_loss=0.563, distance_loss=0.259, coord_loss=2.439, RMSD=2.438, prmsd_loss=2.539, ups=0.53, bsz=8, num_updates=16450, lr=1.40026e-05, gnorm=16.615, clip=100, loss_scale=4, train_wall=94.28, gb_free=30.1, wall=226621
2026-07-01 11:22:17 | INFO | train_inner | epoch 006:   1850 / 2931 loss=3.492, train_loss=3.492, cross_distance_loss=0.56, distance_loss=0.311, coord_loss=2.372, RMSD=2.372, prmsd_loss=2.496, ups=0.48, bsz=8, num_updates=16500, lr=1.39482e-05, gnorm=13.015, clip=100, loss_scale=4, train_wall=103.2, gb_free=29.2, wall=226725
2026-07-01 11:22:17 | INFO | unicore_cli.train | begin validation on "valid" subset
2026-07-01 11:22:17 | INFO | unicore.tasks.unicore_task | get EpochBatchIterator for epoch 1
2026-07-01 12:34:25 | INFO | valid | epoch 006 | valid on 'valid' subset | loss 3.343 | valid_loss 3.343 | cross_distance_loss 0.549 | distance_loss 0.192 | coord_loss 2.358 | RMSD 2.357 | prmsd_loss 2.441 | bsz 26010 | num_updates 16500 | best_loss 3.343
2026-07-01 12:34:25 | INFO | unicore.checkpoint_utils | Preparing to save checkpoint for epoch 6 @ 16500 updates
2026-07-01 12:34:25 | INFO | unicore.trainer | Saving checkpoint to ./checkpoint_6_16500.pt
2026-07-01 12:34:30 | INFO | unicore.trainer | Finished saving checkpoint to ./checkpoint_6_16500.pt
2026-07-01 12:34:30 | INFO | unicore.checkpoint_utils | Saved checkpoint ./checkpoint_6_16500.pt (epoch 6 @ 16500 updates, score 3.343) (writing took 4.543875927105546 seconds)
2026-07-01 12:34:30 | INFO | unicore.checkpoint_utils | copy ./checkpoint_6_16500.pt to /home/bdldt_team007/DLDockingBenchSeminar/run5/checkpoints/checkpoint_6_16500.pt
2026-07-01 12:34:35 | INFO | unicore.checkpoint_utils | copy ./checkpoint_6_16500.pt to /home/bdldt_team007/DLDockingBenchSeminar/run5/checkpoints/checkpoint_best.pt
2026-07-01 12:34:38 | INFO | unicore.checkpoint_utils | copy ./checkpoint_6_16500.pt to /home/bdldt_team007/DLDockingBenchSeminar/run5/checkpoints/checkpoint_last.pt
2026-07-01 12:34:41 | INFO | unicore.checkpoint_utils | removing temp file ./checkpoint_6_16500.pt ...
2026-07-01 12:34:41 | INFO | unicore.checkpoint_utils | finished async ckp saving.
2026-07-01 12:36:15 | INFO | train_inner | epoch 006:   1900 / 2931 loss=3.609, train_loss=3.609, cross_distance_loss=0.552, distance_loss=0.316, coord_loss=2.49, RMSD=2.489, prmsd_loss=2.513, ups=0.01, bsz=8, num_updates=16550, lr=1.38937e-05, gnorm=11.614, clip=100, loss_scale=4, train_wall=105.38, gb_free=31.1, wall=231163
2026-07-01 12:38:09 | INFO | train_inner | epoch 006:   1950 / 2931 loss=3.538, train_loss=3.538, cross_distance_loss=0.552, distance_loss=0.267, coord_loss=2.468, RMSD=2.468, prmsd_loss=2.511, ups=0.44, bsz=8, num_updates=16600, lr=1.38393e-05, gnorm=18.064, clip=100, loss_scale=4, train_wall=113.62, gb_free=30.6, wall=231277
2026-07-01 12:39:40 | INFO | train_inner | epoch 006:   2000 / 2931 loss=3.479, train_loss=3.479, cross_distance_loss=0.544, distance_loss=0.25, coord_loss=2.433, RMSD=2.432, prmsd_loss=2.511, ups=0.55, bsz=8, num_updates=16650, lr=1.37848e-05, gnorm=18.136, clip=100, loss_scale=4, train_wall=90.54, gb_free=30.5, wall=231368
2026-07-01 12:41:12 | INFO | train_inner | epoch 006:   2050 / 2931 loss=3.392, train_loss=3.392, cross_distance_loss=0.544, distance_loss=0.225, coord_loss=2.371, RMSD=2.371, prmsd_loss=2.524, ups=0.54, bsz=8, num_updates=16700, lr=1.37304e-05, gnorm=18.047, clip=100, loss_scale=4, train_wall=92.03, gb_free=31.8, wall=231460
2026-07-01 12:42:53 | INFO | train_inner | epoch 006:   2100 / 2931 loss=3.604, train_loss=3.604, cross_distance_loss=0.555, distance_loss=0.304, coord_loss=2.5, RMSD=2.499, prmsd_loss=2.454, ups=0.49, bsz=8, num_updates=16750, lr=1.3676e-05, gnorm=15.304, clip=100, loss_scale=4, train_wall=100.97, gb_free=30.5, wall=231561
2026-07-01 12:44:24 | INFO | train_inner | epoch 006:   2150 / 2931 loss=3.395, train_loss=3.395, cross_distance_loss=0.549, distance_loss=0.243, coord_loss=2.35, RMSD=2.35, prmsd_loss=2.527, ups=0.55, bsz=8, num_updates=16800, lr=1.36215e-05, gnorm=14.539, clip=100, loss_scale=4, train_wall=91.41, gb_free=23.7, wall=231652
2026-07-01 12:46:06 | INFO | train_inner | epoch 006:   2200 / 2931 loss=3.339, train_loss=3.339, cross_distance_loss=0.546, distance_loss=0.259, coord_loss=2.283, RMSD=2.282, prmsd_loss=2.514, ups=0.49, bsz=8, num_updates=16850, lr=1.35671e-05, gnorm=18.525, clip=100, loss_scale=4, train_wall=101.76, gb_free=30.5, wall=231754
2026-07-01 12:47:49 | INFO | train_inner | epoch 006:   2250 / 2931 loss=3.576, train_loss=3.576, cross_distance_loss=0.575, distance_loss=0.273, coord_loss=2.477, RMSD=2.476, prmsd_loss=2.513, ups=0.49, bsz=8, num_updates=16900, lr=1.35126e-05, gnorm=14.397, clip=100, loss_scale=4, train_wall=102.31, gb_free=31.4, wall=231857
2026-07-01 12:49:33 | INFO | train_inner | epoch 006:   2300 / 2931 loss=3.441, train_loss=3.441, cross_distance_loss=0.549, distance_loss=0.282, coord_loss=2.361, RMSD=2.36, prmsd_loss=2.478, ups=0.48, bsz=8, num_updates=16950, lr=1.34582e-05, gnorm=11.798, clip=100, loss_scale=4, train_wall=103.86, gb_free=32.2, wall=231961
2026-07-01 12:51:21 | INFO | train_inner | epoch 006:   2350 / 2931 loss=3.539, train_loss=3.539, cross_distance_loss=0.555, distance_loss=0.287, coord_loss=2.447, RMSD=2.446, prmsd_loss=2.503, ups=0.46, bsz=8, num_updates=17000, lr=1.34037e-05, gnorm=12.086, clip=100, loss_scale=4, train_wall=108.59, gb_free=29.2, wall=232069
2026-07-01 12:51:21 | INFO | unicore_cli.train | begin validation on "valid" subset
2026-07-01 12:51:21 | INFO | unicore.tasks.unicore_task | get EpochBatchIterator for epoch 1
2026-07-01 14:06:03 | INFO | valid | epoch 006 | valid on 'valid' subset | loss 3.374 | valid_loss 3.374 | cross_distance_loss 0.534 | distance_loss 0.194 | coord_loss 2.404 | RMSD 2.403 | prmsd_loss 2.421 | bsz 26010 | num_updates 17000 | best_loss 3.343
2026-07-01 14:06:03 | INFO | unicore.checkpoint_utils | Preparing to save checkpoint for epoch 6 @ 17000 updates
2026-07-01 14:06:03 | INFO | unicore.trainer | Saving checkpoint to ./checkpoint_6_17000.pt
2026-07-01 14:06:07 | INFO | unicore.trainer | Finished saving checkpoint to ./checkpoint_6_17000.pt
2026-07-01 14:06:07 | INFO | unicore.checkpoint_utils | Saved checkpoint ./checkpoint_6_17000.pt (epoch 6 @ 17000 updates, score 3.374) (writing took 4.442558059468865 seconds)
2026-07-01 14:06:07 | INFO | unicore.checkpoint_utils | copy ./checkpoint_6_17000.pt to /home/bdldt_team007/DLDockingBenchSeminar/run5/checkpoints/checkpoint_6_17000.pt
2026-07-01 14:06:12 | INFO | unicore.checkpoint_utils | copy ./checkpoint_6_17000.pt to /home/bdldt_team007/DLDockingBenchSeminar/run5/checkpoints/checkpoint_last.pt
2026-07-01 14:06:14 | INFO | unicore.checkpoint_utils | removing temp file ./checkpoint_6_17000.pt ...
2026-07-01 14:06:15 | INFO | unicore.checkpoint_utils | finished async ckp saving.
2026-07-01 14:07:43 | INFO | train_inner | epoch 006:   2400 / 2931 loss=3.479, train_loss=3.479, cross_distance_loss=0.547, distance_loss=0.235, coord_loss=2.447, RMSD=2.447, prmsd_loss=2.506, ups=0.01, bsz=8, num_updates=17050, lr=1.33493e-05, gnorm=11.764, clip=100, loss_scale=4, train_wall=95.53, gb_free=29.6, wall=236651
2026-07-01 14:09:23 | INFO | train_inner | epoch 006:   2450 / 2931 loss=3.514, train_loss=3.514, cross_distance_loss=0.557, distance_loss=0.276, coord_loss=2.432, RMSD=2.432, prmsd_loss=2.485, ups=0.5, bsz=8, num_updates=17100, lr=1.32949e-05, gnorm=12.681, clip=100, loss_scale=4, train_wall=99.69, gb_free=32.5, wall=236751
2026-07-01 14:10:55 | INFO | train_inner | epoch 006:   2500 / 2931 loss=3.388, train_loss=3.388, cross_distance_loss=0.546, distance_loss=0.283, coord_loss=2.312, RMSD=2.311, prmsd_loss=2.475, ups=0.54, bsz=8, num_updates=17150, lr=1.32404e-05, gnorm=11.543, clip=100, loss_scale=4, train_wall=91.78, gb_free=31.1, wall=236842
2026-07-01 14:12:34 | INFO | train_inner | epoch 006:   2550 / 2931 loss=3.329, train_loss=3.329, cross_distance_loss=0.546, distance_loss=0.245, coord_loss=2.288, RMSD=2.287, prmsd_loss=2.512, ups=0.5, bsz=8, num_updates=17200, lr=1.3186e-05, gnorm=13.939, clip=100, loss_scale=4, train_wall=99.86, gb_free=30.1, wall=236942
2026-07-01 14:14:13 | INFO | train_inner | epoch 006:   2600 / 2931 loss=3.347, train_loss=3.347, cross_distance_loss=0.536, distance_loss=0.231, coord_loss=2.332, RMSD=2.332, prmsd_loss=2.477, ups=0.51, bsz=8, num_updates=17250, lr=1.31315e-05, gnorm=21.386, clip=100, loss_scale=4, train_wall=98.28, gb_free=31.8, wall=237041
2026-07-01 14:16:06 | INFO | train_inner | epoch 006:   2650 / 2931 loss=3.504, train_loss=3.504, cross_distance_loss=0.558, distance_loss=0.256, coord_loss=2.437, RMSD=2.436, prmsd_loss=2.53, ups=0.44, bsz=8, num_updates=17300, lr=1.30771e-05, gnorm=22.225, clip=100, loss_scale=4, train_wall=112.59, gb_free=31.4, wall=237154
2026-07-01 14:17:38 | INFO | train_inner | epoch 006:   2700 / 2931 loss=3.377, train_loss=3.377, cross_distance_loss=0.541, distance_loss=0.272, coord_loss=2.319, RMSD=2.318, prmsd_loss=2.458, ups=0.54, bsz=8, num_updates=17350, lr=1.30226e-05, gnorm=27.925, clip=100, loss_scale=4, train_wall=92.13, gb_free=29.7, wall=237246
2026-07-01 14:19:21 | INFO | train_inner | epoch 006:   2750 / 2931 loss=3.45, train_loss=3.45, cross_distance_loss=0.543, distance_loss=0.281, coord_loss=2.377, RMSD=2.377, prmsd_loss=2.488, ups=0.48, bsz=8, num_updates=17400, lr=1.29682e-05, gnorm=16.267, clip=100, loss_scale=4, train_wall=103.33, gb_free=31.4, wall=237349
2026-07-01 14:21:07 | INFO | train_inner | epoch 006:   2800 / 2931 loss=3.496, train_loss=3.496, cross_distance_loss=0.556, distance_loss=0.255, coord_loss=2.432, RMSD=2.431, prmsd_loss=2.528, ups=0.47, bsz=8, num_updates=17450, lr=1.29138e-05, gnorm=24.33, clip=100, loss_scale=4, train_wall=106.09, gb_free=32.2, wall=237455
2026-07-01 14:22:41 | INFO | train_inner | epoch 006:   2850 / 2931 loss=3.242, train_loss=3.242, cross_distance_loss=0.535, distance_loss=0.256, coord_loss=2.199, RMSD=2.199, prmsd_loss=2.507, ups=0.54, bsz=8, num_updates=17500, lr=1.28593e-05, gnorm=17.188, clip=100, loss_scale=4, train_wall=93.08, gb_free=30.1, wall=237549
2026-07-01 14:22:41 | INFO | unicore_cli.train | begin validation on "valid" subset
2026-07-01 14:22:41 | INFO | unicore.tasks.unicore_task | get EpochBatchIterator for epoch 1
