[protein_root] [ligand_root] [0|1, rm_ccd or not]
ccd not matching data/proto_train/pocket/1br6_PT1_A_301_protein_refined.pdb
Failed loading<-data/proto_train/pocket/1br6_PT1_A_301_protein_refined.pdb
ccd not matching data/proto_train/pocket/1bmb_LYS-PHE_I_1-9_protein_refined_reduce.pdb
Failed loading<-data/proto_train/pocket/1bmb_LYS-PHE_I_1-9_protein_refined_reduce.pdb
ccd not matching data/proto_train/pocket/1ew9_MMQ_A_559_protein_refined.pdb
Failed loading<-data/proto_train/pocket/1ew9_MMQ_A_559_protein_refined.pdb
ccd not matching data/proto_train/pocket/1e6q_NTZ_M_999_protein_refined.pdb
Failed loading<-data/proto_train/pocket/1e6q_NTZ_M_999_protein_refined.pdb
ccd not matching data/proto_train/pocket/1dqa_MAH_B_202_protein_refined_reduce.pdb
Failed loading<-data/proto_train/pocket/1dqa_MAH_B_202_protein_refined_reduce.pdb
ccd not matching data/proto_train/pocket/1f3e_DPZ_A_400_protein_refined.pdb
Failed loading<-data/proto_train/pocket/1f3e_DPZ_A_400_protein_refined.pdb
ccd not matching data/proto_train/pocket/1ebz_BEC_B_501_protein_refined.pdb
Failed loading<-data/proto_train/pocket/1ebz_BEC_B_501_protein_refined.pdb
ccd not matching data/proto_train/pocket/1c85_OBA_A_301_protein_refined.pdb
Failed loading<-data/proto_train/pocket/1c85_OBA_A_301_protein_refined.pdb
ccd not matching data/proto_train/pocket/1apz_ASP_B_551_protein_refined.pdb
Failed loading<-data/proto_train/pocket/1apz_ASP_B_551_protein_refined.pdb
ccd not matching data/proto_train/pocket/1cc4_PHB_A_396_protein_refined.pdb
Failed loading<-data/proto_train/pocket/1cc4_PHB_A_396_protein_refined.pdb
ccd not matching data/proto_train/pocket/1ax1_BGC-GAL_C_1-2_protein_refined_reduce.pdb
Failed loading<-data/proto_train/pocket/1ax1_BGC-GAL_C_1-2_protein_refined_reduce.pdb
ccd not matching data/proto_train/pocket/1dg7_WRB_A_200_protein_refined.pdb
Failed loading<-data/proto_train/pocket/1dg7_WRB_A_200_protein_refined.pdb
ccd not matching data/proto_train/pocket/1bji_DPC_A_479G_protein_refined_reduce.pdb
Failed loading<-data/proto_train/pocket/1bji_DPC_A_479G_protein_refined_reduce.pdb
ccd not matching data/proto_train/pocket/1bn1_AL5_A_555_protein_refined.pdb
Failed loading<-data/proto_train/pocket/1bn1_AL5_A_555_protein_refined.pdb
ccd not matching data/proto_train/pocket/1akw_FMN_A_149_protein_refined.pdb
Failed loading<-data/proto_train/pocket/1akw_FMN_A_149_protein_refined.pdb
ccd not matching data/proto_train/pocket/1bb7_GUM_A_130_protein_refined_reduce.pdb
Failed loading<-data/proto_train/pocket/1bb7_GUM_A_130_protein_refined_reduce.pdb
ccd not matching data/proto_train/pocket/1bl4_AP1_B_109_protein_refined_reduce.pdb
Failed loading<-data/proto_train/pocket/1bl4_AP1_B_109_protein_refined_reduce.pdb
ccd not matching data/proto_train/pocket/13gs_SAS_A_211_protein_refined.pdb
Failed loading<-data/proto_train/pocket/13gs_SAS_A_211_protein_refined.pdb
ccd not matching data/proto_train/pocket/1dzk_PRZ_A_700_protein_refined_reduce.pdb
Failed loading<-data/proto_train/pocket/1dzk_PRZ_A_700_protein_refined_reduce.pdb
ccd not matching data/proto_train/pocket/1el3_I84_A_320_protein_refined_reduce.pdb
Failed loading<-data/proto_train/pocket/1el3_I84_A_320_protein_refined_reduce.pdb
ccd not matching data/proto_train/pocket/1apb_FCB_A_308_protein_refined.pdb
Failed loading<-data/proto_train/pocket/1apb_FCB_A_308_protein_refined.pdb
ccd not matching data/proto_train/pocket/1df1_ITU_A_899_protein_refined.pdb
Failed loading<-data/proto_train/pocket/1df1_ITU_A_899_protein_refined.pdb
ccd not matching data/proto_train/pocket/1b5h_LYS-LYS_B_1-3_protein_refined.pdb
Failed loading<-data/proto_train/pocket/1b5h_LYS-LYS_B_1-3_protein_refined.pdb
ccd not matching data/proto_train/pocket/1dzm_BZM_B_600_protein_refined.pdb
Failed loading<-data/proto_train/pocket/1dzm_BZM_B_600_protein_refined.pdb
ccd not matching data/proto_train/pocket/1fby_9CR_B_1500_protein_refined.pdb
Failed loading<-data/proto_train/pocket/1fby_9CR_B_1500_protein_refined.pdb
ccd not matching data/proto_train/pocket/1a9r_HPA_A_290_protein_refined_reduce.pdb
Failed loading<-data/proto_train/pocket/1a9r_HPA_A_290_protein_refined_reduce.pdb
ccd not matching data/proto_train/pocket/1bji_DPC_A_479G_protein_refined.pdb
Failed loading<-data/proto_train/pocket/1bji_DPC_A_479G_protein_refined.pdb
ccd not matching data/proto_train/pocket/1cb7_TAR_B_900_protein_refined_reduce.pdb
Failed loading<-data/proto_train/pocket/1cb7_TAR_B_900_protein_refined_reduce.pdb
ccd not matching data/proto_train/pocket/1c2d_BAK_A_246_protein_refined_reduce.pdb
Failed loading<-data/proto_train/pocket/1c2d_BAK_A_246_protein_refined_reduce.pdb
ccd not matching data/proto_train/pocket/1fcx_184_A_450_protein_refined.pdb
Failed loading<-data/proto_train/pocket/1fcx_184_A_450_protein_refined.pdb
ccd not matching data/proto_train/pocket/1e72_GOX_M_999_protein_refined.pdb
Failed loading<-data/proto_train/pocket/1e72_GOX_M_999_protein_refined.pdb
ccd not matching data/proto_train/pocket/1df8_BTN_B_202_protein_refined_reduce.pdb
Failed loading<-data/proto_train/pocket/1df8_BTN_B_202_protein_refined_reduce.pdb
ccd not matching data/proto_train/pocket/1d4s_TPV_A_201_protein_refined.pdb
Failed loading<-data/proto_train/pocket/1d4s_TPV_A_201_protein_refined.pdb
ccd not matching data/proto_train/pocket/1e3v_DXC_B_801_protein_refined_reduce.pdb
Failed loading<-data/proto_train/pocket/1e3v_DXC_B_801_protein_refined_reduce.pdb
ccd not matching data/proto_train/pocket/1cjb_IRP_B_300_protein_refined_reduce.pdb
Failed loading<-data/proto_train/pocket/1cjb_IRP_B_300_protein_refined_reduce.pdb
ccd not matching data/proto_train/pocket/1d4h_BEH_B_501_protein_refined.pdb
Failed loading<-data/proto_train/pocket/1d4h_BEH_B_501_protein_refined.pdb
ccd not matching data/proto_train/pocket/1drh_NAP_A_164_protein_refined.pdb
Failed loading<-data/proto_train/pocket/1drh_NAP_A_164_protein_refined.pdb
ccd not matching data/proto_train/pocket/1alw_ISA_A_11_protein_refined.pdb
Failed loading<-data/proto_train/pocket/1alw_ISA_A_11_protein_refined.pdb
ccd not matching data/proto_train/pocket/1bwn_4IP_A_1_protein_refined_reduce.pdb
Failed loading<-data/proto_train/pocket/1bwn_4IP_A_1_protein_refined_reduce.pdb
ccd not matching data/proto_train/pocket/1em6_CP4_A_862_protein_refined_reduce.pdb
Failed loading<-data/proto_train/pocket/1em6_CP4_A_862_protein_refined_reduce.pdb
ccd not matching data/proto_train/pocket/1czc_GUA_A_414_protein_refined.pdb
Failed loading<-data/proto_train/pocket/1czc_GUA_A_414_protein_refined.pdb
ccd not matching data/proto_train/pocket/1d7j_BUQ_B_321_protein_refined_reduce.pdb
Failed loading<-data/proto_train/pocket/1d7j_BUQ_B_321_protein_refined_reduce.pdb
ccd not matching data/proto_train/pocket/1aq7_34H-AG2_B_1-4_protein_refined_reduce.pdb
Failed loading<-data/proto_train/pocket/1aq7_34H-AG2_B_1-4_protein_refined_reduce.pdb
ccd not matching data/proto_train/pocket/1erb_ETR_A_184_protein_refined.pdb
Failed loading<-data/proto_train/pocket/1erb_ETR_A_184_protein_refined.pdb
ccd not matching data/proto_train/pocket/1elw_GLY-ASP_C_5-12_protein_refined.pdb
Failed loading<-data/proto_train/pocket/1elw_GLY-ASP_C_5-12_protein_refined.pdb
ccd not matching data/proto_train/pocket/1a4g_ZMR_A_466_protein_refined.pdb
Failed loading<-data/proto_train/pocket/1a4g_ZMR_A_466_protein_refined.pdb
ccd not matching data/proto_train/pocket/1e00_DHM_A_600_protein_refined.pdb
Failed loading<-data/proto_train/pocket/1e00_DHM_A_600_protein_refined.pdb
ccd not matching data/proto_train/pocket/1ed4_IPU_B_2830_protein_refined_reduce.pdb
Failed loading<-data/proto_train/pocket/1ed4_IPU_B_2830_protein_refined_reduce.pdb
ccd not matching data/proto_train/pocket/1c0i_BE2_A_1365_protein_refined_reduce.pdb
Failed loading<-data/proto_train/pocket/1c0i_BE2_A_1365_protein_refined_reduce.pdb
ccd not matching data/proto_train/pocket/1det_2GP_A_105_protein_refined.pdb
Failed loading<-data/proto_train/pocket/1det_2GP_A_105_protein_refined.pdb
ccd not matching data/proto_train/pocket/1duv_PSQ_H_402_protein_refined.pdb
Failed loading<-data/proto_train/pocket/1duv_PSQ_H_402_protein_refined.pdb
ccd not matching data/proto_train/pocket/1c29_HE1_A_270_protein_refined.pdb
Failed loading<-data/proto_train/pocket/1c29_HE1_A_270_protein_refined.pdb
ccd not matching data/proto_train/pocket/1apb_FCA_A_307_protein_refined.pdb
Failed loading<-data/proto_train/pocket/1apb_FCA_A_307_protein_refined.pdb
ccd not matching data/proto_train/pocket/1b9s_FDI_A_468_protein_refined.pdb
Failed loading<-data/proto_train/pocket/1b9s_FDI_A_468_protein_refined.pdb
ccd not matching data/proto_train/pocket/1ax0_A2G_A_401_protein_refined.pdb
Failed loading<-data/proto_train/pocket/1ax0_A2G_A_401_protein_refined.pdb
ccd not matching data/proto_train/pocket/1e7c_HLT_A_4001_protein_refined.pdb
Failed loading<-data/proto_train/pocket/1e7c_HLT_A_4001_protein_refined.pdb
ccd not matching data/proto_train/pocket/1bb7_GUM_A_130_protein_refined.pdb
Failed loading<-data/proto_train/pocket/1bb7_GUM_A_130_protein_refined.pdb
ccd not matching data/proto_train/pocket/1aq7_34H-AG2_B_1-4_protein_refined.pdb
Failed loading<-data/proto_train/pocket/1aq7_34H-AG2_B_1-4_protein_refined.pdb
ccd not matching data/proto_train/pocket/1eby_BEB_B_501_protein_refined_reduce.pdb
Failed loading<-data/proto_train/pocket/1eby_BEB_B_501_protein_refined_reduce.pdb
ccd not matching data/proto_train/pocket/1d7x_SPC_A_401_protein_refined_reduce.pdb
Failed loading<-data/proto_train/pocket/1d7x_SPC_A_401_protein_refined_reduce.pdb
ccd not matching data/proto_train/pocket/1bkj_FMN_A_241_protein_refined.pdb
Failed loading<-data/proto_train/pocket/1bkj_FMN_A_241_protein_refined.pdb
ccd not matching data/proto_train/pocket/1a1b_ACE-DIP_D_100-103_protein_refined_reduce.pdb
Failed loading<-data/proto_train/pocket/1a1b_ACE-DIP_D_100-103_protein_refined_reduce.pdb
ccd not matching data/proto_train/pocket/1bir_2GP_B_107_protein_refined.pdb
Failed loading<-data/proto_train/pocket/1bir_2GP_B_107_protein_refined.pdb
ccd not matching data/proto_train/pocket/1a7c_ACE-NH2_C_910-916_protein_refined.pdb
Failed loading<-data/proto_train/pocket/1a7c_ACE-NH2_C_910-916_protein_refined.pdb
ccd not matching data/proto_train/pocket/1d3t_BT1_B_400_protein_refined_reduce.pdb
Failed loading<-data/proto_train/pocket/1d3t_BT1_B_400_protein_refined_reduce.pdb
ccd not matching data/proto_train/pocket/1egh_PGA_E_241_protein_refined_reduce.pdb
Failed loading<-data/proto_train/pocket/1egh_PGA_E_241_protein_refined_reduce.pdb
ccd not matching data/proto_train/pocket/1c4v_IH2_2_370_protein_refined_reduce.pdb
Failed loading<-data/proto_train/pocket/1c4v_IH2_2_370_protein_refined_reduce.pdb
ccd not matching data/proto_train/pocket/1ddr_MTX_A_200_protein_refined_reduce.pdb
Failed loading<-data/proto_train/pocket/1ddr_MTX_A_200_protein_refined_reduce.pdb
ccd not matching data/proto_train/pocket/1exv_700_A_862_protein_refined.pdb
Failed loading<-data/proto_train/pocket/1exv_700_A_862_protein_refined.pdb
ccd not matching data/proto_train/pocket/1ddr_MTX_B_200_protein_refined.pdb
Failed loading<-data/proto_train/pocket/1ddr_MTX_B_200_protein_refined.pdb
ccd not matching data/proto_train/pocket/1e8g_FAD_B_600_protein_refined_reduce.pdb
Failed loading<-data/proto_train/pocket/1e8g_FAD_B_600_protein_refined_reduce.pdb
ccd not matching data/proto_train/pocket/1drk_RIP_A_272_protein_refined_reduce.pdb
Failed loading<-data/proto_train/pocket/1drk_RIP_A_272_protein_refined_reduce.pdb
ccd not matching data/proto_train/pocket/1eix_BMQ_A_1301_protein_refined.pdb
Failed loading<-data/proto_train/pocket/1eix_BMQ_A_1301_protein_refined.pdb
ccd not matching data/proto_train/pocket/1e3k_R18_A_1000_protein_refined_reduce.pdb
Failed loading<-data/proto_train/pocket/1e3k_R18_A_1000_protein_refined_reduce.pdb
ccd not matching data/proto_train/pocket/1bzy_IMU_D_300_protein_refined.pdb
Failed loading<-data/proto_train/pocket/1bzy_IMU_D_300_protein_refined.pdb
ccd not matching data/proto_train/pocket/1d0o_INE_B_761_protein_refined.pdb
Failed loading<-data/proto_train/pocket/1d0o_INE_B_761_protein_refined.pdb
ccd not matching data/proto_train/pocket/1e1x_NW1_A_401_protein_refined.pdb
Failed loading<-data/proto_train/pocket/1e1x_NW1_A_401_protein_refined.pdb
ccd not matching data/proto_train/pocket/1ezq_RPR_A_265_protein_refined_reduce.pdb
Failed loading<-data/proto_train/pocket/1ezq_RPR_A_265_protein_refined_reduce.pdb
ccd not matching data/proto_train/pocket/1dra_MTX_A_161_protein_refined_reduce.pdb
Failed loading<-data/proto_train/pocket/1dra_MTX_A_161_protein_refined_reduce.pdb
ccd not matching data/proto_train/pocket/1b9t_RAI_A_468_protein_refined_reduce.pdb
Failed loading<-data/proto_train/pocket/1b9t_RAI_A_468_protein_refined_reduce.pdb
ccd not matching data/proto_train/pocket/1cgl_0ED_A_1_protein_refined_reduce.pdb
Failed loading<-data/proto_train/pocket/1cgl_0ED_A_1_protein_refined_reduce.pdb
ccd not matching data/proto_train/pocket/1b6k_PI5_A_201_protein_refined.pdb
Failed loading<-data/proto_train/pocket/1b6k_PI5_A_201_protein_refined.pdb
ccd not matching data/proto_train/pocket/1am6_HAE_A_555_protein_refined_reduce.pdb
Failed loading<-data/proto_train/pocket/1am6_HAE_A_555_protein_refined_reduce.pdb
ccd not matching data/proto_train/pocket/1a28_STR_B_2_protein_refined.pdb
Failed loading<-data/proto_train/pocket/1a28_STR_B_2_protein_refined.pdb
ccd not matching data/proto_train/pocket/1c85_OBA_A_301_protein_refined_reduce.pdb
Failed loading<-data/proto_train/pocket/1c85_OBA_A_301_protein_refined_reduce.pdb
ccd not matching data/proto_train/pocket/1ejn_AGB_A_800_protein_refined.pdb
Failed loading<-data/proto_train/pocket/1ejn_AGB_A_800_protein_refined.pdb
ccd not matching data/proto_train/pocket/1df1_ITU_B_1899_protein_refined.pdb
Failed loading<-data/proto_train/pocket/1df1_ITU_B_1899_protein_refined.pdb
ccd not matching data/proto_train/pocket/1bl7_SB4_A_800_protein_refined.pdb
Failed loading<-data/proto_train/pocket/1bl7_SB4_A_800_protein_refined.pdb
ccd not matching data/proto_train/pocket/1cin_MTS_A_264_protein_refined.pdb
Failed loading<-data/proto_train/pocket/1cin_MTS_A_264_protein_refined.pdb
ccd not matching data/proto_train/pocket/1dig_L37_A_3001_protein_refined_reduce.pdb
Failed loading<-data/proto_train/pocket/1dig_L37_A_3001_protein_refined_reduce.pdb
ccd not matching data/proto_train/pocket/1drf_FOL_A_187_protein_refined.pdb
Failed loading<-data/proto_train/pocket/1drf_FOL_A_187_protein_refined.pdb
ccd not matching data/proto_train/pocket/1ai7_IPH_B_559_protein_refined.pdb
Failed loading<-data/proto_train/pocket/1ai7_IPH_B_559_protein_refined.pdb
ccd not matching data/proto_train/pocket/1a0q_HEP_H_214_protein_refined_reduce.pdb
Failed loading<-data/proto_train/pocket/1a0q_HEP_H_214_protein_refined_reduce.pdb
ccd not matching data/proto_train/pocket/181l_BNZ_A_400_protein_refined_reduce.pdb
Failed loading<-data/proto_train/pocket/181l_BNZ_A_400_protein_refined_reduce.pdb
ccd not matching data/proto_train/pocket/1aoe_GW3_A_194_protein_refined_reduce.pdb
Failed loading<-data/proto_train/pocket/1aoe_GW3_A_194_protein_refined_reduce.pdb
ccd not matching data/proto_train/pocket/1dzp_BZQ_A_600_protein_refined_reduce.pdb
Failed loading<-data/proto_train/pocket/1dzp_BZQ_A_600_protein_refined_reduce.pdb
ccd not matching data/proto_train/pocket/1d2e_GDP_D_1304_protein_refined.pdb
Failed loading<-data/proto_train/pocket/1d2e_GDP_D_1304_protein_refined.pdb
ccd not matching data/proto_train/pocket/1eyj_AMP_B_342_protein_refined.pdb
Failed loading<-data/proto_train/pocket/1eyj_AMP_B_342_protein_refined.pdb
ccd not matching data/proto_train/pocket/1akw_FMN_A_149_protein_refined_reduce.pdb
Failed loading<-data/proto_train/pocket/1akw_FMN_A_149_protein_refined_reduce.pdb
ccd not matching data/proto_train/pocket/1dqn_IMU_A_300_protein_refined.pdb
Failed loading<-data/proto_train/pocket/1dqn_IMU_A_300_protein_refined.pdb
ccd not matching data/proto_train/pocket/1bil_0IU_A_391_protein_refined_reduce.pdb
Failed loading<-data/proto_train/pocket/1bil_0IU_A_391_protein_refined_reduce.pdb
ccd not matching data/proto_train/pocket/1cbx_BZS_A_500_protein_refined.pdb
Failed loading<-data/proto_train/pocket/1cbx_BZS_A_500_protein_refined.pdb
ccd not matching data/proto_train/pocket/1al8_DHP_A_361_protein_refined.pdb
Failed loading<-data/proto_train/pocket/1al8_DHP_A_361_protein_refined.pdb
ccd not matching data/proto_train/pocket/1dig_L37_A_3001_protein_refined.pdb
Failed loading<-data/proto_train/pocket/1dig_L37_A_3001_protein_refined.pdb
ccd not matching data/proto_train/pocket/1atl_0QI_A_301_protein_refined.pdb
Failed loading<-data/proto_train/pocket/1atl_0QI_A_301_protein_refined.pdb
ccd not matching data/proto_train/pocket/1e2n_RCA_B_500_protein_refined_reduce.pdb
Failed loading<-data/proto_train/pocket/1e2n_RCA_B_500_protein_refined_reduce.pdb
ccd not matching data/proto_train/pocket/1e2p_CCV_A_500_protein_refined.pdb
Failed loading<-data/proto_train/pocket/1e2p_CCV_A_500_protein_refined.pdb
ccd not matching data/proto_train/pocket/1akv_FMN_A_152_protein_refined_reduce.pdb
Failed loading<-data/proto_train/pocket/1akv_FMN_A_152_protein_refined_reduce.pdb
ccd not matching data/proto_train/pocket/1ado_13P_A_1104_protein_refined_reduce.pdb
Failed loading<-data/proto_train/pocket/1ado_13P_A_1104_protein_refined_reduce.pdb
ccd not matching data/proto_train/pocket/1dog_NOJ_A_495_protein_refined_reduce.pdb
Failed loading<-data/proto_train/pocket/1dog_NOJ_A_495_protein_refined_reduce.pdb
ccd not matching data/proto_train/pocket/1efi_GAT_E_105_protein_refined.pdb
Failed loading<-data/proto_train/pocket/1efi_GAT_E_105_protein_refined.pdb
ccd not matching data/proto_train/pocket/1f8c_4AM_A_4_protein_refined_reduce.pdb
Failed loading<-data/proto_train/pocket/1f8c_4AM_A_4_protein_refined_reduce.pdb
ccd not matching data/proto_train/pocket/1a1b_ACE-DIP_D_100-103_protein_refined.pdb
Failed loading<-data/proto_train/pocket/1a1b_ACE-DIP_D_100-103_protein_refined.pdb
ccd not matching data/proto_train/pocket/1e4x_VAL-ASP_P_1-7_protein_refined_reduce.pdb
Failed loading<-data/proto_train/pocket/1e4x_VAL-ASP_P_1-7_protein_refined_reduce.pdb
ccd not matching data/proto_train/pocket/1f0t_PR1_A_304_protein_refined_reduce.pdb
Failed loading<-data/proto_train/pocket/1f0t_PR1_A_304_protein_refined_reduce.pdb
ccd not matching data/proto_train/pocket/1f8e_49A_A_0_protein_refined.pdb
Failed loading<-data/proto_train/pocket/1f8e_49A_A_0_protein_refined.pdb
ccd not matching data/proto_train/pocket/1ex8_A4P_A_171_protein_refined.pdb
Failed loading<-data/proto_train/pocket/1ex8_A4P_A_171_protein_refined.pdb
ccd not matching data/proto_train/pocket/1dqx_BMP_C_603_protein_refined.pdb
Failed loading<-data/proto_train/pocket/1dqx_BMP_C_603_protein_refined.pdb
ccd not matching data/proto_train/pocket/1apb_FCB_A_308_protein_refined_reduce.pdb
Failed loading<-data/proto_train/pocket/1apb_FCB_A_308_protein_refined_reduce.pdb
ccd not matching data/proto_train/pocket/1dds_MTX_A_201_protein_refined_reduce.pdb
Failed loading<-data/proto_train/pocket/1dds_MTX_A_201_protein_refined_reduce.pdb
ccd not matching data/proto_train/pocket/1dq8_MAH_B_201_protein_refined.pdb
Failed loading<-data/proto_train/pocket/1dq8_MAH_B_201_protein_refined.pdb
ccd not matching data/proto_train/pocket/1e3g_R18_A_1000_protein_refined_reduce.pdb
Failed loading<-data/proto_train/pocket/1e3g_R18_A_1000_protein_refined_reduce.pdb
ccd not matching data/proto_train/pocket/1f73_HMN_C_702_protein_refined.pdb
Failed loading<-data/proto_train/pocket/1f73_HMN_C_702_protein_refined.pdb
ccd not matching data/proto_train/pocket/1ai2_NAP_A_417_protein_refined.pdb
Failed loading<-data/proto_train/pocket/1ai2_NAP_A_417_protein_refined.pdb
ccd not matching data/proto_train/pocket/1ajx_AH1_A_500_protein_refined_reduce.pdb
Failed loading<-data/proto_train/pocket/1ajx_AH1_A_500_protein_refined_reduce.pdb
ccd not matching data/proto_train/pocket/1d0o_INE_B_765_protein_refined_reduce.pdb
Failed loading<-data/proto_train/pocket/1d0o_INE_B_765_protein_refined_reduce.pdb
ccd not matching data/proto_train/pocket/1aku_FMN_A_150_protein_refined_reduce.pdb
Failed loading<-data/proto_train/pocket/1aku_FMN_A_150_protein_refined_reduce.pdb
ccd not matching data/proto_train/pocket/1eyk_AMP_A_341_protein_refined_reduce.pdb
Failed loading<-data/proto_train/pocket/1eyk_AMP_A_341_protein_refined_reduce.pdb
ccd not matching data/proto_train/pocket/1f4f_TP3_B_702_protein_refined_reduce.pdb
Failed loading<-data/proto_train/pocket/1f4f_TP3_B_702_protein_refined_reduce.pdb
ccd not matching data/proto_train/pocket/1c14_TCL_B_1502_protein_refined_reduce.pdb
Failed loading<-data/proto_train/pocket/1c14_TCL_B_1502_protein_refined_reduce.pdb
ccd not matching data/proto_train/pocket/1ahx_HCI_B_411_protein_refined_reduce.pdb
Failed loading<-data/proto_train/pocket/1ahx_HCI_B_411_protein_refined_reduce.pdb
ccd not matching data/proto_train/pocket/1a4r_GNH_B_400_protein_refined.pdb
Failed loading<-data/proto_train/pocket/1a4r_GNH_B_400_protein_refined.pdb
ccd not matching data/proto_train/pocket/1eei_GAA_H_508_protein_refined_reduce.pdb
Failed loading<-data/proto_train/pocket/1eei_GAA_H_508_protein_refined_reduce.pdb
ccd not matching data/proto_train/pocket/1ahy_MAE_A_411_protein_refined_reduce.pdb
Failed loading<-data/proto_train/pocket/1ahy_MAE_A_411_protein_refined_reduce.pdb
ccd not matching data/proto_train/pocket/1a4w_QWE_H_373_protein_refined.pdb
Failed loading<-data/proto_train/pocket/1a4w_QWE_H_373_protein_refined.pdb
ccd not matching data/proto_train/pocket/1bxo_PP7_A_324_protein_refined.pdb
Failed loading<-data/proto_train/pocket/1bxo_PP7_A_324_protein_refined.pdb
ccd not matching data/proto_train/pocket/1cs4_101_B_1082_protein_refined.pdb
Failed loading<-data/proto_train/pocket/1cs4_101_B_1082_protein_refined.pdb
ccd not matching data/proto_train/pocket/1bkj_FMN_B_241_protein_refined_reduce.pdb
Failed loading<-data/proto_train/pocket/1bkj_FMN_B_241_protein_refined_reduce.pdb
ccd not matching data/proto_train/pocket/1c1v_BAB_H_410_protein_refined_reduce.pdb
Failed loading<-data/proto_train/pocket/1c1v_BAB_H_410_protein_refined_reduce.pdb
ccd not matching data/proto_train/pocket/1c5r_ESI_A_246_protein_refined.pdb
Failed loading<-data/proto_train/pocket/1c5r_ESI_A_246_protein_refined.pdb
ccd not matching data/proto_train/pocket/1bl6_SB6_A_800_protein_refined_reduce.pdb
Failed loading<-data/proto_train/pocket/1bl6_SB6_A_800_protein_refined_reduce.pdb
ccd not matching data/proto_train/pocket/1cqp_803_B_311_protein_refined_reduce.pdb
Failed loading<-data/proto_train/pocket/1cqp_803_B_311_protein_refined_reduce.pdb
ccd not matching data/proto_train/pocket/1e3k_R18_B_1000_protein_refined.pdb
Failed loading<-data/proto_train/pocket/1e3k_R18_B_1000_protein_refined.pdb
ccd not matching data/proto_train/pocket/1cva_AZI_A_357_protein_refined_reduce.pdb
Failed loading<-data/proto_train/pocket/1cva_AZI_A_357_protein_refined_reduce.pdb
ccd not matching data/proto_train/pocket/1bqo_N25_B_401_protein_refined_reduce.pdb
Failed loading<-data/proto_train/pocket/1bqo_N25_B_401_protein_refined_reduce.pdb
ccd not matching data/proto_train/pocket/1els_PAH_A_439_protein_refined.pdb
Failed loading<-data/proto_train/pocket/1els_PAH_A_439_protein_refined.pdb
ccd not matching data/proto_train/pocket/1bzj_PIC_A_301_protein_refined.pdb
Failed loading<-data/proto_train/pocket/1bzj_PIC_A_301_protein_refined.pdb
ccd not matching data/proto_train/pocket/1bto_SSB_D_378_protein_refined_reduce.pdb
Failed loading<-data/proto_train/pocket/1bto_SSB_D_378_protein_refined_reduce.pdb
ccd not matching data/proto_train/pocket/1ed4_IPU_A_1830_protein_refined.pdb
Failed loading<-data/proto_train/pocket/1ed4_IPU_A_1830_protein_refined.pdb
ccd not matching data/proto_train/pocket/1b1h_LYS-LYS_B_1-3_protein_refined.pdb
Failed loading<-data/proto_train/pocket/1b1h_LYS-LYS_B_1-3_protein_refined.pdb
ccd not matching data/proto_train/pocket/1b8y_IN7_A_502_protein_refined_reduce.pdb
Failed loading<-data/proto_train/pocket/1b8y_IN7_A_502_protein_refined_reduce.pdb
ccd not matching data/proto_train/pocket/1d4j_MSC_B_501_protein_refined_reduce.pdb
Failed loading<-data/proto_train/pocket/1d4j_MSC_B_501_protein_refined_reduce.pdb
ccd not matching data/proto_train/pocket/1bnv_AL7_A_555_protein_refined.pdb
Failed loading<-data/proto_train/pocket/1bnv_AL7_A_555_protein_refined.pdb
ccd not matching data/proto_train/pocket/1cbr_REA_B_200_protein_refined.pdb
Failed loading<-data/proto_train/pocket/1cbr_REA_B_200_protein_refined.pdb
ccd not matching data/proto_train/pocket/1dvz_OFL_A_125_protein_refined.pdb
Failed loading<-data/proto_train/pocket/1dvz_OFL_A_125_protein_refined.pdb
ccd not matching data/proto_train/pocket/1f8d_9AM_A_0_protein_refined_reduce.pdb
Failed loading<-data/proto_train/pocket/1f8d_9AM_A_0_protein_refined_reduce.pdb
ccd not matching data/proto_train/pocket/1d6w_00R_A_380_protein_refined.pdb
Failed loading<-data/proto_train/pocket/1d6w_00R_A_380_protein_refined.pdb
ccd not matching data/proto_train/pocket/1axr_HTP_A_998_protein_refined.pdb
Failed loading<-data/proto_train/pocket/1axr_HTP_A_998_protein_refined.pdb
ccd not matching data/proto_train/pocket/1a69_FMB_C_240_protein_refined_reduce.pdb
Failed loading<-data/proto_train/pocket/1a69_FMB_C_240_protein_refined_reduce.pdb
ccd not matching data/proto_train/pocket/1e7b_HLT_B_4001_protein_refined.pdb
Failed loading<-data/proto_train/pocket/1e7b_HLT_B_4001_protein_refined.pdb
ccd not matching data/proto_train/pocket/1am1_ADP_A_300_protein_refined.pdb
Failed loading<-data/proto_train/pocket/1am1_ADP_A_300_protein_refined.pdb
ccd not matching data/proto_train/pocket/1ets_MID_H_1_protein_refined.pdb
Failed loading<-data/proto_train/pocket/1ets_MID_H_1_protein_refined.pdb
ccd not matching data/proto_train/pocket/1f2p_PHE_A_903_protein_refined_reduce.pdb
Failed loading<-data/proto_train/pocket/1f2p_PHE_A_903_protein_refined_reduce.pdb
ccd not matching data/proto_train/pocket/1cgl_0ED_B_1_protein_refined.pdb
Failed loading<-data/proto_train/pocket/1cgl_0ED_B_1_protein_refined.pdb
ccd not matching data/proto_train/pocket/1b6p_PI7_A_201_protein_refined_reduce.pdb
Failed loading<-data/proto_train/pocket/1b6p_PI7_A_201_protein_refined_reduce.pdb
ccd not matching data/proto_train/pocket/1atl_0QI_B_311_protein_refined.pdb
Failed loading<-data/proto_train/pocket/1atl_0QI_B_311_protein_refined.pdb
ccd not matching data/proto_train/pocket/1eei_GAA_F_506_protein_refined.pdb
Failed loading<-data/proto_train/pocket/1eei_GAA_F_506_protein_refined.pdb
ccd not matching data/proto_train/pocket/13gs_SAS_B_211_protein_refined_reduce.pdb
Failed loading<-data/proto_train/pocket/13gs_SAS_B_211_protein_refined_reduce.pdb
ccd not matching data/proto_train/pocket/1bzy_IMU_A_300_protein_refined_reduce.pdb
Failed loading<-data/proto_train/pocket/1bzy_IMU_A_300_protein_refined_reduce.pdb
ccd not matching data/proto_train/pocket/1d8a_TCL_A_502_protein_refined.pdb
Failed loading<-data/proto_train/pocket/1d8a_TCL_A_502_protein_refined.pdb
ccd not matching data/proto_train/pocket/1ets_MID_H_1_protein_refined_reduce.pdb
Failed loading<-data/proto_train/pocket/1ets_MID_H_1_protein_refined_reduce.pdb
ccd not matching data/proto_train/pocket/1b74_DGN_A_538_protein_refined.pdb
Failed loading<-data/proto_train/pocket/1b74_DGN_A_538_protein_refined.pdb
ccd not matching data/proto_train/pocket/1axz_GLA_A_401_protein_refined.pdb
Failed loading<-data/proto_train/pocket/1axz_GLA_A_401_protein_refined.pdb
ccd not matching data/proto_train/pocket/1dre_MTX_A_161_protein_refined_reduce.pdb
Failed loading<-data/proto_train/pocket/1dre_MTX_A_161_protein_refined_reduce.pdb
ccd not matching data/proto_train/pocket/1bwn_4IP_B_1_protein_refined_reduce.pdb
Failed loading<-data/proto_train/pocket/1bwn_4IP_B_1_protein_refined_reduce.pdb
ccd not matching data/proto_train/pocket/1ct8_TAA_D_551_protein_refined_reduce.pdb
Failed loading<-data/proto_train/pocket/1ct8_TAA_D_551_protein_refined_reduce.pdb
ccd not matching data/proto_train/pocket/1dqr_6PG_A_600_protein_refined.pdb
Failed loading<-data/proto_train/pocket/1dqr_6PG_A_600_protein_refined.pdb
ccd not matching data/proto_train/pocket/1eyk_AMP_A_341_protein_refined.pdb
Failed loading<-data/proto_train/pocket/1eyk_AMP_A_341_protein_refined.pdb
ccd not matching data/proto_train/pocket/1a7c_ACE-NH2_C_910-916_protein_refined_reduce.pdb
Failed loading<-data/proto_train/pocket/1a7c_ACE-NH2_C_910-916_protein_refined_reduce.pdb
ccd not matching data/proto_train/pocket/1a0t_GLC-FRU_C_1-2_protein_refined.pdb
Failed loading<-data/proto_train/pocket/1a0t_GLC-FRU_C_1-2_protein_refined.pdb
ccd not matching data/proto_train/pocket/1a4m_PRH_C_1354_protein_refined.pdb
Failed loading<-data/proto_train/pocket/1a4m_PRH_C_1354_protein_refined.pdb
ccd not matching data/proto_train/pocket/1f4g_TP4_A_601_protein_refined_reduce.pdb
Failed loading<-data/proto_train/pocket/1f4g_TP4_A_601_protein_refined_reduce.pdb
ccd not matching data/proto_train/pocket/1a4m_PRH_C_1354_protein_refined_reduce.pdb
Failed loading<-data/proto_train/pocket/1a4m_PRH_C_1354_protein_refined_reduce.pdb
ccd not matching data/proto_train/pocket/1cps_CPM_A_588_protein_refined_reduce.pdb
Failed loading<-data/proto_train/pocket/1cps_CPM_A_588_protein_refined_reduce.pdb
ccd not matching data/proto_train/pocket/1cil_ETS_A_263_protein_refined.pdb
Failed loading<-data/proto_train/pocket/1cil_ETS_A_263_protein_refined.pdb
ccd not matching data/proto_train/pocket/1dq8_MAH_B_201_protein_refined_reduce.pdb
Failed loading<-data/proto_train/pocket/1dq8_MAH_B_201_protein_refined_reduce.pdb
ccd not matching data/proto_train/pocket/1a08_ACE-DIP_D_100-103_protein_refined.pdb
Failed loading<-data/proto_train/pocket/1a08_ACE-DIP_D_100-103_protein_refined.pdb
ccd not matching data/proto_train/pocket/1d8f_SPI_B_901_protein_refined.pdb
Failed loading<-data/proto_train/pocket/1d8f_SPI_B_901_protein_refined.pdb
ccd not matching data/proto_train/pocket/1anf_GLC-GLC_B_1-2_protein_refined_reduce.pdb
Failed loading<-data/proto_train/pocket/1anf_GLC-GLC_B_1-2_protein_refined_reduce.pdb
ccd not matching data/proto_train/pocket/1a0t_GLC-FRU_C_1-2_protein_refined_reduce.pdb
Failed loading<-data/proto_train/pocket/1a0t_GLC-FRU_C_1-2_protein_refined_reduce.pdb
ccd not matching data/proto_train/pocket/1br5_NEO_A_500_protein_refined_reduce.pdb
Failed loading<-data/proto_train/pocket/1br5_NEO_A_500_protein_refined_reduce.pdb
ccd not matching data/proto_train/pocket/1exv_700_B_1862_protein_refined_reduce.pdb
Failed loading<-data/proto_train/pocket/1exv_700_B_1862_protein_refined_reduce.pdb
ccd not matching data/proto_train/pocket/1db4_8IN_A_200_protein_refined.pdb
Failed loading<-data/proto_train/pocket/1db4_8IN_A_200_protein_refined.pdb
ccd not matching data/proto_train/pocket/1duv_PSQ_I_403_protein_refined_reduce.pdb
Failed loading<-data/proto_train/pocket/1duv_PSQ_I_403_protein_refined_reduce.pdb
ccd not matching data/proto_train/pocket/1b3h_LYS-LYS_B_1-3_protein_refined_reduce.pdb
Failed loading<-data/proto_train/pocket/1b3h_LYS-LYS_B_1-3_protein_refined_reduce.pdb
ccd not matching data/proto_train/pocket/10gs_VWW_A_210_protein_refined_reduce.pdb
Failed loading<-data/proto_train/pocket/10gs_VWW_A_210_protein_refined_reduce.pdb
ccd not matching data/proto_train/pocket/1azm_AZM_A_262_protein_refined_reduce.pdb
Failed loading<-data/proto_train/pocket/1azm_AZM_A_262_protein_refined_reduce.pdb
ccd not matching data/proto_train/pocket/1bnw_TPD_A_555_protein_refined_reduce.pdb
Failed loading<-data/proto_train/pocket/1bnw_TPD_A_555_protein_refined_reduce.pdb
ccd not matching data/proto_train/pocket/1ag9_FMN_A_177_protein_refined_reduce.pdb
Failed loading<-data/proto_train/pocket/1ag9_FMN_A_177_protein_refined_reduce.pdb
ccd not matching data/proto_train/pocket/1am1_ADP_A_300_protein_refined_reduce.pdb
Failed loading<-data/proto_train/pocket/1am1_ADP_A_300_protein_refined_reduce.pdb
ccd not matching data/proto_train/pocket/1d0o_INE_B_765_protein_refined.pdb
Failed loading<-data/proto_train/pocket/1d0o_INE_B_765_protein_refined.pdb
ccd not matching data/proto_train/pocket/1d8a_TCL_B_504_protein_refined.pdb
Failed loading<-data/proto_train/pocket/1d8a_TCL_B_504_protein_refined.pdb
ccd not matching data/proto_train/pocket/1e7w_MTX_B_301_protein_refined.pdb
Failed loading<-data/proto_train/pocket/1e7w_MTX_B_301_protein_refined.pdb
ccd not matching data/proto_train/pocket/1djx_I3P_A_1_protein_refined_reduce.pdb
Failed loading<-data/proto_train/pocket/1djx_I3P_A_1_protein_refined_reduce.pdb
ccd not matching data/proto_train/pocket/1acj_THA_A_999_protein_refined_reduce.pdb
Failed loading<-data/proto_train/pocket/1acj_THA_A_999_protein_refined_reduce.pdb
ccd not matching data/proto_train/pocket/1bcj_NGA_1_1_protein_refined_reduce.pdb
Failed loading<-data/proto_train/pocket/1bcj_NGA_1_1_protein_refined_reduce.pdb
ccd not matching data/proto_train/pocket/1ahx_HCI_A_411_protein_refined.pdb
Failed loading<-data/proto_train/pocket/1ahx_HCI_A_411_protein_refined.pdb
ccd not matching data/proto_train/pocket/1ed5_NRG_B_2705_protein_refined.pdb
Failed loading<-data/proto_train/pocket/1ed5_NRG_B_2705_protein_refined.pdb
ccd not matching data/proto_train/pocket/1bl4_AP1_B_109_protein_refined.pdb
Failed loading<-data/proto_train/pocket/1bl4_AP1_B_109_protein_refined.pdb
ccd not matching data/proto_train/pocket/1dqx_BMP_B_602_protein_refined_reduce.pdb
Failed loading<-data/proto_train/pocket/1dqx_BMP_B_602_protein_refined_reduce.pdb
ccd not matching data/proto_train/pocket/1e9h_INR_C_1298_protein_refined.pdb
Failed loading<-data/proto_train/pocket/1e9h_INR_C_1298_protein_refined.pdb
ccd not matching data/proto_train/pocket/1c4u_IH1_2_370_protein_refined_reduce.pdb
Failed loading<-data/proto_train/pocket/1c4u_IH1_2_370_protein_refined_reduce.pdb
ccd not matching data/proto_train/pocket/1b9j_LYS-LYS_B_1-3_protein_refined_reduce.pdb
Failed loading<-data/proto_train/pocket/1b9j_LYS-LYS_B_1-3_protein_refined_reduce.pdb
ccd not matching data/proto_train/pocket/1f28_F89_C_403_protein_refined.pdb
Failed loading<-data/proto_train/pocket/1f28_F89_C_403_protein_refined.pdb
ccd not matching data/proto_train/pocket/1c0l_FLA_A_1364_protein_refined_reduce.pdb
Failed loading<-data/proto_train/pocket/1c0l_FLA_A_1364_protein_refined_reduce.pdb
ccd not matching data/proto_train/pocket/1c5c_TK4_L_1001_protein_refined_reduce.pdb
Failed loading<-data/proto_train/pocket/1c5c_TK4_L_1001_protein_refined_reduce.pdb
ccd not matching data/proto_train/pocket/1bzs_BSI_A_250_protein_refined.pdb
Failed loading<-data/proto_train/pocket/1bzs_BSI_A_250_protein_refined.pdb
ccd not matching data/proto_train/pocket/1fby_9CR_A_500_protein_refined.pdb
Failed loading<-data/proto_train/pocket/1fby_9CR_A_500_protein_refined.pdb
ccd not matching data/proto_train/pocket/1bv7_XV6_A_638_protein_refined_reduce.pdb
Failed loading<-data/proto_train/pocket/1bv7_XV6_A_638_protein_refined_reduce.pdb
ccd not matching data/proto_train/pocket/1eou_SMS_A_301_protein_refined_reduce.pdb
Failed loading<-data/proto_train/pocket/1eou_SMS_A_301_protein_refined_reduce.pdb
ccd not matching data/proto_train/pocket/1a4q_DPC_B_466_protein_refined_reduce.pdb
Failed loading<-data/proto_train/pocket/1a4q_DPC_B_466_protein_refined_reduce.pdb
ccd not matching data/proto_train/pocket/1bai_0Q4_A_125_protein_refined_reduce.pdb
Failed loading<-data/proto_train/pocket/1bai_0Q4_A_125_protein_refined_reduce.pdb
ccd not matching data/proto_train/pocket/1b58_LYS-LYS_B_1-3_protein_refined_reduce.pdb
Failed loading<-data/proto_train/pocket/1b58_LYS-LYS_B_1-3_protein_refined_reduce.pdb
ccd not matching data/proto_train/pocket/1b52_LYS-LYS_B_1-3_protein_refined.pdb
Failed loading<-data/proto_train/pocket/1b52_LYS-LYS_B_1-3_protein_refined.pdb
ccd not matching data/proto_train/pocket/1d6h_COA_A_390_protein_refined.pdb
Failed loading<-data/proto_train/pocket/1d6h_COA_A_390_protein_refined.pdb
ccd not matching data/proto_train/pocket/1bn1_AL5_A_555_protein_refined_reduce.pdb
Failed loading<-data/proto_train/pocket/1bn1_AL5_A_555_protein_refined_reduce.pdb
ccd not matching data/proto_train/pocket/1f7k_UMP_B_703_protein_refined.pdb
Failed loading<-data/proto_train/pocket/1f7k_UMP_B_703_protein_refined.pdb
ccd not matching data/proto_train/pocket/1cnw_EG1_A_555_protein_refined_reduce.pdb
Failed loading<-data/proto_train/pocket/1cnw_EG1_A_555_protein_refined_reduce.pdb
ccd not matching data/proto_train/pocket/1br6_PT1_A_301_protein_refined_reduce.pdb
Failed loading<-data/proto_train/pocket/1br6_PT1_A_301_protein_refined_reduce.pdb
ccd not matching data/proto_train/pocket/1bl4_AP1_A_108_protein_refined.pdb
Failed loading<-data/proto_train/pocket/1bl4_AP1_A_108_protein_refined.pdb
ccd not matching data/proto_train/pocket/1c7f_FMN_A_1149_protein_refined.pdb
Failed loading<-data/proto_train/pocket/1c7f_FMN_A_1149_protein_refined.pdb
ccd not matching data/proto_train/pocket/1bto_SSB_A_378_protein_refined_reduce.pdb
Failed loading<-data/proto_train/pocket/1bto_SSB_A_378_protein_refined_reduce.pdb
ccd not matching data/proto_train/pocket/1cea_ACA_A_90_protein_refined.pdb
Failed loading<-data/proto_train/pocket/1cea_ACA_A_90_protein_refined.pdb
ccd not matching data/proto_train/pocket/1eei_GAA_E_505_protein_refined_reduce.pdb
Failed loading<-data/proto_train/pocket/1eei_GAA_E_505_protein_refined_reduce.pdb
ccd not matching data/proto_train/pocket/1c8k_CPB_A_940_protein_refined.pdb
Failed loading<-data/proto_train/pocket/1c8k_CPB_A_940_protein_refined.pdb
ccd not matching data/proto_train/pocket/1d6h_COA_A_390_protein_refined_reduce.pdb
Failed loading<-data/proto_train/pocket/1d6h_COA_A_390_protein_refined_reduce.pdb
ccd not matching data/proto_train/pocket/1d4l_PI9_A_201_protein_refined_reduce.pdb
Failed loading<-data/proto_train/pocket/1d4l_PI9_A_201_protein_refined_reduce.pdb
ccd not matching data/proto_train/pocket/1b38_ATP_A_381_protein_refined.pdb
Failed loading<-data/proto_train/pocket/1b38_ATP_A_381_protein_refined.pdb
ccd not matching data/proto_train/pocket/1df1_ITU_B_1899_protein_refined_reduce.pdb
Failed loading<-data/proto_train/pocket/1df1_ITU_B_1899_protein_refined_reduce.pdb
ccd not matching data/proto_train/pocket/1ec0_BED_A_501_protein_refined.pdb
Failed loading<-data/proto_train/pocket/1ec0_BED_A_501_protein_refined.pdb
ccd not matching data/proto_train/pocket/1ai3_NDO_A_417_protein_refined.pdb
Failed loading<-data/proto_train/pocket/1ai3_NDO_A_417_protein_refined.pdb
ccd not matching data/proto_train/pocket/1e5a_TBP_A_999_protein_refined_reduce.pdb
Failed loading<-data/proto_train/pocket/1e5a_TBP_A_999_protein_refined_reduce.pdb
ccd not matching data/proto_train/pocket/1ahx_HCI_B_411_protein_refined.pdb
Failed loading<-data/proto_train/pocket/1ahx_HCI_B_411_protein_refined.pdb
ccd not matching data/proto_train/pocket/1bhf_ACE-ILE_I_251-255_protein_refined_reduce.pdb
Failed loading<-data/proto_train/pocket/1bhf_ACE-ILE_I_251-255_protein_refined_reduce.pdb
ccd not matching data/proto_train/pocket/1bzy_IMU_B_300_protein_refined.pdb
Failed loading<-data/proto_train/pocket/1bzy_IMU_B_300_protein_refined.pdb
ccd not matching data/proto_train/pocket/1afl_ATR_B_125_protein_refined.pdb
Failed loading<-data/proto_train/pocket/1afl_ATR_B_125_protein_refined.pdb
ccd not matching data/proto_train/pocket/1c88_OTA_A_301_protein_refined.pdb
Failed loading<-data/proto_train/pocket/1c88_OTA_A_301_protein_refined.pdb
ccd not matching data/proto_train/pocket/1dls_MTX_A_188_protein_refined_reduce.pdb
Failed loading<-data/proto_train/pocket/1dls_MTX_A_188_protein_refined_reduce.pdb
ccd not matching data/proto_train/pocket/1d7x_SPC_A_401_protein_refined.pdb
Failed loading<-data/proto_train/pocket/1d7x_SPC_A_401_protein_refined.pdb
ccd not matching data/proto_train/pocket/1c7e_FMN_A_1149_protein_refined_reduce.pdb
Failed loading<-data/proto_train/pocket/1c7e_FMN_A_1149_protein_refined_reduce.pdb
ccd not matching data/proto_train/pocket/1bir_2GP_B_107_protein_refined_reduce.pdb
Failed loading<-data/proto_train/pocket/1bir_2GP_B_107_protein_refined_reduce.pdb
ccd not matching data/proto_train/pocket/1d4l_PI9_A_201_protein_refined.pdb
Failed loading<-data/proto_train/pocket/1d4l_PI9_A_201_protein_refined.pdb
ccd not matching data/proto_train/pocket/1eyj_AMP_A_341_protein_refined.pdb
Failed loading<-data/proto_train/pocket/1eyj_AMP_A_341_protein_refined.pdb
ccd not matching data/proto_train/pocket/1f8b_DAN_A_0_protein_refined_reduce.pdb
Failed loading<-data/proto_train/pocket/1f8b_DAN_A_0_protein_refined_reduce.pdb
ccd not matching data/proto_train/pocket/1c70_L75_B_423_protein_refined.pdb
Failed loading<-data/proto_train/pocket/1c70_L75_B_423_protein_refined.pdb
ccd not matching data/proto_train/pocket/1efi_GAT_F_106_protein_refined.pdb
Failed loading<-data/proto_train/pocket/1efi_GAT_F_106_protein_refined.pdb
ccd not matching data/proto_train/pocket/1aoe_GW3_A_194_protein_refined.pdb
Failed loading<-data/proto_train/pocket/1aoe_GW3_A_194_protein_refined.pdb
ccd not matching data/proto_train/pocket/1efi_GAT_G_107_protein_refined.pdb
Failed loading<-data/proto_train/pocket/1efi_GAT_G_107_protein_refined.pdb
ccd not matching data/proto_train/pocket/1c84_761_A_301_protein_refined.pdb
Failed loading<-data/proto_train/pocket/1c84_761_A_301_protein_refined.pdb
ccd not matching data/proto_train/pocket/1e2l_TMC_B_500_protein_refined_reduce.pdb
Failed loading<-data/proto_train/pocket/1e2l_TMC_B_500_protein_refined_reduce.pdb
ccd not matching data/proto_train/pocket/188l_OXE_A_400_protein_refined.pdb
Failed loading<-data/proto_train/pocket/188l_OXE_A_400_protein_refined.pdb
ccd not matching data/proto_train/pocket/1dqx_BMP_D_604_protein_refined_reduce.pdb
Failed loading<-data/proto_train/pocket/1dqx_BMP_D_604_protein_refined_reduce.pdb
ccd not matching data/proto_train/pocket/1c50_CHI_A_920_protein_refined_reduce.pdb
Failed loading<-data/proto_train/pocket/1c50_CHI_A_920_protein_refined_reduce.pdb
ccd not matching data/proto_train/pocket/1eix_BMQ_D_1304_protein_refined_reduce.pdb
Failed loading<-data/proto_train/pocket/1eix_BMQ_D_1304_protein_refined_reduce.pdb
ccd not matching data/proto_train/pocket/1dy4_SNP_A_437_protein_refined_reduce.pdb
Failed loading<-data/proto_train/pocket/1dy4_SNP_A_437_protein_refined_reduce.pdb
ccd not matching data/proto_train/pocket/1dqx_BMP_C_603_protein_refined_reduce.pdb
Failed loading<-data/proto_train/pocket/1dqx_BMP_C_603_protein_refined_reduce.pdb
ccd not matching data/proto_train/pocket/1b42_M1A_A_600_protein_refined_reduce.pdb
Failed loading<-data/proto_train/pocket/1b42_M1A_A_600_protein_refined_reduce.pdb
ccd not matching data/proto_train/pocket/1f28_F89_C_403_protein_refined_reduce.pdb
Failed loading<-data/proto_train/pocket/1f28_F89_C_403_protein_refined_reduce.pdb
ccd not matching data/proto_train/pocket/1ai4_DHY_B_559_protein_refined.pdb
Failed loading<-data/proto_train/pocket/1ai4_DHY_B_559_protein_refined.pdb
ccd not matching data/proto_train/pocket/1drv_A3D_A_301_protein_refined_reduce.pdb
Failed loading<-data/proto_train/pocket/1drv_A3D_A_301_protein_refined_reduce.pdb
ccd not matching data/proto_train/pocket/1d2e_GDP_B_1302_protein_refined.pdb
Failed loading<-data/proto_train/pocket/1d2e_GDP_B_1302_protein_refined.pdb
ccd not matching data/proto_train/pocket/1cqe_FLP_B_2650_protein_refined.pdb
Failed loading<-data/proto_train/pocket/1cqe_FLP_B_2650_protein_refined.pdb
ccd not matching data/proto_train/pocket/1d0c_INE_A_760_protein_refined_reduce.pdb
Failed loading<-data/proto_train/pocket/1d0c_INE_A_760_protein_refined_reduce.pdb
ccd not matching data/proto_train/pocket/1c5w_ESI_B_251_protein_refined_reduce.pdb
Failed loading<-data/proto_train/pocket/1c5w_ESI_B_251_protein_refined_reduce.pdb
ccd not matching data/proto_train/pocket/1dhj_MTX_B_361_protein_refined_reduce.pdb
Failed loading<-data/proto_train/pocket/1dhj_MTX_B_361_protein_refined_reduce.pdb
ccd not matching data/proto_train/pocket/1e1v_CMG_A_401_protein_refined.pdb
Failed loading<-data/proto_train/pocket/1e1v_CMG_A_401_protein_refined.pdb
ccd not matching data/proto_train/pocket/1f3f_D4T_A_160_protein_refined_reduce.pdb
Failed loading<-data/proto_train/pocket/1f3f_D4T_A_160_protein_refined_reduce.pdb
ccd not matching data/proto_train/pocket/1eb2_BPO_A_1248_protein_refined_reduce.pdb
Failed loading<-data/proto_train/pocket/1eb2_BPO_A_1248_protein_refined_reduce.pdb
ccd not matching data/proto_train/pocket/1b74_DGN_A_538_protein_refined_reduce.pdb
Failed loading<-data/proto_train/pocket/1b74_DGN_A_538_protein_refined_reduce.pdb
ccd not matching data/proto_train/pocket/1bm7_FLF_A_501_protein_refined_reduce.pdb
Failed loading<-data/proto_train/pocket/1bm7_FLF_A_501_protein_refined_reduce.pdb
ccd not matching data/proto_train/pocket/1eix_BMQ_C_1303_protein_refined_reduce.pdb
Failed loading<-data/proto_train/pocket/1eix_BMQ_C_1303_protein_refined_reduce.pdb
ccd not matching data/proto_train/pocket/1a4w_QWE_H_373_protein_refined_reduce.pdb
Failed loading<-data/proto_train/pocket/1a4w_QWE_H_373_protein_refined_reduce.pdb
ccd not matching data/proto_train/pocket/1c86_OPA_A_301_protein_refined.pdb
Failed loading<-data/proto_train/pocket/1c86_OPA_A_301_protein_refined.pdb
ccd not matching data/proto_train/pocket/1ecq_DXG_A_499_protein_refined_reduce.pdb
Failed loading<-data/proto_train/pocket/1ecq_DXG_A_499_protein_refined_reduce.pdb
ccd not matching data/proto_train/pocket/1e2k_TMC_A_500_protein_refined.pdb
Failed loading<-data/proto_train/pocket/1e2k_TMC_A_500_protein_refined.pdb
ccd not matching data/proto_train/pocket/1e4x_VAL-ASP_P_1-7_protein_refined.pdb
Failed loading<-data/proto_train/pocket/1e4x_VAL-ASP_P_1-7_protein_refined.pdb
ccd not matching data/proto_train/pocket/1f8a_TYR-SER_C_170-176_protein_refined_reduce.pdb
Failed loading<-data/proto_train/pocket/1f8a_TYR-SER_C_170-176_protein_refined_reduce.pdb
ccd not matching data/proto_train/pocket/1ecv_878_A_301_protein_refined_reduce.pdb
Failed loading<-data/proto_train/pocket/1ecv_878_A_301_protein_refined_reduce.pdb
ccd not matching data/proto_train/pocket/1cqe_FLP_A_1650_protein_refined.pdb
Failed loading<-data/proto_train/pocket/1cqe_FLP_A_1650_protein_refined.pdb
ccd not matching data/proto_train/pocket/1d8a_TCL_A_502_protein_refined_reduce.pdb
Failed loading<-data/proto_train/pocket/1d8a_TCL_A_502_protein_refined_reduce.pdb
ccd not matching data/proto_train/pocket/1dqa_MAH_C_204_protein_refined.pdb
Failed loading<-data/proto_train/pocket/1dqa_MAH_C_204_protein_refined.pdb
ccd not matching data/proto_train/pocket/1fcy_564_A_450_protein_refined.pdb
Failed loading<-data/proto_train/pocket/1fcy_564_A_450_protein_refined.pdb
ccd not matching data/proto_train/pocket/1d4k_PI8_A_201_protein_refined_reduce.pdb
Failed loading<-data/proto_train/pocket/1d4k_PI8_A_201_protein_refined_reduce.pdb
ccd not matching data/proto_train/pocket/1efi_GAT_F_106_protein_refined_reduce.pdb
Failed loading<-data/proto_train/pocket/1efi_GAT_F_106_protein_refined_reduce.pdb
ccd not matching data/proto_train/pocket/1bnu_AL3_A_555_protein_refined.pdb
Failed loading<-data/proto_train/pocket/1bnu_AL3_A_555_protein_refined.pdb
ccd not matching data/proto_train/pocket/1am6_HAE_A_555_protein_refined.pdb
Failed loading<-data/proto_train/pocket/1am6_HAE_A_555_protein_refined.pdb
ccd not matching data/proto_train/pocket/1dqa_MAH_D_203_protein_refined_reduce.pdb
Failed loading<-data/proto_train/pocket/1dqa_MAH_D_203_protein_refined_reduce.pdb
ccd not matching data/proto_train/pocket/1ew9_MMQ_A_559_protein_refined_reduce.pdb
Failed loading<-data/proto_train/pocket/1ew9_MMQ_A_559_protein_refined_reduce.pdb
ccd not matching data/proto_train/pocket/1elb_0Z4_A_256_protein_refined_reduce.pdb
Failed loading<-data/proto_train/pocket/1elb_0Z4_A_256_protein_refined_reduce.pdb
ccd not matching data/proto_train/pocket/1b39_ATP_A_381_protein_refined.pdb
Failed loading<-data/proto_train/pocket/1b39_ATP_A_381_protein_refined.pdb
ccd not matching data/proto_train/pocket/1e4h_PBR_B_999_protein_refined_reduce.pdb
Failed loading<-data/proto_train/pocket/1e4h_PBR_B_999_protein_refined_reduce.pdb
ccd not matching data/proto_train/pocket/1efi_GAT_D_104_protein_refined.pdb
Failed loading<-data/proto_train/pocket/1efi_GAT_D_104_protein_refined.pdb
ccd not matching data/proto_train/pocket/1ag9_FMN_B_177_protein_refined.pdb
Failed loading<-data/proto_train/pocket/1ag9_FMN_B_177_protein_refined.pdb
ccd not matching data/proto_train/pocket/1ceb_AMH_B_90_protein_refined_reduce.pdb
Failed loading<-data/proto_train/pocket/1ceb_AMH_B_90_protein_refined_reduce.pdb
ccd not matching data/proto_train/pocket/1dds_MTX_B_201_protein_refined_reduce.pdb
Failed loading<-data/proto_train/pocket/1dds_MTX_B_201_protein_refined_reduce.pdb
ccd not matching data/proto_train/pocket/1efi_GAT_D_104_protein_refined_reduce.pdb
Failed loading<-data/proto_train/pocket/1efi_GAT_D_104_protein_refined_reduce.pdb
ccd not matching data/proto_train/pocket/1a4q_DPC_B_466_protein_refined.pdb
Failed loading<-data/proto_train/pocket/1a4q_DPC_B_466_protein_refined.pdb
ccd not matching data/proto_train/pocket/1bv9_XV6_A_638_protein_refined.pdb
Failed loading<-data/proto_train/pocket/1bv9_XV6_A_638_protein_refined.pdb
ccd not matching data/proto_train/pocket/1bwn_4IP_B_172_protein_refined.pdb
Failed loading<-data/proto_train/pocket/1bwn_4IP_B_172_protein_refined.pdb
ccd not matching data/proto_train/pocket/1e6s_GOX_M_921_protein_refined.pdb
Failed loading<-data/proto_train/pocket/1e6s_GOX_M_921_protein_refined.pdb
ccd not matching data/proto_train/pocket/1czl_FMN_A_170_protein_refined_reduce.pdb
Failed loading<-data/proto_train/pocket/1czl_FMN_A_170_protein_refined_reduce.pdb
ccd not matching data/proto_train/pocket/1d8m_BBH_B_901_protein_refined_reduce.pdb
Failed loading<-data/proto_train/pocket/1d8m_BBH_B_901_protein_refined_reduce.pdb
ccd not matching data/proto_train/pocket/1ao8_MTX_A_170_protein_refined.pdb
Failed loading<-data/proto_train/pocket/1ao8_MTX_A_170_protein_refined.pdb
ccd not matching data/proto_train/pocket/1ele_0QN_E_256_protein_refined.pdb
Failed loading<-data/proto_train/pocket/1ele_0QN_E_256_protein_refined.pdb
ccd not matching data/proto_train/pocket/1ew8_PAE_A_556_protein_refined.pdb
Failed loading<-data/proto_train/pocket/1ew8_PAE_A_556_protein_refined.pdb
ccd not matching data/proto_train/pocket/1bjv_GP8_A_900_protein_refined.pdb
Failed loading<-data/proto_train/pocket/1bjv_GP8_A_900_protein_refined.pdb
ccd not matching data/proto_train/pocket/1dth_BAT_B_973_protein_refined_reduce.pdb
Failed loading<-data/proto_train/pocket/1dth_BAT_B_973_protein_refined_reduce.pdb
ccd not matching data/proto_train/pocket/1eei_GAA_D_504_protein_refined.pdb
Failed loading<-data/proto_train/pocket/1eei_GAA_D_504_protein_refined.pdb
ccd not matching data/proto_train/pocket/1a08_ACE-DIP_C_100-103_protein_refined_reduce.pdb
Failed loading<-data/proto_train/pocket/1a08_ACE-DIP_C_100-103_protein_refined_reduce.pdb
ccd not matching data/proto_train/pocket/1ele_0QN_E_256_protein_refined_reduce.pdb
Failed loading<-data/proto_train/pocket/1ele_0QN_E_256_protein_refined_reduce.pdb
ccd not matching data/proto_train/pocket/1e9h_INR_A_1298_protein_refined_reduce.pdb
Failed loading<-data/proto_train/pocket/1e9h_INR_A_1298_protein_refined_reduce.pdb
ccd not matching data/proto_train/pocket/1efy_BZC_A_201_protein_refined.pdb
Failed loading<-data/proto_train/pocket/1efy_BZC_A_201_protein_refined.pdb
ccd not matching data/proto_train/pocket/1b52_LYS-LYS_B_1-3_protein_refined_reduce.pdb
Failed loading<-data/proto_train/pocket/1b52_LYS-LYS_B_1-3_protein_refined_reduce.pdb
ccd not matching data/proto_train/pocket/1cea_ACA_B_90_protein_refined.pdb
Failed loading<-data/proto_train/pocket/1cea_ACA_B_90_protein_refined.pdb
ccd not matching data/proto_train/pocket/1dmy_AZM_A_400_protein_refined.pdb
Failed loading<-data/proto_train/pocket/1dmy_AZM_A_400_protein_refined.pdb
ccd not matching data/proto_train/pocket/1b8o_IMH_A_600_protein_refined.pdb
Failed loading<-data/proto_train/pocket/1b8o_IMH_A_600_protein_refined.pdb
ccd not matching data/proto_train/pocket/1drh_NAP_A_164_protein_refined_reduce.pdb
Failed loading<-data/proto_train/pocket/1drh_NAP_A_164_protein_refined_reduce.pdb
ccd not matching data/proto_train/pocket/1dhi_MTX_A_161_protein_refined_reduce.pdb
Failed loading<-data/proto_train/pocket/1dhi_MTX_A_161_protein_refined_reduce.pdb
ccd not matching data/proto_train/pocket/1ere_EST_B_600_protein_refined_reduce.pdb
Failed loading<-data/proto_train/pocket/1ere_EST_B_600_protein_refined_reduce.pdb
ccd not matching data/proto_train/pocket/1a69_FMB_B_240_protein_refined_reduce.pdb
Failed loading<-data/proto_train/pocket/1a69_FMB_B_240_protein_refined_reduce.pdb
ccd not matching data/proto_train/pocket/1cgl_0ED_B_1_protein_refined_reduce.pdb
Failed loading<-data/proto_train/pocket/1cgl_0ED_B_1_protein_refined_reduce.pdb
ccd not matching data/proto_train/pocket/1c5y_ESP_B_251_protein_refined_reduce.pdb
Failed loading<-data/proto_train/pocket/1c5y_ESP_B_251_protein_refined_reduce.pdb
ccd not matching data/proto_train/pocket/1ccw_TAR_B_900_protein_refined.pdb
Failed loading<-data/proto_train/pocket/1ccw_TAR_B_900_protein_refined.pdb
ccd not matching data/proto_train/pocket/1cmp_DMI_A_295_protein_refined_reduce.pdb
Failed loading<-data/proto_train/pocket/1cmp_DMI_A_295_protein_refined_reduce.pdb
ccd not matching data/proto_train/pocket/1bto_SSB_C_378_protein_refined.pdb
Failed loading<-data/proto_train/pocket/1bto_SSB_C_378_protein_refined.pdb
ccd not matching data/proto_train/pocket/1f4x_MGS_H_301_protein_refined_reduce.pdb
Failed loading<-data/proto_train/pocket/1f4x_MGS_H_301_protein_refined_reduce.pdb
ccd not matching data/proto_train/pocket/1c0i_BE2_A_1364_protein_refined_reduce.pdb
Failed loading<-data/proto_train/pocket/1c0i_BE2_A_1364_protein_refined_reduce.pdb
ccd not matching data/proto_train/pocket/1em6_CP4_A_862_protein_refined.pdb
Failed loading<-data/proto_train/pocket/1em6_CP4_A_862_protein_refined.pdb
ccd not matching data/proto_train/pocket/1btn_I3P_A_107_protein_refined.pdb
Failed loading<-data/proto_train/pocket/1btn_I3P_A_107_protein_refined.pdb
ccd not matching data/proto_train/pocket/1a4g_ZMR_B_466_protein_refined_reduce.pdb
Failed loading<-data/proto_train/pocket/1a4g_ZMR_B_466_protein_refined_reduce.pdb
ccd not matching data/proto_train/pocket/1c88_OTA_A_301_protein_refined_reduce.pdb
Failed loading<-data/proto_train/pocket/1c88_OTA_A_301_protein_refined_reduce.pdb
ccd not matching data/proto_train/pocket/1b5j_LYS-LYS_B_1-3_protein_refined.pdb
Failed loading<-data/proto_train/pocket/1b5j_LYS-LYS_B_1-3_protein_refined.pdb
ccd not matching data/proto_train/pocket/1a7x_FKA_B_201_protein_refined_reduce.pdb
Failed loading<-data/proto_train/pocket/1a7x_FKA_B_201_protein_refined_reduce.pdb
ccd not matching data/proto_train/pocket/1a0q_HEP_H_214_protein_refined.pdb
Failed loading<-data/proto_train/pocket/1a0q_HEP_H_214_protein_refined.pdb
ccd not matching data/proto_train/pocket/1bxq_PP8_A_324_protein_refined_reduce.pdb
Failed loading<-data/proto_train/pocket/1bxq_PP8_A_324_protein_refined_reduce.pdb
ccd not matching data/proto_train/pocket/1bnt_AL2_A_555_protein_refined_reduce.pdb
Failed loading<-data/proto_train/pocket/1bnt_AL2_A_555_protein_refined_reduce.pdb
ccd not matching data/proto_train/pocket/1dub_CAA_F_300_protein_refined.pdb
Failed loading<-data/proto_train/pocket/1dub_CAA_F_300_protein_refined.pdb
ccd not matching data/proto_train/pocket/1d09_PAL_C_1312_protein_refined.pdb
Failed loading<-data/proto_train/pocket/1d09_PAL_C_1312_protein_refined.pdb
ccd not matching data/proto_train/pocket/1bnq_AL4_A_555_protein_refined_reduce.pdb
Failed loading<-data/proto_train/pocket/1bnq_AL4_A_555_protein_refined_reduce.pdb
ccd not matching data/proto_train/pocket/1cjb_IRP_A_300_protein_refined_reduce.pdb
Failed loading<-data/proto_train/pocket/1cjb_IRP_A_300_protein_refined_reduce.pdb
ccd not matching data/proto_train/pocket/1add_1DA_A_353_protein_refined_reduce.pdb
Failed loading<-data/proto_train/pocket/1add_1DA_A_353_protein_refined_reduce.pdb
ccd not matching data/proto_train/pocket/1e4h_PBR_A_998_protein_refined.pdb
Failed loading<-data/proto_train/pocket/1e4h_PBR_A_998_protein_refined.pdb
ccd not matching data/proto_train/pocket/1cm0_COA_A_701_protein_refined_reduce.pdb
Failed loading<-data/proto_train/pocket/1cm0_COA_A_701_protein_refined_reduce.pdb
ccd not matching data/proto_train/pocket/1c14_TCL_B_1502_protein_refined.pdb
Failed loading<-data/proto_train/pocket/1c14_TCL_B_1502_protein_refined.pdb
ccd not matching data/proto_train/pocket/1e2p_CCV_B_500_protein_refined_reduce.pdb
Failed loading<-data/proto_train/pocket/1e2p_CCV_B_500_protein_refined_reduce.pdb
ccd not matching data/proto_train/pocket/1ere_EST_A_600_protein_refined_reduce.pdb
Failed loading<-data/proto_train/pocket/1ere_EST_A_600_protein_refined_reduce.pdb
ccd not matching data/proto_train/pocket/1c1v_BAB_H_410_protein_refined.pdb
Failed loading<-data/proto_train/pocket/1c1v_BAB_H_410_protein_refined.pdb
ccd not matching data/proto_train/pocket/1ed4_IPU_B_1840_protein_refined_reduce.pdb
Failed loading<-data/proto_train/pocket/1ed4_IPU_B_1840_protein_refined_reduce.pdb
ccd not matching data/proto_train/pocket/1c5n_ESI_H_522_protein_refined.pdb
Failed loading<-data/proto_train/pocket/1c5n_ESI_H_522_protein_refined.pdb
ccd not matching data/proto_train/pocket/1apu_IVA-32L_I_4-1_protein_refined.pdb
Failed loading<-data/proto_train/pocket/1apu_IVA-32L_I_4-1_protein_refined.pdb
ccd not matching data/proto_train/pocket/1ai3_NDO_A_417_protein_refined_reduce.pdb
Failed loading<-data/proto_train/pocket/1ai3_NDO_A_417_protein_refined_reduce.pdb
ccd not matching data/proto_train/pocket/1chm_CMS_A_404_protein_refined.pdb
Failed loading<-data/proto_train/pocket/1chm_CMS_A_404_protein_refined.pdb
ccd not matching data/proto_train/pocket/1a9q_HPA_A_290_protein_refined_reduce.pdb
Failed loading<-data/proto_train/pocket/1a9q_HPA_A_290_protein_refined_reduce.pdb
ccd not matching data/proto_train/pocket/1cea_ACA_B_90_protein_refined_reduce.pdb
Failed loading<-data/proto_train/pocket/1cea_ACA_B_90_protein_refined_reduce.pdb
ccd not matching data/proto_train/pocket/1f5f_DHT_A_253_protein_refined.pdb
Failed loading<-data/proto_train/pocket/1f5f_DHT_A_253_protein_refined.pdb
ccd not matching data/proto_train/pocket/1a0t_GLC-FRU_E_1-2_protein_refined.pdb
Failed loading<-data/proto_train/pocket/1a0t_GLC-FRU_E_1-2_protein_refined.pdb
ccd not matching data/proto_train/pocket/1ax2_NDG-GAL_C_1-2_protein_refined_reduce.pdb
Failed loading<-data/proto_train/pocket/1ax2_NDG-GAL_C_1-2_protein_refined_reduce.pdb
ccd not matching data/proto_train/pocket/1f5f_DHT_A_253_protein_refined_reduce.pdb
Failed loading<-data/proto_train/pocket/1f5f_DHT_A_253_protein_refined_reduce.pdb
ccd not matching data/proto_train/pocket/1ere_EST_A_600_protein_refined.pdb
Failed loading<-data/proto_train/pocket/1ere_EST_A_600_protein_refined.pdb
ccd not matching data/proto_train/pocket/1eix_BMQ_C_1303_protein_refined.pdb
Failed loading<-data/proto_train/pocket/1eix_BMQ_C_1303_protein_refined.pdb
ccd not matching data/proto_train/pocket/1bn3_AL6_A_555_protein_refined.pdb
Failed loading<-data/proto_train/pocket/1bn3_AL6_A_555_protein_refined.pdb
ccd not matching data/proto_train/pocket/1ce5_BEN_A_703_protein_refined_reduce.pdb
Failed loading<-data/proto_train/pocket/1ce5_BEN_A_703_protein_refined_reduce.pdb
ccd not matching data/proto_train/pocket/1chm_CMS_B_404_protein_refined.pdb
Failed loading<-data/proto_train/pocket/1chm_CMS_B_404_protein_refined.pdb
ccd not matching data/proto_train/pocket/1cfv_E3G_H_200_protein_refined.pdb
Failed loading<-data/proto_train/pocket/1cfv_E3G_H_200_protein_refined.pdb
ccd not matching data/proto_train/pocket/1a94_0Q4_E_100_protein_refined_reduce.pdb
Failed loading<-data/proto_train/pocket/1a94_0Q4_E_100_protein_refined_reduce.pdb
ccd not matching data/proto_train/pocket/1caq_DPS_A_502_protein_refined.pdb
Failed loading<-data/proto_train/pocket/1caq_DPS_A_502_protein_refined.pdb
ccd not matching data/proto_train/pocket/1b2h_LYS-LYS_B_1-3_protein_refined_reduce.pdb
Failed loading<-data/proto_train/pocket/1b2h_LYS-LYS_B_1-3_protein_refined_reduce.pdb
ccd not matching data/proto_train/pocket/1cea_ACA_A_90_protein_refined_reduce.pdb
Failed loading<-data/proto_train/pocket/1cea_ACA_A_90_protein_refined_reduce.pdb
ccd not matching data/proto_train/pocket/1c2d_BAK_A_246_protein_refined.pdb
Failed loading<-data/proto_train/pocket/1c2d_BAK_A_246_protein_refined.pdb
ccd not matching data/proto_train/pocket/1cx9_NHP_A_270_protein_refined.pdb
Failed loading<-data/proto_train/pocket/1cx9_NHP_A_270_protein_refined.pdb
ccd not matching data/proto_train/pocket/1fax_DX9_A_265_protein_refined_reduce.pdb
Failed loading<-data/proto_train/pocket/1fax_DX9_A_265_protein_refined_reduce.pdb
ccd not matching data/proto_train/pocket/1b6h_LYS-LYS_B_1-3_protein_refined.pdb
Failed loading<-data/proto_train/pocket/1b6h_LYS-LYS_B_1-3_protein_refined.pdb
ccd not matching data/proto_train/pocket/1anf_GLC-GLC_B_1-2_protein_refined.pdb
Failed loading<-data/proto_train/pocket/1anf_GLC-GLC_B_1-2_protein_refined.pdb
ccd not matching data/proto_train/pocket/1egh_PGA_A_201_protein_refined.pdb
Failed loading<-data/proto_train/pocket/1egh_PGA_A_201_protein_refined.pdb
ccd not matching data/proto_train/pocket/1e7b_HLT_B_4001_protein_refined_reduce.pdb
Failed loading<-data/proto_train/pocket/1e7b_HLT_B_4001_protein_refined_reduce.pdb
ccd not matching data/proto_train/pocket/1dar_GDP_A_692_protein_refined.pdb
Failed loading<-data/proto_train/pocket/1dar_GDP_A_692_protein_refined.pdb
ccd not matching data/proto_train/pocket/1bcj_NGA_3_1_protein_refined_reduce.pdb
Failed loading<-data/proto_train/pocket/1bcj_NGA_3_1_protein_refined_reduce.pdb
ccd not matching data/proto_train/pocket/1b58_LYS-LYS_B_1-3_protein_refined.pdb
Failed loading<-data/proto_train/pocket/1b58_LYS-LYS_B_1-3_protein_refined.pdb
ccd not matching data/proto_train/pocket/1bmn_BM9_H_1_protein_refined.pdb
Failed loading<-data/proto_train/pocket/1bmn_BM9_H_1_protein_refined.pdb
ccd not matching data/proto_train/pocket/1eli_PYC_A_801_protein_refined.pdb
Failed loading<-data/proto_train/pocket/1eli_PYC_A_801_protein_refined.pdb
ccd not matching data/proto_train/pocket/1czk_FMN_A_170_protein_refined_reduce.pdb
Failed loading<-data/proto_train/pocket/1czk_FMN_A_170_protein_refined_reduce.pdb
ccd not matching data/proto_train/pocket/1eve_E20_A_2001_protein_refined.pdb
Failed loading<-data/proto_train/pocket/1eve_E20_A_2001_protein_refined.pdb
ccd not matching data/proto_train/pocket/1b8o_IMH_A_600_protein_refined_reduce.pdb
Failed loading<-data/proto_train/pocket/1b8o_IMH_A_600_protein_refined_reduce.pdb
ccd not matching data/proto_train/pocket/1af6_GLC-FRU_E_1-2_protein_refined.pdb
Failed loading<-data/proto_train/pocket/1af6_GLC-FRU_E_1-2_protein_refined.pdb
ccd not matching data/proto_train/pocket/1bju_GP6_A_910_protein_refined.pdb
Failed loading<-data/proto_train/pocket/1bju_GP6_A_910_protein_refined.pdb
ccd not matching data/proto_train/pocket/1d0o_INE_A_766_protein_refined.pdb
Failed loading<-data/proto_train/pocket/1d0o_INE_A_766_protein_refined.pdb
ccd not matching data/proto_train/pocket/1cb7_TAR_D_900_protein_refined.pdb
Failed loading<-data/proto_train/pocket/1cb7_TAR_D_900_protein_refined.pdb
ccd not matching data/proto_train/pocket/1ec0_BED_A_501_protein_refined_reduce.pdb
Failed loading<-data/proto_train/pocket/1ec0_BED_A_501_protein_refined_reduce.pdb
ccd not matching data/proto_train/pocket/1eou_SMS_A_301_protein_refined.pdb
Failed loading<-data/proto_train/pocket/1eou_SMS_A_301_protein_refined.pdb
ccd not matching data/proto_train/pocket/183l_DEN_A_400_protein_refined_reduce.pdb
Failed loading<-data/proto_train/pocket/183l_DEN_A_400_protein_refined_reduce.pdb
ccd not matching data/proto_train/pocket/1af6_GLC-FRU_F_1-2_protein_refined_reduce.pdb
Failed loading<-data/proto_train/pocket/1af6_GLC-FRU_F_1-2_protein_refined_reduce.pdb
ccd not matching data/proto_train/pocket/1cx9_NHP_A_270_protein_refined_reduce.pdb
Failed loading<-data/proto_train/pocket/1cx9_NHP_A_270_protein_refined_reduce.pdb
ccd not matching data/proto_train/pocket/185l_IND_A_400_protein_refined.pdb
Failed loading<-data/proto_train/pocket/185l_IND_A_400_protein_refined.pdb
ccd not matching data/proto_train/pocket/1dmy_AZM_A_400_protein_refined_reduce.pdb
Failed loading<-data/proto_train/pocket/1dmy_AZM_A_400_protein_refined_reduce.pdb
ccd not matching data/proto_train/pocket/1eqh_FLP_A_701_protein_refined_reduce.pdb
Failed loading<-data/proto_train/pocket/1eqh_FLP_A_701_protein_refined_reduce.pdb
ccd not matching data/proto_train/pocket/1eoc_4NC_B_999_protein_refined_reduce.pdb
Failed loading<-data/proto_train/pocket/1eoc_4NC_B_999_protein_refined_reduce.pdb
ccd not matching data/proto_train/pocket/184l_I4B_A_401_protein_refined.pdb
Failed loading<-data/proto_train/pocket/184l_I4B_A_401_protein_refined.pdb
ccd not matching data/proto_train/pocket/1axz_GLA_A_401_protein_refined_reduce.pdb
Failed loading<-data/proto_train/pocket/1axz_GLA_A_401_protein_refined_reduce.pdb
ccd not matching data/proto_train/pocket/1akr_FMN_A_149_protein_refined_reduce.pdb
Failed loading<-data/proto_train/pocket/1akr_FMN_A_149_protein_refined_reduce.pdb
ccd not matching data/proto_train/pocket/1bzs_BSI_A_250_protein_refined_reduce.pdb
Failed loading<-data/proto_train/pocket/1bzs_BSI_A_250_protein_refined_reduce.pdb
ccd not matching data/proto_train/pocket/184l_I4B_A_401_protein_refined_reduce.pdb
Failed loading<-data/proto_train/pocket/184l_I4B_A_401_protein_refined_reduce.pdb
ccd not matching data/proto_train/pocket/1f4e_TPR_A_302_protein_refined.pdb
Failed loading<-data/proto_train/pocket/1f4e_TPR_A_302_protein_refined.pdb
ccd not matching data/proto_train/pocket/1dqn_IMU_B_301_protein_refined_reduce.pdb
Failed loading<-data/proto_train/pocket/1dqn_IMU_B_301_protein_refined_reduce.pdb
ccd not matching data/proto_train/pocket/1c70_L75_B_423_protein_refined_reduce.pdb
Failed loading<-data/proto_train/pocket/1c70_L75_B_423_protein_refined_reduce.pdb
ccd not matching data/proto_train/pocket/1c14_TCL_A_502_protein_refined.pdb
Failed loading<-data/proto_train/pocket/1c14_TCL_A_502_protein_refined.pdb
ccd not matching data/proto_train/pocket/1ere_EST_D_600_protein_refined_reduce.pdb
Failed loading<-data/proto_train/pocket/1ere_EST_D_600_protein_refined_reduce.pdb
ccd not matching data/proto_train/pocket/1e5a_TBP_B_999_protein_refined_reduce.pdb
Failed loading<-data/proto_train/pocket/1e5a_TBP_B_999_protein_refined_reduce.pdb
ccd not matching data/proto_train/pocket/1a50_FIP_A_270_protein_refined.pdb
Failed loading<-data/proto_train/pocket/1a50_FIP_A_270_protein_refined.pdb
ccd not matching data/proto_train/pocket/1c3v_NDP_B_1301_protein_refined_reduce.pdb
Failed loading<-data/proto_train/pocket/1c3v_NDP_B_1301_protein_refined_reduce.pdb
ccd not matching data/proto_train/pocket/1a4r_GDP_A_200_protein_refined.pdb
Failed loading<-data/proto_train/pocket/1a4r_GDP_A_200_protein_refined.pdb
ccd not matching data/proto_train/pocket/1djx_I3P_B_1_protein_refined_reduce.pdb
Failed loading<-data/proto_train/pocket/1djx_I3P_B_1_protein_refined_reduce.pdb
ccd not matching data/proto_train/pocket/1bmk_SB5_A_800_protein_refined.pdb
Failed loading<-data/proto_train/pocket/1bmk_SB5_A_800_protein_refined.pdb
ccd not matching data/proto_train/pocket/1eld_0Z0_E_256_protein_refined_reduce.pdb
Failed loading<-data/proto_train/pocket/1eld_0Z0_E_256_protein_refined_reduce.pdb
ccd not matching data/proto_train/pocket/1e7w_MTX_A_301_protein_refined.pdb
Failed loading<-data/proto_train/pocket/1e7w_MTX_A_301_protein_refined.pdb
ccd not matching data/proto_train/pocket/1bxo_PP7_A_324_protein_refined_reduce.pdb
Failed loading<-data/proto_train/pocket/1bxo_PP7_A_324_protein_refined_reduce.pdb
ccd not matching data/proto_train/pocket/1bv7_XV6_A_638_protein_refined.pdb
Failed loading<-data/proto_train/pocket/1bv7_XV6_A_638_protein_refined.pdb
ccd not matching data/proto_train/pocket/1di8_DTQ_A_500_protein_refined.pdb
Failed loading<-data/proto_train/pocket/1di8_DTQ_A_500_protein_refined.pdb
ccd not matching data/proto_train/pocket/1bl6_SB6_A_800_protein_refined.pdb
Failed loading<-data/proto_train/pocket/1bl6_SB6_A_800_protein_refined.pdb
ccd not matching data/proto_train/pocket/1cbr_REA_B_200_protein_refined_reduce.pdb
Failed loading<-data/proto_train/pocket/1cbr_REA_B_200_protein_refined_reduce.pdb
ccd not matching data/proto_train/pocket/1cps_CPM_A_588_protein_refined.pdb
Failed loading<-data/proto_train/pocket/1cps_CPM_A_588_protein_refined.pdb
ccd not matching data/proto_train/pocket/1a08_ACE-DIP_C_100-103_protein_refined.pdb
Failed loading<-data/proto_train/pocket/1a08_ACE-DIP_C_100-103_protein_refined.pdb
ccd not matching data/proto_train/pocket/1ecq_DXG_D_502_protein_refined_reduce.pdb
Failed loading<-data/proto_train/pocket/1ecq_DXG_D_502_protein_refined_reduce.pdb
ccd not matching data/proto_train/pocket/1b32_LYS-LYS_B_1-3_protein_refined.pdb
Failed loading<-data/proto_train/pocket/1b32_LYS-LYS_B_1-3_protein_refined.pdb
ccd not matching data/proto_train/pocket/1a4g_ZMR_B_466_protein_refined.pdb
Failed loading<-data/proto_train/pocket/1a4g_ZMR_B_466_protein_refined.pdb
ccd not matching data/proto_train/pocket/1dra_MTX_B_361_protein_refined_reduce.pdb
Failed loading<-data/proto_train/pocket/1dra_MTX_B_361_protein_refined_reduce.pdb
ccd not matching data/proto_train/pocket/1dqa_MAH_B_202_protein_refined.pdb
Failed loading<-data/proto_train/pocket/1dqa_MAH_B_202_protein_refined.pdb
ccd not matching data/proto_train/pocket/1dqx_BMP_B_602_protein_refined.pdb
Failed loading<-data/proto_train/pocket/1dqx_BMP_B_602_protein_refined.pdb
ccd not matching data/proto_train/pocket/1a0t_GLC-FRU_F_1-2_protein_refined_reduce.pdb
Failed loading<-data/proto_train/pocket/1a0t_GLC-FRU_F_1-2_protein_refined_reduce.pdb
ccd not matching data/proto_train/pocket/1d2e_GDP_A_1301_protein_refined.pdb
Failed loading<-data/proto_train/pocket/1d2e_GDP_A_1301_protein_refined.pdb
ccd not matching data/proto_train/pocket/1e3v_DXC_A_801_protein_refined_reduce.pdb
Failed loading<-data/proto_train/pocket/1e3v_DXC_A_801_protein_refined_reduce.pdb
ccd not matching data/proto_train/pocket/1ai5_MNP_B_559_protein_refined_reduce.pdb
Failed loading<-data/proto_train/pocket/1ai5_MNP_B_559_protein_refined_reduce.pdb
ccd not matching data/proto_train/pocket/1e02_UNA_B_600_protein_refined.pdb
Failed loading<-data/proto_train/pocket/1e02_UNA_B_600_protein_refined.pdb
ccd not matching data/proto_train/pocket/1bwn_4IP_A_172_protein_refined_reduce.pdb
Failed loading<-data/proto_train/pocket/1bwn_4IP_A_172_protein_refined_reduce.pdb
ccd not matching data/proto_train/pocket/1bma_0QH_A_256_protein_refined_reduce.pdb
Failed loading<-data/proto_train/pocket/1bma_0QH_A_256_protein_refined_reduce.pdb
ccd not matching data/proto_train/pocket/1dlr_MXA_A_188_protein_refined.pdb
Failed loading<-data/proto_train/pocket/1dlr_MXA_A_188_protein_refined.pdb
ccd not matching data/proto_train/pocket/1c5x_ESI_B_251_protein_refined.pdb
Failed loading<-data/proto_train/pocket/1c5x_ESI_B_251_protein_refined.pdb
ccd not matching data/proto_train/pocket/1a8g_2Z4_A_100_protein_refined_reduce.pdb
Failed loading<-data/proto_train/pocket/1a8g_2Z4_A_100_protein_refined_reduce.pdb
ccd not matching data/proto_train/pocket/1dmy_AZM_B_900_protein_refined_reduce.pdb
Failed loading<-data/proto_train/pocket/1dmy_AZM_B_900_protein_refined_reduce.pdb
ccd not matching data/proto_train/pocket/1a7c_ACE-NH2_B_900-906_protein_refined.pdb
Failed loading<-data/proto_train/pocket/1a7c_ACE-NH2_B_900-906_protein_refined.pdb
ccd not matching data/proto_train/pocket/1ew8_PAE_B_556_protein_refined_reduce.pdb
Failed loading<-data/proto_train/pocket/1ew8_PAE_B_556_protein_refined_reduce.pdb
ccd not matching data/proto_train/pocket/1ah3_TOL_A_320_protein_refined_reduce.pdb
Failed loading<-data/proto_train/pocket/1ah3_TOL_A_320_protein_refined_reduce.pdb
ccd not matching data/proto_train/pocket/1f4e_TPR_A_302_protein_refined_reduce.pdb
Failed loading<-data/proto_train/pocket/1f4e_TPR_A_302_protein_refined_reduce.pdb
ccd not matching data/proto_train/pocket/1dq8_MAH_D_202_protein_refined.pdb
Failed loading<-data/proto_train/pocket/1dq8_MAH_D_202_protein_refined.pdb
ccd not matching data/proto_train/pocket/1a0t_GLC-FRU_D_1-2_protein_refined.pdb
Failed loading<-data/proto_train/pocket/1a0t_GLC-FRU_D_1-2_protein_refined.pdb
ccd not matching data/proto_train/pocket/1dmp_DMQ_B_450_protein_refined.pdb
Failed loading<-data/proto_train/pocket/1dmp_DMQ_B_450_protein_refined.pdb
ccd not matching data/proto_train/pocket/1bgq_RDC_A_300_protein_refined.pdb
Failed loading<-data/proto_train/pocket/1bgq_RDC_A_300_protein_refined.pdb
ccd not matching data/proto_train/pocket/1a4q_DPC_A_466_protein_refined.pdb
Failed loading<-data/proto_train/pocket/1a4q_DPC_A_466_protein_refined.pdb
ccd not matching data/proto_train/pocket/1c87_OPA_A_301_protein_refined_reduce.pdb
Failed loading<-data/proto_train/pocket/1c87_OPA_A_301_protein_refined_reduce.pdb
ccd not matching data/proto_train/pocket/1bap_ARA_A_307_protein_refined.pdb
Failed loading<-data/proto_train/pocket/1bap_ARA_A_307_protein_refined.pdb
ccd not matching data/proto_train/pocket/1exv_700_B_1862_protein_refined.pdb
Failed loading<-data/proto_train/pocket/1exv_700_B_1862_protein_refined.pdb
ccd not matching data/proto_train/pocket/1ado_13P_A_1104_protein_refined.pdb
Failed loading<-data/proto_train/pocket/1ado_13P_A_1104_protein_refined.pdb
ccd not matching data/proto_train/pocket/1e3v_DXC_B_801_protein_refined.pdb
Failed loading<-data/proto_train/pocket/1e3v_DXC_B_801_protein_refined.pdb
ccd not matching data/proto_train/pocket/1a8i_GLS_A_998_protein_refined.pdb
Failed loading<-data/proto_train/pocket/1a8i_GLS_A_998_protein_refined.pdb
ccd not matching data/proto_train/pocket/1c0i_BE2_A_1364_protein_refined.pdb
Failed loading<-data/proto_train/pocket/1c0i_BE2_A_1364_protein_refined.pdb
ccd not matching data/proto_train/pocket/1c2t_NHS_A_222_protein_refined.pdb
Failed loading<-data/proto_train/pocket/1c2t_NHS_A_222_protein_refined.pdb
ccd not matching data/proto_train/pocket/1abf_FCA_A_307_protein_refined.pdb
Failed loading<-data/proto_train/pocket/1abf_FCA_A_307_protein_refined.pdb
ccd not matching data/proto_train/pocket/1b8n_IMG_A_600_protein_refined.pdb
Failed loading<-data/proto_train/pocket/1b8n_IMG_A_600_protein_refined.pdb
ccd not matching data/proto_train/pocket/1d04_FMN_A_170_protein_refined.pdb
Failed loading<-data/proto_train/pocket/1d04_FMN_A_170_protein_refined.pdb
ccd not matching data/proto_train/pocket/1doh_NID_B_503_protein_refined.pdb
Failed loading<-data/proto_train/pocket/1doh_NID_B_503_protein_refined.pdb
ccd not matching data/proto_train/pocket/1a4k_FRA_H_3083_protein_refined.pdb
Failed loading<-data/proto_train/pocket/1a4k_FRA_H_3083_protein_refined.pdb
ccd not matching data/proto_train/pocket/1amk_PGA_A_600_protein_refined_reduce.pdb
Failed loading<-data/proto_train/pocket/1amk_PGA_A_600_protein_refined_reduce.pdb
ccd not matching data/proto_train/pocket/1c5q_ESI_A_246_protein_refined.pdb
Failed loading<-data/proto_train/pocket/1c5q_ESI_A_246_protein_refined.pdb
ccd not matching data/proto_train/pocket/1d3h_A26_A_397_protein_refined_reduce.pdb
Failed loading<-data/proto_train/pocket/1d3h_A26_A_397_protein_refined_reduce.pdb
ccd not matching data/proto_train/pocket/1c3v_NDP_A_801_protein_refined_reduce.pdb
Failed loading<-data/proto_train/pocket/1c3v_NDP_A_801_protein_refined_reduce.pdb
ccd not matching data/proto_train/pocket/1dq8_MAH_D_203_protein_refined.pdb
Failed loading<-data/proto_train/pocket/1dq8_MAH_D_203_protein_refined.pdb
ccd not matching data/proto_train/pocket/1c0i_BE2_A_1365_protein_refined.pdb
Failed loading<-data/proto_train/pocket/1c0i_BE2_A_1365_protein_refined.pdb
ccd not matching data/proto_train/pocket/1dub_CAA_C_300_protein_refined.pdb
Failed loading<-data/proto_train/pocket/1dub_CAA_C_300_protein_refined.pdb
ccd not matching data/proto_train/pocket/1dog_NOJ_A_495_protein_refined.pdb
Failed loading<-data/proto_train/pocket/1dog_NOJ_A_495_protein_refined.pdb
ccd not matching data/proto_train/pocket/1e7w_MTX_A_301_protein_refined_reduce.pdb
Failed loading<-data/proto_train/pocket/1e7w_MTX_A_301_protein_refined_reduce.pdb
ccd not matching data/proto_train/pocket/1b4d_CRA_A_998_protein_refined_reduce.pdb
Failed loading<-data/proto_train/pocket/1b4d_CRA_A_998_protein_refined_reduce.pdb
ccd not matching data/proto_train/pocket/1dif_A85_B_101_protein_refined_reduce.pdb
Failed loading<-data/proto_train/pocket/1dif_A85_B_101_protein_refined_reduce.pdb
ccd not matching data/proto_train/pocket/1c5t_ESP_A_246_protein_refined_reduce.pdb
Failed loading<-data/proto_train/pocket/1c5t_ESP_A_246_protein_refined_reduce.pdb
ccd not matching data/proto_train/pocket/1cet_CLQ_A_1001_protein_refined.pdb
Failed loading<-data/proto_train/pocket/1cet_CLQ_A_1001_protein_refined.pdb
ccd not matching data/proto_train/pocket/1dl7_NCH_L_999_protein_refined_reduce.pdb
Failed loading<-data/proto_train/pocket/1dl7_NCH_L_999_protein_refined_reduce.pdb
ccd not matching data/proto_train/pocket/1f3e_DPZ_A_400_protein_refined_reduce.pdb
Failed loading<-data/proto_train/pocket/1f3e_DPZ_A_400_protein_refined_reduce.pdb
ccd not matching data/proto_train/pocket/1br5_NEO_A_500_protein_refined.pdb
Failed loading<-data/proto_train/pocket/1br5_NEO_A_500_protein_refined.pdb
ccd not matching data/proto_train/pocket/1cva_AZI_A_357_protein_refined.pdb
Failed loading<-data/proto_train/pocket/1cva_AZI_A_357_protein_refined.pdb
ccd not matching data/proto_train/pocket/1akv_FMN_A_152_protein_refined.pdb
Failed loading<-data/proto_train/pocket/1akv_FMN_A_152_protein_refined.pdb
ccd not matching data/proto_train/pocket/1a85_0DY_A_1_protein_refined.pdb
Failed loading<-data/proto_train/pocket/1a85_0DY_A_1_protein_refined.pdb
ccd not matching data/proto_train/pocket/1ceb_AMH_A_90_protein_refined_reduce.pdb
Failed loading<-data/proto_train/pocket/1ceb_AMH_A_90_protein_refined_reduce.pdb
ccd not matching data/proto_train/pocket/1ere_EST_F_600_protein_refined_reduce.pdb
Failed loading<-data/proto_train/pocket/1ere_EST_F_600_protein_refined_reduce.pdb
ccd not matching data/proto_train/pocket/1bgq_RDC_A_300_protein_refined_reduce.pdb
Failed loading<-data/proto_train/pocket/1bgq_RDC_A_300_protein_refined_reduce.pdb
ccd not matching data/proto_train/pocket/1c0l_FLA_A_1364_protein_refined.pdb
Failed loading<-data/proto_train/pocket/1c0l_FLA_A_1364_protein_refined.pdb
ccd not matching data/proto_train/pocket/1e2l_TMC_B_500_protein_refined.pdb
Failed loading<-data/proto_train/pocket/1e2l_TMC_B_500_protein_refined.pdb
ccd not matching data/proto_train/pocket/1cc4_PHB_A_396_protein_refined_reduce.pdb
Failed loading<-data/proto_train/pocket/1cc4_PHB_A_396_protein_refined_reduce.pdb
ccd not matching data/proto_train/pocket/1b5j_LYS-LYS_B_1-3_protein_refined_reduce.pdb
Failed loading<-data/proto_train/pocket/1b5j_LYS-LYS_B_1-3_protein_refined_reduce.pdb
ccd not matching data/proto_train/pocket/1f4g_TP4_B_602_protein_refined_reduce.pdb
Failed loading<-data/proto_train/pocket/1f4g_TP4_B_602_protein_refined_reduce.pdb
ccd not matching data/proto_train/pocket/1ef3_FID_B_350_protein_refined.pdb
Failed loading<-data/proto_train/pocket/1ef3_FID_B_350_protein_refined.pdb
ccd not matching data/proto_train/pocket/1dy4_SNP_A_437_protein_refined.pdb
Failed loading<-data/proto_train/pocket/1dy4_SNP_A_437_protein_refined.pdb
ccd not matching data/proto_train/pocket/1eyj_AMP_B_342_protein_refined_reduce.pdb
Failed loading<-data/proto_train/pocket/1eyj_AMP_B_342_protein_refined_reduce.pdb
ccd not matching data/proto_train/pocket/1a0t_GLC-FRU_A_1-2_protein_refined_reduce.pdb
Failed loading<-data/proto_train/pocket/1a0t_GLC-FRU_A_1-2_protein_refined_reduce.pdb
ccd not matching data/proto_train/pocket/1ec2_BEJ_B_501_protein_refined_reduce.pdb
Failed loading<-data/proto_train/pocket/1ec2_BEJ_B_501_protein_refined_reduce.pdb
ccd not matching data/proto_train/pocket/1bf3_PHB_A_396_protein_refined.pdb
Failed loading<-data/proto_train/pocket/1bf3_PHB_A_396_protein_refined.pdb
ccd not matching data/proto_train/pocket/1d7i_DSS_A_301_protein_refined.pdb
Failed loading<-data/proto_train/pocket/1d7i_DSS_A_301_protein_refined.pdb
ccd not matching data/proto_train/pocket/1a9q_HPA_A_290_protein_refined.pdb
Failed loading<-data/proto_train/pocket/1a9q_HPA_A_290_protein_refined.pdb
ccd not matching data/proto_train/pocket/1e4x_VAL-ASP_Q_1-7_protein_refined.pdb
Failed loading<-data/proto_train/pocket/1e4x_VAL-ASP_Q_1-7_protein_refined.pdb
ccd not matching data/proto_train/pocket/1bto_SSB_B_378_protein_refined.pdb
Failed loading<-data/proto_train/pocket/1bto_SSB_B_378_protein_refined.pdb
ccd not matching data/proto_train/pocket/1d3d_BZT_B_400_protein_refined.pdb
Failed loading<-data/proto_train/pocket/1d3d_BZT_B_400_protein_refined.pdb
ccd not matching data/proto_train/pocket/1ajq_SPA_B_559_protein_refined_reduce.pdb
Failed loading<-data/proto_train/pocket/1ajq_SPA_B_559_protein_refined_reduce.pdb
ccd not matching data/proto_train/pocket/1bmm_BM2_H_1_protein_refined_reduce.pdb
Failed loading<-data/proto_train/pocket/1bmm_BM2_H_1_protein_refined_reduce.pdb
ccd not matching data/proto_train/pocket/1can_NO3_A_511_protein_refined.pdb
Failed loading<-data/proto_train/pocket/1can_NO3_A_511_protein_refined.pdb
ccd not matching data/proto_train/pocket/10gs_VWW_B_210_protein_refined_reduce.pdb
Failed loading<-data/proto_train/pocket/10gs_VWW_B_210_protein_refined_reduce.pdb
ccd not matching data/proto_train/pocket/1ef3_FID_B_350_protein_refined_reduce.pdb
Failed loading<-data/proto_train/pocket/1ef3_FID_B_350_protein_refined_reduce.pdb
ccd not matching data/proto_train/pocket/1f28_F89_B_402_protein_refined_reduce.pdb
Failed loading<-data/proto_train/pocket/1f28_F89_B_402_protein_refined_reduce.pdb
ccd not matching data/proto_train/pocket/1duv_PSQ_G_401_protein_refined_reduce.pdb
Failed loading<-data/proto_train/pocket/1duv_PSQ_G_401_protein_refined_reduce.pdb
ccd not matching data/proto_train/pocket/1c6y_MK1_B_524_protein_refined.pdb
Failed loading<-data/proto_train/pocket/1c6y_MK1_B_524_protein_refined.pdb
ccd not matching data/proto_train/pocket/1el5_DMG_A_801_protein_refined.pdb
Failed loading<-data/proto_train/pocket/1el5_DMG_A_801_protein_refined.pdb
ccd not matching data/proto_train/pocket/1dhi_MTX_B_361_protein_refined.pdb
Failed loading<-data/proto_train/pocket/1dhi_MTX_B_361_protein_refined.pdb
ccd not matching data/proto_train/pocket/1f74_NAY_C_951_protein_refined.pdb
Failed loading<-data/proto_train/pocket/1f74_NAY_C_951_protein_refined.pdb
ccd not matching data/proto_train/pocket/1f3f_D4T_B_161_protein_refined_reduce.pdb
Failed loading<-data/proto_train/pocket/1f3f_D4T_B_161_protein_refined_reduce.pdb
ccd not matching data/proto_train/pocket/1fcy_564_A_450_protein_refined_reduce.pdb
Failed loading<-data/proto_train/pocket/1fcy_564_A_450_protein_refined_reduce.pdb
ccd not matching data/proto_train/pocket/1b1h_LYS-LYS_B_1-3_protein_refined_reduce.pdb
Failed loading<-data/proto_train/pocket/1b1h_LYS-LYS_B_1-3_protein_refined_reduce.pdb
ccd not matching data/proto_train/pocket/1ahx_HCI_A_411_protein_refined_reduce.pdb
Failed loading<-data/proto_train/pocket/1ahx_HCI_A_411_protein_refined_reduce.pdb
ccd not matching data/proto_train/pocket/1dhf_FOL_B_187_protein_refined_reduce.pdb
Failed loading<-data/proto_train/pocket/1dhf_FOL_B_187_protein_refined_reduce.pdb
ccd not matching data/proto_train/pocket/1ecq_DXG_B_500_protein_refined_reduce.pdb
Failed loading<-data/proto_train/pocket/1ecq_DXG_B_500_protein_refined_reduce.pdb
ccd not matching data/proto_train/pocket/1b3l_LYS-LYS_B_1-3_protein_refined_reduce.pdb
Failed loading<-data/proto_train/pocket/1b3l_LYS-LYS_B_1-3_protein_refined_reduce.pdb
ccd not matching data/proto_train/pocket/1c9d_HF1_A_270_protein_refined.pdb
Failed loading<-data/proto_train/pocket/1c9d_HF1_A_270_protein_refined.pdb
ccd not matching data/proto_train/pocket/1dx6_GNT_A_602_protein_refined.pdb
Failed loading<-data/proto_train/pocket/1dx6_GNT_A_602_protein_refined.pdb
ccd not matching data/proto_train/pocket/1ela_0Z1_A_256_protein_refined.pdb
Failed loading<-data/proto_train/pocket/1ela_0Z1_A_256_protein_refined.pdb
ccd not matching data/proto_train/pocket/1efi_GAT_E_105_protein_refined_reduce.pdb
Failed loading<-data/proto_train/pocket/1efi_GAT_E_105_protein_refined_reduce.pdb
ccd not matching data/proto_train/pocket/1c5t_ESP_A_246_protein_refined.pdb
Failed loading<-data/proto_train/pocket/1c5t_ESP_A_246_protein_refined.pdb
ccd not matching data/proto_train/pocket/1bzy_IMU_D_300_protein_refined_reduce.pdb
Failed loading<-data/proto_train/pocket/1bzy_IMU_D_300_protein_refined_reduce.pdb
ccd not matching data/proto_train/pocket/1b55_4IP_B_172_protein_refined_reduce.pdb
Failed loading<-data/proto_train/pocket/1b55_4IP_B_172_protein_refined_reduce.pdb
ccd not matching data/proto_train/pocket/1bkf_FK5_A_108_protein_refined_reduce.pdb
Failed loading<-data/proto_train/pocket/1bkf_FK5_A_108_protein_refined_reduce.pdb
ccd not matching data/proto_train/pocket/1e2n_RCA_A_500_protein_refined.pdb
Failed loading<-data/proto_train/pocket/1e2n_RCA_A_500_protein_refined.pdb
ccd not matching data/proto_train/pocket/1btn_I3P_A_107_protein_refined_reduce.pdb
Failed loading<-data/proto_train/pocket/1btn_I3P_A_107_protein_refined_reduce.pdb
ccd not matching data/proto_train/pocket/1ado_13P_B_1053_protein_refined_reduce.pdb
Failed loading<-data/proto_train/pocket/1ado_13P_B_1053_protein_refined_reduce.pdb
ccd not matching data/proto_train/pocket/1e7w_MTX_B_301_protein_refined_reduce.pdb
Failed loading<-data/proto_train/pocket/1e7w_MTX_B_301_protein_refined_reduce.pdb
ccd not matching data/proto_train/pocket/1ctr_TFP_A_153_protein_refined.pdb
Failed loading<-data/proto_train/pocket/1ctr_TFP_A_153_protein_refined.pdb
ccd not matching data/proto_train/pocket/1ceb_AMH_B_90_protein_refined.pdb
Failed loading<-data/proto_train/pocket/1ceb_AMH_B_90_protein_refined.pdb
ccd not matching data/proto_train/pocket/1f8b_DAN_A_0_protein_refined.pdb
Failed loading<-data/proto_train/pocket/1f8b_DAN_A_0_protein_refined.pdb
ccd not matching data/proto_train/pocket/1css_FCX_A_700_protein_refined.pdb
Failed loading<-data/proto_train/pocket/1css_FCX_A_700_protein_refined.pdb
ccd not matching data/proto_train/pocket/1a30_GLU-LEU_C_506-508_protein_refined_reduce.pdb
Failed loading<-data/proto_train/pocket/1a30_GLU-LEU_C_506-508_protein_refined_reduce.pdb
ccd not matching data/proto_train/pocket/1err_RAL_A_600_protein_refined_reduce.pdb
Failed loading<-data/proto_train/pocket/1err_RAL_A_600_protein_refined_reduce.pdb
ccd not matching data/proto_train/pocket/1b46_LYS-LYS_B_1-3_protein_refined.pdb
Failed loading<-data/proto_train/pocket/1b46_LYS-LYS_B_1-3_protein_refined.pdb
ccd not matching data/proto_train/pocket/1fap_RAP_A_108_protein_refined_reduce.pdb
Failed loading<-data/proto_train/pocket/1fap_RAP_A_108_protein_refined_reduce.pdb
ccd not matching data/proto_train/pocket/1ecm_TSA_A_500_protein_refined.pdb
Failed loading<-data/proto_train/pocket/1ecm_TSA_A_500_protein_refined.pdb
ccd not matching data/proto_train/pocket/1f28_F89_B_402_protein_refined.pdb
Failed loading<-data/proto_train/pocket/1f28_F89_B_402_protein_refined.pdb
ccd not matching data/proto_train/pocket/1e3k_R18_A_1000_protein_refined.pdb
Failed loading<-data/proto_train/pocket/1e3k_R18_A_1000_protein_refined.pdb
ccd not matching data/proto_train/pocket/1elw_GLY-ASP_D_5-12_protein_refined.pdb
Failed loading<-data/proto_train/pocket/1elw_GLY-ASP_D_5-12_protein_refined.pdb
ccd not matching data/proto_train/pocket/1cjb_IRP_C_300_protein_refined.pdb
Failed loading<-data/proto_train/pocket/1cjb_IRP_C_300_protein_refined.pdb
ccd not matching data/proto_train/pocket/186l_N4B_A_400_protein_refined.pdb
Failed loading<-data/proto_train/pocket/186l_N4B_A_400_protein_refined.pdb
ccd not matching data/proto_train/pocket/1e96_GTP_A_200_protein_refined.pdb
Failed loading<-data/proto_train/pocket/1e96_GTP_A_200_protein_refined.pdb
ccd not matching data/proto_train/pocket/1d0c_INE_B_765_protein_refined.pdb
Failed loading<-data/proto_train/pocket/1d0c_INE_B_765_protein_refined.pdb
ccd not matching data/proto_train/pocket/1ddr_MTX_B_200_protein_refined_reduce.pdb
Failed loading<-data/proto_train/pocket/1ddr_MTX_B_200_protein_refined_reduce.pdb
ccd not matching data/proto_train/pocket/1ax0_A2G_A_401_protein_refined_reduce.pdb
Failed loading<-data/proto_train/pocket/1ax0_A2G_A_401_protein_refined_reduce.pdb
ccd not matching data/proto_train/pocket/1bzy_IMU_A_300_protein_refined.pdb
Failed loading<-data/proto_train/pocket/1bzy_IMU_A_300_protein_refined.pdb
ccd not matching data/proto_train/pocket/1ew8_PAE_B_556_protein_refined.pdb
Failed loading<-data/proto_train/pocket/1ew8_PAE_B_556_protein_refined.pdb
ccd not matching data/proto_train/pocket/1dra_MTX_B_361_protein_refined.pdb
Failed loading<-data/proto_train/pocket/1dra_MTX_B_361_protein_refined.pdb
ccd not matching data/proto_train/pocket/1df8_BTN_A_201_protein_refined_reduce.pdb
Failed loading<-data/proto_train/pocket/1df8_BTN_A_201_protein_refined_reduce.pdb
ccd not matching data/proto_train/pocket/1akt_FMN_A_149_protein_refined.pdb
Failed loading<-data/proto_train/pocket/1akt_FMN_A_149_protein_refined.pdb
ccd not matching data/proto_train/pocket/1bap_ARB_A_308_protein_refined_reduce.pdb
Failed loading<-data/proto_train/pocket/1bap_ARB_A_308_protein_refined_reduce.pdb
ccd not matching data/proto_train/pocket/182l_BZF_A_401_protein_refined_reduce.pdb
Failed loading<-data/proto_train/pocket/182l_BZF_A_401_protein_refined_reduce.pdb
ccd not matching data/proto_train/pocket/1bwn_4IP_B_1_protein_refined.pdb
Failed loading<-data/proto_train/pocket/1bwn_4IP_B_1_protein_refined.pdb
ccd not matching data/proto_train/pocket/1els_PAH_A_439_protein_refined_reduce.pdb
Failed loading<-data/proto_train/pocket/1els_PAH_A_439_protein_refined_reduce.pdb
ccd not matching data/proto_train/pocket/1abf_FCB_A_308_protein_refined_reduce.pdb
Failed loading<-data/proto_train/pocket/1abf_FCB_A_308_protein_refined_reduce.pdb
ccd not matching data/proto_train/pocket/1ecq_DXG_B_500_protein_refined.pdb
Failed loading<-data/proto_train/pocket/1ecq_DXG_B_500_protein_refined.pdb
ccd not matching data/proto_train/pocket/1a4m_PRH_B_854_protein_refined.pdb
Failed loading<-data/proto_train/pocket/1a4m_PRH_B_854_protein_refined.pdb
ccd not matching data/proto_train/pocket/1cw2_HSP_A_270_protein_refined.pdb
Failed loading<-data/proto_train/pocket/1cw2_HSP_A_270_protein_refined.pdb
ccd not matching data/proto_train/pocket/1daj_MOT_A_208_protein_refined.pdb
Failed loading<-data/proto_train/pocket/1daj_MOT_A_208_protein_refined.pdb
ccd not matching data/proto_train/pocket/1dud_DUD_A_153_protein_refined_reduce.pdb
Failed loading<-data/proto_train/pocket/1dud_DUD_A_153_protein_refined_reduce.pdb
ccd not matching data/proto_train/pocket/1f73_HMN_B_701_protein_refined.pdb
Failed loading<-data/proto_train/pocket/1f73_HMN_B_701_protein_refined.pdb
ccd not matching data/proto_train/pocket/1avn_HSM_A_264_protein_refined_reduce.pdb
Failed loading<-data/proto_train/pocket/1avn_HSM_A_264_protein_refined_reduce.pdb
ccd not matching data/proto_train/pocket/1b39_ATP_A_381_protein_refined_reduce.pdb
Failed loading<-data/proto_train/pocket/1b39_ATP_A_381_protein_refined_reduce.pdb
ccd not matching data/proto_train/pocket/1c8l_CFF_A_940_protein_refined_reduce.pdb
Failed loading<-data/proto_train/pocket/1c8l_CFF_A_940_protein_refined_reduce.pdb
ccd not matching data/proto_train/pocket/1d7x_SPC_B_901_protein_refined_reduce.pdb
Failed loading<-data/proto_train/pocket/1d7x_SPC_B_901_protein_refined_reduce.pdb
ccd not matching data/proto_train/pocket/1dds_MTX_A_201_protein_refined.pdb
Failed loading<-data/proto_train/pocket/1dds_MTX_A_201_protein_refined.pdb
ccd not matching data/proto_train/pocket/1drf_FOL_A_187_protein_refined_reduce.pdb
Failed loading<-data/proto_train/pocket/1drf_FOL_A_187_protein_refined_reduce.pdb
ccd not matching data/proto_train/pocket/1fao_4IP_A_274_protein_refined.pdb
Failed loading<-data/proto_train/pocket/1fao_4IP_A_274_protein_refined.pdb
ccd not matching data/proto_train/pocket/1d09_PAL_A_1311_protein_refined.pdb
Failed loading<-data/proto_train/pocket/1d09_PAL_A_1311_protein_refined.pdb
ccd not matching data/proto_train/pocket/1akr_FMN_A_149_protein_refined.pdb
Failed loading<-data/proto_train/pocket/1akr_FMN_A_149_protein_refined.pdb
ccd not matching data/proto_train/pocket/1e02_UNA_A_600_protein_refined.pdb
Failed loading<-data/proto_train/pocket/1e02_UNA_A_600_protein_refined.pdb
ccd not matching data/proto_train/pocket/1b9v_RA2_A_468_protein_refined_reduce.pdb
Failed loading<-data/proto_train/pocket/1b9v_RA2_A_468_protein_refined_reduce.pdb
ccd not matching data/proto_train/pocket/1f73_HMN_A_700_protein_refined_reduce.pdb
Failed loading<-data/proto_train/pocket/1f73_HMN_A_700_protein_refined_reduce.pdb
ccd not matching data/proto_train/pocket/1bto_SSB_C_378_protein_refined_reduce.pdb
Failed loading<-data/proto_train/pocket/1bto_SSB_C_378_protein_refined_reduce.pdb
ccd not matching data/proto_train/pocket/1a4m_PRH_A_354_protein_refined_reduce.pdb
Failed loading<-data/proto_train/pocket/1a4m_PRH_A_354_protein_refined_reduce.pdb
ccd not matching data/proto_train/pocket/1e2k_TMC_A_500_protein_refined_reduce.pdb
Failed loading<-data/proto_train/pocket/1e2k_TMC_A_500_protein_refined_reduce.pdb
ccd not matching data/proto_train/pocket/1efy_BZC_A_201_protein_refined_reduce.pdb
Failed loading<-data/proto_train/pocket/1efy_BZC_A_201_protein_refined_reduce.pdb
ccd not matching data/proto_train/pocket/1ep4_S11_A_999_protein_refined.pdb
Failed loading<-data/proto_train/pocket/1ep4_S11_A_999_protein_refined.pdb
ccd not matching data/proto_train/pocket/1bmb_LYS-PHE_I_1-9_protein_refined.pdb
Failed loading<-data/proto_train/pocket/1bmb_LYS-PHE_I_1-9_protein_refined.pdb
ccd not matching data/proto_train/pocket/1a8g_2Z4_A_100_protein_refined.pdb
Failed loading<-data/proto_train/pocket/1a8g_2Z4_A_100_protein_refined.pdb
ccd not matching data/proto_train/pocket/1c14_TCL_A_502_protein_refined_reduce.pdb
Failed loading<-data/proto_train/pocket/1c14_TCL_A_502_protein_refined_reduce.pdb
ccd not matching data/proto_train/pocket/1czk_FMN_A_170_protein_refined.pdb
Failed loading<-data/proto_train/pocket/1czk_FMN_A_170_protein_refined.pdb
ccd not matching data/proto_train/pocket/1b5i_LYS-LYS_B_1-3_protein_refined.pdb
Failed loading<-data/proto_train/pocket/1b5i_LYS-LYS_B_1-3_protein_refined.pdb
ccd not matching data/proto_train/pocket/1f0u_RPR_A_501_protein_refined_reduce.pdb
Failed loading<-data/proto_train/pocket/1f0u_RPR_A_501_protein_refined_reduce.pdb
ccd not matching data/proto_train/pocket/1bzc_TPI_A_902_protein_refined_reduce.pdb
Failed loading<-data/proto_train/pocket/1bzc_TPI_A_902_protein_refined_reduce.pdb
ccd not matching data/proto_train/pocket/1ctu_ZEB_A_295_protein_refined.pdb
Failed loading<-data/proto_train/pocket/1ctu_ZEB_A_295_protein_refined.pdb
ccd not matching data/proto_train/pocket/1dzm_BZM_A_600_protein_refined.pdb
Failed loading<-data/proto_train/pocket/1dzm_BZM_A_600_protein_refined.pdb
ccd not matching data/proto_train/pocket/1ep4_S11_A_999_protein_refined_reduce.pdb
Failed loading<-data/proto_train/pocket/1ep4_S11_A_999_protein_refined_reduce.pdb
ccd not matching data/proto_train/pocket/1csr_FAM_A_700_protein_refined_reduce.pdb
Failed loading<-data/proto_train/pocket/1csr_FAM_A_700_protein_refined_reduce.pdb
ccd not matching data/proto_train/pocket/1aj7_NPE_H_217_protein_refined.pdb
Failed loading<-data/proto_train/pocket/1aj7_NPE_H_217_protein_refined.pdb
ccd not matching data/proto_train/pocket/1c6y_MK1_B_524_protein_refined_reduce.pdb
Failed loading<-data/proto_train/pocket/1c6y_MK1_B_524_protein_refined_reduce.pdb
ccd not matching data/proto_train/pocket/1ek2_CDU_B_1200_protein_refined.pdb
Failed loading<-data/proto_train/pocket/1ek2_CDU_B_1200_protein_refined.pdb
ccd not matching data/proto_train/pocket/1e06_IPB_B_600_protein_refined_reduce.pdb
Failed loading<-data/proto_train/pocket/1e06_IPB_B_600_protein_refined_reduce.pdb
ccd not matching data/proto_train/pocket/1ere_EST_B_600_protein_refined.pdb
Failed loading<-data/proto_train/pocket/1ere_EST_B_600_protein_refined.pdb
ccd not matching data/proto_train/pocket/1can_NO3_A_511_protein_refined_reduce.pdb
Failed loading<-data/proto_train/pocket/1can_NO3_A_511_protein_refined_reduce.pdb
ccd not matching data/proto_train/pocket/1bcd_FMS_A_500_protein_refined.pdb
Failed loading<-data/proto_train/pocket/1bcd_FMS_A_500_protein_refined.pdb
ccd not matching data/proto_train/pocket/1a1e_ACE-DIY_D_100-103_protein_refined_reduce.pdb
Failed loading<-data/proto_train/pocket/1a1e_ACE-DIY_D_100-103_protein_refined_reduce.pdb
ccd not matching data/proto_train/pocket/1b3f_LYS-LYS_B_1-3_protein_refined.pdb
Failed loading<-data/proto_train/pocket/1b3f_LYS-LYS_B_1-3_protein_refined.pdb
ccd not matching data/proto_train/pocket/1axz_GAL_A_402_protein_refined.pdb
Failed loading<-data/proto_train/pocket/1axz_GAL_A_402_protein_refined.pdb
ccd not matching data/proto_train/pocket/1dg5_TOP_A_201_protein_refined_reduce.pdb
Failed loading<-data/proto_train/pocket/1dg5_TOP_A_201_protein_refined_reduce.pdb
ccd not matching data/proto_train/pocket/1ebg_PAH_B_440_protein_refined.pdb
Failed loading<-data/proto_train/pocket/1ebg_PAH_B_440_protein_refined.pdb
ccd not matching data/proto_train/pocket/1b05_LYS-LYS_B_1-3_protein_refined_reduce.pdb
Failed loading<-data/proto_train/pocket/1b05_LYS-LYS_B_1-3_protein_refined_reduce.pdb
ccd not matching data/proto_train/pocket/1dog_NOJ_A_496_protein_refined_reduce.pdb
Failed loading<-data/proto_train/pocket/1dog_NOJ_A_496_protein_refined_reduce.pdb
ccd not matching data/proto_train/pocket/1elw_GLY-ASP_C_5-12_protein_refined_reduce.pdb
Failed loading<-data/proto_train/pocket/1elw_GLY-ASP_C_5-12_protein_refined_reduce.pdb
ccd not matching data/proto_train/pocket/1det_2GP_A_105_protein_refined_reduce.pdb
Failed loading<-data/proto_train/pocket/1det_2GP_A_105_protein_refined_reduce.pdb
ccd not matching data/proto_train/pocket/1err_RAL_B_600_protein_refined.pdb
Failed loading<-data/proto_train/pocket/1err_RAL_B_600_protein_refined.pdb
ccd not matching data/proto_train/pocket/1f3f_D4T_C_164_protein_refined_reduce.pdb
Failed loading<-data/proto_train/pocket/1f3f_D4T_C_164_protein_refined_reduce.pdb
ccd not matching data/proto_train/pocket/1a4m_PRH_D_1854_protein_refined.pdb
Failed loading<-data/proto_train/pocket/1a4m_PRH_D_1854_protein_refined.pdb
ccd not matching data/proto_train/pocket/1f28_F89_A_401_protein_refined_reduce.pdb
Failed loading<-data/proto_train/pocket/1f28_F89_A_401_protein_refined_reduce.pdb
ccd not matching data/proto_train/pocket/1ezq_RPR_A_265_protein_refined.pdb
Failed loading<-data/proto_train/pocket/1ezq_RPR_A_265_protein_refined.pdb
ccd not matching data/proto_train/pocket/1f2o_LEU_A_903_protein_refined_reduce.pdb
Failed loading<-data/proto_train/pocket/1f2o_LEU_A_903_protein_refined_reduce.pdb
ccd not matching data/proto_train/pocket/1a52_EST_B_2_protein_refined.pdb
Failed loading<-data/proto_train/pocket/1a52_EST_B_2_protein_refined.pdb
ccd not matching data/proto_train/pocket/1ado_13P_B_1053_protein_refined.pdb
Failed loading<-data/proto_train/pocket/1ado_13P_B_1053_protein_refined.pdb
ccd not matching data/proto_train/pocket/1ciz_DPS_A_307_protein_refined.pdb
Failed loading<-data/proto_train/pocket/1ciz_DPS_A_307_protein_refined.pdb
ccd not matching data/proto_train/pocket/1bm7_FLF_B_502_protein_refined_reduce.pdb
Failed loading<-data/proto_train/pocket/1bm7_FLF_B_502_protein_refined_reduce.pdb
ccd not matching data/proto_train/pocket/1dvj_UP6_D_5004_protein_refined.pdb
Failed loading<-data/proto_train/pocket/1dvj_UP6_D_5004_protein_refined.pdb
ccd not matching data/proto_train/pocket/1b9j_LYS-LYS_B_1-3_protein_refined.pdb
Failed loading<-data/proto_train/pocket/1b9j_LYS-LYS_B_1-3_protein_refined.pdb
ccd not matching data/proto_train/pocket/1efi_GAT_H_108_protein_refined.pdb
Failed loading<-data/proto_train/pocket/1efi_GAT_H_108_protein_refined.pdb
ccd not matching data/proto_train/pocket/1b6l_PI4_A_201_protein_refined_reduce.pdb
Failed loading<-data/proto_train/pocket/1b6l_PI4_A_201_protein_refined_reduce.pdb
ccd not matching data/proto_train/pocket/1a69_FMB_B_240_protein_refined.pdb
Failed loading<-data/proto_train/pocket/1a69_FMB_B_240_protein_refined.pdb
ccd not matching data/proto_train/pocket/1el5_DMG_B_811_protein_refined_reduce.pdb
Failed loading<-data/proto_train/pocket/1el5_DMG_B_811_protein_refined_reduce.pdb
ccd not matching data/proto_train/pocket/1dmt_RDF_A_750_protein_refined.pdb
Failed loading<-data/proto_train/pocket/1dmt_RDF_A_750_protein_refined.pdb
ccd not matching data/proto_train/pocket/1ah0_SBI_A_320_protein_refined_reduce.pdb
Failed loading<-data/proto_train/pocket/1ah0_SBI_A_320_protein_refined_reduce.pdb
ccd not matching data/proto_train/pocket/1b55_4IP_A_171_protein_refined_reduce.pdb
Failed loading<-data/proto_train/pocket/1b55_4IP_A_171_protein_refined_reduce.pdb
ccd not matching data/proto_train/pocket/1c4v_IH2_2_370_protein_refined.pdb
Failed loading<-data/proto_train/pocket/1c4v_IH2_2_370_protein_refined.pdb
ccd not matching data/proto_train/pocket/1bmk_SB5_A_800_protein_refined_reduce.pdb
Failed loading<-data/proto_train/pocket/1bmk_SB5_A_800_protein_refined_reduce.pdb
ccd not matching data/proto_train/pocket/1ed4_IPU_B_2830_protein_refined.pdb
Failed loading<-data/proto_train/pocket/1ed4_IPU_B_2830_protein_refined.pdb
ccd not matching data/proto_train/pocket/1f74_NAY_C_951_protein_refined_reduce.pdb
Failed loading<-data/proto_train/pocket/1f74_NAY_C_951_protein_refined_reduce.pdb
ccd not matching data/proto_train/pocket/1f0q_EMO_A_400_protein_refined_reduce.pdb
Failed loading<-data/proto_train/pocket/1f0q_EMO_A_400_protein_refined_reduce.pdb
ccd not matching data/proto_train/pocket/1dq8_MAH_A_200_protein_refined_reduce.pdb
Failed loading<-data/proto_train/pocket/1dq8_MAH_A_200_protein_refined_reduce.pdb
ccd not matching data/proto_train/pocket/1awf_ASP-LEU_I_55-64_protein_refined.pdb
Failed loading<-data/proto_train/pocket/1awf_ASP-LEU_I_55-64_protein_refined.pdb
ccd not matching data/proto_train/pocket/1egh_PGA_D_231_protein_refined_reduce.pdb
Failed loading<-data/proto_train/pocket/1egh_PGA_D_231_protein_refined_reduce.pdb
ccd not matching data/proto_train/pocket/1di8_DTQ_A_500_protein_refined_reduce.pdb
Failed loading<-data/proto_train/pocket/1di8_DTQ_A_500_protein_refined_reduce.pdb
ccd not matching data/proto_train/pocket/1exv_700_A_862_protein_refined_reduce.pdb
Failed loading<-data/proto_train/pocket/1exv_700_A_862_protein_refined_reduce.pdb
ccd not matching data/proto_train/pocket/1c83_OAI_A_301_protein_refined_reduce.pdb
Failed loading<-data/proto_train/pocket/1c83_OAI_A_301_protein_refined_reduce.pdb
ccd not matching data/proto_train/pocket/1b3d_S27_B_401_protein_refined_reduce.pdb
Failed loading<-data/proto_train/pocket/1b3d_S27_B_401_protein_refined_reduce.pdb
ccd not matching data/proto_train/pocket/1djx_I3P_A_1_protein_refined.pdb
Failed loading<-data/proto_train/pocket/1djx_I3P_A_1_protein_refined.pdb
ccd not matching data/proto_train/pocket/1eli_PYC_B_811_protein_refined_reduce.pdb
Failed loading<-data/proto_train/pocket/1eli_PYC_B_811_protein_refined_reduce.pdb
ccd not matching data/proto_train/pocket/1dvs_STL_A_125_protein_refined_reduce.pdb
Failed loading<-data/proto_train/pocket/1dvs_STL_A_125_protein_refined_reduce.pdb
ccd not matching data/proto_train/pocket/185l_IND_A_400_protein_refined_reduce.pdb
Failed loading<-data/proto_train/pocket/185l_IND_A_400_protein_refined_reduce.pdb
ccd not matching data/proto_train/pocket/1bqo_N25_B_401_protein_refined.pdb
Failed loading<-data/proto_train/pocket/1bqo_N25_B_401_protein_refined.pdb
ccd not matching data/proto_train/pocket/1adl_ACD_A_135_protein_refined_reduce.pdb
Failed loading<-data/proto_train/pocket/1adl_ACD_A_135_protein_refined_reduce.pdb
ccd not matching data/proto_train/pocket/1cbr_REA_A_200_protein_refined_reduce.pdb
Failed loading<-data/proto_train/pocket/1cbr_REA_A_200_protein_refined_reduce.pdb
ccd not matching data/proto_train/pocket/1ddr_MTX_A_200_protein_refined.pdb
Failed loading<-data/proto_train/pocket/1ddr_MTX_A_200_protein_refined.pdb
ccd not matching data/proto_train/pocket/1dqx_BMP_A_601_protein_refined.pdb
Failed loading<-data/proto_train/pocket/1dqx_BMP_A_601_protein_refined.pdb
ccd not matching data/proto_train/pocket/1ecm_TSA_A_500_protein_refined_reduce.pdb
Failed loading<-data/proto_train/pocket/1ecm_TSA_A_500_protein_refined_reduce.pdb
ccd not matching data/proto_train/pocket/1f0s_PR2_A_401_protein_refined.pdb
Failed loading<-data/proto_train/pocket/1f0s_PR2_A_401_protein_refined.pdb
ccd not matching data/proto_train/pocket/1f40_GPI_A_108_protein_refined.pdb
Failed loading<-data/proto_train/pocket/1f40_GPI_A_108_protein_refined.pdb
ccd not matching data/proto_train/pocket/1a1b_ACE-DIP_C_100-103_protein_refined.pdb
Failed loading<-data/proto_train/pocket/1a1b_ACE-DIP_C_100-103_protein_refined.pdb
ccd not matching data/proto_train/pocket/1czr_FMN_A_170_protein_refined_reduce.pdb
Failed loading<-data/proto_train/pocket/1czr_FMN_A_170_protein_refined_reduce.pdb
ccd not matching data/proto_train/pocket/1bto_SSB_B_378_protein_refined_reduce.pdb
Failed loading<-data/proto_train/pocket/1bto_SSB_B_378_protein_refined_reduce.pdb
ccd not matching data/proto_train/pocket/1ajv_NMB_A_501_protein_refined_reduce.pdb
Failed loading<-data/proto_train/pocket/1ajv_NMB_A_501_protein_refined_reduce.pdb
ccd not matching data/proto_train/pocket/1dwd_MID_H_1_protein_refined.pdb
Failed loading<-data/proto_train/pocket/1dwd_MID_H_1_protein_refined.pdb
ccd not matching data/proto_train/pocket/1e8g_FAD_A_600_protein_refined.pdb
Failed loading<-data/proto_train/pocket/1e8g_FAD_A_600_protein_refined.pdb
ccd not matching data/proto_train/pocket/1apb_FCA_A_307_protein_refined_reduce.pdb
Failed loading<-data/proto_train/pocket/1apb_FCA_A_307_protein_refined_reduce.pdb
ccd not matching data/proto_train/pocket/1cfv_E3G_H_200_protein_refined_reduce.pdb
Failed loading<-data/proto_train/pocket/1cfv_E3G_H_200_protein_refined_reduce.pdb
ccd not matching data/proto_train/pocket/1d6w_00R_A_380_protein_refined_reduce.pdb
Failed loading<-data/proto_train/pocket/1d6w_00R_A_380_protein_refined_reduce.pdb
ccd not matching data/proto_train/pocket/1f74_NAY_A_950_protein_refined_reduce.pdb
Failed loading<-data/proto_train/pocket/1f74_NAY_A_950_protein_refined_reduce.pdb
ccd not matching data/proto_train/pocket/1b3l_LYS-LYS_D_1-3_protein_refined_reduce.pdb
Failed loading<-data/proto_train/pocket/1b3l_LYS-LYS_D_1-3_protein_refined_reduce.pdb
ccd not matching data/proto_train/pocket/1d3d_BZT_B_400_protein_refined_reduce.pdb
Failed loading<-data/proto_train/pocket/1d3d_BZT_B_400_protein_refined_reduce.pdb
ccd not matching data/proto_train/pocket/1c8v_HE1_A_270_protein_refined_reduce.pdb
Failed loading<-data/proto_train/pocket/1c8v_HE1_A_270_protein_refined_reduce.pdb
ccd not matching data/proto_train/pocket/1af6_GLC-FRU_F_1-2_protein_refined.pdb
Failed loading<-data/proto_train/pocket/1af6_GLC-FRU_F_1-2_protein_refined.pdb
ccd not matching data/proto_train/pocket/1d0c_INE_A_766_protein_refined.pdb
Failed loading<-data/proto_train/pocket/1d0c_INE_A_766_protein_refined.pdb
ccd not matching data/proto_train/pocket/1afk_PAP_A_125_protein_refined.pdb
Failed loading<-data/proto_train/pocket/1afk_PAP_A_125_protein_refined.pdb
ccd not matching data/proto_train/pocket/1d09_PAL_C_1312_protein_refined_reduce.pdb
Failed loading<-data/proto_train/pocket/1d09_PAL_C_1312_protein_refined_reduce.pdb
ccd not matching data/proto_train/pocket/1atp_ATP_E_355_protein_refined.pdb
Failed loading<-data/proto_train/pocket/1atp_ATP_E_355_protein_refined.pdb
ccd not matching data/proto_train/pocket/1f06_2NP_B_950_protein_refined.pdb
Failed loading<-data/proto_train/pocket/1f06_2NP_B_950_protein_refined.pdb
ccd not matching data/proto_train/pocket/1dub_CAA_B_300_protein_refined.pdb
Failed loading<-data/proto_train/pocket/1dub_CAA_B_300_protein_refined.pdb
ccd not matching data/proto_train/pocket/1f0u_RPR_A_501_protein_refined.pdb
Failed loading<-data/proto_train/pocket/1f0u_RPR_A_501_protein_refined.pdb
ccd not matching data/proto_train/pocket/1f4f_TP3_B_702_protein_refined.pdb
Failed loading<-data/proto_train/pocket/1f4f_TP3_B_702_protein_refined.pdb
ccd not matching data/proto_train/pocket/1d2e_GDP_A_1301_protein_refined_reduce.pdb
Failed loading<-data/proto_train/pocket/1d2e_GDP_A_1301_protein_refined_reduce.pdb
ccd not matching data/proto_train/pocket/1dub_CAA_A_300_protein_refined.pdb
Failed loading<-data/proto_train/pocket/1dub_CAA_A_300_protein_refined.pdb
ccd not matching data/proto_train/pocket/1dvx_DIF_B_125_protein_refined_reduce.pdb
Failed loading<-data/proto_train/pocket/1dvx_DIF_B_125_protein_refined_reduce.pdb
ccd not matching data/proto_train/pocket/1b6m_PI6_B_201_protein_refined.pdb
Failed loading<-data/proto_train/pocket/1b6m_PI6_B_201_protein_refined.pdb
ccd not matching data/proto_train/pocket/187l_PXY_A_400_protein_refined.pdb
Failed loading<-data/proto_train/pocket/187l_PXY_A_400_protein_refined.pdb
ccd not matching data/proto_train/pocket/1cm0_COA_B_700_protein_refined.pdb
Failed loading<-data/proto_train/pocket/1cm0_COA_B_700_protein_refined.pdb
ccd not matching data/proto_train/pocket/1d3g_BRE_A_397_protein_refined.pdb
Failed loading<-data/proto_train/pocket/1d3g_BRE_A_397_protein_refined.pdb
ccd not matching data/proto_train/pocket/1awf_ASP-LEU_I_55-64_protein_refined_reduce.pdb
Failed loading<-data/proto_train/pocket/1awf_ASP-LEU_I_55-64_protein_refined_reduce.pdb
ccd not matching data/proto_train/pocket/1doh_NID_B_503_protein_refined_reduce.pdb
Failed loading<-data/proto_train/pocket/1doh_NID_B_503_protein_refined_reduce.pdb
ccd not matching data/proto_train/pocket/1c50_CHI_A_920_protein_refined.pdb
Failed loading<-data/proto_train/pocket/1c50_CHI_A_920_protein_refined.pdb
ccd not matching data/proto_train/pocket/1awi_PRO-PRO_P_1-10_protein_refined_reduce.pdb
Failed loading<-data/proto_train/pocket/1awi_PRO-PRO_P_1-10_protein_refined_reduce.pdb
ccd not matching data/proto_train/pocket/1bnm_AL8_A_555_protein_refined.pdb
Failed loading<-data/proto_train/pocket/1bnm_AL8_A_555_protein_refined.pdb
ccd not matching data/proto_train/pocket/1dls_MTX_A_188_protein_refined.pdb
Failed loading<-data/proto_train/pocket/1dls_MTX_A_188_protein_refined.pdb
ccd not matching data/proto_train/pocket/1d0c_INE_B_765_protein_refined_reduce.pdb
Failed loading<-data/proto_train/pocket/1d0c_INE_B_765_protein_refined_reduce.pdb
ccd not matching data/proto_train/pocket/1dvj_UP6_A_5001_protein_refined_reduce.pdb
Failed loading<-data/proto_train/pocket/1dvj_UP6_A_5001_protein_refined_reduce.pdb
ccd not matching data/proto_train/pocket/1bma_0QH_A_256_protein_refined.pdb
Failed loading<-data/proto_train/pocket/1bma_0QH_A_256_protein_refined.pdb
ccd not matching data/proto_train/pocket/1f3f_D4T_B_161_protein_refined.pdb
Failed loading<-data/proto_train/pocket/1f3f_D4T_B_161_protein_refined.pdb
ccd not matching data/proto_train/pocket/1bwb_146_B_641_protein_refined.pdb
Failed loading<-data/proto_train/pocket/1bwb_146_B_641_protein_refined.pdb
ccd not matching data/proto_train/pocket/1czo_FMN_A_170_protein_refined_reduce.pdb
Failed loading<-data/proto_train/pocket/1czo_FMN_A_170_protein_refined_reduce.pdb
ccd not matching data/proto_train/pocket/1e2p_CCV_A_500_protein_refined_reduce.pdb
Failed loading<-data/proto_train/pocket/1e2p_CCV_A_500_protein_refined_reduce.pdb
ccd not matching data/proto_train/pocket/1d1w_ATQ_A_805_protein_refined_reduce.pdb
Failed loading<-data/proto_train/pocket/1d1w_ATQ_A_805_protein_refined_reduce.pdb
ccd not matching data/proto_train/pocket/1ax1_BGC-GAL_C_1-2_protein_refined.pdb
Failed loading<-data/proto_train/pocket/1ax1_BGC-GAL_C_1-2_protein_refined.pdb
ccd not matching data/proto_train/pocket/1cze_SIN_A_414_protein_refined_reduce.pdb
Failed loading<-data/proto_train/pocket/1cze_SIN_A_414_protein_refined_reduce.pdb
ccd not matching data/proto_train/pocket/1ajp_OMD_A_210_protein_refined.pdb
Failed loading<-data/proto_train/pocket/1ajp_OMD_A_210_protein_refined.pdb
ccd not matching data/proto_train/pocket/1ajn_AAN_B_559_protein_refined_reduce.pdb
Failed loading<-data/proto_train/pocket/1ajn_AAN_B_559_protein_refined_reduce.pdb
ccd not matching data/proto_train/pocket/1d2e_GDP_C_1303_protein_refined_reduce.pdb
Failed loading<-data/proto_train/pocket/1d2e_GDP_C_1303_protein_refined_reduce.pdb
ccd not matching data/proto_train/pocket/1b5i_LYS-LYS_B_1-3_protein_refined_reduce.pdb
Failed loading<-data/proto_train/pocket/1b5i_LYS-LYS_B_1-3_protein_refined_reduce.pdb
ccd not matching data/proto_train/pocket/1akt_FMN_A_149_protein_refined_reduce.pdb
Failed loading<-data/proto_train/pocket/1akt_FMN_A_149_protein_refined_reduce.pdb
ccd not matching data/proto_train/pocket/1b9t_RAI_A_468_protein_refined.pdb
Failed loading<-data/proto_train/pocket/1b9t_RAI_A_468_protein_refined.pdb
ccd not matching data/proto_train/pocket/1af6_GLC-FRU_E_1-2_protein_refined_reduce.pdb
Failed loading<-data/proto_train/pocket/1af6_GLC-FRU_E_1-2_protein_refined_reduce.pdb
ccd not matching data/proto_train/pocket/1elr_ACE-ASP_B_0-5_protein_refined.pdb
Failed loading<-data/proto_train/pocket/1elr_ACE-ASP_B_0-5_protein_refined.pdb
ccd not matching data/proto_train/pocket/1drj_RIP_A_272_protein_refined.pdb
Failed loading<-data/proto_train/pocket/1drj_RIP_A_272_protein_refined.pdb
ccd not matching data/proto_train/pocket/1drj_RIP_A_272_protein_refined_reduce.pdb
Failed loading<-data/proto_train/pocket/1drj_RIP_A_272_protein_refined_reduce.pdb
ccd not matching data/proto_train/pocket/1el9_MTG_B_811_protein_refined.pdb
Failed loading<-data/proto_train/pocket/1el9_MTG_B_811_protein_refined.pdb
ccd not matching data/proto_train/pocket/1e2k_TMC_B_500_protein_refined_reduce.pdb
Failed loading<-data/proto_train/pocket/1e2k_TMC_B_500_protein_refined_reduce.pdb
ccd not matching data/proto_train/pocket/1akq_FMN_A_149_protein_refined_reduce.pdb
Failed loading<-data/proto_train/pocket/1akq_FMN_A_149_protein_refined_reduce.pdb
ccd not matching data/proto_train/pocket/1czr_FMN_A_170_protein_refined.pdb
Failed loading<-data/proto_train/pocket/1czr_FMN_A_170_protein_refined.pdb
ccd not matching data/proto_train/pocket/1f4e_TPR_A_301_protein_refined.pdb
Failed loading<-data/proto_train/pocket/1f4e_TPR_A_301_protein_refined.pdb
ccd not matching data/proto_train/pocket/1b6p_PI7_A_201_protein_refined.pdb
Failed loading<-data/proto_train/pocket/1b6p_PI7_A_201_protein_refined.pdb
ccd not matching data/proto_train/pocket/1ew9_MMQ_B_559_protein_refined.pdb
Failed loading<-data/proto_train/pocket/1ew9_MMQ_B_559_protein_refined.pdb
ccd not matching data/proto_train/pocket/1bwn_4IP_A_172_protein_refined.pdb
Failed loading<-data/proto_train/pocket/1bwn_4IP_A_172_protein_refined.pdb
ccd not matching data/proto_train/pocket/1c83_OAI_A_301_protein_refined.pdb
Failed loading<-data/proto_train/pocket/1c83_OAI_A_301_protein_refined.pdb
ccd not matching data/proto_train/pocket/1e2l_TMC_A_500_protein_refined.pdb
Failed loading<-data/proto_train/pocket/1e2l_TMC_A_500_protein_refined.pdb
ccd not matching data/proto_train/pocket/1eqg_IBP_B_1701_protein_refined_reduce.pdb
Failed loading<-data/proto_train/pocket/1eqg_IBP_B_1701_protein_refined_reduce.pdb
ccd not matching data/proto_train/pocket/1czo_FMN_A_170_protein_refined.pdb
Failed loading<-data/proto_train/pocket/1czo_FMN_A_170_protein_refined.pdb
ccd not matching data/proto_train/pocket/1abf_FCB_A_308_protein_refined.pdb
Failed loading<-data/proto_train/pocket/1abf_FCB_A_308_protein_refined.pdb
ccd not matching data/proto_train/pocket/1csh_AMX_A_700_protein_refined_reduce.pdb
Failed loading<-data/proto_train/pocket/1csh_AMX_A_700_protein_refined_reduce.pdb
ccd not matching data/proto_train/pocket/1f57_DCY_A_308_protein_refined.pdb
Failed loading<-data/proto_train/pocket/1f57_DCY_A_308_protein_refined.pdb
ccd not matching data/proto_train/pocket/1ebg_PAH_A_440_protein_refined_reduce.pdb
Failed loading<-data/proto_train/pocket/1ebg_PAH_A_440_protein_refined_reduce.pdb
ccd not matching data/proto_train/pocket/1dl7_NCH_L_999_protein_refined.pdb
Failed loading<-data/proto_train/pocket/1dl7_NCH_L_999_protein_refined.pdb
ccd not matching data/proto_train/pocket/1bnt_AL2_A_555_protein_refined.pdb
Failed loading<-data/proto_train/pocket/1bnt_AL2_A_555_protein_refined.pdb
ccd not matching data/proto_train/pocket/1a99_PUT_A_371_protein_refined.pdb
Failed loading<-data/proto_train/pocket/1a99_PUT_A_371_protein_refined.pdb
ccd not matching data/proto_train/pocket/1eqh_FLP_A_701_protein_refined.pdb
Failed loading<-data/proto_train/pocket/1eqh_FLP_A_701_protein_refined.pdb
ccd not matching data/proto_train/pocket/1dvj_UP6_A_5001_protein_refined.pdb
Failed loading<-data/proto_train/pocket/1dvj_UP6_A_5001_protein_refined.pdb
ccd not matching data/proto_train/pocket/1bkj_FMN_A_241_protein_refined_reduce.pdb
Failed loading<-data/proto_train/pocket/1bkj_FMN_A_241_protein_refined_reduce.pdb
ccd not matching data/proto_train/pocket/188l_OXE_A_400_protein_refined_reduce.pdb
Failed loading<-data/proto_train/pocket/188l_OXE_A_400_protein_refined_reduce.pdb
ccd not matching data/proto_train/pocket/1c5y_ESP_B_251_protein_refined.pdb
Failed loading<-data/proto_train/pocket/1c5y_ESP_B_251_protein_refined.pdb
ccd not matching data/proto_train/pocket/1bil_0IU_B_391_protein_refined_reduce.pdb
Failed loading<-data/proto_train/pocket/1bil_0IU_B_391_protein_refined_reduce.pdb
ccd not matching data/proto_train/pocket/1bcj_NGA_2_1_protein_refined.pdb
Failed loading<-data/proto_train/pocket/1bcj_NGA_2_1_protein_refined.pdb
ccd not matching data/proto_train/pocket/1bq4_BHC_A_302_protein_refined.pdb
Failed loading<-data/proto_train/pocket/1bq4_BHC_A_302_protein_refined.pdb
ccd not matching data/proto_train/pocket/183l_DEN_A_400_protein_refined.pdb
Failed loading<-data/proto_train/pocket/183l_DEN_A_400_protein_refined.pdb
ccd not matching data/proto_train/pocket/1bnq_AL4_A_555_protein_refined.pdb
Failed loading<-data/proto_train/pocket/1bnq_AL4_A_555_protein_refined.pdb
ccd not matching data/proto_train/pocket/1bkj_FMN_B_241_protein_refined.pdb
Failed loading<-data/proto_train/pocket/1bkj_FMN_B_241_protein_refined.pdb
ccd not matching data/proto_train/pocket/1drb_MTX_A_161_protein_refined_reduce.pdb
Failed loading<-data/proto_train/pocket/1drb_MTX_A_161_protein_refined_reduce.pdb
ccd not matching data/proto_train/pocket/1f8d_9AM_A_0_protein_refined.pdb
Failed loading<-data/proto_train/pocket/1f8d_9AM_A_0_protein_refined.pdb
ccd not matching data/proto_train/pocket/1eyj_AMP_A_341_protein_refined_reduce.pdb
Failed loading<-data/proto_train/pocket/1eyj_AMP_A_341_protein_refined_reduce.pdb
ccd not matching data/proto_train/pocket/1a1c_ACE-DIX_C_100-103_protein_refined_reduce.pdb
Failed loading<-data/proto_train/pocket/1a1c_ACE-DIX_C_100-103_protein_refined_reduce.pdb
ccd not matching data/proto_train/pocket/1bju_GP6_A_910_protein_refined_reduce.pdb
Failed loading<-data/proto_train/pocket/1bju_GP6_A_910_protein_refined_reduce.pdb
ccd not matching data/proto_train/pocket/1a9m_U0E_B_100_protein_refined_reduce.pdb
Failed loading<-data/proto_train/pocket/1a9m_U0E_B_100_protein_refined_reduce.pdb
ccd not matching data/proto_train/pocket/1b0h_LYS-LYS_B_601-603_protein_refined.pdb
Failed loading<-data/proto_train/pocket/1b0h_LYS-LYS_B_601-603_protein_refined.pdb
ccd not matching data/proto_train/pocket/1eix_BMQ_B_1302_protein_refined.pdb
Failed loading<-data/proto_train/pocket/1eix_BMQ_B_1302_protein_refined.pdb
ccd not matching data/proto_train/pocket/1b4h_LYS-LYS_B_1-3_protein_refined.pdb
Failed loading<-data/proto_train/pocket/1b4h_LYS-LYS_B_1-3_protein_refined.pdb
ccd not matching data/proto_train/pocket/1bq4_BHC_A_302_protein_refined_reduce.pdb
Failed loading<-data/proto_train/pocket/1bq4_BHC_A_302_protein_refined_reduce.pdb
ccd not matching data/proto_train/pocket/1af6_GLC-FRU_D_1-2_protein_refined_reduce.pdb
Failed loading<-data/proto_train/pocket/1af6_GLC-FRU_D_1-2_protein_refined_reduce.pdb
ccd not matching data/proto_train/pocket/1dhj_MTX_A_161_protein_refined.pdb
Failed loading<-data/proto_train/pocket/1dhj_MTX_A_161_protein_refined.pdb
ccd not matching data/proto_train/pocket/1ed5_NRG_A_1705_protein_refined.pdb
Failed loading<-data/proto_train/pocket/1ed5_NRG_A_1705_protein_refined.pdb
ccd not matching data/proto_train/pocket/1b2i_AMH_A_84_protein_refined.pdb
Failed loading<-data/proto_train/pocket/1b2i_AMH_A_84_protein_refined.pdb
ccd not matching data/proto_train/pocket/1bto_SSB_D_378_protein_refined.pdb
Failed loading<-data/proto_train/pocket/1bto_SSB_D_378_protein_refined.pdb
ccd not matching data/proto_train/pocket/1egh_PGA_D_231_protein_refined.pdb
Failed loading<-data/proto_train/pocket/1egh_PGA_D_231_protein_refined.pdb
ccd not matching data/proto_train/pocket/1enu_APZ_A_400_protein_refined_reduce.pdb
Failed loading<-data/proto_train/pocket/1enu_APZ_A_400_protein_refined_reduce.pdb
ccd not matching data/proto_train/pocket/1a5s_FIP_A_270_protein_refined.pdb
Failed loading<-data/proto_train/pocket/1a5s_FIP_A_270_protein_refined.pdb
ccd not matching data/proto_train/pocket/1eix_BMQ_D_1304_protein_refined.pdb
Failed loading<-data/proto_train/pocket/1eix_BMQ_D_1304_protein_refined.pdb
ccd not matching data/proto_train/pocket/1aj6_NOV_A_1_protein_refined.pdb
Failed loading<-data/proto_train/pocket/1aj6_NOV_A_1_protein_refined.pdb
ccd not matching data/proto_train/pocket/1c86_OPA_A_301_protein_refined_reduce.pdb
Failed loading<-data/proto_train/pocket/1c86_OPA_A_301_protein_refined_reduce.pdb
ccd not matching data/proto_train/pocket/1d0o_INE_A_760_protein_refined.pdb
Failed loading<-data/proto_train/pocket/1d0o_INE_A_760_protein_refined.pdb
ccd not matching data/proto_train/pocket/1aj6_NOV_A_1_protein_refined_reduce.pdb
Failed loading<-data/proto_train/pocket/1aj6_NOV_A_1_protein_refined_reduce.pdb
ccd not matching data/proto_train/pocket/1eei_GAA_E_505_protein_refined.pdb
Failed loading<-data/proto_train/pocket/1eei_GAA_E_505_protein_refined.pdb
ccd not matching data/proto_train/pocket/1afk_PAP_B_125_protein_refined.pdb
Failed loading<-data/proto_train/pocket/1afk_PAP_B_125_protein_refined.pdb
ccd not matching data/proto_train/pocket/1a7x_FKA_B_201_protein_refined.pdb
Failed loading<-data/proto_train/pocket/1a7x_FKA_B_201_protein_refined.pdb
ccd not matching data/proto_train/pocket/1f2o_LEU_A_903_protein_refined.pdb
Failed loading<-data/proto_train/pocket/1f2o_LEU_A_903_protein_refined.pdb
ccd not matching data/proto_train/pocket/1csi_CMX_A_700_protein_refined_reduce.pdb
Failed loading<-data/proto_train/pocket/1csi_CMX_A_700_protein_refined_reduce.pdb
ccd not matching data/proto_train/pocket/1bwa_XV6_B_638_protein_refined_reduce.pdb
Failed loading<-data/proto_train/pocket/1bwa_XV6_B_638_protein_refined_reduce.pdb
ccd not matching data/proto_train/pocket/1bcj_NGA_1_1_protein_refined.pdb
Failed loading<-data/proto_train/pocket/1bcj_NGA_1_1_protein_refined.pdb
ccd not matching data/proto_train/pocket/1egh_PGA_F_251_protein_refined.pdb
Failed loading<-data/proto_train/pocket/1egh_PGA_F_251_protein_refined.pdb
ccd not matching data/proto_train/pocket/1bfv_STG_H_200_protein_refined_reduce.pdb
Failed loading<-data/proto_train/pocket/1bfv_STG_H_200_protein_refined_reduce.pdb
ccd not matching data/proto_train/pocket/1dvx_DIF_B_125_protein_refined.pdb
Failed loading<-data/proto_train/pocket/1dvx_DIF_B_125_protein_refined.pdb
ccd not matching data/proto_train/pocket/1a7c_ACE-NH2_B_900-906_protein_refined_reduce.pdb
Failed loading<-data/proto_train/pocket/1a7c_ACE-NH2_B_900-906_protein_refined_reduce.pdb
ccd not matching data/proto_train/pocket/1ajv_NMB_A_501_protein_refined.pdb
Failed loading<-data/proto_train/pocket/1ajv_NMB_A_501_protein_refined.pdb
ccd not matching data/proto_train/pocket/1cbr_REA_A_200_protein_refined.pdb
Failed loading<-data/proto_train/pocket/1cbr_REA_A_200_protein_refined.pdb
ccd not matching data/proto_train/pocket/1b2h_LYS-LYS_B_1-3_protein_refined.pdb
Failed loading<-data/proto_train/pocket/1b2h_LYS-LYS_B_1-3_protein_refined.pdb
ccd not matching data/proto_train/pocket/1fby_9CR_B_1500_protein_refined_reduce.pdb
Failed loading<-data/proto_train/pocket/1fby_9CR_B_1500_protein_refined_reduce.pdb
ccd not matching data/proto_train/pocket/1e06_IPB_B_600_protein_refined.pdb
Failed loading<-data/proto_train/pocket/1e06_IPB_B_600_protein_refined.pdb
ccd not matching data/proto_train/pocket/1cam_BCT_A_500_protein_refined.pdb
Failed loading<-data/proto_train/pocket/1cam_BCT_A_500_protein_refined.pdb
ccd not matching data/proto_train/pocket/1f5l_AMR_A_301_protein_refined_reduce.pdb
Failed loading<-data/proto_train/pocket/1f5l_AMR_A_301_protein_refined_reduce.pdb
ccd not matching data/proto_train/pocket/1d4y_TPV_A_501_protein_refined.pdb
Failed loading<-data/proto_train/pocket/1d4y_TPV_A_501_protein_refined.pdb
ccd not matching data/proto_train/pocket/1bn4_AL9_A_555_protein_refined_reduce.pdb
Failed loading<-data/proto_train/pocket/1bn4_AL9_A_555_protein_refined_reduce.pdb
ccd not matching data/proto_train/pocket/1ct8_TAA_D_551_protein_refined.pdb
Failed loading<-data/proto_train/pocket/1ct8_TAA_D_551_protein_refined.pdb
ccd not matching data/proto_train/pocket/1eix_BMQ_A_1301_protein_refined_reduce.pdb
Failed loading<-data/proto_train/pocket/1eix_BMQ_A_1301_protein_refined_reduce.pdb
ccd not matching data/proto_train/pocket/1cqp_803_A_311_protein_refined.pdb
Failed loading<-data/proto_train/pocket/1cqp_803_A_311_protein_refined.pdb
ccd not matching data/proto_train/pocket/1f0t_PR1_A_304_protein_refined.pdb
Failed loading<-data/proto_train/pocket/1f0t_PR1_A_304_protein_refined.pdb
ccd not matching data/proto_train/pocket/1dib_L34_A_3001_protein_refined_reduce.pdb
Failed loading<-data/proto_train/pocket/1dib_L34_A_3001_protein_refined_reduce.pdb
ccd not matching data/proto_train/pocket/1f28_F89_D_404_protein_refined.pdb
Failed loading<-data/proto_train/pocket/1f28_F89_D_404_protein_refined.pdb
ccd not matching data/proto_train/pocket/1c5u_ESP_A_246_protein_refined.pdb
Failed loading<-data/proto_train/pocket/1c5u_ESP_A_246_protein_refined.pdb
ccd not matching data/proto_train/pocket/1df7_MTX_A_501_protein_refined.pdb
Failed loading<-data/proto_train/pocket/1df7_MTX_A_501_protein_refined.pdb
ccd not matching data/proto_train/pocket/1doh_NID_A_502_protein_refined_reduce.pdb
Failed loading<-data/proto_train/pocket/1doh_NID_A_502_protein_refined_reduce.pdb
ccd not matching data/proto_train/pocket/1af6_GLC-FRU_D_1-2_protein_refined.pdb
Failed loading<-data/proto_train/pocket/1af6_GLC-FRU_D_1-2_protein_refined.pdb
ccd not matching data/proto_train/pocket/1fax_DX9_A_265_protein_refined.pdb
Failed loading<-data/proto_train/pocket/1fax_DX9_A_265_protein_refined.pdb
ccd not matching data/proto_train/pocket/1d7i_DSS_B_302_protein_refined_reduce.pdb
Failed loading<-data/proto_train/pocket/1d7i_DSS_B_302_protein_refined_reduce.pdb
ccd not matching data/proto_train/pocket/1b05_LYS-LYS_B_1-3_protein_refined.pdb
Failed loading<-data/proto_train/pocket/1b05_LYS-LYS_B_1-3_protein_refined.pdb
ccd not matching data/proto_train/pocket/1eqg_IBP_A_701_protein_refined.pdb
Failed loading<-data/proto_train/pocket/1eqg_IBP_A_701_protein_refined.pdb
ccd not matching data/proto_train/pocket/1cny_EG3_A_555_protein_refined.pdb
Failed loading<-data/proto_train/pocket/1cny_EG3_A_555_protein_refined.pdb
ccd not matching data/proto_train/pocket/1avn_HSM_A_264_protein_refined.pdb
Failed loading<-data/proto_train/pocket/1avn_HSM_A_264_protein_refined.pdb
ccd not matching data/proto_train/pocket/1ed4_IPU_A_2840_protein_refined_reduce.pdb
Failed loading<-data/proto_train/pocket/1ed4_IPU_A_2840_protein_refined_reduce.pdb
ccd not matching data/proto_train/pocket/1dib_L34_A_3001_protein_refined.pdb
Failed loading<-data/proto_train/pocket/1dib_L34_A_3001_protein_refined.pdb
ccd not matching data/proto_train/pocket/1aid_THK_B_201_protein_refined.pdb
Failed loading<-data/proto_train/pocket/1aid_THK_B_201_protein_refined.pdb
ccd not matching data/proto_train/pocket/1bkf_FK5_A_108_protein_refined.pdb
Failed loading<-data/proto_train/pocket/1bkf_FK5_A_108_protein_refined.pdb
ccd not matching data/proto_train/pocket/1c3v_NDP_B_1301_protein_refined.pdb
Failed loading<-data/proto_train/pocket/1c3v_NDP_B_1301_protein_refined.pdb
ccd not matching data/proto_train/pocket/1eqh_FLP_B_1701_protein_refined.pdb
Failed loading<-data/proto_train/pocket/1eqh_FLP_B_1701_protein_refined.pdb
ccd not matching data/proto_train/pocket/1d7x_SPC_B_901_protein_refined.pdb
Failed loading<-data/proto_train/pocket/1d7x_SPC_B_901_protein_refined.pdb
ccd not matching data/proto_train/pocket/1ec1_BEE_A_501_protein_refined_reduce.pdb
Failed loading<-data/proto_train/pocket/1ec1_BEE_A_501_protein_refined_reduce.pdb
ccd not matching data/proto_train/pocket/1cah_BCT_A_500_protein_refined.pdb
Failed loading<-data/proto_train/pocket/1cah_BCT_A_500_protein_refined.pdb
ccd not matching data/proto_train/pocket/1dqr_6PG_B_601_protein_refined.pdb
Failed loading<-data/proto_train/pocket/1dqr_6PG_B_601_protein_refined.pdb
ccd not matching data/proto_train/pocket/1c7f_FMN_B_2149_protein_refined.pdb
Failed loading<-data/proto_train/pocket/1c7f_FMN_B_2149_protein_refined.pdb
ccd not matching data/proto_train/pocket/1eed_0EO_P_327_protein_refined_reduce.pdb
Failed loading<-data/proto_train/pocket/1eed_0EO_P_327_protein_refined_reduce.pdb
ccd not matching data/proto_train/pocket/1e1y_CPB_A_940_protein_refined.pdb
Failed loading<-data/proto_train/pocket/1e1y_CPB_A_940_protein_refined.pdb
ccd not matching data/proto_train/pocket/1c1r_BAI_A_246_protein_refined.pdb
Failed loading<-data/proto_train/pocket/1c1r_BAI_A_246_protein_refined.pdb
ccd not matching data/proto_train/pocket/1a5s_FIP_A_270_protein_refined_reduce.pdb
Failed loading<-data/proto_train/pocket/1a5s_FIP_A_270_protein_refined_reduce.pdb
ccd not matching data/proto_train/pocket/1ecq_DXG_C_501_protein_refined.pdb
Failed loading<-data/proto_train/pocket/1ecq_DXG_C_501_protein_refined.pdb
ccd not matching data/proto_train/pocket/1egh_PGA_B_211_protein_refined_reduce.pdb
Failed loading<-data/proto_train/pocket/1egh_PGA_B_211_protein_refined_reduce.pdb
ccd not matching data/proto_train/pocket/1c2t_NHS_B_220_protein_refined.pdb
Failed loading<-data/proto_train/pocket/1c2t_NHS_B_220_protein_refined.pdb
ccd not matching data/proto_train/pocket/1ecq_DXG_D_502_protein_refined.pdb
Failed loading<-data/proto_train/pocket/1ecq_DXG_D_502_protein_refined.pdb
ccd not matching data/proto_train/pocket/1egh_PGA_B_211_protein_refined.pdb
Failed loading<-data/proto_train/pocket/1egh_PGA_B_211_protein_refined.pdb
ccd not matching data/proto_train/pocket/1ere_EST_E_600_protein_refined_reduce.pdb
Failed loading<-data/proto_train/pocket/1ere_EST_E_600_protein_refined_reduce.pdb
ccd not matching data/proto_train/pocket/1e06_IPB_A_600_protein_refined_reduce.pdb
Failed loading<-data/proto_train/pocket/1e06_IPB_A_600_protein_refined_reduce.pdb
ccd not matching data/proto_train/pocket/1e3g_R18_A_1000_protein_refined.pdb
Failed loading<-data/proto_train/pocket/1e3g_R18_A_1000_protein_refined.pdb
ccd not matching data/proto_train/pocket/1a94_0Q4_A_100_protein_refined.pdb
Failed loading<-data/proto_train/pocket/1a94_0Q4_A_100_protein_refined.pdb
ccd not matching data/proto_train/pocket/1ah3_TOL_A_320_protein_refined.pdb
Failed loading<-data/proto_train/pocket/1ah3_TOL_A_320_protein_refined.pdb
ccd not matching data/proto_train/pocket/1b6k_PI5_A_201_protein_refined_reduce.pdb
Failed loading<-data/proto_train/pocket/1b6k_PI5_A_201_protein_refined_reduce.pdb
ccd not matching data/proto_train/pocket/1dog_NOJ_A_496_protein_refined.pdb
Failed loading<-data/proto_train/pocket/1dog_NOJ_A_496_protein_refined.pdb
ccd not matching data/proto_train/pocket/1dzm_BZM_B_600_protein_refined_reduce.pdb
Failed loading<-data/proto_train/pocket/1dzm_BZM_B_600_protein_refined_reduce.pdb
ccd not matching data/proto_train/pocket/1atl_0QI_B_311_protein_refined_reduce.pdb
Failed loading<-data/proto_train/pocket/1atl_0QI_B_311_protein_refined_reduce.pdb
ccd not matching data/proto_train/pocket/1dhj_MTX_B_361_protein_refined.pdb
Failed loading<-data/proto_train/pocket/1dhj_MTX_B_361_protein_refined.pdb
ccd not matching data/proto_train/pocket/1ere_EST_D_600_protein_refined.pdb
Failed loading<-data/proto_train/pocket/1ere_EST_D_600_protein_refined.pdb
ccd not matching data/proto_train/pocket/1enu_APZ_A_400_protein_refined.pdb
Failed loading<-data/proto_train/pocket/1enu_APZ_A_400_protein_refined.pdb
ccd not matching data/proto_train/pocket/1c9h_RAP_A_108_protein_refined_reduce.pdb
Failed loading<-data/proto_train/pocket/1c9h_RAP_A_108_protein_refined_reduce.pdb
ccd not matching data/proto_train/pocket/1bp0_UMP_A_317_protein_refined.pdb
Failed loading<-data/proto_train/pocket/1bp0_UMP_A_317_protein_refined.pdb
ccd not matching data/proto_train/pocket/1a30_GLU-LEU_C_506-508_protein_refined.pdb
Failed loading<-data/proto_train/pocket/1a30_GLU-LEU_C_506-508_protein_refined.pdb
ccd not matching data/proto_train/pocket/1dq8_MAH_D_203_protein_refined_reduce.pdb
Failed loading<-data/proto_train/pocket/1dq8_MAH_D_203_protein_refined_reduce.pdb
ccd not matching data/proto_train/pocket/1amw_ADP_A_300_protein_refined.pdb
Failed loading<-data/proto_train/pocket/1amw_ADP_A_300_protein_refined.pdb
ccd not matching data/proto_train/pocket/1atp_ATP_E_355_protein_refined_reduce.pdb
Failed loading<-data/proto_train/pocket/1atp_ATP_E_355_protein_refined_reduce.pdb
ccd not matching data/proto_train/pocket/1dqn_IMU_B_301_protein_refined.pdb
Failed loading<-data/proto_train/pocket/1dqn_IMU_B_301_protein_refined.pdb
ccd not matching data/proto_train/pocket/1a1c_ACE-DIX_C_100-103_protein_refined.pdb
Failed loading<-data/proto_train/pocket/1a1c_ACE-DIX_C_100-103_protein_refined.pdb
ccd not matching data/proto_train/pocket/1ek2_CDU_B_1200_protein_refined_reduce.pdb
Failed loading<-data/proto_train/pocket/1ek2_CDU_B_1200_protein_refined_reduce.pdb
ccd not matching data/proto_train/pocket/186l_N4B_A_400_protein_refined_reduce.pdb
Failed loading<-data/proto_train/pocket/186l_N4B_A_400_protein_refined_reduce.pdb
ccd not matching data/proto_train/pocket/1b4h_LYS-LYS_B_1-3_protein_refined_reduce.pdb
Failed loading<-data/proto_train/pocket/1b4h_LYS-LYS_B_1-3_protein_refined_reduce.pdb
ccd not matching data/proto_train/pocket/1a99_PUT_B_371_protein_refined.pdb
Failed loading<-data/proto_train/pocket/1a99_PUT_B_371_protein_refined.pdb
ccd not matching data/proto_train/pocket/1afk_PAP_B_125_protein_refined_reduce.pdb
Failed loading<-data/proto_train/pocket/1afk_PAP_B_125_protein_refined_reduce.pdb
ccd not matching data/proto_train/pocket/1fcz_156_A_450_protein_refined_reduce.pdb
Failed loading<-data/proto_train/pocket/1fcz_156_A_450_protein_refined_reduce.pdb
ccd not matching data/proto_train/pocket/1e1v_CMG_A_401_protein_refined_reduce.pdb
Failed loading<-data/proto_train/pocket/1e1v_CMG_A_401_protein_refined_reduce.pdb
ccd not matching data/proto_train/pocket/1drk_RIP_A_272_protein_refined.pdb
Failed loading<-data/proto_train/pocket/1drk_RIP_A_272_protein_refined.pdb
ccd not matching data/proto_train/pocket/1dwd_MID_H_1_protein_refined_reduce.pdb
Failed loading<-data/proto_train/pocket/1dwd_MID_H_1_protein_refined_reduce.pdb
ccd not matching data/proto_train/pocket/1b3g_LYS-LYS_B_1-3_protein_refined_reduce.pdb
Failed loading<-data/proto_train/pocket/1b3g_LYS-LYS_B_1-3_protein_refined_reduce.pdb
ccd not matching data/proto_train/pocket/1efi_GAT_H_108_protein_refined_reduce.pdb
Failed loading<-data/proto_train/pocket/1efi_GAT_H_108_protein_refined_reduce.pdb
ccd not matching data/proto_train/pocket/1b9s_FDI_A_468_protein_refined_reduce.pdb
Failed loading<-data/proto_train/pocket/1b9s_FDI_A_468_protein_refined_reduce.pdb
ccd not matching data/proto_train/pocket/1a4k_FRA_H_3083_protein_refined_reduce.pdb
Failed loading<-data/proto_train/pocket/1a4k_FRA_H_3083_protein_refined_reduce.pdb
ccd not matching data/proto_train/pocket/1e4h_PBR_A_998_protein_refined_reduce.pdb
Failed loading<-data/proto_train/pocket/1e4h_PBR_A_998_protein_refined_reduce.pdb
ccd not matching data/proto_train/pocket/1cjb_IRP_D_300_protein_refined_reduce.pdb
Failed loading<-data/proto_train/pocket/1cjb_IRP_D_300_protein_refined_reduce.pdb
ccd not matching data/proto_train/pocket/1e8g_FAD_B_600_protein_refined.pdb
Failed loading<-data/proto_train/pocket/1e8g_FAD_B_600_protein_refined.pdb
ccd not matching data/proto_train/pocket/1cqe_FLP_B_2650_protein_refined_reduce.pdb
Failed loading<-data/proto_train/pocket/1cqe_FLP_B_2650_protein_refined_reduce.pdb
ccd not matching data/proto_train/pocket/1f73_HMN_A_700_protein_refined.pdb
Failed loading<-data/proto_train/pocket/1f73_HMN_A_700_protein_refined.pdb
ccd not matching data/proto_train/pocket/1bcd_FMS_A_500_protein_refined_reduce.pdb
Failed loading<-data/proto_train/pocket/1bcd_FMS_A_500_protein_refined_reduce.pdb
ccd not matching data/proto_train/pocket/1abf_FCA_A_307_protein_refined_reduce.pdb
Failed loading<-data/proto_train/pocket/1abf_FCA_A_307_protein_refined_reduce.pdb
ccd not matching data/proto_train/pocket/1ed5_NRG_A_1705_protein_refined_reduce.pdb
Failed loading<-data/proto_train/pocket/1ed5_NRG_A_1705_protein_refined_reduce.pdb
ccd not matching data/proto_train/pocket/1ef3_FID_A_340_protein_refined_reduce.pdb
Failed loading<-data/proto_train/pocket/1ef3_FID_A_340_protein_refined_reduce.pdb
ccd not matching data/proto_train/pocket/1c2t_NHS_B_220_protein_refined_reduce.pdb
Failed loading<-data/proto_train/pocket/1c2t_NHS_B_220_protein_refined_reduce.pdb
ccd not matching data/proto_train/pocket/1axr_HTP_A_998_protein_refined_reduce.pdb
Failed loading<-data/proto_train/pocket/1axr_HTP_A_998_protein_refined_reduce.pdb
ccd not matching data/proto_train/pocket/1f73_HMN_D_703_protein_refined.pdb
Failed loading<-data/proto_train/pocket/1f73_HMN_D_703_protein_refined.pdb
ccd not matching data/proto_train/pocket/1f28_F89_A_401_protein_refined.pdb
Failed loading<-data/proto_train/pocket/1f28_F89_A_401_protein_refined.pdb
ccd not matching data/proto_train/pocket/1e00_DHM_B_600_protein_refined.pdb
Failed loading<-data/proto_train/pocket/1e00_DHM_B_600_protein_refined.pdb
ccd not matching data/proto_train/pocket/1d4h_BEH_B_501_protein_refined_reduce.pdb
Failed loading<-data/proto_train/pocket/1d4h_BEH_B_501_protein_refined_reduce.pdb
ccd not matching data/proto_train/pocket/1czh_FMN_A_170_protein_refined_reduce.pdb
Failed loading<-data/proto_train/pocket/1czh_FMN_A_170_protein_refined_reduce.pdb
ccd not matching data/proto_train/pocket/1d8f_SPI_B_901_protein_refined_reduce.pdb
Failed loading<-data/proto_train/pocket/1d8f_SPI_B_901_protein_refined_reduce.pdb
ccd not matching data/proto_train/pocket/1b5h_LYS-LYS_B_1-3_protein_refined_reduce.pdb
Failed loading<-data/proto_train/pocket/1b5h_LYS-LYS_B_1-3_protein_refined_reduce.pdb
ccd not matching data/proto_train/pocket/1ebz_BEC_B_501_protein_refined_reduce.pdb
Failed loading<-data/proto_train/pocket/1ebz_BEC_B_501_protein_refined_reduce.pdb
ccd not matching data/proto_train/pocket/1d9i_00P_A_380_protein_refined.pdb
Failed loading<-data/proto_train/pocket/1d9i_00P_A_380_protein_refined.pdb
ccd not matching data/proto_train/pocket/1bcu_PRL_H_280_protein_refined_reduce.pdb
Failed loading<-data/proto_train/pocket/1bcu_PRL_H_280_protein_refined_reduce.pdb
ccd not matching data/proto_train/pocket/1c87_OPA_A_301_protein_refined.pdb
Failed loading<-data/proto_train/pocket/1c87_OPA_A_301_protein_refined.pdb
ccd not matching data/proto_train/pocket/1df1_ITU_A_899_protein_refined_reduce.pdb
Failed loading<-data/proto_train/pocket/1df1_ITU_A_899_protein_refined_reduce.pdb
ccd not matching data/proto_train/pocket/1bwa_XV6_B_638_protein_refined.pdb
Failed loading<-data/proto_train/pocket/1bwa_XV6_B_638_protein_refined.pdb
ccd not matching data/proto_train/pocket/1b46_LYS-LYS_B_1-3_protein_refined_reduce.pdb
Failed loading<-data/proto_train/pocket/1b46_LYS-LYS_B_1-3_protein_refined_reduce.pdb
ccd not matching data/proto_train/pocket/1aoe_GW3_B_194_protein_refined_reduce.pdb
Failed loading<-data/proto_train/pocket/1aoe_GW3_B_194_protein_refined_reduce.pdb
ccd not matching data/proto_train/pocket/1f06_2NP_B_950_protein_refined_reduce.pdb
Failed loading<-data/proto_train/pocket/1f06_2NP_B_950_protein_refined_reduce.pdb
ccd not matching data/proto_train/pocket/1ed5_NRG_B_2705_protein_refined_reduce.pdb
Failed loading<-data/proto_train/pocket/1ed5_NRG_B_2705_protein_refined_reduce.pdb
ccd not matching data/proto_train/pocket/1el3_I84_A_320_protein_refined.pdb
Failed loading<-data/proto_train/pocket/1el3_I84_A_320_protein_refined.pdb
ccd not matching data/proto_train/pocket/1f92_UKP_A_300_protein_refined.pdb
Failed loading<-data/proto_train/pocket/1f92_UKP_A_300_protein_refined.pdb
ccd not matching data/proto_train/pocket/1a1e_ACE-DIY_C_100-103_protein_refined.pdb
Failed loading<-data/proto_train/pocket/1a1e_ACE-DIY_C_100-103_protein_refined.pdb
ccd not matching data/proto_train/pocket/1bzy_IMU_C_300_protein_refined.pdb
Failed loading<-data/proto_train/pocket/1bzy_IMU_C_300_protein_refined.pdb
ccd not matching data/proto_train/pocket/1ai2_NAP_A_417_protein_refined_reduce.pdb
Failed loading<-data/proto_train/pocket/1ai2_NAP_A_417_protein_refined_reduce.pdb
ccd not matching data/proto_train/pocket/1dmt_RDF_A_750_protein_refined_reduce.pdb
Failed loading<-data/proto_train/pocket/1dmt_RDF_A_750_protein_refined_reduce.pdb
ccd not matching data/proto_train/pocket/1dcy_I3N_A_1201_protein_refined.pdb
Failed loading<-data/proto_train/pocket/1dcy_I3N_A_1201_protein_refined.pdb
ccd not matching data/proto_train/pocket/1a29_TFP_A_153_protein_refined_reduce.pdb
Failed loading<-data/proto_train/pocket/1a29_TFP_A_153_protein_refined_reduce.pdb
ccd not matching data/proto_train/pocket/1cm0_COA_B_700_protein_refined_reduce.pdb
Failed loading<-data/proto_train/pocket/1cm0_COA_B_700_protein_refined_reduce.pdb
ccd not matching data/proto_train/pocket/1ejn_AGB_A_800_protein_refined_reduce.pdb
Failed loading<-data/proto_train/pocket/1ejn_AGB_A_800_protein_refined_reduce.pdb
ccd not matching data/proto_train/pocket/1cjb_IRP_B_300_protein_refined.pdb
Failed loading<-data/proto_train/pocket/1cjb_IRP_B_300_protein_refined.pdb
ccd not matching data/proto_train/pocket/1dqa_MAH_A_201_protein_refined.pdb
Failed loading<-data/proto_train/pocket/1dqa_MAH_A_201_protein_refined.pdb
ccd not matching data/proto_train/pocket/1a99_PUT_D_371_protein_refined.pdb
Failed loading<-data/proto_train/pocket/1a99_PUT_D_371_protein_refined.pdb
ccd not matching data/proto_train/pocket/1dub_CAA_F_300_protein_refined_reduce.pdb
Failed loading<-data/proto_train/pocket/1dub_CAA_F_300_protein_refined_reduce.pdb
ccd not matching data/proto_train/pocket/1bb6_UMG_A_130_protein_refined.pdb
Failed loading<-data/proto_train/pocket/1bb6_UMG_A_130_protein_refined.pdb
ccd not matching data/proto_train/pocket/1bwb_146_B_641_protein_refined_reduce.pdb
Failed loading<-data/proto_train/pocket/1bwb_146_B_641_protein_refined_reduce.pdb
ccd not matching data/proto_train/pocket/1ciz_DPS_A_307_protein_refined_reduce.pdb
Failed loading<-data/proto_train/pocket/1ciz_DPS_A_307_protein_refined_reduce.pdb
ccd not matching data/proto_train/pocket/1ex8_A4P_A_171_protein_refined_reduce.pdb
Failed loading<-data/proto_train/pocket/1ex8_A4P_A_171_protein_refined_reduce.pdb
ccd not matching data/proto_train/pocket/1dzp_BZQ_B_600_protein_refined_reduce.pdb
Failed loading<-data/proto_train/pocket/1dzp_BZQ_B_600_protein_refined_reduce.pdb
ccd not matching data/proto_train/pocket/1a85_0DY_A_1_protein_refined_reduce.pdb
Failed loading<-data/proto_train/pocket/1a85_0DY_A_1_protein_refined_reduce.pdb
ccd not matching data/proto_train/pocket/1ec3_MS3_A_501_protein_refined.pdb
Failed loading<-data/proto_train/pocket/1ec3_MS3_A_501_protein_refined.pdb
ccd not matching data/proto_train/pocket/1epo_2Z3_E_327_protein_refined.pdb
Failed loading<-data/proto_train/pocket/1epo_2Z3_E_327_protein_refined.pdb
ccd not matching data/proto_train/pocket/1a9t_HPA_A_290_protein_refined_reduce.pdb
Failed loading<-data/proto_train/pocket/1a9t_HPA_A_290_protein_refined_reduce.pdb
ccd not matching data/proto_train/pocket/1a9t_HPA_A_290_protein_refined.pdb
Failed loading<-data/proto_train/pocket/1a9t_HPA_A_290_protein_refined.pdb
ccd not matching data/proto_train/pocket/1bil_0IU_B_391_protein_refined.pdb
Failed loading<-data/proto_train/pocket/1bil_0IU_B_391_protein_refined.pdb
ccd not matching data/proto_train/pocket/1dih_NDP_A_301_protein_refined_reduce.pdb
Failed loading<-data/proto_train/pocket/1dih_NDP_A_301_protein_refined_reduce.pdb
ccd not matching data/proto_train/pocket/1dbt_U5P_B_251_protein_refined.pdb
Failed loading<-data/proto_train/pocket/1dbt_U5P_B_251_protein_refined.pdb
ccd not matching data/proto_train/pocket/1ai7_IPH_B_559_protein_refined_reduce.pdb
Failed loading<-data/proto_train/pocket/1ai7_IPH_B_559_protein_refined_reduce.pdb
ccd not matching data/proto_train/pocket/1db4_8IN_A_200_protein_refined_reduce.pdb
Failed loading<-data/proto_train/pocket/1db4_8IN_A_200_protein_refined_reduce.pdb
ccd not matching data/proto_train/pocket/1a08_ACE-DIP_D_100-103_protein_refined_reduce.pdb
Failed loading<-data/proto_train/pocket/1a08_ACE-DIP_D_100-103_protein_refined_reduce.pdb
ccd not matching data/proto_train/pocket/1ctt_DHZ_A_295_protein_refined.pdb
Failed loading<-data/proto_train/pocket/1ctt_DHZ_A_295_protein_refined.pdb
ccd not matching data/proto_train/pocket/1bzm_MZM_A_262_protein_refined_reduce.pdb
Failed loading<-data/proto_train/pocket/1bzm_MZM_A_262_protein_refined_reduce.pdb
ccd not matching data/proto_train/pocket/1ahy_MAE_B_411_protein_refined.pdb
Failed loading<-data/proto_train/pocket/1ahy_MAE_B_411_protein_refined.pdb
ccd not matching data/proto_train/pocket/1c5u_ESP_A_246_protein_refined_reduce.pdb
Failed loading<-data/proto_train/pocket/1c5u_ESP_A_246_protein_refined_reduce.pdb
ccd not matching data/proto_train/pocket/1bv9_XV6_A_638_protein_refined_reduce.pdb
Failed loading<-data/proto_train/pocket/1bv9_XV6_A_638_protein_refined_reduce.pdb
ccd not matching data/proto_train/pocket/181l_BNZ_A_400_protein_refined.pdb
Failed loading<-data/proto_train/pocket/181l_BNZ_A_400_protein_refined.pdb
ccd not matching data/proto_train/pocket/1db5_6IN_A_200_protein_refined.pdb
Failed loading<-data/proto_train/pocket/1db5_6IN_A_200_protein_refined.pdb
ccd not matching data/proto_train/pocket/1cbx_BZS_A_500_protein_refined_reduce.pdb
Failed loading<-data/proto_train/pocket/1cbx_BZS_A_500_protein_refined_reduce.pdb
ccd not matching data/proto_train/pocket/1el5_DMG_B_811_protein_refined.pdb
Failed loading<-data/proto_train/pocket/1el5_DMG_B_811_protein_refined.pdb
ccd not matching data/proto_train/pocket/1dbt_U5P_A_250_protein_refined.pdb
Failed loading<-data/proto_train/pocket/1dbt_U5P_A_250_protein_refined.pdb
ccd not matching data/proto_train/pocket/1dub_CAA_C_300_protein_refined_reduce.pdb
Failed loading<-data/proto_train/pocket/1dub_CAA_C_300_protein_refined_reduce.pdb
ccd not matching data/proto_train/pocket/1a0t_GLC-FRU_A_1-2_protein_refined.pdb
Failed loading<-data/proto_train/pocket/1a0t_GLC-FRU_A_1-2_protein_refined.pdb
ccd not matching data/proto_train/pocket/1dud_DUD_A_153_protein_refined.pdb
Failed loading<-data/proto_train/pocket/1dud_DUD_A_153_protein_refined.pdb
ccd not matching data/proto_train/pocket/1a86_0ZB_A_1_protein_refined.pdb
Failed loading<-data/proto_train/pocket/1a86_0ZB_A_1_protein_refined.pdb
ccd not matching data/proto_train/pocket/1c5w_ESI_B_251_protein_refined.pdb
Failed loading<-data/proto_train/pocket/1c5w_ESI_B_251_protein_refined.pdb
ccd not matching data/proto_train/pocket/1e3k_R18_B_1000_protein_refined_reduce.pdb
Failed loading<-data/proto_train/pocket/1e3k_R18_B_1000_protein_refined_reduce.pdb
ccd not matching data/proto_train/pocket/1a8i_GLS_A_998_protein_refined_reduce.pdb
Failed loading<-data/proto_train/pocket/1a8i_GLS_A_998_protein_refined_reduce.pdb
ccd not matching data/proto_train/pocket/1eli_PYC_B_811_protein_refined.pdb
Failed loading<-data/proto_train/pocket/1eli_PYC_B_811_protein_refined.pdb
ccd not matching data/proto_train/pocket/1bic_BCT_A_498_protein_refined_reduce.pdb
Failed loading<-data/proto_train/pocket/1bic_BCT_A_498_protein_refined_reduce.pdb
ccd not matching data/proto_train/pocket/1f8c_4AM_A_4_protein_refined.pdb
Failed loading<-data/proto_train/pocket/1f8c_4AM_A_4_protein_refined.pdb
ccd not matching data/proto_train/pocket/1ao8_MTX_A_170_protein_refined_reduce.pdb
Failed loading<-data/proto_train/pocket/1ao8_MTX_A_170_protein_refined_reduce.pdb
ccd not matching data/proto_train/pocket/1ahy_MAE_B_411_protein_refined_reduce.pdb
Failed loading<-data/proto_train/pocket/1ahy_MAE_B_411_protein_refined_reduce.pdb
ccd not matching data/proto_train/pocket/1d4p_BPP_B_400_protein_refined.pdb
Failed loading<-data/proto_train/pocket/1d4p_BPP_B_400_protein_refined.pdb
ccd not matching data/proto_train/pocket/1f7k_UMP_B_703_protein_refined_reduce.pdb
Failed loading<-data/proto_train/pocket/1f7k_UMP_B_703_protein_refined_reduce.pdb
ccd not matching data/proto_train/pocket/1cqp_803_A_311_protein_refined_reduce.pdb
Failed loading<-data/proto_train/pocket/1cqp_803_A_311_protein_refined_reduce.pdb
ccd not matching data/proto_train/pocket/1eqg_IBP_B_1701_protein_refined.pdb
Failed loading<-data/proto_train/pocket/1eqg_IBP_B_1701_protein_refined.pdb
ccd not matching data/proto_train/pocket/1ebg_PAH_B_440_protein_refined_reduce.pdb
Failed loading<-data/proto_train/pocket/1ebg_PAH_B_440_protein_refined_reduce.pdb
ccd not matching data/proto_train/pocket/1ew9_MMQ_B_559_protein_refined_reduce.pdb
Failed loading<-data/proto_train/pocket/1ew9_MMQ_B_559_protein_refined_reduce.pdb
ccd not matching data/proto_train/pocket/1eei_GAA_F_506_protein_refined_reduce.pdb
Failed loading<-data/proto_train/pocket/1eei_GAA_F_506_protein_refined_reduce.pdb
ccd not matching data/proto_train/pocket/1ai4_DHY_B_559_protein_refined_reduce.pdb
Failed loading<-data/proto_train/pocket/1ai4_DHY_B_559_protein_refined_reduce.pdb
ccd not matching data/proto_train/pocket/1dia_L24_A_3001_protein_refined_reduce.pdb
Failed loading<-data/proto_train/pocket/1dia_L24_A_3001_protein_refined_reduce.pdb
ccd not matching data/proto_train/pocket/1fap_RAP_A_108_protein_refined.pdb
Failed loading<-data/proto_train/pocket/1fap_RAP_A_108_protein_refined.pdb
ccd not matching data/proto_train/pocket/1afk_PAP_A_125_protein_refined_reduce.pdb
Failed loading<-data/proto_train/pocket/1afk_PAP_A_125_protein_refined_reduce.pdb
ccd not matching data/proto_train/pocket/1c7e_FMN_B_2149_protein_refined_reduce.pdb
Failed loading<-data/proto_train/pocket/1c7e_FMN_B_2149_protein_refined_reduce.pdb
ccd not matching data/proto_train/pocket/1d0c_INE_B_761_protein_refined.pdb
Failed loading<-data/proto_train/pocket/1d0c_INE_B_761_protein_refined.pdb
ccd not matching data/proto_train/pocket/1d7i_DSS_B_302_protein_refined.pdb
Failed loading<-data/proto_train/pocket/1d7i_DSS_B_302_protein_refined.pdb
ccd not matching data/proto_train/pocket/1apz_ASP_B_551_protein_refined_reduce.pdb
Failed loading<-data/proto_train/pocket/1apz_ASP_B_551_protein_refined_reduce.pdb
ccd not matching data/proto_train/pocket/1bfv_STG_H_200_protein_refined.pdb
Failed loading<-data/proto_train/pocket/1bfv_STG_H_200_protein_refined.pdb
ccd not matching data/proto_train/pocket/1c9h_RAP_A_108_protein_refined.pdb
Failed loading<-data/proto_train/pocket/1c9h_RAP_A_108_protein_refined.pdb
ccd not matching data/proto_train/pocket/1duv_PSQ_I_403_protein_refined.pdb
Failed loading<-data/proto_train/pocket/1duv_PSQ_I_403_protein_refined.pdb
ccd not matching data/proto_train/pocket/1cw2_HSP_A_270_protein_refined_reduce.pdb
Failed loading<-data/proto_train/pocket/1cw2_HSP_A_270_protein_refined_reduce.pdb
ccd not matching data/proto_train/pocket/1az1_ALR_A_318_protein_refined.pdb
Failed loading<-data/proto_train/pocket/1az1_ALR_A_318_protein_refined.pdb
ccd not matching data/proto_train/pocket/1c5r_ESI_A_246_protein_refined_reduce.pdb
Failed loading<-data/proto_train/pocket/1c5r_ESI_A_246_protein_refined_reduce.pdb
ccd not matching data/proto_train/pocket/1bzy_IMU_C_300_protein_refined_reduce.pdb
Failed loading<-data/proto_train/pocket/1bzy_IMU_C_300_protein_refined_reduce.pdb
ccd not matching data/proto_train/pocket/1fch_TYR-LEU_C_1-5_protein_refined_reduce.pdb
Failed loading<-data/proto_train/pocket/1fch_TYR-LEU_C_1-5_protein_refined_reduce.pdb
ccd not matching data/proto_train/pocket/1egh_PGA_C_221_protein_refined.pdb
Failed loading<-data/proto_train/pocket/1egh_PGA_C_221_protein_refined.pdb
ccd not matching data/proto_train/pocket/1c8l_BIN_A_930_protein_refined.pdb
Failed loading<-data/proto_train/pocket/1c8l_BIN_A_930_protein_refined.pdb
ccd not matching data/proto_train/pocket/1css_FCX_A_700_protein_refined_reduce.pdb
Failed loading<-data/proto_train/pocket/1css_FCX_A_700_protein_refined_reduce.pdb
ccd not matching data/proto_train/pocket/1ere_EST_F_600_protein_refined.pdb
Failed loading<-data/proto_train/pocket/1ere_EST_F_600_protein_refined.pdb
ccd not matching data/proto_train/pocket/1a0t_GLC-FRU_B_1-2_protein_refined.pdb
Failed loading<-data/proto_train/pocket/1a0t_GLC-FRU_B_1-2_protein_refined.pdb
ccd not matching data/proto_train/pocket/1dhf_FOL_A_187_protein_refined.pdb
Failed loading<-data/proto_train/pocket/1dhf_FOL_A_187_protein_refined.pdb
ccd not matching data/proto_train/pocket/13gs_SAS_B_211_protein_refined.pdb
Failed loading<-data/proto_train/pocket/13gs_SAS_B_211_protein_refined.pdb
ccd not matching data/proto_train/pocket/1eoc_4NC_B_999_protein_refined.pdb
Failed loading<-data/proto_train/pocket/1eoc_4NC_B_999_protein_refined.pdb
ccd not matching data/proto_train/pocket/1egh_PGA_F_251_protein_refined_reduce.pdb
Failed loading<-data/proto_train/pocket/1egh_PGA_F_251_protein_refined_reduce.pdb
ccd not matching data/proto_train/pocket/1d0o_INE_A_766_protein_refined_reduce.pdb
Failed loading<-data/proto_train/pocket/1d0o_INE_A_766_protein_refined_reduce.pdb
ccd not matching data/proto_train/pocket/1add_1DA_A_353_protein_refined.pdb
Failed loading<-data/proto_train/pocket/1add_1DA_A_353_protein_refined.pdb
ccd not matching data/proto_train/pocket/1ccw_TAR_D_900_protein_refined.pdb
Failed loading<-data/proto_train/pocket/1ccw_TAR_D_900_protein_refined.pdb
ccd not matching data/proto_train/pocket/1b3f_LYS-LYS_B_1-3_protein_refined_reduce.pdb
Failed loading<-data/proto_train/pocket/1b3f_LYS-LYS_B_1-3_protein_refined_reduce.pdb
ccd not matching data/proto_train/pocket/1ctt_DHZ_A_295_protein_refined_reduce.pdb
Failed loading<-data/proto_train/pocket/1ctt_DHZ_A_295_protein_refined_reduce.pdb
ccd not matching data/proto_train/pocket/1c7f_FMN_A_1149_protein_refined_reduce.pdb
Failed loading<-data/proto_train/pocket/1c7f_FMN_A_1149_protein_refined_reduce.pdb
ccd not matching data/proto_train/pocket/1b0h_LYS-LYS_B_601-603_protein_refined_reduce.pdb
Failed loading<-data/proto_train/pocket/1b0h_LYS-LYS_B_601-603_protein_refined_reduce.pdb
ccd not matching data/proto_train/pocket/1bwn_4IP_B_172_protein_refined_reduce.pdb
Failed loading<-data/proto_train/pocket/1bwn_4IP_B_172_protein_refined_reduce.pdb
ccd not matching data/proto_train/pocket/1csi_CMX_A_700_protein_refined.pdb
Failed loading<-data/proto_train/pocket/1csi_CMX_A_700_protein_refined.pdb
ccd not matching data/proto_train/pocket/1epp_1Z1_E_333_protein_refined_reduce.pdb
Failed loading<-data/proto_train/pocket/1epp_1Z1_E_333_protein_refined_reduce.pdb
ccd not matching data/proto_train/pocket/1bwn_4IP_A_1_protein_refined.pdb
Failed loading<-data/proto_train/pocket/1bwn_4IP_A_1_protein_refined.pdb
ccd not matching data/proto_train/pocket/1cze_SIN_A_414_protein_refined.pdb
Failed loading<-data/proto_train/pocket/1cze_SIN_A_414_protein_refined.pdb
ccd not matching data/proto_train/pocket/1a86_0ZB_A_1_protein_refined_reduce.pdb
Failed loading<-data/proto_train/pocket/1a86_0ZB_A_1_protein_refined_reduce.pdb
ccd not matching data/proto_train/pocket/1c5c_TK4_L_1001_protein_refined.pdb
Failed loading<-data/proto_train/pocket/1c5c_TK4_L_1001_protein_refined.pdb
ccd not matching data/proto_train/pocket/1cim_PTS_A_264_protein_refined.pdb
Failed loading<-data/proto_train/pocket/1cim_PTS_A_264_protein_refined.pdb
ccd not matching data/proto_train/pocket/1bm7_FLF_A_501_protein_refined.pdb
Failed loading<-data/proto_train/pocket/1bm7_FLF_A_501_protein_refined.pdb
ccd not matching data/proto_train/pocket/1d3p_BT3_B_400_protein_refined_reduce.pdb
Failed loading<-data/proto_train/pocket/1d3p_BT3_B_400_protein_refined_reduce.pdb
ccd not matching data/proto_train/pocket/1c84_761_A_301_protein_refined_reduce.pdb
Failed loading<-data/proto_train/pocket/1c84_761_A_301_protein_refined_reduce.pdb
ccd not matching data/proto_train/pocket/1bzy_IMU_B_300_protein_refined_reduce.pdb
Failed loading<-data/proto_train/pocket/1bzy_IMU_B_300_protein_refined_reduce.pdb
ccd not matching data/proto_train/pocket/1d09_PAL_A_1311_protein_refined_reduce.pdb
Failed loading<-data/proto_train/pocket/1d09_PAL_A_1311_protein_refined_reduce.pdb
ccd not matching data/proto_train/pocket/1bn4_AL9_A_555_protein_refined.pdb
Failed loading<-data/proto_train/pocket/1bn4_AL9_A_555_protein_refined.pdb
ccd not matching data/proto_train/pocket/1b2i_AMH_A_84_protein_refined_reduce.pdb
Failed loading<-data/proto_train/pocket/1b2i_AMH_A_84_protein_refined_reduce.pdb
ccd not matching data/proto_train/pocket/1c5q_ESI_A_246_protein_refined_reduce.pdb
Failed loading<-data/proto_train/pocket/1c5q_ESI_A_246_protein_refined_reduce.pdb
ccd not matching data/proto_train/pocket/1a52_EST_A_1_protein_refined.pdb
Failed loading<-data/proto_train/pocket/1a52_EST_A_1_protein_refined.pdb
ccd not matching data/proto_train/pocket/1b55_4IP_B_172_protein_refined.pdb
Failed loading<-data/proto_train/pocket/1b55_4IP_B_172_protein_refined.pdb
ccd not matching data/proto_train/pocket/1a4q_DPC_A_466_protein_refined_reduce.pdb
Failed loading<-data/proto_train/pocket/1a4q_DPC_A_466_protein_refined_reduce.pdb
ccd not matching data/proto_train/pocket/1e2l_TMC_A_500_protein_refined_reduce.pdb
Failed loading<-data/proto_train/pocket/1e2l_TMC_A_500_protein_refined_reduce.pdb
ccd not matching data/proto_train/pocket/1ek2_CDU_A_1100_protein_refined_reduce.pdb
Failed loading<-data/proto_train/pocket/1ek2_CDU_A_1100_protein_refined_reduce.pdb
ccd not matching data/proto_train/pocket/1bzm_MZM_A_262_protein_refined.pdb
Failed loading<-data/proto_train/pocket/1bzm_MZM_A_262_protein_refined.pdb
ccd not matching data/proto_train/pocket/1d9i_00P_A_380_protein_refined_reduce.pdb
Failed loading<-data/proto_train/pocket/1d9i_00P_A_380_protein_refined_reduce.pdb
ccd not matching data/proto_train/pocket/1cnx_EG2_A_555_protein_refined_reduce.pdb
Failed loading<-data/proto_train/pocket/1cnx_EG2_A_555_protein_refined_reduce.pdb
ccd not matching data/proto_train/pocket/1e2p_CCV_B_500_protein_refined.pdb
Failed loading<-data/proto_train/pocket/1e2p_CCV_B_500_protein_refined.pdb
ccd not matching data/proto_train/pocket/1ecq_DXG_A_499_protein_refined.pdb
Failed loading<-data/proto_train/pocket/1ecq_DXG_A_499_protein_refined.pdb
ccd not matching data/proto_train/pocket/1f7k_UMP_A_704_protein_refined.pdb
Failed loading<-data/proto_train/pocket/1f7k_UMP_A_704_protein_refined.pdb
ccd not matching data/proto_train/pocket/1d04_FMN_A_170_protein_refined_reduce.pdb
Failed loading<-data/proto_train/pocket/1d04_FMN_A_170_protein_refined_reduce.pdb
ccd not matching data/proto_train/pocket/1bnm_AL8_A_555_protein_refined_reduce.pdb
Failed loading<-data/proto_train/pocket/1bnm_AL8_A_555_protein_refined_reduce.pdb
ccd not matching data/proto_train/pocket/1az1_ALR_A_317_protein_refined_reduce.pdb
Failed loading<-data/proto_train/pocket/1az1_ALR_A_317_protein_refined_reduce.pdb
ccd not matching data/proto_train/pocket/1eli_PYC_B_815_protein_refined_reduce.pdb
Failed loading<-data/proto_train/pocket/1eli_PYC_B_815_protein_refined_reduce.pdb
ccd not matching data/proto_train/pocket/1e72_GOX_M_999_protein_refined_reduce.pdb
Failed loading<-data/proto_train/pocket/1e72_GOX_M_999_protein_refined_reduce.pdb
ccd not matching data/proto_train/pocket/1a4m_PRH_B_854_protein_refined_reduce.pdb
Failed loading<-data/proto_train/pocket/1a4m_PRH_B_854_protein_refined_reduce.pdb
ccd not matching data/proto_train/pocket/1ajq_SPA_B_559_protein_refined.pdb
Failed loading<-data/proto_train/pocket/1ajq_SPA_B_559_protein_refined.pdb
ccd not matching data/proto_train/pocket/1a1e_ACE-DIY_C_100-103_protein_refined_reduce.pdb
Failed loading<-data/proto_train/pocket/1a1e_ACE-DIY_C_100-103_protein_refined_reduce.pdb
ccd not matching data/proto_train/pocket/1dvj_UP6_D_5004_protein_refined_reduce.pdb
Failed loading<-data/proto_train/pocket/1dvj_UP6_D_5004_protein_refined_reduce.pdb
ccd not matching data/proto_train/pocket/1d4i_BEG_A_501_protein_refined.pdb
Failed loading<-data/proto_train/pocket/1d4i_BEG_A_501_protein_refined.pdb
ccd not matching data/proto_train/pocket/1c7e_FMN_B_2149_protein_refined.pdb
Failed loading<-data/proto_train/pocket/1c7e_FMN_B_2149_protein_refined.pdb
ccd not matching data/proto_train/pocket/1dvj_UP6_B_5002_protein_refined.pdb
Failed loading<-data/proto_train/pocket/1dvj_UP6_B_5002_protein_refined.pdb
ccd not matching data/proto_train/pocket/1csh_AMX_A_700_protein_refined.pdb
Failed loading<-data/proto_train/pocket/1csh_AMX_A_700_protein_refined.pdb
ccd not matching data/proto_train/pocket/1b55_4IP_A_171_protein_refined.pdb
Failed loading<-data/proto_train/pocket/1b55_4IP_A_171_protein_refined.pdb
ccd not matching data/proto_train/pocket/1ec3_MS3_A_501_protein_refined_reduce.pdb
Failed loading<-data/proto_train/pocket/1ec3_MS3_A_501_protein_refined_reduce.pdb
ccd not matching data/proto_train/pocket/1cm0_COA_A_701_protein_refined.pdb
Failed loading<-data/proto_train/pocket/1cm0_COA_A_701_protein_refined.pdb
ccd not matching data/proto_train/pocket/1f7k_UMP_A_704_protein_refined_reduce.pdb
Failed loading<-data/proto_train/pocket/1f7k_UMP_A_704_protein_refined_reduce.pdb
ccd not matching data/proto_train/pocket/1dhi_MTX_B_361_protein_refined_reduce.pdb
Failed loading<-data/proto_train/pocket/1dhi_MTX_B_361_protein_refined_reduce.pdb
ccd not matching data/proto_train/pocket/1el9_MTG_A_801_protein_refined.pdb
Failed loading<-data/proto_train/pocket/1el9_MTG_A_801_protein_refined.pdb
ccd not matching data/proto_train/pocket/1ccw_TAR_B_900_protein_refined_reduce.pdb
Failed loading<-data/proto_train/pocket/1ccw_TAR_B_900_protein_refined_reduce.pdb
ccd not matching data/proto_train/pocket/1a4r_GNH_B_400_protein_refined_reduce.pdb
Failed loading<-data/proto_train/pocket/1a4r_GNH_B_400_protein_refined_reduce.pdb
ccd not matching data/proto_train/pocket/1dub_CAA_B_300_protein_refined_reduce.pdb
Failed loading<-data/proto_train/pocket/1dub_CAA_B_300_protein_refined_reduce.pdb
ccd not matching data/proto_train/pocket/1erb_ETR_A_184_protein_refined_reduce.pdb
Failed loading<-data/proto_train/pocket/1erb_ETR_A_184_protein_refined_reduce.pdb
ccd not matching data/proto_train/pocket/1dqr_6PG_B_601_protein_refined_reduce.pdb
Failed loading<-data/proto_train/pocket/1dqr_6PG_B_601_protein_refined_reduce.pdb
ccd not matching data/proto_train/pocket/10gs_VWW_A_210_protein_refined.pdb
Failed loading<-data/proto_train/pocket/10gs_VWW_A_210_protein_refined.pdb
ccd not matching data/proto_train/pocket/1b3l_LYS-LYS_B_1-3_protein_refined.pdb
Failed loading<-data/proto_train/pocket/1b3l_LYS-LYS_B_1-3_protein_refined.pdb
ccd not matching data/proto_train/pocket/1dq8_MAH_D_202_protein_refined_reduce.pdb
Failed loading<-data/proto_train/pocket/1dq8_MAH_D_202_protein_refined_reduce.pdb
ccd not matching data/proto_train/pocket/1dub_CAA_E_300_protein_refined_reduce.pdb
Failed loading<-data/proto_train/pocket/1dub_CAA_E_300_protein_refined_reduce.pdb
ccd not matching data/proto_train/pocket/1dzk_PRZ_A_700_protein_refined.pdb
Failed loading<-data/proto_train/pocket/1dzk_PRZ_A_700_protein_refined.pdb
ccd not matching data/proto_train/pocket/1cjb_IRP_C_300_protein_refined_reduce.pdb
Failed loading<-data/proto_train/pocket/1cjb_IRP_C_300_protein_refined_reduce.pdb
ccd not matching data/proto_train/pocket/1d6v_HOP_H_401_protein_refined_reduce.pdb
Failed loading<-data/proto_train/pocket/1d6v_HOP_H_401_protein_refined_reduce.pdb
ccd not matching data/proto_train/pocket/1ct8_TAA_B_550_protein_refined_reduce.pdb
Failed loading<-data/proto_train/pocket/1ct8_TAA_B_550_protein_refined_reduce.pdb
ccd not matching data/proto_train/pocket/1duv_PSQ_G_401_protein_refined.pdb
Failed loading<-data/proto_train/pocket/1duv_PSQ_G_401_protein_refined.pdb
ccd not matching data/proto_train/pocket/1cqe_FLP_A_1650_protein_refined_reduce.pdb
Failed loading<-data/proto_train/pocket/1cqe_FLP_A_1650_protein_refined_reduce.pdb
ccd not matching data/proto_train/pocket/1dbt_U5P_C_252_protein_refined_reduce.pdb
Failed loading<-data/proto_train/pocket/1dbt_U5P_C_252_protein_refined_reduce.pdb
ccd not matching data/proto_train/pocket/1b3h_LYS-LYS_B_1-3_protein_refined.pdb
Failed loading<-data/proto_train/pocket/1b3h_LYS-LYS_B_1-3_protein_refined.pdb
ccd not matching data/proto_train/pocket/1elw_GLY-ASP_D_5-12_protein_refined_reduce.pdb
Failed loading<-data/proto_train/pocket/1elw_GLY-ASP_D_5-12_protein_refined_reduce.pdb
ccd not matching data/proto_train/pocket/1f2p_PHE_A_903_protein_refined.pdb
Failed loading<-data/proto_train/pocket/1f2p_PHE_A_903_protein_refined.pdb
ccd not matching data/proto_train/pocket/1dhj_MTX_A_161_protein_refined_reduce.pdb
Failed loading<-data/proto_train/pocket/1dhj_MTX_A_161_protein_refined_reduce.pdb
ccd not matching data/proto_train/pocket/1b8y_IN7_A_502_protein_refined.pdb
Failed loading<-data/proto_train/pocket/1b8y_IN7_A_502_protein_refined.pdb
ccd not matching data/proto_train/pocket/1cil_ETS_A_263_protein_refined_reduce.pdb
Failed loading<-data/proto_train/pocket/1cil_ETS_A_263_protein_refined_reduce.pdb
ccd not matching data/proto_train/pocket/1e9h_INR_A_1298_protein_refined.pdb
Failed loading<-data/proto_train/pocket/1e9h_INR_A_1298_protein_refined.pdb
ccd not matching data/proto_train/pocket/1a94_0Q4_E_100_protein_refined.pdb
Failed loading<-data/proto_train/pocket/1a94_0Q4_E_100_protein_refined.pdb
ccd not matching data/proto_train/pocket/1b9v_RA2_A_468_protein_refined.pdb
Failed loading<-data/proto_train/pocket/1b9v_RA2_A_468_protein_refined.pdb
ccd not matching data/proto_train/pocket/1f9g_ASC_A_950_protein_refined_reduce.pdb
Failed loading<-data/proto_train/pocket/1f9g_ASC_A_950_protein_refined_reduce.pdb
ccd not matching data/proto_train/pocket/1fch_TYR-LEU_D_1-5_protein_refined_reduce.pdb
Failed loading<-data/proto_train/pocket/1fch_TYR-LEU_D_1-5_protein_refined_reduce.pdb
ccd not matching data/proto_train/pocket/1a1c_ACE-DIX_D_100-103_protein_refined_reduce.pdb
Failed loading<-data/proto_train/pocket/1a1c_ACE-DIX_D_100-103_protein_refined_reduce.pdb
ccd not matching data/proto_train/pocket/1a9m_U0E_B_100_protein_refined.pdb
Failed loading<-data/proto_train/pocket/1a9m_U0E_B_100_protein_refined.pdb
ccd not matching data/proto_train/pocket/1d1w_ATQ_A_805_protein_refined.pdb
Failed loading<-data/proto_train/pocket/1d1w_ATQ_A_805_protein_refined.pdb
ccd not matching data/proto_train/pocket/1b3g_LYS-LYS_B_1-3_protein_refined.pdb
Failed loading<-data/proto_train/pocket/1b3g_LYS-LYS_B_1-3_protein_refined.pdb
ccd not matching data/proto_train/pocket/182l_BZF_A_401_protein_refined.pdb
Failed loading<-data/proto_train/pocket/182l_BZF_A_401_protein_refined.pdb
ccd not matching data/proto_train/pocket/1a0t_GLC-FRU_D_1-2_protein_refined_reduce.pdb
Failed loading<-data/proto_train/pocket/1a0t_GLC-FRU_D_1-2_protein_refined_reduce.pdb
ccd not matching data/proto_train/pocket/1a52_EST_B_2_protein_refined_reduce.pdb
Failed loading<-data/proto_train/pocket/1a52_EST_B_2_protein_refined_reduce.pdb
ccd not matching data/proto_train/pocket/1alw_ISA_B_12_protein_refined_reduce.pdb
Failed loading<-data/proto_train/pocket/1alw_ISA_B_12_protein_refined_reduce.pdb
ccd not matching data/proto_train/pocket/1a4m_PRH_D_1854_protein_refined_reduce.pdb
Failed loading<-data/proto_train/pocket/1a4m_PRH_D_1854_protein_refined_reduce.pdb
ccd not matching data/proto_train/pocket/1bzc_TPI_A_902_protein_refined.pdb
Failed loading<-data/proto_train/pocket/1bzc_TPI_A_902_protein_refined.pdb
ccd not matching data/proto_train/pocket/1egh_PGA_A_201_protein_refined_reduce.pdb
Failed loading<-data/proto_train/pocket/1egh_PGA_A_201_protein_refined_reduce.pdb
ccd not matching data/proto_train/pocket/1d0c_INE_A_766_protein_refined_reduce.pdb
Failed loading<-data/proto_train/pocket/1d0c_INE_A_766_protein_refined_reduce.pdb
ccd not matching data/proto_train/pocket/1bir_2GP_A_106_protein_refined_reduce.pdb
Failed loading<-data/proto_train/pocket/1bir_2GP_A_106_protein_refined_reduce.pdb
ccd not matching data/proto_train/pocket/1dqx_BMP_D_604_protein_refined.pdb
Failed loading<-data/proto_train/pocket/1dqx_BMP_D_604_protein_refined.pdb
ccd not matching data/proto_train/pocket/1f8a_TYR-SER_C_170-176_protein_refined.pdb
Failed loading<-data/proto_train/pocket/1f8a_TYR-SER_C_170-176_protein_refined.pdb
ccd not matching data/proto_train/pocket/1d0o_INE_B_761_protein_refined_reduce.pdb
Failed loading<-data/proto_train/pocket/1d0o_INE_B_761_protein_refined_reduce.pdb
ccd not matching data/proto_train/pocket/1f28_F89_D_404_protein_refined_reduce.pdb
Failed loading<-data/proto_train/pocket/1f28_F89_D_404_protein_refined_reduce.pdb
ccd not matching data/proto_train/pocket/1bm7_FLF_B_502_protein_refined.pdb
Failed loading<-data/proto_train/pocket/1bm7_FLF_B_502_protein_refined.pdb
ccd not matching data/proto_train/pocket/1ax2_NDG-GAL_C_1-2_protein_refined.pdb
Failed loading<-data/proto_train/pocket/1ax2_NDG-GAL_C_1-2_protein_refined.pdb
ccd not matching data/proto_train/pocket/1e4x_VAL-ASP_Q_1-7_protein_refined_reduce.pdb
Failed loading<-data/proto_train/pocket/1e4x_VAL-ASP_Q_1-7_protein_refined_reduce.pdb
ccd not matching data/proto_train/pocket/1eb2_BPO_A_1248_protein_refined.pdb
Failed loading<-data/proto_train/pocket/1eb2_BPO_A_1248_protein_refined.pdb
ccd not matching data/proto_train/pocket/1ett_4QQ_H_301_protein_refined_reduce.pdb
Failed loading<-data/proto_train/pocket/1ett_4QQ_H_301_protein_refined_reduce.pdb
ccd not matching data/proto_train/pocket/1e5a_TBP_B_999_protein_refined.pdb
Failed loading<-data/proto_train/pocket/1e5a_TBP_B_999_protein_refined.pdb
ccd not matching data/proto_train/pocket/1bn3_AL6_A_555_protein_refined_reduce.pdb
Failed loading<-data/proto_train/pocket/1bn3_AL6_A_555_protein_refined_reduce.pdb
ccd not matching data/proto_train/pocket/1dra_MTX_A_161_protein_refined.pdb
Failed loading<-data/proto_train/pocket/1dra_MTX_A_161_protein_refined.pdb
ccd not matching data/proto_train/pocket/1duv_PSQ_H_402_protein_refined_reduce.pdb
Failed loading<-data/proto_train/pocket/1duv_PSQ_H_402_protein_refined_reduce.pdb
ccd not matching data/proto_train/pocket/1egh_PGA_C_221_protein_refined_reduce.pdb
Failed loading<-data/proto_train/pocket/1egh_PGA_C_221_protein_refined_reduce.pdb
ccd not matching data/proto_train/pocket/1d1w_ATQ_B_801_protein_refined.pdb
Failed loading<-data/proto_train/pocket/1d1w_ATQ_B_801_protein_refined.pdb
ccd not matching data/proto_train/pocket/1db1_VDX_A_428_protein_refined.pdb
Failed loading<-data/proto_train/pocket/1db1_VDX_A_428_protein_refined.pdb
ccd not matching data/proto_train/pocket/1b6h_LYS-LYS_B_1-3_protein_refined_reduce.pdb
Failed loading<-data/proto_train/pocket/1b6h_LYS-LYS_B_1-3_protein_refined_reduce.pdb
ccd not matching data/proto_train/pocket/1czc_GUA_A_414_protein_refined_reduce.pdb
Failed loading<-data/proto_train/pocket/1czc_GUA_A_414_protein_refined_reduce.pdb
ccd not matching data/proto_train/pocket/1dqn_IMU_A_300_protein_refined_reduce.pdb
Failed loading<-data/proto_train/pocket/1dqn_IMU_A_300_protein_refined_reduce.pdb
ccd not matching data/proto_train/pocket/1e2n_RCA_A_500_protein_refined_reduce.pdb
Failed loading<-data/proto_train/pocket/1e2n_RCA_A_500_protein_refined_reduce.pdb
ccd not matching data/proto_train/pocket/1dth_BAT_A_972_protein_refined.pdb
Failed loading<-data/proto_train/pocket/1dth_BAT_A_972_protein_refined.pdb
ccd not matching data/proto_train/pocket/1fcz_156_A_450_protein_refined.pdb
Failed loading<-data/proto_train/pocket/1fcz_156_A_450_protein_refined.pdb
ccd not matching data/proto_train/pocket/1dbt_U5P_A_250_protein_refined_reduce.pdb
Failed loading<-data/proto_train/pocket/1dbt_U5P_A_250_protein_refined_reduce.pdb
ccd not matching data/proto_train/pocket/1dre_MTX_A_161_protein_refined.pdb
Failed loading<-data/proto_train/pocket/1dre_MTX_A_161_protein_refined.pdb
ccd not matching data/proto_train/pocket/1bra_BEN_A_246_protein_refined.pdb
Failed loading<-data/proto_train/pocket/1bra_BEN_A_246_protein_refined.pdb
ccd not matching data/proto_train/pocket/1d4k_PI8_A_201_protein_refined.pdb
Failed loading<-data/proto_train/pocket/1d4k_PI8_A_201_protein_refined.pdb
ccd not matching data/proto_train/pocket/1ag9_FMN_B_177_protein_refined_reduce.pdb
Failed loading<-data/proto_train/pocket/1ag9_FMN_B_177_protein_refined_reduce.pdb
ccd not matching data/proto_train/pocket/1aoe_GW3_B_194_protein_refined.pdb
Failed loading<-data/proto_train/pocket/1aoe_GW3_B_194_protein_refined.pdb
ccd not matching data/proto_train/pocket/1dqx_BMP_A_601_protein_refined_reduce.pdb
Failed loading<-data/proto_train/pocket/1dqx_BMP_A_601_protein_refined_reduce.pdb
ccd not matching data/proto_train/pocket/1f4g_TP4_B_602_protein_refined.pdb
Failed loading<-data/proto_train/pocket/1f4g_TP4_B_602_protein_refined.pdb
ccd not matching data/proto_train/pocket/1d3t_BT1_B_400_protein_refined.pdb
Failed loading<-data/proto_train/pocket/1d3t_BT1_B_400_protein_refined.pdb
ccd not matching data/proto_train/pocket/1e00_DHM_A_600_protein_refined_reduce.pdb
Failed loading<-data/proto_train/pocket/1e00_DHM_A_600_protein_refined_reduce.pdb
ccd not matching data/proto_train/pocket/1df8_BTN_B_202_protein_refined.pdb
Failed loading<-data/proto_train/pocket/1df8_BTN_B_202_protein_refined.pdb
ccd not matching data/proto_train/pocket/1elr_ACE-ASP_B_0-5_protein_refined_reduce.pdb
Failed loading<-data/proto_train/pocket/1elr_ACE-ASP_B_0-5_protein_refined_reduce.pdb
ccd not matching data/proto_train/pocket/1f0r_815_A_401_protein_refined_reduce.pdb
Failed loading<-data/proto_train/pocket/1f0r_815_A_401_protein_refined_reduce.pdb
ccd not matching data/proto_train/pocket/1dmp_DMQ_B_450_protein_refined_reduce.pdb
Failed loading<-data/proto_train/pocket/1dmp_DMQ_B_450_protein_refined_reduce.pdb
ccd not matching data/proto_train/pocket/1bky_1MC_A_600_protein_refined_reduce.pdb
Failed loading<-data/proto_train/pocket/1bky_1MC_A_600_protein_refined_reduce.pdb
ccd not matching data/proto_train/pocket/1cnx_EG2_A_555_protein_refined.pdb
Failed loading<-data/proto_train/pocket/1cnx_EG2_A_555_protein_refined.pdb
ccd not matching data/proto_train/pocket/1a29_TFP_A_153_protein_refined.pdb
Failed loading<-data/proto_train/pocket/1a29_TFP_A_153_protein_refined.pdb
ccd not matching data/proto_train/pocket/1ajn_AAN_B_559_protein_refined.pdb
Failed loading<-data/proto_train/pocket/1ajn_AAN_B_559_protein_refined.pdb
ccd not matching data/proto_train/pocket/1d7j_BUQ_A_311_protein_refined.pdb
Failed loading<-data/proto_train/pocket/1d7j_BUQ_A_311_protein_refined.pdb
ccd not matching data/proto_train/pocket/1bil_0IU_A_391_protein_refined.pdb
Failed loading<-data/proto_train/pocket/1bil_0IU_A_391_protein_refined.pdb
ccd not matching data/proto_train/pocket/1dgm_ADN_A_375_protein_refined.pdb
Failed loading<-data/proto_train/pocket/1dgm_ADN_A_375_protein_refined.pdb
ccd not matching data/proto_train/pocket/1afl_ATR_A_125_protein_refined.pdb
Failed loading<-data/proto_train/pocket/1afl_ATR_A_125_protein_refined.pdb
ccd not matching data/proto_train/pocket/1d0c_INE_B_761_protein_refined_reduce.pdb
Failed loading<-data/proto_train/pocket/1d0c_INE_B_761_protein_refined_reduce.pdb
ccd not matching data/proto_train/pocket/1alw_ISA_B_12_protein_refined.pdb
Failed loading<-data/proto_train/pocket/1alw_ISA_B_12_protein_refined.pdb
ccd not matching data/proto_train/pocket/1c3v_NDP_A_801_protein_refined.pdb
Failed loading<-data/proto_train/pocket/1c3v_NDP_A_801_protein_refined.pdb
ccd not matching data/proto_train/pocket/1d4j_MSC_B_501_protein_refined.pdb
Failed loading<-data/proto_train/pocket/1d4j_MSC_B_501_protein_refined.pdb
ccd not matching data/proto_train/pocket/1acj_THA_A_999_protein_refined.pdb
Failed loading<-data/proto_train/pocket/1acj_THA_A_999_protein_refined.pdb
ccd not matching data/proto_train/pocket/1dih_NDP_A_301_protein_refined.pdb
Failed loading<-data/proto_train/pocket/1dih_NDP_A_301_protein_refined.pdb
ccd not matching data/proto_train/pocket/1ere_EST_C_600_protein_refined_reduce.pdb
Failed loading<-data/proto_train/pocket/1ere_EST_C_600_protein_refined_reduce.pdb
ccd not matching data/proto_train/pocket/1d8m_BBH_B_901_protein_refined.pdb
Failed loading<-data/proto_train/pocket/1d8m_BBH_B_901_protein_refined.pdb
ccd not matching data/proto_train/pocket/1eqg_IBP_A_701_protein_refined_reduce.pdb
Failed loading<-data/proto_train/pocket/1eqg_IBP_A_701_protein_refined_reduce.pdb
ccd not matching data/proto_train/pocket/1ceb_AMH_A_90_protein_refined.pdb
Failed loading<-data/proto_train/pocket/1ceb_AMH_A_90_protein_refined.pdb
ccd not matching data/proto_train/pocket/1a99_PUT_D_371_protein_refined_reduce.pdb
Failed loading<-data/proto_train/pocket/1a99_PUT_D_371_protein_refined_reduce.pdb
ccd not matching data/proto_train/pocket/1alw_ISA_A_11_protein_refined_reduce.pdb
Failed loading<-data/proto_train/pocket/1alw_ISA_A_11_protein_refined_reduce.pdb
ccd not matching data/proto_train/pocket/1b38_ATP_A_381_protein_refined_reduce.pdb
Failed loading<-data/proto_train/pocket/1b38_ATP_A_381_protein_refined_reduce.pdb
ccd not matching data/proto_train/pocket/1ett_4QQ_H_301_protein_refined.pdb
Failed loading<-data/proto_train/pocket/1ett_4QQ_H_301_protein_refined.pdb
ccd not matching data/proto_train/pocket/1bai_0Q4_A_125_protein_refined.pdb
Failed loading<-data/proto_train/pocket/1bai_0Q4_A_125_protein_refined.pdb
ccd not matching data/proto_train/pocket/1e6s_GOX_M_921_protein_refined_reduce.pdb
Failed loading<-data/proto_train/pocket/1e6s_GOX_M_921_protein_refined_reduce.pdb
ccd not matching data/proto_train/pocket/1d2e_GDP_C_1303_protein_refined.pdb
Failed loading<-data/proto_train/pocket/1d2e_GDP_C_1303_protein_refined.pdb
ccd not matching data/proto_train/pocket/1dmy_AZM_B_900_protein_refined.pdb
Failed loading<-data/proto_train/pocket/1dmy_AZM_B_900_protein_refined.pdb
ccd not matching data/proto_train/pocket/1drv_A3D_A_301_protein_refined.pdb
Failed loading<-data/proto_train/pocket/1drv_A3D_A_301_protein_refined.pdb
ccd not matching data/proto_train/pocket/1egh_PGA_E_241_protein_refined.pdb
Failed loading<-data/proto_train/pocket/1egh_PGA_E_241_protein_refined.pdb
ccd not matching data/proto_train/pocket/1ae4_TOL_A_600_protein_refined.pdb
Failed loading<-data/proto_train/pocket/1ae4_TOL_A_600_protein_refined.pdb
ccd not matching data/proto_train/pocket/1f4x_MGS_H_301_protein_refined.pdb
Failed loading<-data/proto_train/pocket/1f4x_MGS_H_301_protein_refined.pdb
ccd not matching data/proto_train/pocket/1apz_ASP_D_552_protein_refined.pdb
Failed loading<-data/proto_train/pocket/1apz_ASP_D_552_protein_refined.pdb
ccd not matching data/proto_train/pocket/1caq_DPS_A_502_protein_refined_reduce.pdb
Failed loading<-data/proto_train/pocket/1caq_DPS_A_502_protein_refined_reduce.pdb
ccd not matching data/proto_train/pocket/1c29_HE1_A_270_protein_refined_reduce.pdb
Failed loading<-data/proto_train/pocket/1c29_HE1_A_270_protein_refined_reduce.pdb
ccd not matching data/proto_train/pocket/1aj7_NPE_H_217_protein_refined_reduce.pdb
Failed loading<-data/proto_train/pocket/1aj7_NPE_H_217_protein_refined_reduce.pdb
ccd not matching data/proto_train/pocket/1a50_FIP_A_270_protein_refined_reduce.pdb
Failed loading<-data/proto_train/pocket/1a50_FIP_A_270_protein_refined_reduce.pdb
ccd not matching data/proto_train/pocket/1f5l_AMR_A_301_protein_refined.pdb
Failed loading<-data/proto_train/pocket/1f5l_AMR_A_301_protein_refined.pdb
ccd not matching data/proto_train/pocket/1az1_ALR_A_317_protein_refined.pdb
Failed loading<-data/proto_train/pocket/1az1_ALR_A_317_protein_refined.pdb
ccd not matching data/proto_train/pocket/1a99_PUT_B_371_protein_refined_reduce.pdb
Failed loading<-data/proto_train/pocket/1a99_PUT_B_371_protein_refined_reduce.pdb
ccd not matching data/proto_train/pocket/1adl_ACD_A_135_protein_refined.pdb
Failed loading<-data/proto_train/pocket/1adl_ACD_A_135_protein_refined.pdb
ccd not matching data/proto_train/pocket/1e7c_HLT_A_4001_protein_refined_reduce.pdb
Failed loading<-data/proto_train/pocket/1e7c_HLT_A_4001_protein_refined_reduce.pdb
ccd not matching data/proto_train/pocket/1a1e_ACE-DIY_D_100-103_protein_refined.pdb
Failed loading<-data/proto_train/pocket/1a1e_ACE-DIY_D_100-103_protein_refined.pdb
ccd not matching data/proto_train/pocket/1b4d_CRA_A_998_protein_refined.pdb
Failed loading<-data/proto_train/pocket/1b4d_CRA_A_998_protein_refined.pdb
ccd not matching data/proto_train/pocket/1el9_MTG_B_811_protein_refined_reduce.pdb
Failed loading<-data/proto_train/pocket/1el9_MTG_B_811_protein_refined_reduce.pdb
ccd not matching data/proto_train/pocket/1db5_6IN_A_200_protein_refined_reduce.pdb
Failed loading<-data/proto_train/pocket/1db5_6IN_A_200_protein_refined_reduce.pdb
ccd not matching data/proto_train/pocket/1bto_SSB_A_378_protein_refined.pdb
Failed loading<-data/proto_train/pocket/1bto_SSB_A_378_protein_refined.pdb
ccd not matching data/proto_train/pocket/1b7h_LYS-LYS_B_1-3_protein_refined.pdb
Failed loading<-data/proto_train/pocket/1b7h_LYS-LYS_B_1-3_protein_refined.pdb
ccd not matching data/proto_train/pocket/1c8l_CFF_A_940_protein_refined.pdb
Failed loading<-data/proto_train/pocket/1c8l_CFF_A_940_protein_refined.pdb
ccd not matching data/proto_train/pocket/1f73_HMN_B_701_protein_refined_reduce.pdb
Failed loading<-data/proto_train/pocket/1f73_HMN_B_701_protein_refined_reduce.pdb
ccd not matching data/proto_train/pocket/1df8_BTN_A_201_protein_refined.pdb
Failed loading<-data/proto_train/pocket/1df8_BTN_A_201_protein_refined.pdb
ccd not matching data/proto_train/pocket/1fcx_184_A_450_protein_refined_reduce.pdb
Failed loading<-data/proto_train/pocket/1fcx_184_A_450_protein_refined_reduce.pdb
ccd not matching data/proto_train/pocket/1czh_FMN_A_170_protein_refined.pdb
Failed loading<-data/proto_train/pocket/1czh_FMN_A_170_protein_refined.pdb
ccd not matching data/proto_train/pocket/1a4k_FRA_B_3083_protein_refined.pdb
Failed loading<-data/proto_train/pocket/1a4k_FRA_B_3083_protein_refined.pdb
ccd not matching data/proto_train/pocket/1d2e_GDP_B_1302_protein_refined_reduce.pdb
Failed loading<-data/proto_train/pocket/1d2e_GDP_B_1302_protein_refined_reduce.pdb
ccd not matching data/proto_train/pocket/1ecm_TSA_B_501_protein_refined.pdb
Failed loading<-data/proto_train/pocket/1ecm_TSA_B_501_protein_refined.pdb
ccd not matching data/proto_train/pocket/1db1_VDX_A_428_protein_refined_reduce.pdb
Failed loading<-data/proto_train/pocket/1db1_VDX_A_428_protein_refined_reduce.pdb
ccd not matching data/proto_train/pocket/1f73_HMN_D_703_protein_refined_reduce.pdb
Failed loading<-data/proto_train/pocket/1f73_HMN_D_703_protein_refined_reduce.pdb
ccd not matching data/proto_train/pocket/1e6q_NTZ_M_999_protein_refined_reduce.pdb
Failed loading<-data/proto_train/pocket/1e6q_NTZ_M_999_protein_refined_reduce.pdb
ccd not matching data/proto_train/pocket/187l_PXY_A_400_protein_refined_reduce.pdb
Failed loading<-data/proto_train/pocket/187l_PXY_A_400_protein_refined_reduce.pdb
ccd not matching data/proto_train/pocket/1ere_EST_C_600_protein_refined.pdb
Failed loading<-data/proto_train/pocket/1ere_EST_C_600_protein_refined.pdb
ccd not matching data/proto_train/pocket/1eei_GAA_G_507_protein_refined.pdb
Failed loading<-data/proto_train/pocket/1eei_GAA_G_507_protein_refined.pdb
ccd not matching data/proto_train/pocket/1ent_0EM_E_822_protein_refined_reduce.pdb
Failed loading<-data/proto_train/pocket/1ent_0EM_E_822_protein_refined_reduce.pdb
ccd not matching data/proto_train/pocket/1dhf_FOL_A_187_protein_refined_reduce.pdb
Failed loading<-data/proto_train/pocket/1dhf_FOL_A_187_protein_refined_reduce.pdb
ccd not matching data/proto_train/pocket/1aaq_PSI_B_100_protein_refined.pdb
Failed loading<-data/proto_train/pocket/1aaq_PSI_B_100_protein_refined.pdb
ccd not matching data/proto_train/pocket/1dqr_6PG_A_600_protein_refined_reduce.pdb
Failed loading<-data/proto_train/pocket/1dqr_6PG_A_600_protein_refined_reduce.pdb
ccd not matching data/proto_train/pocket/1ebw_BEI_A_501_protein_refined.pdb
Failed loading<-data/proto_train/pocket/1ebw_BEI_A_501_protein_refined.pdb
ccd not matching data/proto_train/pocket/1c8l_BIN_A_930_protein_refined_reduce.pdb
Failed loading<-data/proto_train/pocket/1c8l_BIN_A_930_protein_refined_reduce.pdb
ccd not matching data/proto_train/pocket/1dth_BAT_A_972_protein_refined_reduce.pdb
Failed loading<-data/proto_train/pocket/1dth_BAT_A_972_protein_refined_reduce.pdb
ccd not matching data/proto_train/pocket/1ebg_PAH_A_440_protein_refined.pdb
Failed loading<-data/proto_train/pocket/1ebg_PAH_A_440_protein_refined.pdb
ccd not matching data/proto_train/pocket/1ctr_TFP_A_153_protein_refined_reduce.pdb
Failed loading<-data/proto_train/pocket/1ctr_TFP_A_153_protein_refined_reduce.pdb
ccd not matching data/proto_train/pocket/1bmm_BM2_H_1_protein_refined.pdb
Failed loading<-data/proto_train/pocket/1bmm_BM2_H_1_protein_refined.pdb
ccd not matching data/proto_train/pocket/1apz_ASP_D_552_protein_refined_reduce.pdb
Failed loading<-data/proto_train/pocket/1apz_ASP_D_552_protein_refined_reduce.pdb
ccd not matching data/proto_train/pocket/1ec2_BEJ_B_501_protein_refined.pdb
Failed loading<-data/proto_train/pocket/1ec2_BEJ_B_501_protein_refined.pdb
ccd not matching data/proto_train/pocket/1eqh_FLP_B_1701_protein_refined_reduce.pdb
Failed loading<-data/proto_train/pocket/1eqh_FLP_B_1701_protein_refined_reduce.pdb
ccd not matching data/proto_train/pocket/1bhx_R56_F_1_protein_refined.pdb
Failed loading<-data/proto_train/pocket/1bhx_R56_F_1_protein_refined.pdb
ccd not matching data/proto_train/pocket/1boz_PRD_A_400_protein_refined.pdb
Failed loading<-data/proto_train/pocket/1boz_PRD_A_400_protein_refined.pdb
ccd not matching data/proto_train/pocket/1bb6_UMG_A_130_protein_refined_reduce.pdb
Failed loading<-data/proto_train/pocket/1bb6_UMG_A_130_protein_refined_reduce.pdb
ccd not matching data/proto_train/pocket/1el5_DMG_A_801_protein_refined_reduce.pdb
Failed loading<-data/proto_train/pocket/1el5_DMG_A_801_protein_refined_reduce.pdb
ccd not matching data/proto_train/pocket/1ce5_BEN_A_703_protein_refined.pdb
Failed loading<-data/proto_train/pocket/1ce5_BEN_A_703_protein_refined.pdb
ccd not matching data/proto_train/pocket/1d0c_INE_A_760_protein_refined.pdb
Failed loading<-data/proto_train/pocket/1d0c_INE_A_760_protein_refined.pdb
ccd not matching data/proto_train/pocket/1elb_0Z4_A_256_protein_refined.pdb
Failed loading<-data/proto_train/pocket/1elb_0Z4_A_256_protein_refined.pdb
ccd not matching data/proto_train/pocket/1a69_FMB_A_240_protein_refined.pdb
Failed loading<-data/proto_train/pocket/1a69_FMB_A_240_protein_refined.pdb
ccd not matching data/proto_train/pocket/1dvj_UP6_B_5002_protein_refined_reduce.pdb
Failed loading<-data/proto_train/pocket/1dvj_UP6_B_5002_protein_refined_reduce.pdb
ccd not matching data/proto_train/pocket/1ahy_MAE_A_411_protein_refined.pdb
Failed loading<-data/proto_train/pocket/1ahy_MAE_A_411_protein_refined.pdb
ccd not matching data/proto_train/pocket/1b4z_LYS-LYS_B_1-3_protein_refined.pdb
Failed loading<-data/proto_train/pocket/1b4z_LYS-LYS_B_1-3_protein_refined.pdb
ccd not matching data/proto_train/pocket/1ag9_FMN_A_177_protein_refined.pdb
Failed loading<-data/proto_train/pocket/1ag9_FMN_A_177_protein_refined.pdb
ccd not matching data/proto_train/pocket/1a69_FMB_C_240_protein_refined.pdb
Failed loading<-data/proto_train/pocket/1a69_FMB_C_240_protein_refined.pdb
ccd not matching data/proto_train/pocket/1e5a_TBP_A_999_protein_refined.pdb
Failed loading<-data/proto_train/pocket/1e5a_TBP_A_999_protein_refined.pdb
ccd not matching data/proto_train/pocket/1al8_DHP_A_361_protein_refined_reduce.pdb
Failed loading<-data/proto_train/pocket/1al8_DHP_A_361_protein_refined_reduce.pdb
ccd not matching data/proto_train/pocket/1dbt_U5P_B_251_protein_refined_reduce.pdb
Failed loading<-data/proto_train/pocket/1dbt_U5P_B_251_protein_refined_reduce.pdb
ccd not matching data/proto_train/pocket/1eve_E20_A_2001_protein_refined_reduce.pdb
Failed loading<-data/proto_train/pocket/1eve_E20_A_2001_protein_refined_reduce.pdb
ccd not matching data/proto_train/pocket/1ent_0EM_E_822_protein_refined.pdb
Failed loading<-data/proto_train/pocket/1ent_0EM_E_822_protein_refined.pdb
ccd not matching data/proto_train/pocket/1c5s_ESX_A_246_protein_refined.pdb
Failed loading<-data/proto_train/pocket/1c5s_ESX_A_246_protein_refined.pdb
ccd not matching data/proto_train/pocket/1ew8_PAE_A_556_protein_refined_reduce.pdb
Failed loading<-data/proto_train/pocket/1ew8_PAE_A_556_protein_refined_reduce.pdb
ccd not matching data/proto_train/pocket/1cnw_EG1_A_555_protein_refined.pdb
Failed loading<-data/proto_train/pocket/1cnw_EG1_A_555_protein_refined.pdb
ccd not matching data/proto_train/pocket/1csr_FAM_A_700_protein_refined.pdb
Failed loading<-data/proto_train/pocket/1csr_FAM_A_700_protein_refined.pdb
ccd not matching data/proto_train/pocket/1a0t_GLC-FRU_B_1-2_protein_refined_reduce.pdb
Failed loading<-data/proto_train/pocket/1a0t_GLC-FRU_B_1-2_protein_refined_reduce.pdb
ccd not matching data/proto_train/pocket/1cc6_PHB_A_396_protein_refined.pdb
Failed loading<-data/proto_train/pocket/1cc6_PHB_A_396_protein_refined.pdb
ccd not matching data/proto_train/pocket/1a0t_GLC-FRU_F_1-2_protein_refined.pdb
Failed loading<-data/proto_train/pocket/1a0t_GLC-FRU_F_1-2_protein_refined.pdb
ccd not matching data/proto_train/pocket/1ecv_878_A_301_protein_refined.pdb
Failed loading<-data/proto_train/pocket/1ecv_878_A_301_protein_refined.pdb
ccd not matching data/proto_train/pocket/1e02_UNA_B_600_protein_refined_reduce.pdb
Failed loading<-data/proto_train/pocket/1e02_UNA_B_600_protein_refined_reduce.pdb
ccd not matching data/proto_train/pocket/1axz_GAL_A_402_protein_refined_reduce.pdb
Failed loading<-data/proto_train/pocket/1axz_GAL_A_402_protein_refined_reduce.pdb
ccd not matching data/proto_train/pocket/1ed4_IPU_A_1830_protein_refined_reduce.pdb
Failed loading<-data/proto_train/pocket/1ed4_IPU_A_1830_protein_refined_reduce.pdb
ccd not matching data/proto_train/pocket/1eed_0EO_P_327_protein_refined.pdb
Failed loading<-data/proto_train/pocket/1eed_0EO_P_327_protein_refined.pdb
ccd not matching data/proto_train/pocket/1b42_M1A_A_600_protein_refined.pdb
Failed loading<-data/proto_train/pocket/1b42_M1A_A_600_protein_refined.pdb
ccd not matching data/proto_train/pocket/1e7b_HLT_A_4001_protein_refined_reduce.pdb
Failed loading<-data/proto_train/pocket/1e7b_HLT_A_4001_protein_refined_reduce.pdb
ccd not matching data/proto_train/pocket/1daj_MOT_A_208_protein_refined_reduce.pdb
Failed loading<-data/proto_train/pocket/1daj_MOT_A_208_protein_refined_reduce.pdb
ccd not matching data/proto_train/pocket/1bjv_GP8_A_900_protein_refined_reduce.pdb
Failed loading<-data/proto_train/pocket/1bjv_GP8_A_900_protein_refined_reduce.pdb
ccd not matching data/proto_train/pocket/1e02_UNA_A_600_protein_refined_reduce.pdb
Failed loading<-data/proto_train/pocket/1e02_UNA_A_600_protein_refined_reduce.pdb
ccd not matching data/proto_train/pocket/1d3p_BT3_B_400_protein_refined.pdb
Failed loading<-data/proto_train/pocket/1d3p_BT3_B_400_protein_refined.pdb
ccd not matching data/proto_train/pocket/1cqp_803_B_311_protein_refined.pdb
Failed loading<-data/proto_train/pocket/1cqp_803_B_311_protein_refined.pdb
ccd not matching data/proto_train/pocket/1dif_A85_B_101_protein_refined.pdb
Failed loading<-data/proto_train/pocket/1dif_A85_B_101_protein_refined.pdb
ccd not matching data/proto_train/pocket/1ajp_OMD_A_210_protein_refined_reduce.pdb
Failed loading<-data/proto_train/pocket/1ajp_OMD_A_210_protein_refined_reduce.pdb
ccd not matching data/proto_train/pocket/1c8k_CPB_A_940_protein_refined_reduce.pdb
Failed loading<-data/proto_train/pocket/1c8k_CPB_A_940_protein_refined_reduce.pdb
ccd not matching data/proto_train/pocket/1fch_TYR-LEU_C_1-5_protein_refined.pdb
Failed loading<-data/proto_train/pocket/1fch_TYR-LEU_C_1-5_protein_refined.pdb
ccd not matching data/proto_train/pocket/1ek2_CDU_A_1100_protein_refined.pdb
Failed loading<-data/proto_train/pocket/1ek2_CDU_A_1100_protein_refined.pdb
ccd not matching data/proto_train/pocket/1e06_IPB_A_600_protein_refined.pdb
Failed loading<-data/proto_train/pocket/1e06_IPB_A_600_protein_refined.pdb
ccd not matching data/proto_train/pocket/1cb7_TAR_B_900_protein_refined.pdb
Failed loading<-data/proto_train/pocket/1cb7_TAR_B_900_protein_refined.pdb
ccd not matching data/proto_train/pocket/1eyk_AMP_B_342_protein_refined_reduce.pdb
Failed loading<-data/proto_train/pocket/1eyk_AMP_B_342_protein_refined_reduce.pdb
ccd not matching data/proto_train/pocket/1cgl_0ED_A_1_protein_refined.pdb
Failed loading<-data/proto_train/pocket/1cgl_0ED_A_1_protein_refined.pdb
ccd not matching data/proto_train/pocket/1bnn_AL1_A_555_protein_refined_reduce.pdb
Failed loading<-data/proto_train/pocket/1bnn_AL1_A_555_protein_refined_reduce.pdb
ccd not matching data/proto_train/pocket/1e1x_NW1_A_401_protein_refined_reduce.pdb
Failed loading<-data/proto_train/pocket/1e1x_NW1_A_401_protein_refined_reduce.pdb
ccd not matching data/proto_train/pocket/1b8n_IMG_A_600_protein_refined_reduce.pdb
Failed loading<-data/proto_train/pocket/1b8n_IMG_A_600_protein_refined_reduce.pdb
ccd not matching data/proto_train/pocket/1ah0_SBI_A_320_protein_refined.pdb
Failed loading<-data/proto_train/pocket/1ah0_SBI_A_320_protein_refined.pdb
ccd not matching data/proto_train/pocket/1apu_IVA-32L_I_4-1_protein_refined_reduce.pdb
Failed loading<-data/proto_train/pocket/1apu_IVA-32L_I_4-1_protein_refined_reduce.pdb
ccd not matching data/proto_train/pocket/1dds_MTX_B_201_protein_refined.pdb
Failed loading<-data/proto_train/pocket/1dds_MTX_B_201_protein_refined.pdb
ccd not matching data/proto_train/pocket/1bic_BCT_A_498_protein_refined.pdb
Failed loading<-data/proto_train/pocket/1bic_BCT_A_498_protein_refined.pdb
ccd not matching data/proto_train/pocket/1biw_S80_B_401_protein_refined.pdb
Failed loading<-data/proto_train/pocket/1biw_S80_B_401_protein_refined.pdb
ccd not matching data/proto_train/pocket/1dvj_UP6_C_5003_protein_refined_reduce.pdb
Failed loading<-data/proto_train/pocket/1dvj_UP6_C_5003_protein_refined_reduce.pdb
ccd not matching data/proto_train/pocket/1b3l_LYS-LYS_D_1-3_protein_refined.pdb
Failed loading<-data/proto_train/pocket/1b3l_LYS-LYS_D_1-3_protein_refined.pdb
ccd not matching data/proto_train/pocket/1d6v_HOP_H_401_protein_refined.pdb
Failed loading<-data/proto_train/pocket/1d6v_HOP_H_401_protein_refined.pdb
ccd not matching data/proto_train/pocket/1a28_STR_A_1_protein_refined.pdb
Failed loading<-data/proto_train/pocket/1a28_STR_A_1_protein_refined.pdb
ccd not matching data/proto_train/pocket/1drb_MTX_B_361_protein_refined.pdb
Failed loading<-data/proto_train/pocket/1drb_MTX_B_361_protein_refined.pdb
ccd not matching data/proto_train/pocket/1d2s_DHT_A_301_protein_refined.pdb
Failed loading<-data/proto_train/pocket/1d2s_DHT_A_301_protein_refined.pdb
ccd not matching data/proto_train/pocket/1ct8_TAA_B_550_protein_refined.pdb
Failed loading<-data/proto_train/pocket/1ct8_TAA_B_550_protein_refined.pdb
ccd not matching data/proto_train/pocket/1f4f_TP3_A_701_protein_refined.pdb
Failed loading<-data/proto_train/pocket/1f4f_TP3_A_701_protein_refined.pdb
ccd not matching data/proto_train/pocket/1aku_FMN_A_150_protein_refined.pdb
Failed loading<-data/proto_train/pocket/1aku_FMN_A_150_protein_refined.pdb
ccd not matching data/proto_train/pocket/1bcj_NGA_2_1_protein_refined_reduce.pdb
Failed loading<-data/proto_train/pocket/1bcj_NGA_2_1_protein_refined_reduce.pdb
ccd not matching data/proto_train/pocket/1b6m_PI6_B_201_protein_refined_reduce.pdb
Failed loading<-data/proto_train/pocket/1b6m_PI6_B_201_protein_refined_reduce.pdb
ccd not matching data/proto_train/pocket/1chm_CMS_A_404_protein_refined_reduce.pdb
Failed loading<-data/proto_train/pocket/1chm_CMS_A_404_protein_refined_reduce.pdb
ccd not matching data/proto_train/pocket/1boz_PRD_A_400_protein_refined_reduce.pdb
Failed loading<-data/proto_train/pocket/1boz_PRD_A_400_protein_refined_reduce.pdb
ccd not matching data/proto_train/pocket/1a9r_HPA_A_290_protein_refined.pdb
Failed loading<-data/proto_train/pocket/1a9r_HPA_A_290_protein_refined.pdb
ccd not matching data/proto_train/pocket/1cc6_PHB_A_396_protein_refined_reduce.pdb
Failed loading<-data/proto_train/pocket/1cc6_PHB_A_396_protein_refined_reduce.pdb
ccd not matching data/proto_train/pocket/1c5s_ESX_A_246_protein_refined_reduce.pdb
Failed loading<-data/proto_train/pocket/1c5s_ESX_A_246_protein_refined_reduce.pdb
ccd not matching data/proto_train/pocket/1bp0_UMP_A_317_protein_refined_reduce.pdb
Failed loading<-data/proto_train/pocket/1bp0_UMP_A_317_protein_refined_reduce.pdb
ccd not matching data/proto_train/pocket/1bl4_AP1_A_108_protein_refined_reduce.pdb
Failed loading<-data/proto_train/pocket/1bl4_AP1_A_108_protein_refined_reduce.pdb
ccd not matching data/proto_train/pocket/1f92_UKP_A_300_protein_refined_reduce.pdb
Failed loading<-data/proto_train/pocket/1f92_UKP_A_300_protein_refined_reduce.pdb
ccd not matching data/proto_train/pocket/1d4y_TPV_A_501_protein_refined_reduce.pdb
Failed loading<-data/proto_train/pocket/1d4y_TPV_A_501_protein_refined_reduce.pdb
ccd not matching data/proto_train/pocket/1d4i_BEG_A_501_protein_refined_reduce.pdb
Failed loading<-data/proto_train/pocket/1d4i_BEG_A_501_protein_refined_reduce.pdb
ccd not matching data/proto_train/pocket/1err_RAL_B_600_protein_refined_reduce.pdb
Failed loading<-data/proto_train/pocket/1err_RAL_B_600_protein_refined_reduce.pdb
ccd not matching data/proto_train/pocket/1cjb_IRP_D_300_protein_refined.pdb
Failed loading<-data/proto_train/pocket/1cjb_IRP_D_300_protein_refined.pdb
ccd not matching data/proto_train/pocket/1f3f_D4T_A_160_protein_refined.pdb
Failed loading<-data/proto_train/pocket/1f3f_D4T_A_160_protein_refined.pdb
ccd not matching data/proto_train/pocket/1f0r_815_A_401_protein_refined.pdb
Failed loading<-data/proto_train/pocket/1f0r_815_A_401_protein_refined.pdb
ccd not matching data/proto_train/pocket/1chm_CMS_B_404_protein_refined_reduce.pdb
Failed loading<-data/proto_train/pocket/1chm_CMS_B_404_protein_refined_reduce.pdb
ccd not matching data/proto_train/pocket/1cmp_DMI_A_295_protein_refined.pdb
Failed loading<-data/proto_train/pocket/1cmp_DMI_A_295_protein_refined.pdb
ccd not matching data/proto_train/pocket/1d7j_BUQ_A_311_protein_refined_reduce.pdb
Failed loading<-data/proto_train/pocket/1d7j_BUQ_A_311_protein_refined_reduce.pdb
ccd not matching data/proto_train/pocket/1f9g_ASC_A_950_protein_refined.pdb
Failed loading<-data/proto_train/pocket/1f9g_ASC_A_950_protein_refined.pdb
ccd not matching data/proto_train/pocket/13gs_SAS_A_211_protein_refined_reduce.pdb
Failed loading<-data/proto_train/pocket/13gs_SAS_A_211_protein_refined_reduce.pdb
ccd not matching data/proto_train/pocket/1ctu_ZEB_A_295_protein_refined_reduce.pdb
Failed loading<-data/proto_train/pocket/1ctu_ZEB_A_295_protein_refined_reduce.pdb
ccd not matching data/proto_train/pocket/1djx_I3P_B_1_protein_refined.pdb
Failed loading<-data/proto_train/pocket/1djx_I3P_B_1_protein_refined.pdb
ccd not matching data/proto_train/pocket/1dgm_ADN_A_375_protein_refined_reduce.pdb
Failed loading<-data/proto_train/pocket/1dgm_ADN_A_375_protein_refined_reduce.pdb
ccd not matching data/proto_train/pocket/1f4f_TP3_A_701_protein_refined_reduce.pdb
Failed loading<-data/proto_train/pocket/1f4f_TP3_A_701_protein_refined_reduce.pdb
ccd not matching data/proto_train/pocket/1dg5_TOP_A_201_protein_refined.pdb
Failed loading<-data/proto_train/pocket/1dg5_TOP_A_201_protein_refined.pdb
ccd not matching data/proto_train/pocket/1dlr_MXA_A_188_protein_refined_reduce.pdb
Failed loading<-data/proto_train/pocket/1dlr_MXA_A_188_protein_refined_reduce.pdb
ccd not matching data/proto_train/pocket/1bcj_NGA_3_1_protein_refined.pdb
Failed loading<-data/proto_train/pocket/1bcj_NGA_3_1_protein_refined.pdb
ccd not matching data/proto_train/pocket/1a1c_ACE-DIX_D_100-103_protein_refined.pdb
Failed loading<-data/proto_train/pocket/1a1c_ACE-DIX_D_100-103_protein_refined.pdb
ccd not matching data/proto_train/pocket/1f74_NAY_A_950_protein_refined.pdb
Failed loading<-data/proto_train/pocket/1f74_NAY_A_950_protein_refined.pdb
ccd not matching data/proto_train/pocket/1a99_PUT_C_371_protein_refined.pdb
Failed loading<-data/proto_train/pocket/1a99_PUT_C_371_protein_refined.pdb
ccd not matching data/proto_train/pocket/1ef3_FID_A_340_protein_refined.pdb
Failed loading<-data/proto_train/pocket/1ef3_FID_A_340_protein_refined.pdb
ccd not matching data/proto_train/pocket/1c5n_ESI_H_522_protein_refined_reduce.pdb
Failed loading<-data/proto_train/pocket/1c5n_ESI_H_522_protein_refined_reduce.pdb
ccd not matching data/proto_train/pocket/1dub_CAA_A_300_protein_refined_reduce.pdb
Failed loading<-data/proto_train/pocket/1dub_CAA_A_300_protein_refined_reduce.pdb
ccd not matching data/proto_train/pocket/1a28_STR_B_2_protein_refined_reduce.pdb
Failed loading<-data/proto_train/pocket/1a28_STR_B_2_protein_refined_reduce.pdb
ccd not matching data/proto_train/pocket/1cim_PTS_A_264_protein_refined_reduce.pdb
Failed loading<-data/proto_train/pocket/1cim_PTS_A_264_protein_refined_reduce.pdb
ccd not matching data/proto_train/pocket/1atl_0QI_A_301_protein_refined_reduce.pdb
Failed loading<-data/proto_train/pocket/1atl_0QI_A_301_protein_refined_reduce.pdb
ccd not matching data/proto_train/pocket/1b32_LYS-LYS_B_1-3_protein_refined_reduce.pdb
Failed loading<-data/proto_train/pocket/1b32_LYS-LYS_B_1-3_protein_refined_reduce.pdb
ccd not matching data/proto_train/pocket/1d0o_INE_A_760_protein_refined_reduce.pdb
Failed loading<-data/proto_train/pocket/1d0o_INE_A_760_protein_refined_reduce.pdb
ccd not matching data/proto_train/pocket/1doh_NID_A_502_protein_refined.pdb
Failed loading<-data/proto_train/pocket/1doh_NID_A_502_protein_refined.pdb
ccd not matching data/proto_train/pocket/1dar_GDP_A_692_protein_refined_reduce.pdb
Failed loading<-data/proto_train/pocket/1dar_GDP_A_692_protein_refined_reduce.pdb
ccd not matching data/proto_train/pocket/1el9_MTG_A_801_protein_refined_reduce.pdb
Failed loading<-data/proto_train/pocket/1el9_MTG_A_801_protein_refined_reduce.pdb
ccd not matching data/proto_train/pocket/1drb_MTX_A_161_protein_refined.pdb
Failed loading<-data/proto_train/pocket/1drb_MTX_A_161_protein_refined.pdb
ccd not matching data/proto_train/pocket/1eei_GAA_G_507_protein_refined_reduce.pdb
Failed loading<-data/proto_train/pocket/1eei_GAA_G_507_protein_refined_reduce.pdb
ccd not matching data/proto_train/pocket/1afl_ATR_B_125_protein_refined_reduce.pdb
Failed loading<-data/proto_train/pocket/1afl_ATR_B_125_protein_refined_reduce.pdb
ccd not matching data/proto_train/pocket/1e00_DHM_B_600_protein_refined_reduce.pdb
Failed loading<-data/proto_train/pocket/1e00_DHM_B_600_protein_refined_reduce.pdb
ccd not matching data/proto_train/pocket/1e66_HUX_A_803_protein_refined.pdb
Failed loading<-data/proto_train/pocket/1e66_HUX_A_803_protein_refined.pdb
ccd not matching data/proto_train/pocket/1bap_ARA_A_307_protein_refined_reduce.pdb
Failed loading<-data/proto_train/pocket/1bap_ARA_A_307_protein_refined_reduce.pdb
ccd not matching data/proto_train/pocket/1ccw_TAR_D_900_protein_refined_reduce.pdb
Failed loading<-data/proto_train/pocket/1ccw_TAR_D_900_protein_refined_reduce.pdb
ccd not matching data/proto_train/pocket/1e8g_FAD_A_600_protein_refined_reduce.pdb
Failed loading<-data/proto_train/pocket/1e8g_FAD_A_600_protein_refined_reduce.pdb
ccd not matching data/proto_train/pocket/1cin_MTS_A_264_protein_refined_reduce.pdb
Failed loading<-data/proto_train/pocket/1cin_MTS_A_264_protein_refined_reduce.pdb
ccd not matching data/proto_train/pocket/1dia_L24_A_3001_protein_refined.pdb
Failed loading<-data/proto_train/pocket/1dia_L24_A_3001_protein_refined.pdb
ccd not matching data/proto_train/pocket/1aaq_PSI_B_100_protein_refined_reduce.pdb
Failed loading<-data/proto_train/pocket/1aaq_PSI_B_100_protein_refined_reduce.pdb
ccd not matching data/proto_train/pocket/1dqa_MAH_D_203_protein_refined.pdb
Failed loading<-data/proto_train/pocket/1dqa_MAH_D_203_protein_refined.pdb
ccd not matching data/proto_train/pocket/1ajx_AH1_A_500_protein_refined.pdb
Failed loading<-data/proto_train/pocket/1ajx_AH1_A_500_protein_refined.pdb
ccd not matching data/proto_train/pocket/1dhf_FOL_B_187_protein_refined.pdb
Failed loading<-data/proto_train/pocket/1dhf_FOL_B_187_protein_refined.pdb
ccd not matching data/proto_train/pocket/1a4g_ZMR_A_466_protein_refined_reduce.pdb
Failed loading<-data/proto_train/pocket/1a4g_ZMR_A_466_protein_refined_reduce.pdb
ccd not matching data/proto_train/pocket/1dzm_BZM_A_600_protein_refined_reduce.pdb
Failed loading<-data/proto_train/pocket/1dzm_BZM_A_600_protein_refined_reduce.pdb
ccd not matching data/proto_train/pocket/1cs4_101_B_1082_protein_refined_reduce.pdb
Failed loading<-data/proto_train/pocket/1cs4_101_B_1082_protein_refined_reduce.pdb
ccd not matching data/proto_train/pocket/1drb_MTX_B_361_protein_refined_reduce.pdb
Failed loading<-data/proto_train/pocket/1drb_MTX_B_361_protein_refined_reduce.pdb
ccd not matching data/proto_train/pocket/1e2n_RCA_B_500_protein_refined.pdb
Failed loading<-data/proto_train/pocket/1e2n_RCA_B_500_protein_refined.pdb
ccd not matching data/proto_train/pocket/1a0t_GLC-FRU_E_1-2_protein_refined_reduce.pdb
Failed loading<-data/proto_train/pocket/1a0t_GLC-FRU_E_1-2_protein_refined_reduce.pdb
ccd not matching data/proto_train/pocket/1b4z_LYS-LYS_B_1-3_protein_refined_reduce.pdb
Failed loading<-data/proto_train/pocket/1b4z_LYS-LYS_B_1-3_protein_refined_reduce.pdb
ccd not matching data/proto_train/pocket/1afl_ATR_A_125_protein_refined_reduce.pdb
Failed loading<-data/proto_train/pocket/1afl_ATR_A_125_protein_refined_reduce.pdb
ccd not matching data/proto_train/pocket/1fby_9CR_A_500_protein_refined_reduce.pdb
Failed loading<-data/proto_train/pocket/1fby_9CR_A_500_protein_refined_reduce.pdb
ccd not matching data/proto_train/pocket/1d4s_TPV_A_201_protein_refined_reduce.pdb
Failed loading<-data/proto_train/pocket/1d4s_TPV_A_201_protein_refined_reduce.pdb
ccd not matching data/proto_train/pocket/1eei_GAA_D_504_protein_refined_reduce.pdb
Failed loading<-data/proto_train/pocket/1eei_GAA_D_504_protein_refined_reduce.pdb
ccd not matching data/proto_train/pocket/1dvz_OFL_A_125_protein_refined_reduce.pdb
Failed loading<-data/proto_train/pocket/1dvz_OFL_A_125_protein_refined_reduce.pdb
ccd not matching data/proto_train/pocket/1akq_FMN_A_149_protein_refined.pdb
Failed loading<-data/proto_train/pocket/1akq_FMN_A_149_protein_refined.pdb
ccd not matching data/proto_train/pocket/1c8v_HE1_A_270_protein_refined.pdb
Failed loading<-data/proto_train/pocket/1c8v_HE1_A_270_protein_refined.pdb
ccd not matching data/proto_train/pocket/1d4p_BPP_B_400_protein_refined_reduce.pdb
Failed loading<-data/proto_train/pocket/1d4p_BPP_B_400_protein_refined_reduce.pdb
ccd not matching data/proto_train/pocket/1bmn_BM9_H_1_protein_refined_reduce.pdb
Failed loading<-data/proto_train/pocket/1bmn_BM9_H_1_protein_refined_reduce.pdb
ccd not matching data/proto_train/pocket/1bnv_AL7_A_555_protein_refined_reduce.pdb
Failed loading<-data/proto_train/pocket/1bnv_AL7_A_555_protein_refined_reduce.pdb
ccd not matching data/proto_train/pocket/1ecq_DXG_C_501_protein_refined_reduce.pdb
Failed loading<-data/proto_train/pocket/1ecq_DXG_C_501_protein_refined_reduce.pdb
ccd not matching data/proto_train/pocket/1ere_EST_E_600_protein_refined.pdb
Failed loading<-data/proto_train/pocket/1ere_EST_E_600_protein_refined.pdb
ccd not matching data/proto_train/pocket/1b51_LYS-LYS_B_1-3_protein_refined.pdb
Failed loading<-data/proto_train/pocket/1b51_LYS-LYS_B_1-3_protein_refined.pdb
ccd not matching data/proto_train/pocket/1df7_MTX_A_501_protein_refined_reduce.pdb
Failed loading<-data/proto_train/pocket/1df7_MTX_A_501_protein_refined_reduce.pdb
ccd not matching data/proto_train/pocket/1bxq_PP8_A_324_protein_refined.pdb
Failed loading<-data/proto_train/pocket/1bxq_PP8_A_324_protein_refined.pdb
ccd not matching data/proto_train/pocket/1amw_ADP_A_300_protein_refined_reduce.pdb
Failed loading<-data/proto_train/pocket/1amw_ADP_A_300_protein_refined_reduce.pdb
ccd not matching data/proto_train/pocket/1dq8_MAH_A_200_protein_refined.pdb
Failed loading<-data/proto_train/pocket/1dq8_MAH_A_200_protein_refined.pdb
ccd not matching data/proto_train/pocket/1d2s_DHT_A_301_protein_refined_reduce.pdb
Failed loading<-data/proto_train/pocket/1d2s_DHT_A_301_protein_refined_reduce.pdb
ccd not matching data/proto_train/pocket/1az1_ALR_A_318_protein_refined_reduce.pdb
Failed loading<-data/proto_train/pocket/1az1_ALR_A_318_protein_refined_reduce.pdb
ccd not matching data/proto_train/pocket/1f4g_TP4_A_601_protein_refined.pdb
Failed loading<-data/proto_train/pocket/1f4g_TP4_A_601_protein_refined.pdb
ccd not matching data/proto_train/pocket/1a28_STR_A_1_protein_refined_reduce.pdb
Failed loading<-data/proto_train/pocket/1a28_STR_A_1_protein_refined_reduce.pdb
ccd not matching data/proto_train/pocket/1dhi_MTX_A_161_protein_refined.pdb
Failed loading<-data/proto_train/pocket/1dhi_MTX_A_161_protein_refined.pdb
ccd not matching data/proto_train/pocket/1a4r_GDP_A_200_protein_refined_reduce.pdb
Failed loading<-data/proto_train/pocket/1a4r_GDP_A_200_protein_refined_reduce.pdb
ccd not matching data/proto_train/pocket/1c1r_BAI_A_246_protein_refined_reduce.pdb
Failed loading<-data/proto_train/pocket/1c1r_BAI_A_246_protein_refined_reduce.pdb
ccd not matching data/proto_train/pocket/1f73_HMN_C_702_protein_refined_reduce.pdb
Failed loading<-data/proto_train/pocket/1f73_HMN_C_702_protein_refined_reduce.pdb
ccd not matching data/proto_train/pocket/1b51_LYS-LYS_B_1-3_protein_refined_reduce.pdb
Failed loading<-data/proto_train/pocket/1b51_LYS-LYS_B_1-3_protein_refined_reduce.pdb
ccd not matching data/proto_train/pocket/1efi_GAT_G_107_protein_refined_reduce.pdb
Failed loading<-data/proto_train/pocket/1efi_GAT_G_107_protein_refined_reduce.pdb
ccd not matching data/proto_train/pocket/1bra_BEN_A_246_protein_refined_reduce.pdb
Failed loading<-data/proto_train/pocket/1bra_BEN_A_246_protein_refined_reduce.pdb
ccd not matching data/proto_train/pocket/1ed4_IPU_A_2840_protein_refined.pdb
Failed loading<-data/proto_train/pocket/1ed4_IPU_A_2840_protein_refined.pdb
ccd not matching data/proto_train/pocket/1cb7_TAR_D_900_protein_refined_reduce.pdb
Failed loading<-data/proto_train/pocket/1cb7_TAR_D_900_protein_refined_reduce.pdb
ccd not matching data/proto_train/pocket/1a4m_PRH_A_354_protein_refined.pdb
Failed loading<-data/proto_train/pocket/1a4m_PRH_A_354_protein_refined.pdb
ccd not matching data/proto_train/pocket/1ed4_IPU_B_1840_protein_refined.pdb
Failed loading<-data/proto_train/pocket/1ed4_IPU_B_1840_protein_refined.pdb
ccd not matching data/proto_train/pocket/1bnu_AL3_A_555_protein_refined_reduce.pdb
Failed loading<-data/proto_train/pocket/1bnu_AL3_A_555_protein_refined_reduce.pdb
ccd not matching data/proto_train/pocket/1fch_TYR-LEU_D_1-5_protein_refined.pdb
Failed loading<-data/proto_train/pocket/1fch_TYR-LEU_D_1-5_protein_refined.pdb
ccd not matching data/proto_train/pocket/1czl_FMN_A_170_protein_refined.pdb
Failed loading<-data/proto_train/pocket/1czl_FMN_A_170_protein_refined.pdb
ccd not matching data/proto_train/pocket/1cny_EG3_A_555_protein_refined_reduce.pdb
Failed loading<-data/proto_train/pocket/1cny_EG3_A_555_protein_refined_reduce.pdb
ccd not matching data/proto_train/pocket/1d2e_GDP_D_1304_protein_refined_reduce.pdb
Failed loading<-data/proto_train/pocket/1d2e_GDP_D_1304_protein_refined_reduce.pdb
ccd not matching data/proto_train/pocket/1ecm_TSA_B_501_protein_refined_reduce.pdb
Failed loading<-data/proto_train/pocket/1ecm_TSA_B_501_protein_refined_reduce.pdb
ccd not matching data/proto_train/pocket/1e3v_DXC_A_801_protein_refined.pdb
Failed loading<-data/proto_train/pocket/1e3v_DXC_A_801_protein_refined.pdb
ccd not matching data/proto_train/pocket/1bf3_PHB_A_396_protein_refined_reduce.pdb
Failed loading<-data/proto_train/pocket/1bf3_PHB_A_396_protein_refined_reduce.pdb
ccd not matching data/proto_train/pocket/1a52_EST_A_1_protein_refined_reduce.pdb
Failed loading<-data/proto_train/pocket/1a52_EST_A_1_protein_refined_reduce.pdb
ccd not matching data/proto_train/pocket/1awi_PRO-PRO_P_1-10_protein_refined.pdb
Failed loading<-data/proto_train/pocket/1awi_PRO-PRO_P_1-10_protein_refined.pdb
ccd not matching data/proto_train/pocket/1a99_PUT_A_371_protein_refined_reduce.pdb
Failed loading<-data/proto_train/pocket/1a99_PUT_A_371_protein_refined_reduce.pdb
ccd not matching data/proto_train/pocket/1eli_PYC_B_815_protein_refined.pdb
Failed loading<-data/proto_train/pocket/1eli_PYC_B_815_protein_refined.pdb
ccd not matching data/proto_train/pocket/1ai5_MNP_B_559_protein_refined.pdb
Failed loading<-data/proto_train/pocket/1ai5_MNP_B_559_protein_refined.pdb
ccd not matching data/proto_train/pocket/1amk_PGA_A_600_protein_refined.pdb
Failed loading<-data/proto_train/pocket/1amk_PGA_A_600_protein_refined.pdb
ccd not matching data/proto_train/pocket/1epp_1Z1_E_333_protein_refined.pdb
Failed loading<-data/proto_train/pocket/1epp_1Z1_E_333_protein_refined.pdb
ccd not matching data/proto_train/pocket/1d8a_TCL_B_504_protein_refined_reduce.pdb
Failed loading<-data/proto_train/pocket/1d8a_TCL_B_504_protein_refined_reduce.pdb
ccd not matching data/proto_train/pocket/1eei_GAA_H_508_protein_refined.pdb
Failed loading<-data/proto_train/pocket/1eei_GAA_H_508_protein_refined.pdb
ccd not matching data/proto_train/pocket/1c7f_FMN_B_2149_protein_refined_reduce.pdb
Failed loading<-data/proto_train/pocket/1c7f_FMN_B_2149_protein_refined_reduce.pdb
ccd not matching data/proto_train/pocket/1b7h_LYS-LYS_B_1-3_protein_refined_reduce.pdb
Failed loading<-data/proto_train/pocket/1b7h_LYS-LYS_B_1-3_protein_refined_reduce.pdb
ccd not matching data/proto_train/pocket/1f57_DCY_A_308_protein_refined_reduce.pdb
Failed loading<-data/proto_train/pocket/1f57_DCY_A_308_protein_refined_reduce.pdb
ccd not matching data/proto_train/pocket/1bl7_SB4_A_800_protein_refined_reduce.pdb
Failed loading<-data/proto_train/pocket/1bl7_SB4_A_800_protein_refined_reduce.pdb
ccd not matching data/proto_train/pocket/1e66_HUX_A_803_protein_refined_reduce.pdb
Failed loading<-data/proto_train/pocket/1e66_HUX_A_803_protein_refined_reduce.pdb
ccd not matching data/proto_train/pocket/1cjb_IRP_A_300_protein_refined.pdb
Failed loading<-data/proto_train/pocket/1cjb_IRP_A_300_protein_refined.pdb
ccd not matching data/proto_train/pocket/1dqa_MAH_A_201_protein_refined_reduce.pdb
Failed loading<-data/proto_train/pocket/1dqa_MAH_A_201_protein_refined_reduce.pdb
ccd not matching data/proto_train/pocket/1a94_0Q4_A_100_protein_refined_reduce.pdb
Failed loading<-data/proto_train/pocket/1a94_0Q4_A_100_protein_refined_reduce.pdb
ccd not matching data/proto_train/pocket/1cam_BCT_A_500_protein_refined_reduce.pdb
Failed loading<-data/proto_train/pocket/1cam_BCT_A_500_protein_refined_reduce.pdb
ccd not matching data/proto_train/pocket/1f40_GPI_A_108_protein_refined_reduce.pdb
Failed loading<-data/proto_train/pocket/1f40_GPI_A_108_protein_refined_reduce.pdb
ccd not matching data/proto_train/pocket/1bap_ARB_A_308_protein_refined.pdb
Failed loading<-data/proto_train/pocket/1bap_ARB_A_308_protein_refined.pdb
ccd not matching data/proto_train/pocket/1eby_BEB_B_501_protein_refined.pdb
Failed loading<-data/proto_train/pocket/1eby_BEB_B_501_protein_refined.pdb
ccd not matching data/proto_train/pocket/1biw_S80_B_401_protein_refined_reduce.pdb
Failed loading<-data/proto_train/pocket/1biw_S80_B_401_protein_refined_reduce.pdb
ccd not matching data/proto_train/pocket/1b6l_PI4_A_201_protein_refined.pdb
Failed loading<-data/proto_train/pocket/1b6l_PI4_A_201_protein_refined.pdb
ccd not matching data/proto_train/pocket/1c4u_IH1_2_370_protein_refined.pdb
Failed loading<-data/proto_train/pocket/1c4u_IH1_2_370_protein_refined.pdb
ccd not matching data/proto_train/pocket/1dx6_GNT_A_602_protein_refined_reduce.pdb
Failed loading<-data/proto_train/pocket/1dx6_GNT_A_602_protein_refined_reduce.pdb
ccd not matching data/proto_train/pocket/1dg7_WRB_A_200_protein_refined_reduce.pdb
Failed loading<-data/proto_train/pocket/1dg7_WRB_A_200_protein_refined_reduce.pdb
ccd not matching data/proto_train/pocket/1epo_2Z3_E_327_protein_refined_reduce.pdb
Failed loading<-data/proto_train/pocket/1epo_2Z3_E_327_protein_refined_reduce.pdb
ccd not matching data/proto_train/pocket/1cah_BCT_A_500_protein_refined_reduce.pdb
Failed loading<-data/proto_train/pocket/1cah_BCT_A_500_protein_refined_reduce.pdb
ccd not matching data/proto_train/pocket/10gs_VWW_B_210_protein_refined.pdb
Failed loading<-data/proto_train/pocket/10gs_VWW_B_210_protein_refined.pdb
ccd not matching data/proto_train/pocket/1c2t_NHS_A_222_protein_refined_reduce.pdb
Failed loading<-data/proto_train/pocket/1c2t_NHS_A_222_protein_refined_reduce.pdb
ccd not matching data/proto_train/pocket/1f0s_PR2_A_401_protein_refined_reduce.pdb
Failed loading<-data/proto_train/pocket/1f0s_PR2_A_401_protein_refined_reduce.pdb
ccd not matching data/proto_train/pocket/1bcu_PRL_H_280_protein_refined.pdb
Failed loading<-data/proto_train/pocket/1bcu_PRL_H_280_protein_refined.pdb
ccd not matching data/proto_train/pocket/1dbt_U5P_C_252_protein_refined.pdb
Failed loading<-data/proto_train/pocket/1dbt_U5P_C_252_protein_refined.pdb
ccd not matching data/proto_train/pocket/1b3d_S27_B_401_protein_refined.pdb
Failed loading<-data/proto_train/pocket/1b3d_S27_B_401_protein_refined.pdb
ccd not matching data/proto_train/pocket/1bhx_R56_F_1_protein_refined_reduce.pdb
Failed loading<-data/proto_train/pocket/1bhx_R56_F_1_protein_refined_reduce.pdb
ccd not matching data/proto_train/pocket/1ebw_BEI_A_501_protein_refined_reduce.pdb
Failed loading<-data/proto_train/pocket/1ebw_BEI_A_501_protein_refined_reduce.pdb
ccd not matching data/proto_train/pocket/1bhf_ACE-ILE_I_251-255_protein_refined.pdb
Failed loading<-data/proto_train/pocket/1bhf_ACE-ILE_I_251-255_protein_refined.pdb
ccd not matching data/proto_train/pocket/1dcy_I3N_A_1201_protein_refined_reduce.pdb
Failed loading<-data/proto_train/pocket/1dcy_I3N_A_1201_protein_refined_reduce.pdb
ccd not matching data/proto_train/pocket/1eli_PYC_A_801_protein_refined_reduce.pdb
Failed loading<-data/proto_train/pocket/1eli_PYC_A_801_protein_refined_reduce.pdb
ccd not matching data/proto_train/pocket/1c5x_ESI_B_251_protein_refined_reduce.pdb
Failed loading<-data/proto_train/pocket/1c5x_ESI_B_251_protein_refined_reduce.pdb
ccd not matching data/proto_train/pocket/1dvs_STL_A_125_protein_refined.pdb
Failed loading<-data/proto_train/pocket/1dvs_STL_A_125_protein_refined.pdb
ccd not matching data/proto_train/pocket/1e4h_PBR_B_999_protein_refined.pdb
Failed loading<-data/proto_train/pocket/1e4h_PBR_B_999_protein_refined.pdb
ccd not matching data/proto_train/pocket/1aid_THK_B_201_protein_refined_reduce.pdb
Failed loading<-data/proto_train/pocket/1aid_THK_B_201_protein_refined_reduce.pdb
ccd not matching data/proto_train/pocket/1d7i_DSS_A_301_protein_refined_reduce.pdb
Failed loading<-data/proto_train/pocket/1d7i_DSS_A_301_protein_refined_reduce.pdb
ccd not matching data/proto_train/pocket/1err_RAL_A_600_protein_refined.pdb
Failed loading<-data/proto_train/pocket/1err_RAL_A_600_protein_refined.pdb
ccd not matching data/proto_train/pocket/1dth_BAT_B_973_protein_refined.pdb
Failed loading<-data/proto_train/pocket/1dth_BAT_B_973_protein_refined.pdb
ccd not matching data/proto_train/pocket/1azm_AZM_A_262_protein_refined.pdb
Failed loading<-data/proto_train/pocket/1azm_AZM_A_262_protein_refined.pdb
ccd not matching data/proto_train/pocket/1bir_2GP_A_106_protein_refined.pdb
Failed loading<-data/proto_train/pocket/1bir_2GP_A_106_protein_refined.pdb
ccd not matching data/proto_train/pocket/1e96_GTP_A_200_protein_refined_reduce.pdb
Failed loading<-data/proto_train/pocket/1e96_GTP_A_200_protein_refined_reduce.pdb
ccd not matching data/proto_train/pocket/1c7e_FMN_A_1149_protein_refined.pdb
Failed loading<-data/proto_train/pocket/1c7e_FMN_A_1149_protein_refined.pdb
ccd not matching data/proto_train/pocket/1a1b_ACE-DIP_C_100-103_protein_refined_reduce.pdb
Failed loading<-data/proto_train/pocket/1a1b_ACE-DIP_C_100-103_protein_refined_reduce.pdb
ccd not matching data/proto_train/pocket/1dvj_UP6_C_5003_protein_refined.pdb
Failed loading<-data/proto_train/pocket/1dvj_UP6_C_5003_protein_refined.pdb
ccd not matching data/proto_train/pocket/1bky_1MC_A_600_protein_refined.pdb
Failed loading<-data/proto_train/pocket/1bky_1MC_A_600_protein_refined.pdb
ccd not matching data/proto_train/pocket/1fao_4IP_A_274_protein_refined_reduce.pdb
Failed loading<-data/proto_train/pocket/1fao_4IP_A_274_protein_refined_reduce.pdb
ccd not matching data/proto_train/pocket/1cet_CLQ_A_1001_protein_refined_reduce.pdb
Failed loading<-data/proto_train/pocket/1cet_CLQ_A_1001_protein_refined_reduce.pdb
ccd not matching data/proto_train/pocket/1azl_FMN_A_149_protein_refined.pdb
Failed loading<-data/proto_train/pocket/1azl_FMN_A_149_protein_refined.pdb
ccd not matching data/proto_train/pocket/1dyr_TOP_A_407_protein_refined.pdb
Failed loading<-data/proto_train/pocket/1dyr_TOP_A_407_protein_refined.pdb
ccd not matching data/proto_train/pocket/1e2k_TMC_B_500_protein_refined.pdb
Failed loading<-data/proto_train/pocket/1e2k_TMC_B_500_protein_refined.pdb
ccd not matching data/proto_train/pocket/1e9h_INR_C_1298_protein_refined_reduce.pdb
Failed loading<-data/proto_train/pocket/1e9h_INR_C_1298_protein_refined_reduce.pdb
ccd not matching data/proto_train/pocket/1ela_0Z1_A_256_protein_refined_reduce.pdb
Failed loading<-data/proto_train/pocket/1ela_0Z1_A_256_protein_refined_reduce.pdb
ccd not matching data/proto_train/pocket/1a69_FMB_A_240_protein_refined_reduce.pdb
Failed loading<-data/proto_train/pocket/1a69_FMB_A_240_protein_refined_reduce.pdb
ccd not matching data/proto_train/pocket/1dqa_MAH_C_204_protein_refined_reduce.pdb
Failed loading<-data/proto_train/pocket/1dqa_MAH_C_204_protein_refined_reduce.pdb
ccd not matching data/proto_train/pocket/1eyk_AMP_B_342_protein_refined.pdb
Failed loading<-data/proto_train/pocket/1eyk_AMP_B_342_protein_refined.pdb
ccd not matching data/proto_train/pocket/1f8e_49A_A_0_protein_refined_reduce.pdb
Failed loading<-data/proto_train/pocket/1f8e_49A_A_0_protein_refined_reduce.pdb
ccd not matching data/proto_train/pocket/1ec1_BEE_A_501_protein_refined.pdb
Failed loading<-data/proto_train/pocket/1ec1_BEE_A_501_protein_refined.pdb
ccd not matching data/proto_train/pocket/1a4k_FRA_B_3083_protein_refined_reduce.pdb
Failed loading<-data/proto_train/pocket/1a4k_FRA_B_3083_protein_refined_reduce.pdb
ccd not matching data/proto_train/pocket/1dyr_TOP_A_407_protein_refined_reduce.pdb
Failed loading<-data/proto_train/pocket/1dyr_TOP_A_407_protein_refined_reduce.pdb
ccd not matching data/proto_train/pocket/1bzj_PIC_A_301_protein_refined_reduce.pdb
Failed loading<-data/proto_train/pocket/1bzj_PIC_A_301_protein_refined_reduce.pdb
ccd not matching data/proto_train/pocket/1d3g_BRE_A_397_protein_refined_reduce.pdb
Failed loading<-data/proto_train/pocket/1d3g_BRE_A_397_protein_refined_reduce.pdb
ccd not matching data/proto_train/pocket/1bnw_TPD_A_555_protein_refined.pdb
Failed loading<-data/proto_train/pocket/1bnw_TPD_A_555_protein_refined.pdb
ccd not matching data/proto_train/pocket/1a99_PUT_C_371_protein_refined_reduce.pdb
Failed loading<-data/proto_train/pocket/1a99_PUT_C_371_protein_refined_reduce.pdb
ccd not matching data/proto_train/pocket/1ae4_TOL_A_600_protein_refined_reduce.pdb
Failed loading<-data/proto_train/pocket/1ae4_TOL_A_600_protein_refined_reduce.pdb
ccd not matching data/proto_train/pocket/1f3f_D4T_C_164_protein_refined.pdb
Failed loading<-data/proto_train/pocket/1f3f_D4T_C_164_protein_refined.pdb
ccd not matching data/proto_train/pocket/1d1w_ATQ_B_801_protein_refined_reduce.pdb
Failed loading<-data/proto_train/pocket/1d1w_ATQ_B_801_protein_refined_reduce.pdb
ccd not matching data/proto_train/pocket/1dub_CAA_E_300_protein_refined.pdb
Failed loading<-data/proto_train/pocket/1dub_CAA_E_300_protein_refined.pdb
ccd not matching data/proto_train/pocket/1azl_FMN_A_149_protein_refined_reduce.pdb
Failed loading<-data/proto_train/pocket/1azl_FMN_A_149_protein_refined_reduce.pdb
ccd not matching data/proto_train/pocket/1bnn_AL1_A_555_protein_refined.pdb
Failed loading<-data/proto_train/pocket/1bnn_AL1_A_555_protein_refined.pdb
ccd not matching data/proto_train/pocket/1e7b_HLT_A_4001_protein_refined.pdb
Failed loading<-data/proto_train/pocket/1e7b_HLT_A_4001_protein_refined.pdb
ccd not matching data/proto_train/pocket/1e1y_CPB_A_940_protein_refined_reduce.pdb
Failed loading<-data/proto_train/pocket/1e1y_CPB_A_940_protein_refined_reduce.pdb
ccd not matching data/proto_train/pocket/1f4e_TPR_A_301_protein_refined_reduce.pdb
Failed loading<-data/proto_train/pocket/1f4e_TPR_A_301_protein_refined_reduce.pdb
ccd not matching data/proto_train/pocket/1dzp_BZQ_A_600_protein_refined.pdb
Failed loading<-data/proto_train/pocket/1dzp_BZQ_A_600_protein_refined.pdb
ccd not matching data/proto_train/pocket/1d7j_BUQ_B_321_protein_refined.pdb
Failed loading<-data/proto_train/pocket/1d7j_BUQ_B_321_protein_refined.pdb
ccd not matching data/proto_train/pocket/1d3h_A26_A_397_protein_refined.pdb
Failed loading<-data/proto_train/pocket/1d3h_A26_A_397_protein_refined.pdb
ccd not matching data/proto_train/pocket/1eix_BMQ_B_1302_protein_refined_reduce.pdb
Failed loading<-data/proto_train/pocket/1eix_BMQ_B_1302_protein_refined_reduce.pdb
ccd not matching data/proto_train/pocket/1dzp_BZQ_B_600_protein_refined.pdb
Failed loading<-data/proto_train/pocket/1dzp_BZQ_B_600_protein_refined.pdb
ccd not matching data/proto_train/pocket/1eld_0Z0_E_256_protein_refined.pdb
Failed loading<-data/proto_train/pocket/1eld_0Z0_E_256_protein_refined.pdb
ccd not matching data/proto_train/pocket/1f0q_EMO_A_400_protein_refined.pdb
Failed loading<-data/proto_train/pocket/1f0q_EMO_A_400_protein_refined.pdb
ccd not matching data/proto_train/pocket/1c9d_HF1_A_270_protein_refined_reduce.pdb
Failed loading<-data/proto_train/pocket/1c9d_HF1_A_270_protein_refined_reduce.pdb
