1azm, RMSD:1.497096343770084, E:47.661139734101724
1dqa, RMSD:1.8976293454472613, E:11.677347890995552
1djx, RMSD:1.3445951392951576, E:29.50036728572156
1ahy, RMSD:1.3091757731899116, E:5.460462190244698
1dbt, RMSD:1.8166676995847568, E:33.697605460852444
1e96, RMSD:3.967372777781173, E:73.63829252175798
1a0q, RMSD:2.5078642557496678, E:20.500500737926263
1dq8, RMSD:1.9135319485370004, E:11.677347890995552
1ed5, RMSD:1.4318330573371416, E:19.3582588599396
1alw, RMSD:0.8400523827349345, E:14.013742053110647
1bmk, RMSD:1.3212443083622194, E:341.04529455575994
1a8i, RMSD:0.0953611725761571, E:50.53910266782758
1dvs, RMSD:0.6625436577697938, E:33.42375925486404
1d2e, RMSD:2.8545126249417443, E:74.06914788116704
1c14, RMSD:0.6167279474113596, E:31.13978904538928
1dog, RMSD:0.6747217990341297, E:18.650799148180983
1f74, RMSD:1.1319312791534535, E:23.63658955816192
1drj, RMSD:0.05111893354640973, E:18.031727604332577
1a9q, RMSD:0.0766071761216055, E:54.447774134863856
1d0o, RMSD:0.8434848399576282, E:59.57596133025342
1b9v, RMSD:1.701191340089712, E:55.04751414564997
1ett, RMSD:3.5489639937210313, E:51.26239394162065
1cqe, RMSD:1.4550967097451217, E:33.450527309143354
1eei, RMSD:1.4890830999806768, E:38.953660066621744
1f4x, RMSD:1.3323368765639292, E:38.48603696852137
1eli, RMSD:1.1234254418388832, E:34.524125919400085
1f3e, RMSD:0.0925466818912594, E:33.76475083237891
1cbx, RMSD:1.549232237482944, E:18.293952389726993
1dvj, RMSD:1.7490691940253928, E:32.169601051338766
1el9, RMSD:0.46277563520544057, E:1.6258960788348553
1a4r, RMSD:2.7524291873802142, E:75.63424387103964
1a69, RMSD:1.1435927535460206, E:74.48443792234701
1d7i, RMSD:0.648905659874765, E:0.5140585152078454
1ecq, RMSD:1.3410978067575368, E:13.154888115281917
1eqg, RMSD:1.4627723754813386, E:20.12155659901985
1f8e, RMSD:1.1516599348813075, E:30.46291705052312
1f8d, RMSD:0.9365042044603819, E:28.395573259272762
1ai4, RMSD:0.5203872715810612, E:15.183671192645676
1dmp, RMSD:2.3226147951388216, E:72.46644530222525
1e72, RMSD:0.26367220179797024, E:21.407965532265813
1ahx, RMSD:1.0018708762051083, E:14.403216787208445
1erb, RMSD:1.4184154255618222, E:57.774652894197395
1bwn, RMSD:1.6262909585430398, E:33.284176467146715
1eld, RMSD:1.4608326115164512, E:40.7314071433498
1e2n, RMSD:1.2864702611294059, E:41.12068468276197
1e02, RMSD:2.859115625727513, E:9.387623569523804
1ef3, RMSD:0.2419866847284511, E:49.26363335773585
1c7f, RMSD:1.645572645265485, E:61.69156833656961
1bto, RMSD:0.4619664723002141, E:11.306996182524161
1ed4, RMSD:1.26320790125554, E:2.6310551823088177
1bn1, RMSD:1.990116056169235, E:55.723864158598154
1cb7, RMSD:1.484124146057986, E:8.140934976687868
1bp0, RMSD:1.5303975196310111, E:31.50847599134122
1a0t, RMSD:1.3271008775990156, E:52.843614503514644
1adl, RMSD:2.6446434834741757, E:19.4058012784006
1c0i, RMSD:0.5580872753532888, E:15.554408092893151
1f3f, RMSD:3.2646279778602754, E:36.62520528239558
1ecq, RMSD:1.5862298822309966, E:13.154888115281917
1bap, RMSD:0.0806598047271885, E:18.042591549949588
1czh, RMSD:1.5942424482602435, E:61.69156833656961
1dyr, RMSD:1.8313572898497315, E:37.66083330437899
1ere, RMSD:0.15114998426188847, E:61.28658659076259
1cet, RMSD:2.0945446796116274, E:50.2377026912215
1b39, RMSD:3.069207513909581, E:74.71878920943684
1ai3, RMSD:3.7238323781513576, E:105.11921874028779
1doh, RMSD:0.12455689898281487, E:49.64322239363633
1ctr, RMSD:2.0684065638913505, E:73.0547293174878
1d2e, RMSD:2.866624262739963, E:74.06914788116704
1c2d, RMSD:2.2360395895830742, E:122.42616732173228
1dig, RMSD:2.2178616270944853, E:49.03183701379936
1egh, RMSD:0.9812990586232223, E:4.346747824185695
1d8a, RMSD:0.5364403615440001, E:31.13978904538928
1bic, RMSD:0.0809774073617843, E:5.640127605276489e-19
1bmm, RMSD:1.9308207348946136, E:45.11813936156234
1bzj, RMSD:1.8021986461615433, E:26.346096995491965
1e3k, RMSD:0.33245506648315026, E:66.04916430543713
1ecv, RMSD:0.7806248083351575, E:22.404097423116895
1dth, RMSD:3.8068642919571616, E:61.66609091021563
1bnq, RMSD:1.7696144049589733, E:67.19998642904804
1dqr, RMSD:1.4829128552801454, E:19.35767972650082
1a52, RMSD:0.13356041621149614, E:61.28658659076259
1b3g, RMSD:2.25912499430493, E:31.619774061611615
1cps, RMSD:1.9607617914100095, E:15.769662603495634
1e7w, RMSD:3.318986067450619, E:52.71257086882681
1dqn, RMSD:2.4367142720573205, E:76.83973327656581
1bcd, RMSD:1.1795580929068268, E:-0.42897854067522034
1drk, RMSD:0.03655150049455427, E:18.031727604332577
1a5s, RMSD:2.3307886055189204, E:54.50238813249979
185l, RMSD:0.03865104125053419, E:49.03953994621216
1cjb, RMSD:1.944932787450986, E:76.5130212008312
1df8, RMSD:1.4356047592435457, E:32.35417590423462
1b9j, RMSD:1.843631959703695, E:29.930153353630747
1e2l, RMSD:0.47875413434964426, E:306.96744178125783
1bgq, RMSD:2.2685640644970158, E:381.03897436103233
1acj, RMSD:0.27101178212977745, E:35.93775577474482
1add, RMSD:0.6956398599683927, E:72.4671064485268
1dhi, RMSD:2.990910052132384, E:52.71257086882681
1a4m, RMSD:0.9238786919609236, E:68.59533100612252
1e6s, RMSD:0.20742180546533753, E:21.407965532265813
1bm7, RMSD:1.4435382263138368, E:37.93846090317255
1err, RMSD:1.3795052789988866, E:105.92562948353518
1efi, RMSD:0.7847502040221093, E:34.501842591245506
1c3v, RMSD:4.602787252926816, E:103.36176741942892
1am1, RMSD:2.2553569919589944, E:74.93484607252176
1bcj, RMSD:0.44244024710856156, E:22.871564880706337
1df1, RMSD:0.6115457182305973, E:0.9218892947565508
1eoc, RMSD:0.9371482464400572, E:15.31940344052514
1efy, RMSD:0.7789177129184814, E:72.46684224622418
1bb6, RMSD:3.4427763256855073, E:112.57676340812313
1akw, RMSD:1.648710273768163, E:61.69156833656961
13gs, RMSD:2.3030005787900345, E:47.65666767242932
1ep4, RMSD:2.428525426784612, E:62.89318326699168
1e9h, RMSD:0.8200211844759433, E:107.97731787104323
1b38, RMSD:3.013486942713542, E:74.71878920943684
1dra, RMSD:2.96701784213993, E:52.71257086882681
1ax0, RMSD:0.4316107384186687, E:26.789559447691293
1ddr, RMSD:3.578935486622029, E:53.36847239126499
1ek2, RMSD:3.7430954556585516, E:21.955603731682757
1d09, RMSD:1.6868551742984148, E:7.496441512970825
182l, RMSD:0.04807148728108615, E:49.232326323924106
1elb, RMSD:2.0592809432809376, E:40.074914686289745
1dzm, RMSD:1.2260606169579176, E:26.67639422252308
1bqo, RMSD:2.2393655567965634, E:55.49715561175258
1a1e, RMSD:4.2462402661372, E:45.12288207277803
1f4e, RMSD:2.1606815759499045, E:30.115394329524637
1e3v, RMSD:0.9689453869610914, E:79.85427493475109
1f73, RMSD:1.4796436783500428, E:28.723528726821183
1ag9, RMSD:1.612132489804564, E:61.69156833656961
1duv, RMSD:1.9266949027211746, E:9.765824137673476
1atp, RMSD:3.4413313311318303, E:76.38123596600812
1bv9, RMSD:4.101309297568828, E:158.5183458867166
1f28, RMSD:1.9919867405164262, E:91.6173256729582
1e00, RMSD:1.051868794342688, E:13.562968449997983
1b05, RMSD:3.296477649375676, E:25.53816270777479
1f7k, RMSD:1.1419762939808744, E:31.50847599134122
1dia, RMSD:2.340995969720843, E:47.02046433328703
1drf, RMSD:2.260396780211672, E:48.605668907169836
1ecm, RMSD:1.0763749696302387, E:41.778782783409866
1afl, RMSD:2.721731568305038, E:76.50198210317146
1ec2, RMSD:5.187632766627841, E:92.999638085706
1bhx, RMSD:2.9767383497528006, E:36.54031105343081
1e8g, RMSD:5.753305331275227, E:124.20881024781117
1ao8, RMSD:2.7951678753476066, E:52.71257086882681
187l, RMSD:0.04491218756671582, E:14.577704398317046
1abf, RMSD:0.10785083943072778, E:18.90529040847033
1d0c, RMSD:0.8415787576311009, E:59.57596133025342
1al8, RMSD:2.2297025816831924, E:46.090917647732354
1bir, RMSD:1.1877898119078867, E:75.33497671966128
1b51, RMSD:1.9223942384098178, E:22.615919654711533
1a99, RMSD:0.4593702505139374, E:7.485510880716525
1eyk, RMSD:1.8233780214598925, E:73.80399496420377
1cam, RMSD:0.10653096513128374, E:5.640127605276489e-19
1ew9, RMSD:1.507929927372283, E:-0.5371357249455475
1azl, RMSD:1.6345091356770185, E:61.69156833656961
1e1v, RMSD:0.8093867920661603, E:63.13960363515163
1det, RMSD:2.575714589383918, E:75.35585846514113
1dub, RMSD:5.754495633057887, E:91.48130077821496
1bzy, RMSD:2.3888816825653265, E:76.83973327656581
1dar, RMSD:2.8164006513966178, E:74.06914788116704
1b5j, RMSD:3.1756732804125676, E:28.793314161121792
1ai5, RMSD:1.003707174826445, E:17.01215542314854
1d8f, RMSD:1.3848099931437978, E:50.98827189888059
1ax1, RMSD:0.7061487023299546, E:44.20307633318373
1f0r, RMSD:3.357640189643564, E:92.55610276028692
1f8a, RMSD:4.008520842751208, E:67.79006511202658
1ajn, RMSD:1.4293255305753099, E:16.218330155680412
1dmt, RMSD:3.5961455779594744, E:85.49128390102379
1css, RMSD:2.874961343801345, E:91.75181999322939
1bnn, RMSD:1.7064859697234296, E:71.02672234475327
186l, RMSD:1.398705591451902, E:14.761872308379209
1bv7, RMSD:4.191297930469401, E:158.5183458867166
1f73, RMSD:1.4562446666691942, E:28.723528726821183
1cim, RMSD:1.2124906192469833, E:51.33653685412079
1b6m, RMSD:2.8427102687365835, E:73.8956591562611
1el5, RMSD:0.8855027714319945, E:11.472313009203877
1c1r, RMSD:0.8136282396650599, E:111.86929013000704
1cqp, RMSD:1.6816198123622554, E:51.09488251368656
1dqx, RMSD:1.0909588051348527, E:36.65412746620287
1ado, RMSD:1.323092313706394, E:5.749606066981753
1f4g, RMSD:3.183846301148516, E:44.348263455066274
1d1w, RMSD:0.20324280937849315, E:13.703176344992055
1d4i, RMSD:5.025398780274676, E:98.8666687674635
1f8c, RMSD:0.7199110004676301, E:27.93715609807174
1f8b, RMSD:0.8261878484839461, E:27.820660766084647
1cbr, RMSD:1.609636299912681, E:50.833457416717174
1d6v, RMSD:1.6567491921415753, E:45.49459416318239
1f2o, RMSD:0.7854481835036031, E:10.3632416657143
1d3d, RMSD:2.8031280698696808, E:115.65788614087009
1c0l, RMSD:1.3012368791189628, E:6.893439734255373
1bn3, RMSD:1.9024211738768078, E:71.49384010067833
1d3p, RMSD:3.4906148494524176, E:114.45892427161729
1fcz, RMSD:1.9524149820617718, E:61.90167005289923
1eve, RMSD:1.9629193541694963, E:69.60619427441011
1c86, RMSD:0.692760061302664, E:60.81631753698941
1e1x, RMSD:1.4803572963916363, E:24.992909705020338
1dg5, RMSD:1.9059337112421049, E:37.66083330437899
1ceb, RMSD:0.6276736840309856, E:15.616034305243415
1f5l, RMSD:0.8483652871957604, E:25.10615321315308
1bnm, RMSD:1.8595428392327629, E:77.18523126048748
1dls, RMSD:2.2837775898842567, E:53.1939043239431
1dih, RMSD:4.477880935174515, E:103.36176741942892
1b55, RMSD:1.538564278454023, E:33.284176467146715
1b46, RMSD:2.1014671450955094, E:35.04076132381192
1d4h, RMSD:3.7758287500715686, E:83.74354806609139
1f0q, RMSD:0.10461308836735388, E:39.33889372931666
1c6y, RMSD:4.523840684618055, E:96.40835419349786
1bl7, RMSD:1.6229345795986927, E:85.11430356160407
1biw, RMSD:3.025905865264502, E:43.68119502208265
1e4h, RMSD:0.03231036247370985, E:20.11947597636817
1a86, RMSD:2.2789328737700454, E:28.14630269812222
1dcy, RMSD:1.1738471329319304, E:71.75876846820609
1c84, RMSD:0.7410698067283481, E:36.600836768425175
183l, RMSD:0.04279996722674408, E:34.77916155072777
1apb, RMSD:0.10103847367935732, E:21.32477116229711
1d6h, RMSD:3.0728496050168594, E:89.53583559456153
1bl6, RMSD:1.3301400766129343, E:342.0753252137456
1atl, RMSD:2.817415895726575, E:26.552962689318676
1a1b, RMSD:2.505079607430555, E:40.59076940291577
1ctu, RMSD:0.856215256648186, E:29.30944470624827
1ae4, RMSD:1.8711664876686105, E:52.93790808580315
1eyj, RMSD:1.8194107679487426, E:73.80399496420377
1c83, RMSD:0.6706478694055502, E:60.88088659189015
1d9i, RMSD:3.423854593431394, E:84.54981202285106
1ec3, RMSD:5.6731752582388175, E:79.13133198494252
1a50, RMSD:2.3084067763405, E:54.50238813249979
1a29, RMSD:2.669531532696427, E:74.06538279447773
1az1, RMSD:0.7860559442482256, E:33.562039100615536
1c5y, RMSD:0.9512006231362949, E:51.04292203890268
1e1y, RMSD:1.5981078480048525, E:68.65187547982931
1cs4, RMSD:1.3002880119814226, E:72.93719775139958
1c7e, RMSD:1.59767687880457, E:61.69156833656961
1b0h, RMSD:3.8818085225792793, E:47.06211330808072
1akt, RMSD:1.628080465230328, E:61.69156833656961
1b8y, RMSD:1.6032702906553282, E:45.841740246146145
1c8k, RMSD:1.5954088809538864, E:68.65187547982931
1ccw, RMSD:1.4838550825017518, E:8.140934976687868
1cgl, RMSD:4.408703629084208, E:72.10296848701722
1f40, RMSD:2.0779611071780617, E:42.96071138055761
1d3g, RMSD:1.0156622259394197, E:71.47115009526998
1cea, RMSD:1.0403123215900931, E:7.178378978567356
1czk, RMSD:1.7136091534805376, E:61.69156833656961
1c2t, RMSD:2.6925589063873403, E:51.47768857971473
1fch, RMSD:4.671735214242003, E:45.79906807187456
1boz, RMSD:1.5766604429812188, E:51.038230953754244
1b74, RMSD:0.7371887348475383, E:8.882225955870037
1c87, RMSD:0.8508603946524816, E:60.82294818679639
1b4d, RMSD:1.1122329195489657, E:33.914970046513574
1bjv, RMSD:2.1222539572382315, E:61.50988583907516
1bra, RMSD:0.1957471237677922, E:17.39210025717027
1b2i, RMSD:0.5764296521507392, E:15.616034305243415
1c2t, RMSD:2.6267622048211847, E:51.47768857971473
1c5s, RMSD:0.9520844044337728, E:50.011402528110494
1eix, RMSD:1.0780251014988704, E:30.433554795538882
1b3l, RMSD:2.3563605574703215, E:23.751783338054985
1b42, RMSD:0.08339570590134208, E:60.15532842279705
data/proto_train/ligand/1can_NO3_A_511_ligand_refined.sdf
1anf, RMSD:1.0988637605946645, E:51.41763891435867
1fax, RMSD:3.096310029860589, E:62.85841495248717
1f0t, RMSD:3.439559196842783, E:85.17243460129751
1a9r, RMSD:0.06312316327772724, E:54.447774134863856
1bzm, RMSD:0.9998869276249818, E:53.27008397112177
1dzk, RMSD:1.261321914803639, E:17.402586666442485
181l, RMSD:0.03507238316156249, E:10.544731800623074
1ebg, RMSD:1.2824355668995198, E:1.4322966549784935
1f06, RMSD:1.18088535824853, E:11.999819332632724
1e2p, RMSD:0.7073712005874667, E:24.98437527735297
1ctt, RMSD:0.7670985316110207, E:28.116494729738633
1chm, RMSD:1.0039573782566493, E:6.977418939844343
1d8m, RMSD:2.164037049871152, E:48.50401318001853
1db5, RMSD:1.7491794568632297, E:74.78922383694606
1d2s, RMSD:0.10637788792900867, E:63.78365190365717
1e7b, RMSD:1.1882705208707336, E:1.42615088605527
1apz, RMSD:1.446392898146285, E:7.894704229404021
1enu, RMSD:0.03221291277461911, E:25.529874608347797
1eqh, RMSD:1.6427940908806797, E:33.450527309143354
1cil, RMSD:0.9779656198298083, E:55.805187651407024
1ele, RMSD:2.9778344455012418, E:34.763864662252494
1bl4, RMSD:3.8722802309747784, E:74.60714584190231
1e66, RMSD:0.31396317358174125, E:51.1013392194205
1exv, RMSD:0.8423142060600751, E:122.46314056832922
1e5a, RMSD:0.08888740501978928, E:12.776527210170132
1ela, RMSD:1.6837339316521536, E:46.35898278154071
1f28, RMSD:1.9975722252432606, E:91.6173256729582
1dmy, RMSD:1.4383820589227065, E:47.661139734101724
1akv, RMSD:1.6451547062083618, E:61.69156833656961
1c5n, RMSD:0.9289205498243691, E:50.565703162442404
1czc, RMSD:1.036255981546603, E:4.306922807036834
188l, RMSD:0.056423585544932514, E:16.325899673016874
1dgm, RMSD:1.5852480870284644, E:72.26900739649301
1c5r, RMSD:0.9035344162126913, E:50.565703162442404
1dhj, RMSD:1.8358277714202462, E:53.465691961639465
1cnx, RMSD:3.122821469198029, E:32.325965619717564
1bkj, RMSD:2.97123105132168, E:58.094859097237965
1a4k, RMSD:0.920415296266951, E:80.96386773213119
1e6q, RMSD:0.4704359822481394, E:63.76845356787714
1bq4, RMSD:1.0294004858956423, E:64.85067166274261
1dvx, RMSD:0.9469876010907734, E:37.71490537231552
1e06, RMSD:1.0586705857104561, E:19.42089560301345
1b8n, RMSD:1.3733232311517936, E:75.38387220763697
1axz, RMSD:0.06091954999845025, E:22.18789071335712
1cc4, RMSD:0.579002466311229, E:13.435911411703824
1f0s, RMSD:3.134258842509673, E:116.8248716102286
1csr, RMSD:5.120621253378367, E:94.62566159106753
1b2h, RMSD:2.7759250832179734, E:28.935626988373944
1ew8, RMSD:1.5525358079231162, E:0.7994996563204154
1a1c, RMSD:4.716443388444623, E:47.02820770922876
1e3g, RMSD:0.29338981970991446, E:66.04916431462986
1bnt, RMSD:1.5866036736273512, E:72.54539349221386
1d7j, RMSD:0.9616985866247635, E:3.0414954984764813
1c5c, RMSD:1.2762541257894338, E:49.41395563527223
1ec0, RMSD:4.110252110846812, E:101.09830001300392
1di8, RMSD:1.3827967083938515, E:48.30155418761304
1d04, RMSD:1.6601230911189095, E:61.69156833656961
1ajv, RMSD:3.210648569406128, E:93.4927957745166
1a9t, RMSD:0.057064347642866414, E:54.447774134863856
1cah, RMSD:0.08480869243525789, E:5.640127605276489e-19
1aoe, RMSD:0.45089638576273655, E:72.19940114957667
1fao, RMSD:1.541784092225454, E:33.284176467146715
1ce5, RMSD:0.9697813278290003, E:17.39210025717027
1c50, RMSD:1.4449682387115372, E:83.47769298756991
1cx9, RMSD:1.7218802071939472, E:14.268807349295757
1bky, RMSD:0.06569664998734673, E:14.817000800142742
1f4f, RMSD:1.5325548595491072, E:40.632831322700106
1dzp, RMSD:0.8957894796390018, E:31.123494948847288
1afk, RMSD:2.281642228586572, E:77.02484429087431
184l, RMSD:0.9121274885074621, E:15.797629289214736
1f4f, RMSD:1.6195899959734492, E:40.632831322700106
1czl, RMSD:1.7204001787278982, E:61.69156833656961
1em6, RMSD:6.2944840964676265, E:107.5578009473263
1br5, RMSD:1.4412224450422055, E:30.559360948636872
1f57, RMSD:0.6395081912896527, E:6.213529598839897
1af6, RMSD:1.3312410667033787, E:52.843614503514644
1d4y, RMSD:4.384518878527582, E:71.02583686343675
1dy4, RMSD:0.9925693244668534, E:38.05896689784627
1bnu, RMSD:1.8877130525766461, E:88.05405069506908
1b7h, RMSD:2.2465424302977133, E:27.04701015049444
1b52, RMSD:2.336466422842428, E:27.269495874259043
1aj7, RMSD:1.841255637903528, E:20.217573865016096
1d7x, RMSD:3.1495638902410343, E:34.62194492264845
1db4, RMSD:2.388239742027078, E:72.85719091380052
10gs, RMSD:3.721696587882357, E:37.61565662600258
1btn, RMSD:1.2933302961516344, E:29.50036728572156
1aku, RMSD:1.72919009588461, E:61.69156833656961
1d3t, RMSD:3.238566785173649, E:119.20267396480189
1cnw, RMSD:4.721786642430473, E:34.332597806107934
1a4q, RMSD:2.5259013363395444, E:39.09192210807023
1c9d, RMSD:2.1050408650545975, E:13.261519531124433
1e2k, RMSD:0.43772562850309743, E:306.96744178125783
1ajp, RMSD:0.9206316282433135, E:15.693591180868896
1drv, RMSD:5.115860255099364, E:103.60157882894866
1am6, RMSD:0.07030841854629911, E:2.1668637528476298
1b32, RMSD:2.6657138884098424, E:26.496923154336695
1ezq, RMSD:2.5531373713663355, E:62.27954290578597
1bzc, RMSD:1.9148056211099818, E:36.6513526498463
1daj, RMSD:1.8322595894787572, E:85.60010281152493
1cny, RMSD:6.450506370084904, E:41.82056481201234
1avn, RMSD:0.7900437262619415, E:39.7702797193689
1akr, RMSD:1.632916464086894, E:61.69156833656961
1cm0, RMSD:3.274470702489738, E:90.91289629356248
1ax2, RMSD:1.0392989484245234, E:57.43268063622282
1b58, RMSD:2.5848662656832873, E:36.647275592632376
1c8l, RMSD:0.09590046620660546, E:69.03107250127734
1e7c, RMSD:1.1817608001125428, E:1.42615088605527
1cc6, RMSD:0.5788315993828718, E:13.435911411703824
1ai2, RMSD:3.958632495704953, E:103.44916734033586
1a4g, RMSD:1.0529803897110963, E:29.27537715778721
1b1h, RMSD:3.6161462901295174, E:37.83835024258611
1a28, RMSD:0.20943917865308578, E:65.3345112889089
1f92, RMSD:3.459448225791031, E:81.07261887177515
1dl7, RMSD:1.9273659935492102, E:38.79501170523011
1ct8, RMSD:3.753111109554536, E:43.58752160489861
1ajq, RMSD:0.6376169740494753, E:34.90832006503558
1aid, RMSD:2.1744958558227507, E:60.665082078088396
1drb, RMSD:3.0506980192592064, E:52.71257086882681
1bb7, RMSD:2.3448439891180093, E:82.25705104213586
1caq, RMSD:2.084175359881123, E:99.0118831616776
1dx6, RMSD:0.6446553515646063, E:69.94543083073522
1d3h, RMSD:1.4842145131942552, E:31.078342429649258
1c5t, RMSD:0.9500391347497497, E:51.04292203890268
1bn4, RMSD:3.105238438239151, E:54.407465618745995
1a28, RMSD:0.21870443379984003, E:65.3345112889089
1bxq, RMSD:4.820471825883298, E:40.059242163305456
1akq, RMSD:1.6263871053114254, E:61.69156833656961
1cfv, RMSD:2.2635972299767047, E:82.83784711337233
1els, RMSD:1.435664159743442, E:1.4322966549784935
1c5w, RMSD:0.9092195031187851, E:50.565703162442404
1bcu, RMSD:0.0670393425488465, E:33.24444214947165
1czo, RMSD:1.5799371421668291, E:61.69156833656961
1cze, RMSD:0.8913485527519979, E:3.5560698696166297
1axr, RMSD:0.1501808010709028, E:61.16030283252393
1ct8, RMSD:3.905641651866102, E:43.58752160489861
1a7c, RMSD:4.8387109739248055, E:31.95718864787807
1c4u, RMSD:1.3124641788565827, E:86.35641306943133
1d4l, RMSD:3.811523754637995, E:66.02748278387625
1db1, RMSD:1.3175980451985798, E:92.14092232673853
1bwa, RMSD:4.154663147794884, E:158.5183458867166
1bil, RMSD:5.004379146540384, E:99.54666775633639
1b9s, RMSD:2.002833737031501, E:35.620178959975846
1eby, RMSD:4.541479801205827, E:100.88952512346329
1c8v, RMSD:1.6548466414827565, E:12.7835198358314
1d6w, RMSD:2.521438856483846, E:119.9164387736234
1fcx, RMSD:2.246615443535255, E:65.52106736431315
1bf3, RMSD:0.5804865538186189, E:13.435911411703824
1d4s, RMSD:3.776527568511199, E:67.68354547619748
1c5q, RMSD:0.9190318470030227, E:50.565703162442404
1ah0, RMSD:0.2450299037263461, E:47.50286907587395
1b9t, RMSD:1.4180426543385263, E:54.51230227564563
1fby, RMSD:0.9731379578160217, E:50.54815157580676
1bnw, RMSD:1.4147840153256084, E:75.76626276787088
1b8o, RMSD:1.5205836946835127, E:74.97950232890832
1ejn, RMSD:2.293390419852228, E:50.34001526111875
1czr, RMSD:1.7149359311620276, E:61.69156833656961
1c5x, RMSD:0.9144438840615744, E:50.565703162442404
1f9g, RMSD:0.8968536873367913, E:33.86925555995195
1br6, RMSD:2.242101018462809, E:39.63901450285585
1ets, RMSD:4.03301729285026, E:60.693503784449724
1amk, RMSD:1.3277985764229523, E:4.346747824185695
1b3f, RMSD:2.2255264212521575, E:60.35076584953
1dvz, RMSD:1.85369990751498, E:39.3222172940012
1cin, RMSD:1.1226220765303214, E:55.050078114126784
1dud, RMSD:1.5925944372232457, E:32.36959490711281
1cva, RMSD:0.03531591782162108, E:1.5755805431494448e-16
1a7c, RMSD:4.80851696109219, E:31.425178312266628
1dre, RMSD:1.8010072683299492, E:54.37164487645992
1cw2, RMSD:1.4347526751311726, E:14.796339052330406
1bzs, RMSD:2.6706689023745995, E:58.395984826142715
1a08, RMSD:4.633914589456513, E:35.23348740980931
1eou, RMSD:1.5424112938547954, E:33.39797699154882
1bju, RMSD:1.4166737852656384, E:41.979493795969546
1a85, RMSD:3.4693917878020017, E:28.62466063604426
1dg7, RMSD:1.2833693788200946, E:31.272644646139945
1bji, RMSD:1.94247909128512, E:38.79395038739044
1c88, RMSD:0.7753434306796925, E:58.90518919231196
1amw, RMSD:2.269133028170656, E:74.93484607252176
1b4z, RMSD:2.834323700492973, E:24.920479703566418
1dlr, RMSD:2.099116372633487, E:55.2420529892801
1bnv, RMSD:1.3778701175945012, E:77.23296593956128
1ai7, RMSD:0.0508023665420032, E:11.178493318229553
1b4h, RMSD:2.5706786065165224, E:30.016162842786546
1c85, RMSD:0.9194299945084613, E:25.37359442198822
1ajx, RMSD:1.6654404239015124, E:79.4005341206715
1c5u, RMSD:0.9506394368107675, E:51.04292203890268
1c29, RMSD:1.7894776277319138, E:12.7835198358314
1cmp, RMSD:0.06802769975286274, E:40.112887692289014
1f2p, RMSD:1.3193555109114934, E:17.396296326498696
1dif, RMSD:4.2036130378866705, E:82.6664479559659
1ec1, RMSD:5.313599675854364, E:133.1036716713894
1f5f, RMSD:0.11099229305078427, E:63.78365190365717
1c1v, RMSD:1.5777210852216235, E:119.39857181448035
1aaq, RMSD:3.316068816229343, E:46.260154915042214
1dds, RMSD:1.9799657100477648, E:53.94104905053679
1ah3, RMSD:1.9019053129018602, E:52.93790808580315
1fcy, RMSD:2.738170952637254, E:69.18081945257953
1b3d, RMSD:2.513183333388935, E:41.91631695183587
1d4p, RMSD:1.6280706415961095, E:86.25507654257581
1bfv, RMSD:2.2631125883451695, E:83.2643358998947
1epo, RMSD:5.046036153164885, E:66.95409416390152
1ent, RMSD:5.424943047994116, E:70.5928148171086
1el3, RMSD:1.648038875611383, E:51.9671500589317
1ebz, RMSD:4.56890288119007, E:80.57393671226698
1b5h, RMSD:2.7266545744714654, E:26.91454606577711
1epp, RMSD:4.249421174562582, E:53.68455599967295
1f0u, RMSD:2.5686906742483657, E:62.27954290578597
1a8g, RMSD:6.068512939285824, E:86.19695993180058
1c70, RMSD:4.728202973645944, E:134.3831459923265
1dwd, RMSD:1.9230118567269305, E:62.18211534472068
1d4j, RMSD:4.156585208988113, E:88.36876739725577
1bma, RMSD:1.9675049758755683, E:67.07800826692532
1b3h, RMSD:2.4244225801364414, E:36.39645573579219
1drb, RMSD:2.927968860956648, E:52.71257086882681
1apu, RMSD:1.7289067119857195, E:33.32724474889028
1dib, RMSD:1.578372118710468, E:74.68953669780034
1ciz, RMSD:3.678098875663125, E:92.64043148396547
1aj6, RMSD:3.4460850411846637, E:97.03856298984238
1csh, RMSD:4.257737858736713, E:92.48632143275097
1b6h, RMSD:2.226410254677714, E:26.026450656191646
1ex8, RMSD:5.5433597650013535, E:93.846616926025
1elr, RMSD:5.206912919870544, E:34.606540254475185
1drh, RMSD:4.924745206550881, E:104.10011683624262
1dds, RMSD:3.513558332876458, E:53.36847239126499
1bwb, RMSD:5.211992400630926, E:187.66884695186104
1b6l, RMSD:1.5117417077977282, E:72.02284818085364
1bmn, RMSD:2.185016856534338, E:62.10130298678182
1fby, RMSD:0.970844104830498, E:50.54815157580676
1eb2, RMSD:2.3750277370760067, E:71.70503619188011
1dhf, RMSD:2.2665005004092205, E:48.605668907169836
1a08, RMSD:4.897456940703427, E:35.244830846918006
1a30, RMSD:1.8588112631041176, E:22.77197148276314
1b5i, RMSD:2.749909960295331, E:25.537163343205492
1eed, RMSD:3.292199767168116, E:59.526828179321264
1d4k, RMSD:3.3613600061472915, E:95.74841822621799
1dhf, RMSD:2.117417585563288, E:47.43796691093891
1b6p, RMSD:3.5321531893274787, E:73.11074812727666
1b6k, RMSD:3.7188021457108986, E:90.19938388269273
1df7, RMSD:1.860110930091655, E:53.465691961639465
1bxo, RMSD:3.766062174658571, E:47.33043322237992
1bhf, RMSD:4.17960531943872, E:42.82968569452227
1a4w, RMSD:4.23212122403178, E:105.89959795420357
1csi, RMSD:5.198552954433128, E:93.19523286735222
1ebw, RMSD:4.518835062351169, E:67.13577487115978
1a9m, RMSD:4.8645702611781445, E:46.57415649146108
1c4v, RMSD:2.9663845806411904, E:100.99769668794642
1e4x, RMSD:4.692880171504946, E:87.51634660881345
1aq7, RMSD:5.490168572233203, E:64.0313702471051
1e4x, RMSD:4.567329522105675, E:89.31976652418234
1a7x, RMSD:3.4405775817335735, E:135.0123608488006
1elw, RMSD:6.368962693011594, E:56.305301744067044
1a94, RMSD:6.444252375880105, E:61.95953150236452
1elw, RMSD:5.406876881809872, E:57.66500369612175
1a94, RMSD:7.0942703924609685, E:61.95953150236452
1awi, RMSD:7.2257516178406656, E:128.51628827574874
1bkf, RMSD:3.0250772590963098, E:118.25100721211578
1bai, RMSD:6.837523835624319, E:62.412558305286765
1bmb, RMSD:4.959816662096431, E:88.10731169157252
1fap, RMSD:3.919293116254834, E:116.87329748427787
1awf, RMSD:7.6824671320407445, E:88.3920028761149
1c9h, RMSD:3.9998478457897453, E:116.87329748427787
[protein_root] [ligand_root] [0|1, rm_ccd or not]
Multiple ligands found for 1apz: ['data/proto_train/ligand/1apz_ASP_D_552_ligand_refined.sdf', 'data/proto_train/ligand/1apz_ASP_B_551_ligand_refined.sdf']
Multiple ligands found for 1cqe: ['data/proto_train/ligand/1cqe_FLP_B_2650_ligand_refined.sdf', 'data/proto_train/ligand/1cqe_FLP_A_1650_ligand_refined.sdf']
Multiple ligands found for 1c0i: ['data/proto_train/ligand/1c0i_BE2_A_1365_ligand_refined.sdf', 'data/proto_train/ligand/1c0i_BE2_A_1364_ligand_refined.sdf']
Multiple ligands found for 1a99: ['data/proto_train/ligand/1a99_PUT_D_371_ligand_refined.sdf', 'data/proto_train/ligand/1a99_PUT_A_371_ligand_refined.sdf', 'data/proto_train/ligand/1a99_PUT_B_371_ligand_refined.sdf', 'data/proto_train/ligand/1a99_PUT_C_371_ligand_refined.sdf']
Multiple ligands found for 1a0t: ['data/proto_train/ligand/1a0t_GLC-FRU_D_1-2_ligand_refined.sdf', 'data/proto_train/ligand/1a0t_GLC-FRU_E_1-2_ligand_refined.sdf', 'data/proto_train/ligand/1a0t_GLC-FRU_F_1-2_ligand_refined.sdf', 'data/proto_train/ligand/1a0t_GLC-FRU_B_1-2_ligand_refined.sdf', 'data/proto_train/ligand/1a0t_GLC-FRU_C_1-2_ligand_refined.sdf', 'data/proto_train/ligand/1a0t_GLC-FRU_A_1-2_ligand_refined.sdf']
Multiple ligands found for 1bto: ['data/proto_train/ligand/1bto_SSB_A_378_ligand_refined.sdf', 'data/proto_train/ligand/1bto_SSB_B_378_ligand_refined.sdf', 'data/proto_train/ligand/1bto_SSB_C_378_ligand_refined.sdf', 'data/proto_train/ligand/1bto_SSB_D_378_ligand_refined.sdf']
Multiple ligands found for 1a69: ['data/proto_train/ligand/1a69_FMB_B_240_ligand_refined.sdf', 'data/proto_train/ligand/1a69_FMB_C_240_ligand_refined.sdf', 'data/proto_train/ligand/1a69_FMB_A_240_ligand_refined.sdf']
Multiple ligands found for 1afl: ['data/proto_train/ligand/1afl_ATR_A_125_ligand_refined.sdf', 'data/proto_train/ligand/1afl_ATR_B_125_ligand_refined.sdf']
Multiple ligands found for 1e7w: ['data/proto_train/ligand/1e7w_MTX_A_301_ligand_refined.sdf', 'data/proto_train/ligand/1e7w_MTX_B_301_ligand_refined.sdf']
Multiple ligands found for 1a4g: ['data/proto_train/ligand/1a4g_ZMR_A_466_ligand_refined.sdf', 'data/proto_train/ligand/1a4g_ZMR_B_466_ligand_refined.sdf']
Multiple ligands found for 1d1w: ['data/proto_train/ligand/1d1w_ATQ_A_805_ligand_refined.sdf', 'data/proto_train/ligand/1d1w_ATQ_B_801_ligand_refined.sdf']
Multiple ligands found for 1d8a: ['data/proto_train/ligand/1d8a_TCL_B_504_ligand_refined.sdf', 'data/proto_train/ligand/1d8a_TCL_A_502_ligand_refined.sdf']
Multiple ligands found for 1dhi: ['data/proto_train/ligand/1dhi_MTX_A_161_ligand_refined.sdf', 'data/proto_train/ligand/1dhi_MTX_B_361_ligand_refined.sdf']
Multiple ligands found for 1ct8: ['data/proto_train/ligand/1ct8_TAA_B_550_ligand_refined.sdf', 'data/proto_train/ligand/1ct8_TAA_D_551_ligand_refined.sdf']
Multiple ligands found for 1d09: ['data/proto_train/ligand/1d09_PAL_C_1312_ligand_refined.sdf', 'data/proto_train/ligand/1d09_PAL_A_1311_ligand_refined.sdf']
Multiple ligands found for 1a4k: ['data/proto_train/ligand/1a4k_FRA_H_3083_ligand_refined.sdf', 'data/proto_train/ligand/1a4k_FRA_B_3083_ligand_refined.sdf']
Multiple ligands found for 1a28: ['data/proto_train/ligand/1a28_STR_B_2_ligand_refined.sdf', 'data/proto_train/ligand/1a28_STR_A_1_ligand_refined.sdf']
Multiple ligands found for 1dds: ['data/proto_train/ligand/1dds_MTX_A_201_ligand_refined.sdf', 'data/proto_train/ligand/1dds_MTX_B_201_ligand_refined.sdf']
Multiple ligands found for 1a4m: ['data/proto_train/ligand/1a4m_PRH_D_1854_ligand_refined.sdf', 'data/proto_train/ligand/1a4m_PRH_C_1354_ligand_refined.sdf', 'data/proto_train/ligand/1a4m_PRH_A_354_ligand_refined.sdf', 'data/proto_train/ligand/1a4m_PRH_B_854_ligand_refined.sdf']
Multiple ligands found for 1d2e: ['data/proto_train/ligand/1d2e_GDP_D_1304_ligand_refined.sdf', 'data/proto_train/ligand/1d2e_GDP_B_1302_ligand_refined.sdf', 'data/proto_train/ligand/1d2e_GDP_C_1303_ligand_refined.sdf', 'data/proto_train/ligand/1d2e_GDP_A_1301_ligand_refined.sdf']
Multiple ligands found for 10gs: ['data/proto_train/ligand/10gs_VWW_B_210_ligand_refined.sdf', 'data/proto_train/ligand/10gs_VWW_A_210_ligand_refined.sdf']
Multiple ligands found for 1bcj: ['data/proto_train/ligand/1bcj_NGA_2_1_ligand_refined.sdf', 'data/proto_train/ligand/1bcj_NGA_3_1_ligand_refined.sdf', 'data/proto_train/ligand/1bcj_NGA_1_1_ligand_refined.sdf']
Multiple ligands found for 1ere: ['data/proto_train/ligand/1ere_EST_A_600_ligand_refined.sdf', 'data/proto_train/ligand/1ere_EST_B_600_ligand_refined.sdf', 'data/proto_train/ligand/1ere_EST_C_600_ligand_refined.sdf', 'data/proto_train/ligand/1ere_EST_F_600_ligand_refined.sdf', 'data/proto_train/ligand/1ere_EST_D_600_ligand_refined.sdf', 'data/proto_train/ligand/1ere_EST_E_600_ligand_refined.sdf']
Multiple ligands found for 1e2p: ['data/proto_train/ligand/1e2p_CCV_B_500_ligand_refined.sdf', 'data/proto_train/ligand/1e2p_CCV_A_500_ligand_refined.sdf']
Multiple ligands found for 1dzm: ['data/proto_train/ligand/1dzm_BZM_B_600_ligand_refined.sdf', 'data/proto_train/ligand/1dzm_BZM_A_600_ligand_refined.sdf']
Multiple ligands found for 1chm: ['data/proto_train/ligand/1chm_CMS_B_404_ligand_refined.sdf', 'data/proto_train/ligand/1chm_CMS_A_404_ligand_refined.sdf']
Multiple ligands found for 1d0o: ['data/proto_train/ligand/1d0o_INE_B_765_ligand_refined.sdf', 'data/proto_train/ligand/1d0o_INE_A_760_ligand_refined.sdf', 'data/proto_train/ligand/1d0o_INE_B_761_ligand_refined.sdf', 'data/proto_train/ligand/1d0o_INE_A_766_ligand_refined.sdf']
Multiple ligands found for 1el5: ['data/proto_train/ligand/1el5_DMG_A_801_ligand_refined.sdf', 'data/proto_train/ligand/1el5_DMG_B_811_ligand_refined.sdf']
Multiple ligands found for 1af6: ['data/proto_train/ligand/1af6_GLC-FRU_F_1-2_ligand_refined.sdf', 'data/proto_train/ligand/1af6_GLC-FRU_E_1-2_ligand_refined.sdf', 'data/proto_train/ligand/1af6_GLC-FRU_D_1-2_ligand_refined.sdf']
Multiple ligands found for 1bwn: ['data/proto_train/ligand/1bwn_4IP_B_172_ligand_refined.sdf', 'data/proto_train/ligand/1bwn_4IP_A_1_ligand_refined.sdf', 'data/proto_train/ligand/1bwn_4IP_A_172_ligand_refined.sdf', 'data/proto_train/ligand/1bwn_4IP_B_1_ligand_refined.sdf']
Multiple ligands found for 1f3f: ['data/proto_train/ligand/1f3f_D4T_C_164_ligand_refined.sdf', 'data/proto_train/ligand/1f3f_D4T_B_161_ligand_refined.sdf', 'data/proto_train/ligand/1f3f_D4T_A_160_ligand_refined.sdf']
Multiple ligands found for 1fby: ['data/proto_train/ligand/1fby_9CR_A_500_ligand_refined.sdf', 'data/proto_train/ligand/1fby_9CR_B_1500_ligand_refined.sdf']
Multiple ligands found for 1efi: ['data/proto_train/ligand/1efi_GAT_H_108_ligand_refined.sdf', 'data/proto_train/ligand/1efi_GAT_E_105_ligand_refined.sdf', 'data/proto_train/ligand/1efi_GAT_G_107_ligand_refined.sdf', 'data/proto_train/ligand/1efi_GAT_D_104_ligand_refined.sdf', 'data/proto_train/ligand/1efi_GAT_F_106_ligand_refined.sdf']
Multiple ligands found for 1d0o: ['data/proto_train/ligand/1d0o_INE_B_765_ligand_refined.sdf', 'data/proto_train/ligand/1d0o_INE_A_760_ligand_refined.sdf', 'data/proto_train/ligand/1d0o_INE_B_761_ligand_refined.sdf', 'data/proto_train/ligand/1d0o_INE_A_766_ligand_refined.sdf']
Multiple ligands found for 1dzm: ['data/proto_train/ligand/1dzm_BZM_B_600_ligand_refined.sdf', 'data/proto_train/ligand/1dzm_BZM_A_600_ligand_refined.sdf']
Multiple ligands found for 1egh: ['data/proto_train/ligand/1egh_PGA_B_211_ligand_refined.sdf', 'data/proto_train/ligand/1egh_PGA_E_241_ligand_refined.sdf', 'data/proto_train/ligand/1egh_PGA_D_231_ligand_refined.sdf', 'data/proto_train/ligand/1egh_PGA_C_221_ligand_refined.sdf', 'data/proto_train/ligand/1egh_PGA_F_251_ligand_refined.sdf', 'data/proto_train/ligand/1egh_PGA_A_201_ligand_refined.sdf']
Multiple ligands found for 1f7k: ['data/proto_train/ligand/1f7k_UMP_A_704_ligand_refined.sdf', 'data/proto_train/ligand/1f7k_UMP_B_703_ligand_refined.sdf']
Multiple ligands found for 1e7b: ['data/proto_train/ligand/1e7b_HLT_A_4001_ligand_refined.sdf', 'data/proto_train/ligand/1e7b_HLT_B_4001_ligand_refined.sdf']
Multiple ligands found for 1dqx: ['data/proto_train/ligand/1dqx_BMP_C_603_ligand_refined.sdf', 'data/proto_train/ligand/1dqx_BMP_A_601_ligand_refined.sdf', 'data/proto_train/ligand/1dqx_BMP_B_602_ligand_refined.sdf', 'data/proto_train/ligand/1dqx_BMP_D_604_ligand_refined.sdf']
Multiple ligands found for 1ceb: ['data/proto_train/ligand/1ceb_AMH_A_90_ligand_refined.sdf', 'data/proto_train/ligand/1ceb_AMH_B_90_ligand_refined.sdf']
Multiple ligands found for 1afk: ['data/proto_train/ligand/1afk_PAP_A_125_ligand_refined.sdf', 'data/proto_train/ligand/1afk_PAP_B_125_ligand_refined.sdf']
Multiple ligands found for 1ed4: ['data/proto_train/ligand/1ed4_IPU_A_1830_ligand_refined.sdf', 'data/proto_train/ligand/1ed4_IPU_B_1840_ligand_refined.sdf', 'data/proto_train/ligand/1ed4_IPU_B_2830_ligand_refined.sdf', 'data/proto_train/ligand/1ed4_IPU_A_2840_ligand_refined.sdf']
Multiple ligands found for 1djx: ['data/proto_train/ligand/1djx_I3P_A_1_ligand_refined.sdf', 'data/proto_train/ligand/1djx_I3P_B_1_ligand_refined.sdf']
Multiple ligands found for 1e2k: ['data/proto_train/ligand/1e2k_TMC_A_500_ligand_refined.sdf', 'data/proto_train/ligand/1e2k_TMC_B_500_ligand_refined.sdf']
Multiple ligands found for 1f4f: ['data/proto_train/ligand/1f4f_TP3_A_701_ligand_refined.sdf', 'data/proto_train/ligand/1f4f_TP3_B_702_ligand_refined.sdf']
Multiple ligands found for 1a94: ['data/proto_train/ligand/1a94_0Q4_E_100_ligand_refined.sdf', 'data/proto_train/ligand/1a94_0Q4_A_100_ligand_refined.sdf']
Multiple ligands found for 1atl: ['data/proto_train/ligand/1atl_0QI_B_311_ligand_refined.sdf', 'data/proto_train/ligand/1atl_0QI_A_301_ligand_refined.sdf']
Multiple ligands found for 1e4x: ['data/proto_train/ligand/1e4x_VAL-ASP_P_1-7_ligand_refined.sdf', 'data/proto_train/ligand/1e4x_VAL-ASP_Q_1-7_ligand_refined.sdf']
Multiple ligands found for 1e8g: ['data/proto_train/ligand/1e8g_FAD_A_600_ligand_refined.sdf', 'data/proto_train/ligand/1e8g_FAD_B_600_ligand_refined.sdf']
Multiple ligands found for 1e2p: ['data/proto_train/ligand/1e2p_CCV_B_500_ligand_refined.sdf', 'data/proto_train/ligand/1e2p_CCV_A_500_ligand_refined.sdf']
Multiple ligands found for 1a4g: ['data/proto_train/ligand/1a4g_ZMR_A_466_ligand_refined.sdf', 'data/proto_train/ligand/1a4g_ZMR_B_466_ligand_refined.sdf']
Multiple ligands found for 1f28: ['data/proto_train/ligand/1f28_F89_A_401_ligand_refined.sdf', 'data/proto_train/ligand/1f28_F89_C_403_ligand_refined.sdf', 'data/proto_train/ligand/1f28_F89_D_404_ligand_refined.sdf', 'data/proto_train/ligand/1f28_F89_B_402_ligand_refined.sdf']
Multiple ligands found for 1bl4: ['data/proto_train/ligand/1bl4_AP1_B_109_ligand_refined.sdf', 'data/proto_train/ligand/1bl4_AP1_A_108_ligand_refined.sdf']
Multiple ligands found for 1bap: ['data/proto_train/ligand/1bap_ARA_A_307_ligand_refined.sdf', 'data/proto_train/ligand/1bap_ARB_A_308_ligand_refined.sdf']
Multiple ligands found for 1apb: ['data/proto_train/ligand/1apb_FCA_A_307_ligand_refined.sdf', 'data/proto_train/ligand/1apb_FCB_A_308_ligand_refined.sdf']
Multiple ligands found for 1ado: ['data/proto_train/ligand/1ado_13P_B_1053_ligand_refined.sdf', 'data/proto_train/ligand/1ado_13P_A_1104_ligand_refined.sdf']
Multiple ligands found for 1d0o: ['data/proto_train/ligand/1d0o_INE_B_765_ligand_refined.sdf', 'data/proto_train/ligand/1d0o_INE_A_760_ligand_refined.sdf', 'data/proto_train/ligand/1d0o_INE_B_761_ligand_refined.sdf', 'data/proto_train/ligand/1d0o_INE_A_766_ligand_refined.sdf']
Multiple ligands found for 1ew8: ['data/proto_train/ligand/1ew8_PAE_B_556_ligand_refined.sdf', 'data/proto_train/ligand/1ew8_PAE_A_556_ligand_refined.sdf']
Multiple ligands found for 1apz: ['data/proto_train/ligand/1apz_ASP_D_552_ligand_refined.sdf', 'data/proto_train/ligand/1apz_ASP_B_551_ligand_refined.sdf']
Multiple ligands found for 1cgl: ['data/proto_train/ligand/1cgl_0ED_A_1_ligand_refined.sdf', 'data/proto_train/ligand/1cgl_0ED_B_1_ligand_refined.sdf']
Multiple ligands found for 1d7x: ['data/proto_train/ligand/1d7x_SPC_A_401_ligand_refined.sdf', 'data/proto_train/ligand/1d7x_SPC_B_901_ligand_refined.sdf']
Multiple ligands found for 1c7f: ['data/proto_train/ligand/1c7f_FMN_A_1149_ligand_refined.sdf', 'data/proto_train/ligand/1c7f_FMN_B_2149_ligand_refined.sdf']
Multiple ligands found for 1dqx: ['data/proto_train/ligand/1dqx_BMP_C_603_ligand_refined.sdf', 'data/proto_train/ligand/1dqx_BMP_A_601_ligand_refined.sdf', 'data/proto_train/ligand/1dqx_BMP_B_602_ligand_refined.sdf', 'data/proto_train/ligand/1dqx_BMP_D_604_ligand_refined.sdf']
Multiple ligands found for 1eqg: ['data/proto_train/ligand/1eqg_IBP_A_701_ligand_refined.sdf', 'data/proto_train/ligand/1eqg_IBP_B_1701_ligand_refined.sdf']
Multiple ligands found for 1f74: ['data/proto_train/ligand/1f74_NAY_C_951_ligand_refined.sdf', 'data/proto_train/ligand/1f74_NAY_A_950_ligand_refined.sdf']
Multiple ligands found for 1ew9: ['data/proto_train/ligand/1ew9_MMQ_A_559_ligand_refined.sdf', 'data/proto_train/ligand/1ew9_MMQ_B_559_ligand_refined.sdf']
Multiple ligands found for 1eli: ['data/proto_train/ligand/1eli_PYC_B_815_ligand_refined.sdf', 'data/proto_train/ligand/1eli_PYC_A_801_ligand_refined.sdf', 'data/proto_train/ligand/1eli_PYC_B_811_ligand_refined.sdf']
Multiple ligands found for 1f4g: ['data/proto_train/ligand/1f4g_TP4_A_601_ligand_refined.sdf', 'data/proto_train/ligand/1f4g_TP4_B_602_ligand_refined.sdf']
Multiple ligands found for 1elw: ['data/proto_train/ligand/1elw_GLY-ASP_C_5-12_ligand_refined.sdf', 'data/proto_train/ligand/1elw_GLY-ASP_D_5-12_ligand_refined.sdf']
Multiple ligands found for 1dqn: ['data/proto_train/ligand/1dqn_IMU_B_301_ligand_refined.sdf', 'data/proto_train/ligand/1dqn_IMU_A_300_ligand_refined.sdf']
Multiple ligands found for 1e5a: ['data/proto_train/ligand/1e5a_TBP_B_999_ligand_refined.sdf', 'data/proto_train/ligand/1e5a_TBP_A_999_ligand_refined.sdf']
Multiple ligands found for 1eli: ['data/proto_train/ligand/1eli_PYC_B_815_ligand_refined.sdf', 'data/proto_train/ligand/1eli_PYC_A_801_ligand_refined.sdf', 'data/proto_train/ligand/1eli_PYC_B_811_ligand_refined.sdf']
Multiple ligands found for 1bwn: ['data/proto_train/ligand/1bwn_4IP_B_172_ligand_refined.sdf', 'data/proto_train/ligand/1bwn_4IP_A_1_ligand_refined.sdf', 'data/proto_train/ligand/1bwn_4IP_A_172_ligand_refined.sdf', 'data/proto_train/ligand/1bwn_4IP_B_1_ligand_refined.sdf']
Multiple ligands found for 1abf: ['data/proto_train/ligand/1abf_FCB_A_308_ligand_refined.sdf', 'data/proto_train/ligand/1abf_FCA_A_307_ligand_refined.sdf']
Multiple ligands found for 1dqx: ['data/proto_train/ligand/1dqx_BMP_C_603_ligand_refined.sdf', 'data/proto_train/ligand/1dqx_BMP_A_601_ligand_refined.sdf', 'data/proto_train/ligand/1dqx_BMP_B_602_ligand_refined.sdf', 'data/proto_train/ligand/1dqx_BMP_D_604_ligand_refined.sdf']
Multiple ligands found for 1dvj: ['data/proto_train/ligand/1dvj_UP6_A_5001_ligand_refined.sdf', 'data/proto_train/ligand/1dvj_UP6_C_5003_ligand_refined.sdf', 'data/proto_train/ligand/1dvj_UP6_D_5004_ligand_refined.sdf', 'data/proto_train/ligand/1dvj_UP6_B_5002_ligand_refined.sdf']
Multiple ligands found for 1dub: ['data/proto_train/ligand/1dub_CAA_F_300_ligand_refined.sdf', 'data/proto_train/ligand/1dub_CAA_E_300_ligand_refined.sdf', 'data/proto_train/ligand/1dub_CAA_A_300_ligand_refined.sdf', 'data/proto_train/ligand/1dub_CAA_B_300_ligand_refined.sdf', 'data/proto_train/ligand/1dub_CAA_C_300_ligand_refined.sdf']
Multiple ligands found for 1dub: ['data/proto_train/ligand/1dub_CAA_F_300_ligand_refined.sdf', 'data/proto_train/ligand/1dub_CAA_E_300_ligand_refined.sdf', 'data/proto_train/ligand/1dub_CAA_A_300_ligand_refined.sdf', 'data/proto_train/ligand/1dub_CAA_B_300_ligand_refined.sdf', 'data/proto_train/ligand/1dub_CAA_C_300_ligand_refined.sdf']
Multiple ligands found for 1dhf: ['data/proto_train/ligand/1dhf_FOL_B_187_ligand_refined.sdf', 'data/proto_train/ligand/1dhf_FOL_A_187_ligand_refined.sdf']
Multiple ligands found for 1dqa: ['data/proto_train/ligand/1dqa_MAH_C_204_ligand_refined.sdf', 'data/proto_train/ligand/1dqa_MAH_A_201_ligand_refined.sdf', 'data/proto_train/ligand/1dqa_MAH_D_203_ligand_refined.sdf', 'data/proto_train/ligand/1dqa_MAH_B_202_ligand_refined.sdf']
Multiple ligands found for 1a52: ['data/proto_train/ligand/1a52_EST_B_2_ligand_refined.sdf', 'data/proto_train/ligand/1a52_EST_A_1_ligand_refined.sdf']
Multiple ligands found for 1c14: ['data/proto_train/ligand/1c14_TCL_A_502_ligand_refined.sdf', 'data/proto_train/ligand/1c14_TCL_B_1502_ligand_refined.sdf']
Multiple ligands found for 1atl: ['data/proto_train/ligand/1atl_0QI_B_311_ligand_refined.sdf', 'data/proto_train/ligand/1atl_0QI_A_301_ligand_refined.sdf']
Multiple ligands found for 1ag9: ['data/proto_train/ligand/1ag9_FMN_A_177_ligand_refined.sdf', 'data/proto_train/ligand/1ag9_FMN_B_177_ligand_refined.sdf']
Multiple ligands found for 1b55: ['data/proto_train/ligand/1b55_4IP_B_172_ligand_refined.sdf', 'data/proto_train/ligand/1b55_4IP_A_171_ligand_refined.sdf']
Multiple ligands found for 1a4r: ['data/proto_train/ligand/1a4r_GNH_B_400_ligand_refined.sdf', 'data/proto_train/ligand/1a4r_GDP_A_200_ligand_refined.sdf']
Multiple ligands found for 1e4x: ['data/proto_train/ligand/1e4x_VAL-ASP_P_1-7_ligand_refined.sdf', 'data/proto_train/ligand/1e4x_VAL-ASP_Q_1-7_ligand_refined.sdf']
Multiple ligands found for 1f4e: ['data/proto_train/ligand/1f4e_TPR_A_302_ligand_refined.sdf', 'data/proto_train/ligand/1f4e_TPR_A_301_ligand_refined.sdf']
Multiple ligands found for 1c0i: ['data/proto_train/ligand/1c0i_BE2_A_1365_ligand_refined.sdf', 'data/proto_train/ligand/1c0i_BE2_A_1364_ligand_refined.sdf']
Multiple ligands found for 1eei: ['data/proto_train/ligand/1eei_GAA_D_504_ligand_refined.sdf', 'data/proto_train/ligand/1eei_GAA_F_506_ligand_refined.sdf', 'data/proto_train/ligand/1eei_GAA_H_508_ligand_refined.sdf', 'data/proto_train/ligand/1eei_GAA_E_505_ligand_refined.sdf', 'data/proto_train/ligand/1eei_GAA_G_507_ligand_refined.sdf']
Multiple ligands found for 1drb: ['data/proto_train/ligand/1drb_MTX_A_161_ligand_refined.sdf', 'data/proto_train/ligand/1drb_MTX_B_361_ligand_refined.sdf']
Multiple ligands found for 1ew9: ['data/proto_train/ligand/1ew9_MMQ_A_559_ligand_refined.sdf', 'data/proto_train/ligand/1ew9_MMQ_B_559_ligand_refined.sdf']
Multiple ligands found for 1dq8: ['data/proto_train/ligand/1dq8_MAH_D_203_ligand_refined.sdf', 'data/proto_train/ligand/1dq8_MAH_A_200_ligand_refined.sdf', 'data/proto_train/ligand/1dq8_MAH_B_201_ligand_refined.sdf', 'data/proto_train/ligand/1dq8_MAH_D_202_ligand_refined.sdf']
Multiple ligands found for 1f4g: ['data/proto_train/ligand/1f4g_TP4_A_601_ligand_refined.sdf', 'data/proto_train/ligand/1f4g_TP4_B_602_ligand_refined.sdf']
Multiple ligands found for 1cjb: ['data/proto_train/ligand/1cjb_IRP_D_300_ligand_refined.sdf', 'data/proto_train/ligand/1cjb_IRP_C_300_ligand_refined.sdf', 'data/proto_train/ligand/1cjb_IRP_B_300_ligand_refined.sdf', 'data/proto_train/ligand/1cjb_IRP_A_300_ligand_refined.sdf']
Multiple ligands found for 1e00: ['data/proto_train/ligand/1e00_DHM_B_600_ligand_refined.sdf', 'data/proto_train/ligand/1e00_DHM_A_600_ligand_refined.sdf']
Multiple ligands found for 1ag9: ['data/proto_train/ligand/1ag9_FMN_A_177_ligand_refined.sdf', 'data/proto_train/ligand/1ag9_FMN_B_177_ligand_refined.sdf']
Multiple ligands found for 1chm: ['data/proto_train/ligand/1chm_CMS_B_404_ligand_refined.sdf', 'data/proto_train/ligand/1chm_CMS_A_404_ligand_refined.sdf']
Multiple ligands found for 1el9: ['data/proto_train/ligand/1el9_MTG_A_801_ligand_refined.sdf', 'data/proto_train/ligand/1el9_MTG_B_811_ligand_refined.sdf']
Multiple ligands found for 1d0c: ['data/proto_train/ligand/1d0c_INE_B_765_ligand_refined.sdf', 'data/proto_train/ligand/1d0c_INE_A_760_ligand_refined.sdf', 'data/proto_train/ligand/1d0c_INE_A_766_ligand_refined.sdf', 'data/proto_train/ligand/1d0c_INE_B_761_ligand_refined.sdf']
Multiple ligands found for 1ecq: ['data/proto_train/ligand/1ecq_DXG_C_501_ligand_refined.sdf', 'data/proto_train/ligand/1ecq_DXG_D_502_ligand_refined.sdf', 'data/proto_train/ligand/1ecq_DXG_A_499_ligand_refined.sdf', 'data/proto_train/ligand/1ecq_DXG_B_500_ligand_refined.sdf']
Multiple ligands found for 1ef3: ['data/proto_train/ligand/1ef3_FID_B_350_ligand_refined.sdf', 'data/proto_train/ligand/1ef3_FID_A_340_ligand_refined.sdf']
Multiple ligands found for 1ere: ['data/proto_train/ligand/1ere_EST_A_600_ligand_refined.sdf', 'data/proto_train/ligand/1ere_EST_B_600_ligand_refined.sdf', 'data/proto_train/ligand/1ere_EST_C_600_ligand_refined.sdf', 'data/proto_train/ligand/1ere_EST_F_600_ligand_refined.sdf', 'data/proto_train/ligand/1ere_EST_D_600_ligand_refined.sdf', 'data/proto_train/ligand/1ere_EST_E_600_ligand_refined.sdf']
Multiple ligands found for 1a1e: ['data/proto_train/ligand/1a1e_ACE-DIY_C_100-103_ligand_refined.sdf', 'data/proto_train/ligand/1a1e_ACE-DIY_D_100-103_ligand_refined.sdf']
Multiple ligands found for 1e9h: ['data/proto_train/ligand/1e9h_INR_C_1298_ligand_refined.sdf', 'data/proto_train/ligand/1e9h_INR_A_1298_ligand_refined.sdf']
Multiple ligands found for 1a69: ['data/proto_train/ligand/1a69_FMB_B_240_ligand_refined.sdf', 'data/proto_train/ligand/1a69_FMB_C_240_ligand_refined.sdf', 'data/proto_train/ligand/1a69_FMB_A_240_ligand_refined.sdf']
Multiple ligands found for 1dmy: ['data/proto_train/ligand/1dmy_AZM_B_900_ligand_refined.sdf', 'data/proto_train/ligand/1dmy_AZM_A_400_ligand_refined.sdf']
Multiple ligands found for 1d0c: ['data/proto_train/ligand/1d0c_INE_B_765_ligand_refined.sdf', 'data/proto_train/ligand/1d0c_INE_A_760_ligand_refined.sdf', 'data/proto_train/ligand/1d0c_INE_A_766_ligand_refined.sdf', 'data/proto_train/ligand/1d0c_INE_B_761_ligand_refined.sdf']
Multiple ligands found for 1d2e: ['data/proto_train/ligand/1d2e_GDP_D_1304_ligand_refined.sdf', 'data/proto_train/ligand/1d2e_GDP_B_1302_ligand_refined.sdf', 'data/proto_train/ligand/1d2e_GDP_C_1303_ligand_refined.sdf', 'data/proto_train/ligand/1d2e_GDP_A_1301_ligand_refined.sdf']
Multiple ligands found for 1eix: ['data/proto_train/ligand/1eix_BMQ_A_1301_ligand_refined.sdf', 'data/proto_train/ligand/1eix_BMQ_B_1302_ligand_refined.sdf', 'data/proto_train/ligand/1eix_BMQ_D_1304_ligand_refined.sdf', 'data/proto_train/ligand/1eix_BMQ_C_1303_ligand_refined.sdf']
Multiple ligands found for 1a7c: ['data/proto_train/ligand/1a7c_ACE-NH2_C_910-916_ligand_refined.sdf', 'data/proto_train/ligand/1a7c_ACE-NH2_B_900-906_ligand_refined.sdf']
Multiple ligands found for 1a1b: ['data/proto_train/ligand/1a1b_ACE-DIP_C_100-103_ligand_refined.sdf', 'data/proto_train/ligand/1a1b_ACE-DIP_D_100-103_ligand_refined.sdf']
Multiple ligands found for 1e2l: ['data/proto_train/ligand/1e2l_TMC_B_500_ligand_refined.sdf', 'data/proto_train/ligand/1e2l_TMC_A_500_ligand_refined.sdf']
Multiple ligands found for 13gs: ['data/proto_train/ligand/13gs_SAS_A_211_ligand_refined.sdf', 'data/proto_train/ligand/13gs_SAS_B_211_ligand_refined.sdf']
Multiple ligands found for 1bwn: ['data/proto_train/ligand/1bwn_4IP_B_172_ligand_refined.sdf', 'data/proto_train/ligand/1bwn_4IP_A_1_ligand_refined.sdf', 'data/proto_train/ligand/1bwn_4IP_A_172_ligand_refined.sdf', 'data/proto_train/ligand/1bwn_4IP_B_1_ligand_refined.sdf']
Multiple ligands found for 1ccw: ['data/proto_train/ligand/1ccw_TAR_B_900_ligand_refined.sdf', 'data/proto_train/ligand/1ccw_TAR_D_900_ligand_refined.sdf']
Multiple ligands found for 1ebg: ['data/proto_train/ligand/1ebg_PAH_B_440_ligand_refined.sdf', 'data/proto_train/ligand/1ebg_PAH_A_440_ligand_refined.sdf']
Multiple ligands found for 1e2k: ['data/proto_train/ligand/1e2k_TMC_A_500_ligand_refined.sdf', 'data/proto_train/ligand/1e2k_TMC_B_500_ligand_refined.sdf']
Multiple ligands found for 1c7e: ['data/proto_train/ligand/1c7e_FMN_B_2149_ligand_refined.sdf', 'data/proto_train/ligand/1c7e_FMN_A_1149_ligand_refined.sdf']
Multiple ligands found for 1d1w: ['data/proto_train/ligand/1d1w_ATQ_A_805_ligand_refined.sdf', 'data/proto_train/ligand/1d1w_ATQ_B_801_ligand_refined.sdf']
Multiple ligands found for 1a4q: ['data/proto_train/ligand/1a4q_DPC_B_466_ligand_refined.sdf', 'data/proto_train/ligand/1a4q_DPC_A_466_ligand_refined.sdf']
Multiple ligands found for 1e06: ['data/proto_train/ligand/1e06_IPB_A_600_ligand_refined.sdf', 'data/proto_train/ligand/1e06_IPB_B_600_ligand_refined.sdf']
Multiple ligands found for 1a4m: ['data/proto_train/ligand/1a4m_PRH_D_1854_ligand_refined.sdf', 'data/proto_train/ligand/1a4m_PRH_C_1354_ligand_refined.sdf', 'data/proto_train/ligand/1a4m_PRH_A_354_ligand_refined.sdf', 'data/proto_train/ligand/1a4m_PRH_B_854_ligand_refined.sdf']
Multiple ligands found for 1e7b: ['data/proto_train/ligand/1e7b_HLT_A_4001_ligand_refined.sdf', 'data/proto_train/ligand/1e7b_HLT_B_4001_ligand_refined.sdf']
Multiple ligands found for 1bto: ['data/proto_train/ligand/1bto_SSB_A_378_ligand_refined.sdf', 'data/proto_train/ligand/1bto_SSB_B_378_ligand_refined.sdf', 'data/proto_train/ligand/1bto_SSB_C_378_ligand_refined.sdf', 'data/proto_train/ligand/1bto_SSB_D_378_ligand_refined.sdf']
Multiple ligands found for 1c8l: ['data/proto_train/ligand/1c8l_CFF_A_940_ligand_refined.sdf', 'data/proto_train/ligand/1c8l_BIN_A_930_ligand_refined.sdf']
Multiple ligands found for 1duv: ['data/proto_train/ligand/1duv_PSQ_G_401_ligand_refined.sdf', 'data/proto_train/ligand/1duv_PSQ_H_402_ligand_refined.sdf', 'data/proto_train/ligand/1duv_PSQ_I_403_ligand_refined.sdf']
Multiple ligands found for 1dhi: ['data/proto_train/ligand/1dhi_MTX_A_161_ligand_refined.sdf', 'data/proto_train/ligand/1dhi_MTX_B_361_ligand_refined.sdf']
Multiple ligands found for 1dth: ['data/proto_train/ligand/1dth_BAT_B_973_ligand_refined.sdf', 'data/proto_train/ligand/1dth_BAT_A_972_ligand_refined.sdf']
Multiple ligands found for 1ed5: ['data/proto_train/ligand/1ed5_NRG_B_2705_ligand_refined.sdf', 'data/proto_train/ligand/1ed5_NRG_A_1705_ligand_refined.sdf']
Multiple ligands found for 1dqn: ['data/proto_train/ligand/1dqn_IMU_B_301_ligand_refined.sdf', 'data/proto_train/ligand/1dqn_IMU_A_300_ligand_refined.sdf']
Multiple ligands found for 1df1: ['data/proto_train/ligand/1df1_ITU_A_899_ligand_refined.sdf', 'data/proto_train/ligand/1df1_ITU_B_1899_ligand_refined.sdf']
Multiple ligands found for 1ddr: ['data/proto_train/ligand/1ddr_MTX_B_200_ligand_refined.sdf', 'data/proto_train/ligand/1ddr_MTX_A_200_ligand_refined.sdf']
Multiple ligands found for 1a28: ['data/proto_train/ligand/1a28_STR_B_2_ligand_refined.sdf', 'data/proto_train/ligand/1a28_STR_A_1_ligand_refined.sdf']
Multiple ligands found for 1ew8: ['data/proto_train/ligand/1ew8_PAE_B_556_ligand_refined.sdf', 'data/proto_train/ligand/1ew8_PAE_A_556_ligand_refined.sdf']
Multiple ligands found for 1a0t: ['data/proto_train/ligand/1a0t_GLC-FRU_D_1-2_ligand_refined.sdf', 'data/proto_train/ligand/1a0t_GLC-FRU_E_1-2_ligand_refined.sdf', 'data/proto_train/ligand/1a0t_GLC-FRU_F_1-2_ligand_refined.sdf', 'data/proto_train/ligand/1a0t_GLC-FRU_B_1-2_ligand_refined.sdf', 'data/proto_train/ligand/1a0t_GLC-FRU_C_1-2_ligand_refined.sdf', 'data/proto_train/ligand/1a0t_GLC-FRU_A_1-2_ligand_refined.sdf']
Multiple ligands found for 1cm0: ['data/proto_train/ligand/1cm0_COA_B_700_ligand_refined.sdf', 'data/proto_train/ligand/1cm0_COA_A_701_ligand_refined.sdf']
Multiple ligands found for 1a99: ['data/proto_train/ligand/1a99_PUT_D_371_ligand_refined.sdf', 'data/proto_train/ligand/1a99_PUT_A_371_ligand_refined.sdf', 'data/proto_train/ligand/1a99_PUT_B_371_ligand_refined.sdf', 'data/proto_train/ligand/1a99_PUT_C_371_ligand_refined.sdf']
Multiple ligands found for 1d7x: ['data/proto_train/ligand/1d7x_SPC_A_401_ligand_refined.sdf', 'data/proto_train/ligand/1d7x_SPC_B_901_ligand_refined.sdf']
Multiple ligands found for 1dq8: ['data/proto_train/ligand/1dq8_MAH_D_203_ligand_refined.sdf', 'data/proto_train/ligand/1dq8_MAH_A_200_ligand_refined.sdf', 'data/proto_train/ligand/1dq8_MAH_B_201_ligand_refined.sdf', 'data/proto_train/ligand/1dq8_MAH_D_202_ligand_refined.sdf']
Multiple ligands found for 1aoe: ['data/proto_train/ligand/1aoe_GW3_A_194_ligand_refined.sdf', 'data/proto_train/ligand/1aoe_GW3_B_194_ligand_refined.sdf']
Multiple ligands found for 1a94: ['data/proto_train/ligand/1a94_0Q4_E_100_ligand_refined.sdf', 'data/proto_train/ligand/1a94_0Q4_A_100_ligand_refined.sdf']
Multiple ligands found for 1ere: ['data/proto_train/ligand/1ere_EST_A_600_ligand_refined.sdf', 'data/proto_train/ligand/1ere_EST_B_600_ligand_refined.sdf', 'data/proto_train/ligand/1ere_EST_C_600_ligand_refined.sdf', 'data/proto_train/ligand/1ere_EST_F_600_ligand_refined.sdf', 'data/proto_train/ligand/1ere_EST_D_600_ligand_refined.sdf', 'data/proto_train/ligand/1ere_EST_E_600_ligand_refined.sdf']
Multiple ligands found for 1af6: ['data/proto_train/ligand/1af6_GLC-FRU_F_1-2_ligand_refined.sdf', 'data/proto_train/ligand/1af6_GLC-FRU_E_1-2_ligand_refined.sdf', 'data/proto_train/ligand/1af6_GLC-FRU_D_1-2_ligand_refined.sdf']
Multiple ligands found for 1bkj: ['data/proto_train/ligand/1bkj_FMN_B_241_ligand_refined.sdf', 'data/proto_train/ligand/1bkj_FMN_A_241_ligand_refined.sdf']
Multiple ligands found for 1bm7: ['data/proto_train/ligand/1bm7_FLF_A_501_ligand_refined.sdf', 'data/proto_train/ligand/1bm7_FLF_B_502_ligand_refined.sdf']
Multiple ligands found for 1aoe: ['data/proto_train/ligand/1aoe_GW3_A_194_ligand_refined.sdf', 'data/proto_train/ligand/1aoe_GW3_B_194_ligand_refined.sdf']
Multiple ligands found for 1bzy: ['data/proto_train/ligand/1bzy_IMU_D_300_ligand_refined.sdf', 'data/proto_train/ligand/1bzy_IMU_A_300_ligand_refined.sdf', 'data/proto_train/ligand/1bzy_IMU_B_300_ligand_refined.sdf', 'data/proto_train/ligand/1bzy_IMU_C_300_ligand_refined.sdf']
Multiple ligands found for 1a99: ['data/proto_train/ligand/1a99_PUT_D_371_ligand_refined.sdf', 'data/proto_train/ligand/1a99_PUT_A_371_ligand_refined.sdf', 'data/proto_train/ligand/1a99_PUT_B_371_ligand_refined.sdf', 'data/proto_train/ligand/1a99_PUT_C_371_ligand_refined.sdf']
Multiple ligands found for 1dra: ['data/proto_train/ligand/1dra_MTX_A_161_ligand_refined.sdf', 'data/proto_train/ligand/1dra_MTX_B_361_ligand_refined.sdf']
Multiple ligands found for 1f74: ['data/proto_train/ligand/1f74_NAY_C_951_ligand_refined.sdf', 'data/proto_train/ligand/1f74_NAY_A_950_ligand_refined.sdf']
Multiple ligands found for 1a4m: ['data/proto_train/ligand/1a4m_PRH_D_1854_ligand_refined.sdf', 'data/proto_train/ligand/1a4m_PRH_C_1354_ligand_refined.sdf', 'data/proto_train/ligand/1a4m_PRH_A_354_ligand_refined.sdf', 'data/proto_train/ligand/1a4m_PRH_B_854_ligand_refined.sdf']
Multiple ligands found for 1a1c: ['data/proto_train/ligand/1a1c_ACE-DIX_D_100-103_ligand_refined.sdf', 'data/proto_train/ligand/1a1c_ACE-DIX_C_100-103_ligand_refined.sdf']
Multiple ligands found for 1ed4: ['data/proto_train/ligand/1ed4_IPU_A_1830_ligand_refined.sdf', 'data/proto_train/ligand/1ed4_IPU_B_1840_ligand_refined.sdf', 'data/proto_train/ligand/1ed4_IPU_B_2830_ligand_refined.sdf', 'data/proto_train/ligand/1ed4_IPU_A_2840_ligand_refined.sdf']
Multiple ligands found for 1f73: ['data/proto_train/ligand/1f73_HMN_D_703_ligand_refined.sdf', 'data/proto_train/ligand/1f73_HMN_A_700_ligand_refined.sdf', 'data/proto_train/ligand/1f73_HMN_C_702_ligand_refined.sdf', 'data/proto_train/ligand/1f73_HMN_B_701_ligand_refined.sdf']
Multiple ligands found for 1e00: ['data/proto_train/ligand/1e00_DHM_B_600_ligand_refined.sdf', 'data/proto_train/ligand/1e00_DHM_A_600_ligand_refined.sdf']
Multiple ligands found for 1el9: ['data/proto_train/ligand/1el9_MTG_A_801_ligand_refined.sdf', 'data/proto_train/ligand/1el9_MTG_B_811_ligand_refined.sdf']
Multiple ligands found for 1e9h: ['data/proto_train/ligand/1e9h_INR_C_1298_ligand_refined.sdf', 'data/proto_train/ligand/1e9h_INR_A_1298_ligand_refined.sdf']
Multiple ligands found for 1ed4: ['data/proto_train/ligand/1ed4_IPU_A_1830_ligand_refined.sdf', 'data/proto_train/ligand/1ed4_IPU_B_1840_ligand_refined.sdf', 'data/proto_train/ligand/1ed4_IPU_B_2830_ligand_refined.sdf', 'data/proto_train/ligand/1ed4_IPU_A_2840_ligand_refined.sdf']
Multiple ligands found for 1d2e: ['data/proto_train/ligand/1d2e_GDP_D_1304_ligand_refined.sdf', 'data/proto_train/ligand/1d2e_GDP_B_1302_ligand_refined.sdf', 'data/proto_train/ligand/1d2e_GDP_C_1303_ligand_refined.sdf', 'data/proto_train/ligand/1d2e_GDP_A_1301_ligand_refined.sdf']
Multiple ligands found for 1bir: ['data/proto_train/ligand/1bir_2GP_B_107_ligand_refined.sdf', 'data/proto_train/ligand/1bir_2GP_A_106_ligand_refined.sdf']
Multiple ligands found for 1c3v: ['data/proto_train/ligand/1c3v_NDP_A_801_ligand_refined.sdf', 'data/proto_train/ligand/1c3v_NDP_B_1301_ligand_refined.sdf']
Multiple ligands found for 1egh: ['data/proto_train/ligand/1egh_PGA_B_211_ligand_refined.sdf', 'data/proto_train/ligand/1egh_PGA_E_241_ligand_refined.sdf', 'data/proto_train/ligand/1egh_PGA_D_231_ligand_refined.sdf', 'data/proto_train/ligand/1egh_PGA_C_221_ligand_refined.sdf', 'data/proto_train/ligand/1egh_PGA_F_251_ligand_refined.sdf', 'data/proto_train/ligand/1egh_PGA_A_201_ligand_refined.sdf']
Multiple ligands found for 1ere: ['data/proto_train/ligand/1ere_EST_A_600_ligand_refined.sdf', 'data/proto_train/ligand/1ere_EST_B_600_ligand_refined.sdf', 'data/proto_train/ligand/1ere_EST_C_600_ligand_refined.sdf', 'data/proto_train/ligand/1ere_EST_F_600_ligand_refined.sdf', 'data/proto_train/ligand/1ere_EST_D_600_ligand_refined.sdf', 'data/proto_train/ligand/1ere_EST_E_600_ligand_refined.sdf']
Multiple ligands found for 1f73: ['data/proto_train/ligand/1f73_HMN_D_703_ligand_refined.sdf', 'data/proto_train/ligand/1f73_HMN_A_700_ligand_refined.sdf', 'data/proto_train/ligand/1f73_HMN_C_702_ligand_refined.sdf', 'data/proto_train/ligand/1f73_HMN_B_701_ligand_refined.sdf']
Multiple ligands found for 1djx: ['data/proto_train/ligand/1djx_I3P_A_1_ligand_refined.sdf', 'data/proto_train/ligand/1djx_I3P_B_1_ligand_refined.sdf']
Multiple ligands found for 1c14: ['data/proto_train/ligand/1c14_TCL_A_502_ligand_refined.sdf', 'data/proto_train/ligand/1c14_TCL_B_1502_ligand_refined.sdf']
Multiple ligands found for 1egh: ['data/proto_train/ligand/1egh_PGA_B_211_ligand_refined.sdf', 'data/proto_train/ligand/1egh_PGA_E_241_ligand_refined.sdf', 'data/proto_train/ligand/1egh_PGA_D_231_ligand_refined.sdf', 'data/proto_train/ligand/1egh_PGA_C_221_ligand_refined.sdf', 'data/proto_train/ligand/1egh_PGA_F_251_ligand_refined.sdf', 'data/proto_train/ligand/1egh_PGA_A_201_ligand_refined.sdf']
Multiple ligands found for 1c7e: ['data/proto_train/ligand/1c7e_FMN_B_2149_ligand_refined.sdf', 'data/proto_train/ligand/1c7e_FMN_A_1149_ligand_refined.sdf']
Multiple ligands found for 1ado: ['data/proto_train/ligand/1ado_13P_B_1053_ligand_refined.sdf', 'data/proto_train/ligand/1ado_13P_A_1104_ligand_refined.sdf']
Multiple ligands found for 1bir: ['data/proto_train/ligand/1bir_2GP_B_107_ligand_refined.sdf', 'data/proto_train/ligand/1bir_2GP_A_106_ligand_refined.sdf']
Multiple ligands found for 1dqx: ['data/proto_train/ligand/1dqx_BMP_C_603_ligand_refined.sdf', 'data/proto_train/ligand/1dqx_BMP_A_601_ligand_refined.sdf', 'data/proto_train/ligand/1dqx_BMP_B_602_ligand_refined.sdf', 'data/proto_train/ligand/1dqx_BMP_D_604_ligand_refined.sdf']
Multiple ligands found for 1dds: ['data/proto_train/ligand/1dds_MTX_A_201_ligand_refined.sdf', 'data/proto_train/ligand/1dds_MTX_B_201_ligand_refined.sdf']
Multiple ligands found for 1d7j: ['data/proto_train/ligand/1d7j_BUQ_A_311_ligand_refined.sdf', 'data/proto_train/ligand/1d7j_BUQ_B_321_ligand_refined.sdf']
Multiple ligands found for 1df8: ['data/proto_train/ligand/1df8_BTN_B_202_ligand_refined.sdf', 'data/proto_train/ligand/1df8_BTN_A_201_ligand_refined.sdf']
Multiple ligands found for 10gs: ['data/proto_train/ligand/10gs_VWW_B_210_ligand_refined.sdf', 'data/proto_train/ligand/10gs_VWW_A_210_ligand_refined.sdf']
Multiple ligands found for 1cjb: ['data/proto_train/ligand/1cjb_IRP_D_300_ligand_refined.sdf', 'data/proto_train/ligand/1cjb_IRP_C_300_ligand_refined.sdf', 'data/proto_train/ligand/1cjb_IRP_B_300_ligand_refined.sdf', 'data/proto_train/ligand/1cjb_IRP_A_300_ligand_refined.sdf']
Multiple ligands found for 1a4q: ['data/proto_train/ligand/1a4q_DPC_B_466_ligand_refined.sdf', 'data/proto_train/ligand/1a4q_DPC_A_466_ligand_refined.sdf']
Multiple ligands found for 1eix: ['data/proto_train/ligand/1eix_BMQ_A_1301_ligand_refined.sdf', 'data/proto_train/ligand/1eix_BMQ_B_1302_ligand_refined.sdf', 'data/proto_train/ligand/1eix_BMQ_D_1304_ligand_refined.sdf', 'data/proto_train/ligand/1eix_BMQ_C_1303_ligand_refined.sdf']
Multiple ligands found for 1dbt: ['data/proto_train/ligand/1dbt_U5P_B_251_ligand_refined.sdf', 'data/proto_train/ligand/1dbt_U5P_C_252_ligand_refined.sdf', 'data/proto_train/ligand/1dbt_U5P_A_250_ligand_refined.sdf']
Multiple ligands found for 1elw: ['data/proto_train/ligand/1elw_GLY-ASP_C_5-12_ligand_refined.sdf', 'data/proto_train/ligand/1elw_GLY-ASP_D_5-12_ligand_refined.sdf']
Multiple ligands found for 1e02: ['data/proto_train/ligand/1e02_UNA_B_600_ligand_refined.sdf', 'data/proto_train/ligand/1e02_UNA_A_600_ligand_refined.sdf']
Multiple ligands found for 1efi: ['data/proto_train/ligand/1efi_GAT_H_108_ligand_refined.sdf', 'data/proto_train/ligand/1efi_GAT_E_105_ligand_refined.sdf', 'data/proto_train/ligand/1efi_GAT_G_107_ligand_refined.sdf', 'data/proto_train/ligand/1efi_GAT_D_104_ligand_refined.sdf', 'data/proto_train/ligand/1efi_GAT_F_106_ligand_refined.sdf']
Multiple ligands found for 1fch: ['data/proto_train/ligand/1fch_TYR-LEU_C_1-5_ligand_refined.sdf', 'data/proto_train/ligand/1fch_TYR-LEU_D_1-5_ligand_refined.sdf']
Multiple ligands found for 1ccw: ['data/proto_train/ligand/1ccw_TAR_B_900_ligand_refined.sdf', 'data/proto_train/ligand/1ccw_TAR_D_900_ligand_refined.sdf']
Multiple ligands found for 1dub: ['data/proto_train/ligand/1dub_CAA_F_300_ligand_refined.sdf', 'data/proto_train/ligand/1dub_CAA_E_300_ligand_refined.sdf', 'data/proto_train/ligand/1dub_CAA_A_300_ligand_refined.sdf', 'data/proto_train/ligand/1dub_CAA_B_300_ligand_refined.sdf', 'data/proto_train/ligand/1dub_CAA_C_300_ligand_refined.sdf']
Multiple ligands found for 1dq8: ['data/proto_train/ligand/1dq8_MAH_D_203_ligand_refined.sdf', 'data/proto_train/ligand/1dq8_MAH_A_200_ligand_refined.sdf', 'data/proto_train/ligand/1dq8_MAH_B_201_ligand_refined.sdf', 'data/proto_train/ligand/1dq8_MAH_D_202_ligand_refined.sdf']
Multiple ligands found for 1bcj: ['data/proto_train/ligand/1bcj_NGA_2_1_ligand_refined.sdf', 'data/proto_train/ligand/1bcj_NGA_3_1_ligand_refined.sdf', 'data/proto_train/ligand/1bcj_NGA_1_1_ligand_refined.sdf']
Multiple ligands found for 1c7f: ['data/proto_train/ligand/1c7f_FMN_A_1149_ligand_refined.sdf', 'data/proto_train/ligand/1c7f_FMN_B_2149_ligand_refined.sdf']
Multiple ligands found for 1bkj: ['data/proto_train/ligand/1bkj_FMN_B_241_ligand_refined.sdf', 'data/proto_train/ligand/1bkj_FMN_A_241_ligand_refined.sdf']
Multiple ligands found for 1a69: ['data/proto_train/ligand/1a69_FMB_B_240_ligand_refined.sdf', 'data/proto_train/ligand/1a69_FMB_C_240_ligand_refined.sdf', 'data/proto_train/ligand/1a69_FMB_A_240_ligand_refined.sdf']
Multiple ligands found for 1afl: ['data/proto_train/ligand/1afl_ATR_A_125_ligand_refined.sdf', 'data/proto_train/ligand/1afl_ATR_B_125_ligand_refined.sdf']
Multiple ligands found for 1e7w: ['data/proto_train/ligand/1e7w_MTX_A_301_ligand_refined.sdf', 'data/proto_train/ligand/1e7w_MTX_B_301_ligand_refined.sdf']
Multiple ligands found for 1eyj: ['data/proto_train/ligand/1eyj_AMP_A_341_ligand_refined.sdf', 'data/proto_train/ligand/1eyj_AMP_B_342_ligand_refined.sdf']
Multiple ligands found for 1cqp: ['data/proto_train/ligand/1cqp_803_A_311_ligand_refined.sdf', 'data/proto_train/ligand/1cqp_803_B_311_ligand_refined.sdf']
Multiple ligands found for 1duv: ['data/proto_train/ligand/1duv_PSQ_G_401_ligand_refined.sdf', 'data/proto_train/ligand/1duv_PSQ_H_402_ligand_refined.sdf', 'data/proto_train/ligand/1duv_PSQ_I_403_ligand_refined.sdf']
Multiple ligands found for 1bzy: ['data/proto_train/ligand/1bzy_IMU_D_300_ligand_refined.sdf', 'data/proto_train/ligand/1bzy_IMU_A_300_ligand_refined.sdf', 'data/proto_train/ligand/1bzy_IMU_B_300_ligand_refined.sdf', 'data/proto_train/ligand/1bzy_IMU_C_300_ligand_refined.sdf']
Multiple ligands found for 1a4k: ['data/proto_train/ligand/1a4k_FRA_H_3083_ligand_refined.sdf', 'data/proto_train/ligand/1a4k_FRA_B_3083_ligand_refined.sdf']
Multiple ligands found for 1e3v: ['data/proto_train/ligand/1e3v_DXC_B_801_ligand_refined.sdf', 'data/proto_train/ligand/1e3v_DXC_A_801_ligand_refined.sdf']
Multiple ligands found for 1df8: ['data/proto_train/ligand/1df8_BTN_B_202_ligand_refined.sdf', 'data/proto_train/ligand/1df8_BTN_A_201_ligand_refined.sdf']
Multiple ligands found for 1dog: ['data/proto_train/ligand/1dog_NOJ_A_496_ligand_refined.sdf', 'data/proto_train/ligand/1dog_NOJ_A_495_ligand_refined.sdf']
Multiple ligands found for 1e5a: ['data/proto_train/ligand/1e5a_TBP_B_999_ligand_refined.sdf', 'data/proto_train/ligand/1e5a_TBP_A_999_ligand_refined.sdf']
Multiple ligands found for 1e2n: ['data/proto_train/ligand/1e2n_RCA_B_500_ligand_refined.sdf', 'data/proto_train/ligand/1e2n_RCA_A_500_ligand_refined.sdf']
Multiple ligands found for 1az1: ['data/proto_train/ligand/1az1_ALR_A_318_ligand_refined.sdf', 'data/proto_train/ligand/1az1_ALR_A_317_ligand_refined.sdf']
Multiple ligands found for 1dhj: ['data/proto_train/ligand/1dhj_MTX_A_161_ligand_refined.sdf', 'data/proto_train/ligand/1dhj_MTX_B_361_ligand_refined.sdf']
Multiple ligands found for 1cbr: ['data/proto_train/ligand/1cbr_REA_A_200_ligand_refined.sdf', 'data/proto_train/ligand/1cbr_REA_B_200_ligand_refined.sdf']
Multiple ligands found for 1ecq: ['data/proto_train/ligand/1ecq_DXG_C_501_ligand_refined.sdf', 'data/proto_train/ligand/1ecq_DXG_D_502_ligand_refined.sdf', 'data/proto_train/ligand/1ecq_DXG_A_499_ligand_refined.sdf', 'data/proto_train/ligand/1ecq_DXG_B_500_ligand_refined.sdf']
Multiple ligands found for 1df1: ['data/proto_train/ligand/1df1_ITU_A_899_ligand_refined.sdf', 'data/proto_train/ligand/1df1_ITU_B_1899_ligand_refined.sdf']
Multiple ligands found for 1f28: ['data/proto_train/ligand/1f28_F89_A_401_ligand_refined.sdf', 'data/proto_train/ligand/1f28_F89_C_403_ligand_refined.sdf', 'data/proto_train/ligand/1f28_F89_D_404_ligand_refined.sdf', 'data/proto_train/ligand/1f28_F89_B_402_ligand_refined.sdf']
Multiple ligands found for 1eqh: ['data/proto_train/ligand/1eqh_FLP_A_701_ligand_refined.sdf', 'data/proto_train/ligand/1eqh_FLP_B_1701_ligand_refined.sdf']
Multiple ligands found for 1dzp: ['data/proto_train/ligand/1dzp_BZQ_B_600_ligand_refined.sdf', 'data/proto_train/ligand/1dzp_BZQ_A_600_ligand_refined.sdf']
Multiple ligands found for 1a1b: ['data/proto_train/ligand/1a1b_ACE-DIP_C_100-103_ligand_refined.sdf', 'data/proto_train/ligand/1a1b_ACE-DIP_D_100-103_ligand_refined.sdf']
Multiple ligands found for 1e3k: ['data/proto_train/ligand/1e3k_R18_B_1000_ligand_refined.sdf', 'data/proto_train/ligand/1e3k_R18_A_1000_ligand_refined.sdf']
Multiple ligands found for 1abf: ['data/proto_train/ligand/1abf_FCB_A_308_ligand_refined.sdf', 'data/proto_train/ligand/1abf_FCA_A_307_ligand_refined.sdf']
Multiple ligands found for 1c2t: ['data/proto_train/ligand/1c2t_NHS_A_222_ligand_refined.sdf', 'data/proto_train/ligand/1c2t_NHS_B_220_ligand_refined.sdf']
Multiple ligands found for 1f3f: ['data/proto_train/ligand/1f3f_D4T_C_164_ligand_refined.sdf', 'data/proto_train/ligand/1f3f_D4T_B_161_ligand_refined.sdf', 'data/proto_train/ligand/1f3f_D4T_A_160_ligand_refined.sdf']
Multiple ligands found for 1doh: ['data/proto_train/ligand/1doh_NID_B_503_ligand_refined.sdf', 'data/proto_train/ligand/1doh_NID_A_502_ligand_refined.sdf']
Multiple ligands found for 1efi: ['data/proto_train/ligand/1efi_GAT_H_108_ligand_refined.sdf', 'data/proto_train/ligand/1efi_GAT_E_105_ligand_refined.sdf', 'data/proto_train/ligand/1efi_GAT_G_107_ligand_refined.sdf', 'data/proto_train/ligand/1efi_GAT_D_104_ligand_refined.sdf', 'data/proto_train/ligand/1efi_GAT_F_106_ligand_refined.sdf']
Multiple ligands found for 1fby: ['data/proto_train/ligand/1fby_9CR_A_500_ligand_refined.sdf', 'data/proto_train/ligand/1fby_9CR_B_1500_ligand_refined.sdf']
Multiple ligands found for 1duv: ['data/proto_train/ligand/1duv_PSQ_G_401_ligand_refined.sdf', 'data/proto_train/ligand/1duv_PSQ_H_402_ligand_refined.sdf', 'data/proto_train/ligand/1duv_PSQ_I_403_ligand_refined.sdf']
Multiple ligands found for 1a08: ['data/proto_train/ligand/1a08_ACE-DIP_D_100-103_ligand_refined.sdf', 'data/proto_train/ligand/1a08_ACE-DIP_C_100-103_ligand_refined.sdf']
Multiple ligands found for 1ere: ['data/proto_train/ligand/1ere_EST_A_600_ligand_refined.sdf', 'data/proto_train/ligand/1ere_EST_B_600_ligand_refined.sdf', 'data/proto_train/ligand/1ere_EST_C_600_ligand_refined.sdf', 'data/proto_train/ligand/1ere_EST_F_600_ligand_refined.sdf', 'data/proto_train/ligand/1ere_EST_D_600_ligand_refined.sdf', 'data/proto_train/ligand/1ere_EST_E_600_ligand_refined.sdf']
Multiple ligands found for 1apb: ['data/proto_train/ligand/1apb_FCA_A_307_ligand_refined.sdf', 'data/proto_train/ligand/1apb_FCB_A_308_ligand_refined.sdf']
Multiple ligands found for 1e3k: ['data/proto_train/ligand/1e3k_R18_B_1000_ligand_refined.sdf', 'data/proto_train/ligand/1e3k_R18_A_1000_ligand_refined.sdf']
Multiple ligands found for 1dog: ['data/proto_train/ligand/1dog_NOJ_A_496_ligand_refined.sdf', 'data/proto_train/ligand/1dog_NOJ_A_495_ligand_refined.sdf']
Multiple ligands found for 1ecm: ['data/proto_train/ligand/1ecm_TSA_A_500_ligand_refined.sdf', 'data/proto_train/ligand/1ecm_TSA_B_501_ligand_refined.sdf']
Multiple ligands found for 1eyk: ['data/proto_train/ligand/1eyk_AMP_A_341_ligand_refined.sdf', 'data/proto_train/ligand/1eyk_AMP_B_342_ligand_refined.sdf']
Multiple ligands found for 1d09: ['data/proto_train/ligand/1d09_PAL_C_1312_ligand_refined.sdf', 'data/proto_train/ligand/1d09_PAL_A_1311_ligand_refined.sdf']
Multiple ligands found for 1a08: ['data/proto_train/ligand/1a08_ACE-DIP_D_100-103_ligand_refined.sdf', 'data/proto_train/ligand/1a08_ACE-DIP_C_100-103_ligand_refined.sdf']
Multiple ligands found for 1e06: ['data/proto_train/ligand/1e06_IPB_A_600_ligand_refined.sdf', 'data/proto_train/ligand/1e06_IPB_B_600_ligand_refined.sdf']
Multiple ligands found for 1axz: ['data/proto_train/ligand/1axz_GLA_A_401_ligand_refined.sdf', 'data/proto_train/ligand/1axz_GAL_A_402_ligand_refined.sdf']
Multiple ligands found for 1a0t: ['data/proto_train/ligand/1a0t_GLC-FRU_D_1-2_ligand_refined.sdf', 'data/proto_train/ligand/1a0t_GLC-FRU_E_1-2_ligand_refined.sdf', 'data/proto_train/ligand/1a0t_GLC-FRU_F_1-2_ligand_refined.sdf', 'data/proto_train/ligand/1a0t_GLC-FRU_B_1-2_ligand_refined.sdf', 'data/proto_train/ligand/1a0t_GLC-FRU_C_1-2_ligand_refined.sdf', 'data/proto_train/ligand/1a0t_GLC-FRU_A_1-2_ligand_refined.sdf']
Multiple ligands found for 1f73: ['data/proto_train/ligand/1f73_HMN_D_703_ligand_refined.sdf', 'data/proto_train/ligand/1f73_HMN_A_700_ligand_refined.sdf', 'data/proto_train/ligand/1f73_HMN_C_702_ligand_refined.sdf', 'data/proto_train/ligand/1f73_HMN_B_701_ligand_refined.sdf']
Multiple ligands found for 1eqh: ['data/proto_train/ligand/1eqh_FLP_A_701_ligand_refined.sdf', 'data/proto_train/ligand/1eqh_FLP_B_1701_ligand_refined.sdf']
Multiple ligands found for 1el5: ['data/proto_train/ligand/1el5_DMG_A_801_ligand_refined.sdf', 'data/proto_train/ligand/1el5_DMG_B_811_ligand_refined.sdf']
Multiple ligands found for 1cb7: ['data/proto_train/ligand/1cb7_TAR_B_900_ligand_refined.sdf', 'data/proto_train/ligand/1cb7_TAR_D_900_ligand_refined.sdf']
Multiple ligands found for 1af6: ['data/proto_train/ligand/1af6_GLC-FRU_F_1-2_ligand_refined.sdf', 'data/proto_train/ligand/1af6_GLC-FRU_E_1-2_ligand_refined.sdf', 'data/proto_train/ligand/1af6_GLC-FRU_D_1-2_ligand_refined.sdf']
Multiple ligands found for 1ecm: ['data/proto_train/ligand/1ecm_TSA_A_500_ligand_refined.sdf', 'data/proto_train/ligand/1ecm_TSA_B_501_ligand_refined.sdf']
Multiple ligands found for 1a1c: ['data/proto_train/ligand/1a1c_ACE-DIX_D_100-103_ligand_refined.sdf', 'data/proto_train/ligand/1a1c_ACE-DIX_C_100-103_ligand_refined.sdf']
Multiple ligands found for 1bl4: ['data/proto_train/ligand/1bl4_AP1_B_109_ligand_refined.sdf', 'data/proto_train/ligand/1bl4_AP1_A_108_ligand_refined.sdf']
Multiple ligands found for 1err: ['data/proto_train/ligand/1err_RAL_B_600_ligand_refined.sdf', 'data/proto_train/ligand/1err_RAL_A_600_ligand_refined.sdf']
Multiple ligands found for 1eqg: ['data/proto_train/ligand/1eqg_IBP_A_701_ligand_refined.sdf', 'data/proto_train/ligand/1eqg_IBP_B_1701_ligand_refined.sdf']
Multiple ligands found for 1egh: ['data/proto_train/ligand/1egh_PGA_B_211_ligand_refined.sdf', 'data/proto_train/ligand/1egh_PGA_E_241_ligand_refined.sdf', 'data/proto_train/ligand/1egh_PGA_D_231_ligand_refined.sdf', 'data/proto_train/ligand/1egh_PGA_C_221_ligand_refined.sdf', 'data/proto_train/ligand/1egh_PGA_F_251_ligand_refined.sdf', 'data/proto_train/ligand/1egh_PGA_A_201_ligand_refined.sdf']
Multiple ligands found for 1f7k: ['data/proto_train/ligand/1f7k_UMP_A_704_ligand_refined.sdf', 'data/proto_train/ligand/1f7k_UMP_B_703_ligand_refined.sdf']
Multiple ligands found for 1a0t: ['data/proto_train/ligand/1a0t_GLC-FRU_D_1-2_ligand_refined.sdf', 'data/proto_train/ligand/1a0t_GLC-FRU_E_1-2_ligand_refined.sdf', 'data/proto_train/ligand/1a0t_GLC-FRU_F_1-2_ligand_refined.sdf', 'data/proto_train/ligand/1a0t_GLC-FRU_B_1-2_ligand_refined.sdf', 'data/proto_train/ligand/1a0t_GLC-FRU_C_1-2_ligand_refined.sdf', 'data/proto_train/ligand/1a0t_GLC-FRU_A_1-2_ligand_refined.sdf']
Multiple ligands found for 1doh: ['data/proto_train/ligand/1doh_NID_B_503_ligand_refined.sdf', 'data/proto_train/ligand/1doh_NID_A_502_ligand_refined.sdf']
Multiple ligands found for 1ef3: ['data/proto_train/ligand/1ef3_FID_B_350_ligand_refined.sdf', 'data/proto_train/ligand/1ef3_FID_A_340_ligand_refined.sdf']
Multiple ligands found for 1ed4: ['data/proto_train/ligand/1ed4_IPU_A_1830_ligand_refined.sdf', 'data/proto_train/ligand/1ed4_IPU_B_1840_ligand_refined.sdf', 'data/proto_train/ligand/1ed4_IPU_B_2830_ligand_refined.sdf', 'data/proto_train/ligand/1ed4_IPU_A_2840_ligand_refined.sdf']
Multiple ligands found for 1cjb: ['data/proto_train/ligand/1cjb_IRP_D_300_ligand_refined.sdf', 'data/proto_train/ligand/1cjb_IRP_C_300_ligand_refined.sdf', 'data/proto_train/ligand/1cjb_IRP_B_300_ligand_refined.sdf', 'data/proto_train/ligand/1cjb_IRP_A_300_ligand_refined.sdf']
Multiple ligands found for 1dbt: ['data/proto_train/ligand/1dbt_U5P_B_251_ligand_refined.sdf', 'data/proto_train/ligand/1dbt_U5P_C_252_ligand_refined.sdf', 'data/proto_train/ligand/1dbt_U5P_A_250_ligand_refined.sdf']
Multiple ligands found for 1axz: ['data/proto_train/ligand/1axz_GLA_A_401_ligand_refined.sdf', 'data/proto_train/ligand/1axz_GAL_A_402_ligand_refined.sdf']
Multiple ligands found for 1dqr: ['data/proto_train/ligand/1dqr_6PG_A_600_ligand_refined.sdf', 'data/proto_train/ligand/1dqr_6PG_B_601_ligand_refined.sdf']
Multiple ligands found for 1eix: ['data/proto_train/ligand/1eix_BMQ_A_1301_ligand_refined.sdf', 'data/proto_train/ligand/1eix_BMQ_B_1302_ligand_refined.sdf', 'data/proto_train/ligand/1eix_BMQ_D_1304_ligand_refined.sdf', 'data/proto_train/ligand/1eix_BMQ_C_1303_ligand_refined.sdf']
Multiple ligands found for 1ed5: ['data/proto_train/ligand/1ed5_NRG_B_2705_ligand_refined.sdf', 'data/proto_train/ligand/1ed5_NRG_A_1705_ligand_refined.sdf']
Multiple ligands found for 1bzy: ['data/proto_train/ligand/1bzy_IMU_D_300_ligand_refined.sdf', 'data/proto_train/ligand/1bzy_IMU_A_300_ligand_refined.sdf', 'data/proto_train/ligand/1bzy_IMU_B_300_ligand_refined.sdf', 'data/proto_train/ligand/1bzy_IMU_C_300_ligand_refined.sdf']
Multiple ligands found for 1ebg: ['data/proto_train/ligand/1ebg_PAH_B_440_ligand_refined.sdf', 'data/proto_train/ligand/1ebg_PAH_A_440_ligand_refined.sdf']
Multiple ligands found for 1bil: ['data/proto_train/ligand/1bil_0IU_A_391_ligand_refined.sdf', 'data/proto_train/ligand/1bil_0IU_B_391_ligand_refined.sdf']
Multiple ligands found for 1egh: ['data/proto_train/ligand/1egh_PGA_B_211_ligand_refined.sdf', 'data/proto_train/ligand/1egh_PGA_E_241_ligand_refined.sdf', 'data/proto_train/ligand/1egh_PGA_D_231_ligand_refined.sdf', 'data/proto_train/ligand/1egh_PGA_C_221_ligand_refined.sdf', 'data/proto_train/ligand/1egh_PGA_F_251_ligand_refined.sdf', 'data/proto_train/ligand/1egh_PGA_A_201_ligand_refined.sdf']
Multiple ligands found for 1efi: ['data/proto_train/ligand/1efi_GAT_H_108_ligand_refined.sdf', 'data/proto_train/ligand/1efi_GAT_E_105_ligand_refined.sdf', 'data/proto_train/ligand/1efi_GAT_G_107_ligand_refined.sdf', 'data/proto_train/ligand/1efi_GAT_D_104_ligand_refined.sdf', 'data/proto_train/ligand/1efi_GAT_F_106_ligand_refined.sdf']
Multiple ligands found for 1alw: ['data/proto_train/ligand/1alw_ISA_B_12_ligand_refined.sdf', 'data/proto_train/ligand/1alw_ISA_A_11_ligand_refined.sdf']
Multiple ligands found for 1e02: ['data/proto_train/ligand/1e02_UNA_B_600_ligand_refined.sdf', 'data/proto_train/ligand/1e02_UNA_A_600_ligand_refined.sdf']
Multiple ligands found for 1a4r: ['data/proto_train/ligand/1a4r_GNH_B_400_ligand_refined.sdf', 'data/proto_train/ligand/1a4r_GDP_A_200_ligand_refined.sdf']
Multiple ligands found for 1f28: ['data/proto_train/ligand/1f28_F89_A_401_ligand_refined.sdf', 'data/proto_train/ligand/1f28_F89_C_403_ligand_refined.sdf', 'data/proto_train/ligand/1f28_F89_D_404_ligand_refined.sdf', 'data/proto_train/ligand/1f28_F89_B_402_ligand_refined.sdf']
Multiple ligands found for 1bap: ['data/proto_train/ligand/1bap_ARA_A_307_ligand_refined.sdf', 'data/proto_train/ligand/1bap_ARB_A_308_ligand_refined.sdf']
Multiple ligands found for 1exv: ['data/proto_train/ligand/1exv_700_B_1862_ligand_refined.sdf', 'data/proto_train/ligand/1exv_700_A_862_ligand_refined.sdf']
Multiple ligands found for 1bil: ['data/proto_train/ligand/1bil_0IU_A_391_ligand_refined.sdf', 'data/proto_train/ligand/1bil_0IU_B_391_ligand_refined.sdf']
Multiple ligands found for 1bm7: ['data/proto_train/ligand/1bm7_FLF_A_501_ligand_refined.sdf', 'data/proto_train/ligand/1bm7_FLF_B_502_ligand_refined.sdf']
Multiple ligands found for 1dvj: ['data/proto_train/ligand/1dvj_UP6_A_5001_ligand_refined.sdf', 'data/proto_train/ligand/1dvj_UP6_C_5003_ligand_refined.sdf', 'data/proto_train/ligand/1dvj_UP6_D_5004_ligand_refined.sdf', 'data/proto_train/ligand/1dvj_UP6_B_5002_ligand_refined.sdf']
Multiple ligands found for 1ere: ['data/proto_train/ligand/1ere_EST_A_600_ligand_refined.sdf', 'data/proto_train/ligand/1ere_EST_B_600_ligand_refined.sdf', 'data/proto_train/ligand/1ere_EST_C_600_ligand_refined.sdf', 'data/proto_train/ligand/1ere_EST_F_600_ligand_refined.sdf', 'data/proto_train/ligand/1ere_EST_D_600_ligand_refined.sdf', 'data/proto_train/ligand/1ere_EST_E_600_ligand_refined.sdf']
Multiple ligands found for 1a4m: ['data/proto_train/ligand/1a4m_PRH_D_1854_ligand_refined.sdf', 'data/proto_train/ligand/1a4m_PRH_C_1354_ligand_refined.sdf', 'data/proto_train/ligand/1a4m_PRH_A_354_ligand_refined.sdf', 'data/proto_train/ligand/1a4m_PRH_B_854_ligand_refined.sdf']
Multiple ligands found for 1d2e: ['data/proto_train/ligand/1d2e_GDP_D_1304_ligand_refined.sdf', 'data/proto_train/ligand/1d2e_GDP_B_1302_ligand_refined.sdf', 'data/proto_train/ligand/1d2e_GDP_C_1303_ligand_refined.sdf', 'data/proto_train/ligand/1d2e_GDP_A_1301_ligand_refined.sdf']
Multiple ligands found for 1d7i: ['data/proto_train/ligand/1d7i_DSS_B_302_ligand_refined.sdf', 'data/proto_train/ligand/1d7i_DSS_A_301_ligand_refined.sdf']
Multiple ligands found for 1eei: ['data/proto_train/ligand/1eei_GAA_D_504_ligand_refined.sdf', 'data/proto_train/ligand/1eei_GAA_F_506_ligand_refined.sdf', 'data/proto_train/ligand/1eei_GAA_H_508_ligand_refined.sdf', 'data/proto_train/ligand/1eei_GAA_E_505_ligand_refined.sdf', 'data/proto_train/ligand/1eei_GAA_G_507_ligand_refined.sdf']
Multiple ligands found for 1dzp: ['data/proto_train/ligand/1dzp_BZQ_B_600_ligand_refined.sdf', 'data/proto_train/ligand/1dzp_BZQ_A_600_ligand_refined.sdf']
Multiple ligands found for 1bcj: ['data/proto_train/ligand/1bcj_NGA_2_1_ligand_refined.sdf', 'data/proto_train/ligand/1bcj_NGA_3_1_ligand_refined.sdf', 'data/proto_train/ligand/1bcj_NGA_1_1_ligand_refined.sdf']
Multiple ligands found for 1ecq: ['data/proto_train/ligand/1ecq_DXG_C_501_ligand_refined.sdf', 'data/proto_train/ligand/1ecq_DXG_D_502_ligand_refined.sdf', 'data/proto_train/ligand/1ecq_DXG_A_499_ligand_refined.sdf', 'data/proto_train/ligand/1ecq_DXG_B_500_ligand_refined.sdf']
Multiple ligands found for 1b3l: ['data/proto_train/ligand/1b3l_LYS-LYS_D_1-3_ligand_refined.sdf', 'data/proto_train/ligand/1b3l_LYS-LYS_B_1-3_ligand_refined.sdf']
Multiple ligands found for 1c8l: ['data/proto_train/ligand/1c8l_CFF_A_940_ligand_refined.sdf', 'data/proto_train/ligand/1c8l_BIN_A_930_ligand_refined.sdf']
Multiple ligands found for 1alw: ['data/proto_train/ligand/1alw_ISA_B_12_ligand_refined.sdf', 'data/proto_train/ligand/1alw_ISA_A_11_ligand_refined.sdf']
Multiple ligands found for 1b3l: ['data/proto_train/ligand/1b3l_LYS-LYS_D_1-3_ligand_refined.sdf', 'data/proto_train/ligand/1b3l_LYS-LYS_B_1-3_ligand_refined.sdf']
Multiple ligands found for 1dra: ['data/proto_train/ligand/1dra_MTX_A_161_ligand_refined.sdf', 'data/proto_train/ligand/1dra_MTX_B_361_ligand_refined.sdf']
Multiple ligands found for 1b55: ['data/proto_train/ligand/1b55_4IP_B_172_ligand_refined.sdf', 'data/proto_train/ligand/1b55_4IP_A_171_ligand_refined.sdf']
Multiple ligands found for 1eei: ['data/proto_train/ligand/1eei_GAA_D_504_ligand_refined.sdf', 'data/proto_train/ligand/1eei_GAA_F_506_ligand_refined.sdf', 'data/proto_train/ligand/1eei_GAA_H_508_ligand_refined.sdf', 'data/proto_train/ligand/1eei_GAA_E_505_ligand_refined.sdf', 'data/proto_train/ligand/1eei_GAA_G_507_ligand_refined.sdf']
Multiple ligands found for 1fch: ['data/proto_train/ligand/1fch_TYR-LEU_C_1-5_ligand_refined.sdf', 'data/proto_train/ligand/1fch_TYR-LEU_D_1-5_ligand_refined.sdf']
Multiple ligands found for 1ahx: ['data/proto_train/ligand/1ahx_HCI_A_411_ligand_refined.sdf', 'data/proto_train/ligand/1ahx_HCI_B_411_ligand_refined.sdf']
Multiple ligands found for 1ceb: ['data/proto_train/ligand/1ceb_AMH_A_90_ligand_refined.sdf', 'data/proto_train/ligand/1ceb_AMH_B_90_ligand_refined.sdf']
Multiple ligands found for 1bto: ['data/proto_train/ligand/1bto_SSB_A_378_ligand_refined.sdf', 'data/proto_train/ligand/1bto_SSB_B_378_ligand_refined.sdf', 'data/proto_train/ligand/1bto_SSB_C_378_ligand_refined.sdf', 'data/proto_train/ligand/1bto_SSB_D_378_ligand_refined.sdf']
Multiple ligands found for 1cgl: ['data/proto_train/ligand/1cgl_0ED_A_1_ligand_refined.sdf', 'data/proto_train/ligand/1cgl_0ED_B_1_ligand_refined.sdf']
Multiple ligands found for 1bzy: ['data/proto_train/ligand/1bzy_IMU_D_300_ligand_refined.sdf', 'data/proto_train/ligand/1bzy_IMU_A_300_ligand_refined.sdf', 'data/proto_train/ligand/1bzy_IMU_B_300_ligand_refined.sdf', 'data/proto_train/ligand/1bzy_IMU_C_300_ligand_refined.sdf']
Multiple ligands found for 1cjb: ['data/proto_train/ligand/1cjb_IRP_D_300_ligand_refined.sdf', 'data/proto_train/ligand/1cjb_IRP_C_300_ligand_refined.sdf', 'data/proto_train/ligand/1cjb_IRP_B_300_ligand_refined.sdf', 'data/proto_train/ligand/1cjb_IRP_A_300_ligand_refined.sdf']
Multiple ligands found for 1dub: ['data/proto_train/ligand/1dub_CAA_F_300_ligand_refined.sdf', 'data/proto_train/ligand/1dub_CAA_E_300_ligand_refined.sdf', 'data/proto_train/ligand/1dub_CAA_A_300_ligand_refined.sdf', 'data/proto_train/ligand/1dub_CAA_B_300_ligand_refined.sdf', 'data/proto_train/ligand/1dub_CAA_C_300_ligand_refined.sdf']
Multiple ligands found for 1ct8: ['data/proto_train/ligand/1ct8_TAA_B_550_ligand_refined.sdf', 'data/proto_train/ligand/1ct8_TAA_D_551_ligand_refined.sdf']
Multiple ligands found for 1dhj: ['data/proto_train/ligand/1dhj_MTX_A_161_ligand_refined.sdf', 'data/proto_train/ligand/1dhj_MTX_B_361_ligand_refined.sdf']
Multiple ligands found for 1dth: ['data/proto_train/ligand/1dth_BAT_B_973_ligand_refined.sdf', 'data/proto_train/ligand/1dth_BAT_A_972_ligand_refined.sdf']
Multiple ligands found for 1eei: ['data/proto_train/ligand/1eei_GAA_D_504_ligand_refined.sdf', 'data/proto_train/ligand/1eei_GAA_F_506_ligand_refined.sdf', 'data/proto_train/ligand/1eei_GAA_H_508_ligand_refined.sdf', 'data/proto_train/ligand/1eei_GAA_E_505_ligand_refined.sdf', 'data/proto_train/ligand/1eei_GAA_G_507_ligand_refined.sdf']
Multiple ligands found for 1dvj: ['data/proto_train/ligand/1dvj_UP6_A_5001_ligand_refined.sdf', 'data/proto_train/ligand/1dvj_UP6_C_5003_ligand_refined.sdf', 'data/proto_train/ligand/1dvj_UP6_D_5004_ligand_refined.sdf', 'data/proto_train/ligand/1dvj_UP6_B_5002_ligand_refined.sdf']
Multiple ligands found for 1ahy: ['data/proto_train/ligand/1ahy_MAE_A_411_ligand_refined.sdf', 'data/proto_train/ligand/1ahy_MAE_B_411_ligand_refined.sdf']
Multiple ligands found for 1err: ['data/proto_train/ligand/1err_RAL_B_600_ligand_refined.sdf', 'data/proto_train/ligand/1err_RAL_A_600_ligand_refined.sdf']
Multiple ligands found for 1cqp: ['data/proto_train/ligand/1cqp_803_A_311_ligand_refined.sdf', 'data/proto_train/ligand/1cqp_803_B_311_ligand_refined.sdf']
Multiple ligands found for 1a52: ['data/proto_train/ligand/1a52_EST_B_2_ligand_refined.sdf', 'data/proto_train/ligand/1a52_EST_A_1_ligand_refined.sdf']
Multiple ligands found for 1e3v: ['data/proto_train/ligand/1e3v_DXC_B_801_ligand_refined.sdf', 'data/proto_train/ligand/1e3v_DXC_A_801_ligand_refined.sdf']
Multiple ligands found for 1e4h: ['data/proto_train/ligand/1e4h_PBR_A_998_ligand_refined.sdf', 'data/proto_train/ligand/1e4h_PBR_B_999_ligand_refined.sdf']
Multiple ligands found for 1d0o: ['data/proto_train/ligand/1d0o_INE_B_765_ligand_refined.sdf', 'data/proto_train/ligand/1d0o_INE_A_760_ligand_refined.sdf', 'data/proto_train/ligand/1d0o_INE_B_761_ligand_refined.sdf', 'data/proto_train/ligand/1d0o_INE_A_766_ligand_refined.sdf']
Multiple ligands found for 1cqe: ['data/proto_train/ligand/1cqe_FLP_B_2650_ligand_refined.sdf', 'data/proto_train/ligand/1cqe_FLP_A_1650_ligand_refined.sdf']
Multiple ligands found for 1ek2: ['data/proto_train/ligand/1ek2_CDU_B_1200_ligand_refined.sdf', 'data/proto_train/ligand/1ek2_CDU_A_1100_ligand_refined.sdf']
Multiple ligands found for 1a0t: ['data/proto_train/ligand/1a0t_GLC-FRU_D_1-2_ligand_refined.sdf', 'data/proto_train/ligand/1a0t_GLC-FRU_E_1-2_ligand_refined.sdf', 'data/proto_train/ligand/1a0t_GLC-FRU_F_1-2_ligand_refined.sdf', 'data/proto_train/ligand/1a0t_GLC-FRU_B_1-2_ligand_refined.sdf', 'data/proto_train/ligand/1a0t_GLC-FRU_C_1-2_ligand_refined.sdf', 'data/proto_train/ligand/1a0t_GLC-FRU_A_1-2_ligand_refined.sdf']
Multiple ligands found for 1c2t: ['data/proto_train/ligand/1c2t_NHS_A_222_ligand_refined.sdf', 'data/proto_train/ligand/1c2t_NHS_B_220_ligand_refined.sdf']
Multiple ligands found for 1dq8: ['data/proto_train/ligand/1dq8_MAH_D_203_ligand_refined.sdf', 'data/proto_train/ligand/1dq8_MAH_A_200_ligand_refined.sdf', 'data/proto_train/ligand/1dq8_MAH_B_201_ligand_refined.sdf', 'data/proto_train/ligand/1dq8_MAH_D_202_ligand_refined.sdf']
Multiple ligands found for 1d8a: ['data/proto_train/ligand/1d8a_TCL_B_504_ligand_refined.sdf', 'data/proto_train/ligand/1d8a_TCL_A_502_ligand_refined.sdf']
Multiple ligands found for 1d0c: ['data/proto_train/ligand/1d0c_INE_B_765_ligand_refined.sdf', 'data/proto_train/ligand/1d0c_INE_A_760_ligand_refined.sdf', 'data/proto_train/ligand/1d0c_INE_A_766_ligand_refined.sdf', 'data/proto_train/ligand/1d0c_INE_B_761_ligand_refined.sdf']
Multiple ligands found for 1f28: ['data/proto_train/ligand/1f28_F89_A_401_ligand_refined.sdf', 'data/proto_train/ligand/1f28_F89_C_403_ligand_refined.sdf', 'data/proto_train/ligand/1f28_F89_D_404_ligand_refined.sdf', 'data/proto_train/ligand/1f28_F89_B_402_ligand_refined.sdf']
Multiple ligands found for 1efi: ['data/proto_train/ligand/1efi_GAT_H_108_ligand_refined.sdf', 'data/proto_train/ligand/1efi_GAT_E_105_ligand_refined.sdf', 'data/proto_train/ligand/1efi_GAT_G_107_ligand_refined.sdf', 'data/proto_train/ligand/1efi_GAT_D_104_ligand_refined.sdf', 'data/proto_train/ligand/1efi_GAT_F_106_ligand_refined.sdf']
Multiple ligands found for 1f4f: ['data/proto_train/ligand/1f4f_TP3_A_701_ligand_refined.sdf', 'data/proto_train/ligand/1f4f_TP3_B_702_ligand_refined.sdf']
Multiple ligands found for 1ek2: ['data/proto_train/ligand/1ek2_CDU_B_1200_ligand_refined.sdf', 'data/proto_train/ligand/1ek2_CDU_A_1100_ligand_refined.sdf']
Multiple ligands found for 1bwn: ['data/proto_train/ligand/1bwn_4IP_B_172_ligand_refined.sdf', 'data/proto_train/ligand/1bwn_4IP_A_1_ligand_refined.sdf', 'data/proto_train/ligand/1bwn_4IP_A_172_ligand_refined.sdf', 'data/proto_train/ligand/1bwn_4IP_B_1_ligand_refined.sdf']
Multiple ligands found for 1afk: ['data/proto_train/ligand/1afk_PAP_A_125_ligand_refined.sdf', 'data/proto_train/ligand/1afk_PAP_B_125_ligand_refined.sdf']
Multiple ligands found for 1cea: ['data/proto_train/ligand/1cea_ACA_A_90_ligand_refined.sdf', 'data/proto_train/ligand/1cea_ACA_B_90_ligand_refined.sdf']
Multiple ligands found for 1f4e: ['data/proto_train/ligand/1f4e_TPR_A_302_ligand_refined.sdf', 'data/proto_train/ligand/1f4e_TPR_A_301_ligand_refined.sdf']
Multiple ligands found for 1a0t: ['data/proto_train/ligand/1a0t_GLC-FRU_D_1-2_ligand_refined.sdf', 'data/proto_train/ligand/1a0t_GLC-FRU_E_1-2_ligand_refined.sdf', 'data/proto_train/ligand/1a0t_GLC-FRU_F_1-2_ligand_refined.sdf', 'data/proto_train/ligand/1a0t_GLC-FRU_B_1-2_ligand_refined.sdf', 'data/proto_train/ligand/1a0t_GLC-FRU_C_1-2_ligand_refined.sdf', 'data/proto_train/ligand/1a0t_GLC-FRU_A_1-2_ligand_refined.sdf']
Multiple ligands found for 1bto: ['data/proto_train/ligand/1bto_SSB_A_378_ligand_refined.sdf', 'data/proto_train/ligand/1bto_SSB_B_378_ligand_refined.sdf', 'data/proto_train/ligand/1bto_SSB_C_378_ligand_refined.sdf', 'data/proto_train/ligand/1bto_SSB_D_378_ligand_refined.sdf']
Multiple ligands found for 1a99: ['data/proto_train/ligand/1a99_PUT_D_371_ligand_refined.sdf', 'data/proto_train/ligand/1a99_PUT_A_371_ligand_refined.sdf', 'data/proto_train/ligand/1a99_PUT_B_371_ligand_refined.sdf', 'data/proto_train/ligand/1a99_PUT_C_371_ligand_refined.sdf']
Multiple ligands found for 1e2l: ['data/proto_train/ligand/1e2l_TMC_B_500_ligand_refined.sdf', 'data/proto_train/ligand/1e2l_TMC_A_500_ligand_refined.sdf']
Multiple ligands found for 13gs: ['data/proto_train/ligand/13gs_SAS_A_211_ligand_refined.sdf', 'data/proto_train/ligand/13gs_SAS_B_211_ligand_refined.sdf']
Multiple ligands found for 1eei: ['data/proto_train/ligand/1eei_GAA_D_504_ligand_refined.sdf', 'data/proto_train/ligand/1eei_GAA_F_506_ligand_refined.sdf', 'data/proto_train/ligand/1eei_GAA_H_508_ligand_refined.sdf', 'data/proto_train/ligand/1eei_GAA_E_505_ligand_refined.sdf', 'data/proto_train/ligand/1eei_GAA_G_507_ligand_refined.sdf']
Multiple ligands found for 1dqa: ['data/proto_train/ligand/1dqa_MAH_C_204_ligand_refined.sdf', 'data/proto_train/ligand/1dqa_MAH_A_201_ligand_refined.sdf', 'data/proto_train/ligand/1dqa_MAH_D_203_ligand_refined.sdf', 'data/proto_train/ligand/1dqa_MAH_B_202_ligand_refined.sdf']
Multiple ligands found for 1dqa: ['data/proto_train/ligand/1dqa_MAH_C_204_ligand_refined.sdf', 'data/proto_train/ligand/1dqa_MAH_A_201_ligand_refined.sdf', 'data/proto_train/ligand/1dqa_MAH_D_203_ligand_refined.sdf', 'data/proto_train/ligand/1dqa_MAH_B_202_ligand_refined.sdf']
Multiple ligands found for 1dbt: ['data/proto_train/ligand/1dbt_U5P_B_251_ligand_refined.sdf', 'data/proto_train/ligand/1dbt_U5P_C_252_ligand_refined.sdf', 'data/proto_train/ligand/1dbt_U5P_A_250_ligand_refined.sdf']
Multiple ligands found for 1a7c: ['data/proto_train/ligand/1a7c_ACE-NH2_C_910-916_ligand_refined.sdf', 'data/proto_train/ligand/1a7c_ACE-NH2_B_900-906_ligand_refined.sdf']
Multiple ligands found for 1dvj: ['data/proto_train/ligand/1dvj_UP6_A_5001_ligand_refined.sdf', 'data/proto_train/ligand/1dvj_UP6_C_5003_ligand_refined.sdf', 'data/proto_train/ligand/1dvj_UP6_D_5004_ligand_refined.sdf', 'data/proto_train/ligand/1dvj_UP6_B_5002_ligand_refined.sdf']
Multiple ligands found for 1dqa: ['data/proto_train/ligand/1dqa_MAH_C_204_ligand_refined.sdf', 'data/proto_train/ligand/1dqa_MAH_A_201_ligand_refined.sdf', 'data/proto_train/ligand/1dqa_MAH_D_203_ligand_refined.sdf', 'data/proto_train/ligand/1dqa_MAH_B_202_ligand_refined.sdf']
Multiple ligands found for 1e2n: ['data/proto_train/ligand/1e2n_RCA_B_500_ligand_refined.sdf', 'data/proto_train/ligand/1e2n_RCA_A_500_ligand_refined.sdf']
Multiple ligands found for 1eyk: ['data/proto_train/ligand/1eyk_AMP_A_341_ligand_refined.sdf', 'data/proto_train/ligand/1eyk_AMP_B_342_ligand_refined.sdf']
Multiple ligands found for 1eix: ['data/proto_train/ligand/1eix_BMQ_A_1301_ligand_refined.sdf', 'data/proto_train/ligand/1eix_BMQ_B_1302_ligand_refined.sdf', 'data/proto_train/ligand/1eix_BMQ_D_1304_ligand_refined.sdf', 'data/proto_train/ligand/1eix_BMQ_C_1303_ligand_refined.sdf']
Multiple ligands found for 1a1e: ['data/proto_train/ligand/1a1e_ACE-DIY_C_100-103_ligand_refined.sdf', 'data/proto_train/ligand/1a1e_ACE-DIY_D_100-103_ligand_refined.sdf']
Multiple ligands found for 1cb7: ['data/proto_train/ligand/1cb7_TAR_B_900_ligand_refined.sdf', 'data/proto_train/ligand/1cb7_TAR_D_900_ligand_refined.sdf']
Multiple ligands found for 1drb: ['data/proto_train/ligand/1drb_MTX_A_161_ligand_refined.sdf', 'data/proto_train/ligand/1drb_MTX_B_361_ligand_refined.sdf']
Multiple ligands found for 1cea: ['data/proto_train/ligand/1cea_ACA_A_90_ligand_refined.sdf', 'data/proto_train/ligand/1cea_ACA_B_90_ligand_refined.sdf']
Multiple ligands found for 1ahy: ['data/proto_train/ligand/1ahy_MAE_A_411_ligand_refined.sdf', 'data/proto_train/ligand/1ahy_MAE_B_411_ligand_refined.sdf']
Multiple ligands found for 1d7j: ['data/proto_train/ligand/1d7j_BUQ_A_311_ligand_refined.sdf', 'data/proto_train/ligand/1d7j_BUQ_B_321_ligand_refined.sdf']
Multiple ligands found for 1exv: ['data/proto_train/ligand/1exv_700_B_1862_ligand_refined.sdf', 'data/proto_train/ligand/1exv_700_A_862_ligand_refined.sdf']
Multiple ligands found for 1e8g: ['data/proto_train/ligand/1e8g_FAD_A_600_ligand_refined.sdf', 'data/proto_train/ligand/1e8g_FAD_B_600_ligand_refined.sdf']
Multiple ligands found for 1dmy: ['data/proto_train/ligand/1dmy_AZM_B_900_ligand_refined.sdf', 'data/proto_train/ligand/1dmy_AZM_A_400_ligand_refined.sdf']
Multiple ligands found for 1f73: ['data/proto_train/ligand/1f73_HMN_D_703_ligand_refined.sdf', 'data/proto_train/ligand/1f73_HMN_A_700_ligand_refined.sdf', 'data/proto_train/ligand/1f73_HMN_C_702_ligand_refined.sdf', 'data/proto_train/ligand/1f73_HMN_B_701_ligand_refined.sdf']
Multiple ligands found for 1az1: ['data/proto_train/ligand/1az1_ALR_A_318_ligand_refined.sdf', 'data/proto_train/ligand/1az1_ALR_A_317_ligand_refined.sdf']
Multiple ligands found for 1ecq: ['data/proto_train/ligand/1ecq_DXG_C_501_ligand_refined.sdf', 'data/proto_train/ligand/1ecq_DXG_D_502_ligand_refined.sdf', 'data/proto_train/ligand/1ecq_DXG_A_499_ligand_refined.sdf', 'data/proto_train/ligand/1ecq_DXG_B_500_ligand_refined.sdf']
Multiple ligands found for 1egh: ['data/proto_train/ligand/1egh_PGA_B_211_ligand_refined.sdf', 'data/proto_train/ligand/1egh_PGA_E_241_ligand_refined.sdf', 'data/proto_train/ligand/1egh_PGA_D_231_ligand_refined.sdf', 'data/proto_train/ligand/1egh_PGA_C_221_ligand_refined.sdf', 'data/proto_train/ligand/1egh_PGA_F_251_ligand_refined.sdf', 'data/proto_train/ligand/1egh_PGA_A_201_ligand_refined.sdf']
Multiple ligands found for 1dub: ['data/proto_train/ligand/1dub_CAA_F_300_ligand_refined.sdf', 'data/proto_train/ligand/1dub_CAA_E_300_ligand_refined.sdf', 'data/proto_train/ligand/1dub_CAA_A_300_ligand_refined.sdf', 'data/proto_train/ligand/1dub_CAA_B_300_ligand_refined.sdf', 'data/proto_train/ligand/1dub_CAA_C_300_ligand_refined.sdf']
Multiple ligands found for 1d0c: ['data/proto_train/ligand/1d0c_INE_B_765_ligand_refined.sdf', 'data/proto_train/ligand/1d0c_INE_A_760_ligand_refined.sdf', 'data/proto_train/ligand/1d0c_INE_A_766_ligand_refined.sdf', 'data/proto_train/ligand/1d0c_INE_B_761_ligand_refined.sdf']
Multiple ligands found for 1e4h: ['data/proto_train/ligand/1e4h_PBR_A_998_ligand_refined.sdf', 'data/proto_train/ligand/1e4h_PBR_B_999_ligand_refined.sdf']
Multiple ligands found for 1dqr: ['data/proto_train/ligand/1dqr_6PG_A_600_ligand_refined.sdf', 'data/proto_train/ligand/1dqr_6PG_B_601_ligand_refined.sdf']
Multiple ligands found for 1cm0: ['data/proto_train/ligand/1cm0_COA_B_700_ligand_refined.sdf', 'data/proto_train/ligand/1cm0_COA_A_701_ligand_refined.sdf']
Multiple ligands found for 1ddr: ['data/proto_train/ligand/1ddr_MTX_B_200_ligand_refined.sdf', 'data/proto_train/ligand/1ddr_MTX_A_200_ligand_refined.sdf']
Multiple ligands found for 1cbr: ['data/proto_train/ligand/1cbr_REA_A_200_ligand_refined.sdf', 'data/proto_train/ligand/1cbr_REA_B_200_ligand_refined.sdf']
Multiple ligands found for 1c3v: ['data/proto_train/ligand/1c3v_NDP_A_801_ligand_refined.sdf', 'data/proto_train/ligand/1c3v_NDP_B_1301_ligand_refined.sdf']
Multiple ligands found for 1d7i: ['data/proto_train/ligand/1d7i_DSS_B_302_ligand_refined.sdf', 'data/proto_train/ligand/1d7i_DSS_A_301_ligand_refined.sdf']
Multiple ligands found for 1eyj: ['data/proto_train/ligand/1eyj_AMP_A_341_ligand_refined.sdf', 'data/proto_train/ligand/1eyj_AMP_B_342_ligand_refined.sdf']
Multiple ligands found for 1ahx: ['data/proto_train/ligand/1ahx_HCI_A_411_ligand_refined.sdf', 'data/proto_train/ligand/1ahx_HCI_B_411_ligand_refined.sdf']
Multiple ligands found for 1eli: ['data/proto_train/ligand/1eli_PYC_B_815_ligand_refined.sdf', 'data/proto_train/ligand/1eli_PYC_A_801_ligand_refined.sdf', 'data/proto_train/ligand/1eli_PYC_B_811_ligand_refined.sdf']
Multiple ligands found for 1f3f: ['data/proto_train/ligand/1f3f_D4T_C_164_ligand_refined.sdf', 'data/proto_train/ligand/1f3f_D4T_B_161_ligand_refined.sdf', 'data/proto_train/ligand/1f3f_D4T_A_160_ligand_refined.sdf']
Multiple ligands found for 1dhf: ['data/proto_train/ligand/1dhf_FOL_B_187_ligand_refined.sdf', 'data/proto_train/ligand/1dhf_FOL_A_187_ligand_refined.sdf']
