[protein_root] [ligand_root] [0|1, rm_ccd or not]
Multiple ligands found for 1a08: ['data/proto_train/ligand/1a08_ACE-DIP_C_100-103_ligand_refined.sdf', 'data/proto_train/ligand/1a08_ACE-DIP_D_100-103_ligand_refined.sdf']
Multiple ligands found for 1apz: ['data/proto_train/ligand/1apz_ASP_B_551_ligand_refined.sdf', 'data/proto_train/ligand/1apz_ASP_D_552_ligand_refined.sdf']
Multiple ligands found for 13gs: ['data/proto_train/ligand/13gs_SAS_B_211_ligand_refined.sdf', 'data/proto_train/ligand/13gs_SAS_A_211_ligand_refined.sdf']
Multiple ligands found for 1afl: ['data/proto_train/ligand/1afl_ATR_B_125_ligand_refined.sdf', 'data/proto_train/ligand/1afl_ATR_A_125_ligand_refined.sdf']
Multiple ligands found for 1a69: ['data/proto_train/ligand/1a69_FMB_A_240_ligand_refined.sdf', 'data/proto_train/ligand/1a69_FMB_C_240_ligand_refined.sdf', 'data/proto_train/ligand/1a69_FMB_B_240_ligand_refined.sdf']
Multiple ligands found for 1b55: ['data/proto_train/ligand/1b55_4IP_A_171_ligand_refined.sdf', 'data/proto_train/ligand/1b55_4IP_B_172_ligand_refined.sdf']
Multiple ligands found for 1d8a: ['data/proto_train/ligand/1d8a_TCL_A_502_ligand_refined.sdf', 'data/proto_train/ligand/1d8a_TCL_B_504_ligand_refined.sdf']
Multiple ligands found for 1f4f: ['data/proto_train/ligand/1f4f_TP3_B_702_ligand_refined.sdf', 'data/proto_train/ligand/1f4f_TP3_A_701_ligand_refined.sdf']
Multiple ligands found for 1a1b: ['data/proto_train/ligand/1a1b_ACE-DIP_D_100-103_ligand_refined.sdf', 'data/proto_train/ligand/1a1b_ACE-DIP_C_100-103_ligand_refined.sdf']
Multiple ligands found for 1eli: ['data/proto_train/ligand/1eli_PYC_B_811_ligand_refined.sdf', 'data/proto_train/ligand/1eli_PYC_A_801_ligand_refined.sdf', 'data/proto_train/ligand/1eli_PYC_B_815_ligand_refined.sdf']
Multiple ligands found for 1ed4: ['data/proto_train/ligand/1ed4_IPU_B_1840_ligand_refined.sdf', 'data/proto_train/ligand/1ed4_IPU_A_1830_ligand_refined.sdf', 'data/proto_train/ligand/1ed4_IPU_A_2840_ligand_refined.sdf', 'data/proto_train/ligand/1ed4_IPU_B_2830_ligand_refined.sdf']
Multiple ligands found for 1f4g: ['data/proto_train/ligand/1f4g_TP4_B_602_ligand_refined.sdf', 'data/proto_train/ligand/1f4g_TP4_A_601_ligand_refined.sdf']
Multiple ligands found for 1bzy: ['data/proto_train/ligand/1bzy_IMU_C_300_ligand_refined.sdf', 'data/proto_train/ligand/1bzy_IMU_B_300_ligand_refined.sdf', 'data/proto_train/ligand/1bzy_IMU_A_300_ligand_refined.sdf', 'data/proto_train/ligand/1bzy_IMU_D_300_ligand_refined.sdf']
Multiple ligands found for 1ew8: ['data/proto_train/ligand/1ew8_PAE_A_556_ligand_refined.sdf', 'data/proto_train/ligand/1ew8_PAE_B_556_ligand_refined.sdf']
Multiple ligands found for 1f28: ['data/proto_train/ligand/1f28_F89_B_402_ligand_refined.sdf', 'data/proto_train/ligand/1f28_F89_D_404_ligand_refined.sdf', 'data/proto_train/ligand/1f28_F89_C_403_ligand_refined.sdf', 'data/proto_train/ligand/1f28_F89_A_401_ligand_refined.sdf']
Multiple ligands found for 1eei: ['data/proto_train/ligand/1eei_GAA_G_507_ligand_refined.sdf', 'data/proto_train/ligand/1eei_GAA_E_505_ligand_refined.sdf', 'data/proto_train/ligand/1eei_GAA_H_508_ligand_refined.sdf', 'data/proto_train/ligand/1eei_GAA_F_506_ligand_refined.sdf', 'data/proto_train/ligand/1eei_GAA_D_504_ligand_refined.sdf']
Multiple ligands found for 1ddr: ['data/proto_train/ligand/1ddr_MTX_A_200_ligand_refined.sdf', 'data/proto_train/ligand/1ddr_MTX_B_200_ligand_refined.sdf']
Multiple ligands found for 1c3v: ['data/proto_train/ligand/1c3v_NDP_B_1301_ligand_refined.sdf', 'data/proto_train/ligand/1c3v_NDP_A_801_ligand_refined.sdf']
Multiple ligands found for 1doh: ['data/proto_train/ligand/1doh_NID_A_502_ligand_refined.sdf', 'data/proto_train/ligand/1doh_NID_B_503_ligand_refined.sdf']
Multiple ligands found for 1el9: ['data/proto_train/ligand/1el9_MTG_B_811_ligand_refined.sdf', 'data/proto_train/ligand/1el9_MTG_A_801_ligand_refined.sdf']
Multiple ligands found for 1cjb: ['data/proto_train/ligand/1cjb_IRP_A_300_ligand_refined.sdf', 'data/proto_train/ligand/1cjb_IRP_B_300_ligand_refined.sdf', 'data/proto_train/ligand/1cjb_IRP_C_300_ligand_refined.sdf', 'data/proto_train/ligand/1cjb_IRP_D_300_ligand_refined.sdf']
Multiple ligands found for 1dra: ['data/proto_train/ligand/1dra_MTX_B_361_ligand_refined.sdf', 'data/proto_train/ligand/1dra_MTX_A_161_ligand_refined.sdf']
Multiple ligands found for 1eyj: ['data/proto_train/ligand/1eyj_AMP_B_342_ligand_refined.sdf', 'data/proto_train/ligand/1eyj_AMP_A_341_ligand_refined.sdf']
Multiple ligands found for 1d2e: ['data/proto_train/ligand/1d2e_GDP_C_1303_ligand_refined.sdf', 'data/proto_train/ligand/1d2e_GDP_B_1302_ligand_refined.sdf', 'data/proto_train/ligand/1d2e_GDP_D_1304_ligand_refined.sdf', 'data/proto_train/ligand/1d2e_GDP_A_1301_ligand_refined.sdf']
Multiple ligands found for 1cb7: ['data/proto_train/ligand/1cb7_TAR_D_900_ligand_refined.sdf', 'data/proto_train/ligand/1cb7_TAR_B_900_ligand_refined.sdf']
Multiple ligands found for 1bcj: ['data/proto_train/ligand/1bcj_NGA_2_1_ligand_refined.sdf', 'data/proto_train/ligand/1bcj_NGA_3_1_ligand_refined.sdf', 'data/proto_train/ligand/1bcj_NGA_1_1_ligand_refined.sdf']
Multiple ligands found for 1dmy: ['data/proto_train/ligand/1dmy_AZM_A_400_ligand_refined.sdf', 'data/proto_train/ligand/1dmy_AZM_B_900_ligand_refined.sdf']
Multiple ligands found for 1ed4: ['data/proto_train/ligand/1ed4_IPU_B_1840_ligand_refined.sdf', 'data/proto_train/ligand/1ed4_IPU_A_1830_ligand_refined.sdf', 'data/proto_train/ligand/1ed4_IPU_A_2840_ligand_refined.sdf', 'data/proto_train/ligand/1ed4_IPU_B_2830_ligand_refined.sdf']
Multiple ligands found for 1eqg: ['data/proto_train/ligand/1eqg_IBP_B_1701_ligand_refined.sdf', 'data/proto_train/ligand/1eqg_IBP_A_701_ligand_refined.sdf']
Multiple ligands found for 1bap: ['data/proto_train/ligand/1bap_ARB_A_308_ligand_refined.sdf', 'data/proto_train/ligand/1bap_ARA_A_307_ligand_refined.sdf']
Multiple ligands found for 1ebg: ['data/proto_train/ligand/1ebg_PAH_A_440_ligand_refined.sdf', 'data/proto_train/ligand/1ebg_PAH_B_440_ligand_refined.sdf']
Multiple ligands found for 1a7c: ['data/proto_train/ligand/1a7c_ACE-NH2_C_910-916_ligand_refined.sdf', 'data/proto_train/ligand/1a7c_ACE-NH2_B_900-906_ligand_refined.sdf']
Multiple ligands found for 1dqa: ['data/proto_train/ligand/1dqa_MAH_B_202_ligand_refined.sdf', 'data/proto_train/ligand/1dqa_MAH_D_203_ligand_refined.sdf', 'data/proto_train/ligand/1dqa_MAH_A_201_ligand_refined.sdf', 'data/proto_train/ligand/1dqa_MAH_C_204_ligand_refined.sdf']
Multiple ligands found for 1c0i: ['data/proto_train/ligand/1c0i_BE2_A_1365_ligand_refined.sdf', 'data/proto_train/ligand/1c0i_BE2_A_1364_ligand_refined.sdf']
Multiple ligands found for 1dqn: ['data/proto_train/ligand/1dqn_IMU_A_300_ligand_refined.sdf', 'data/proto_train/ligand/1dqn_IMU_B_301_ligand_refined.sdf']
Multiple ligands found for 1c14: ['data/proto_train/ligand/1c14_TCL_B_1502_ligand_refined.sdf', 'data/proto_train/ligand/1c14_TCL_A_502_ligand_refined.sdf']
Multiple ligands found for 1d8a: ['data/proto_train/ligand/1d8a_TCL_A_502_ligand_refined.sdf', 'data/proto_train/ligand/1d8a_TCL_B_504_ligand_refined.sdf']
Multiple ligands found for 1egh: ['data/proto_train/ligand/1egh_PGA_A_201_ligand_refined.sdf', 'data/proto_train/ligand/1egh_PGA_F_251_ligand_refined.sdf', 'data/proto_train/ligand/1egh_PGA_C_221_ligand_refined.sdf', 'data/proto_train/ligand/1egh_PGA_D_231_ligand_refined.sdf', 'data/proto_train/ligand/1egh_PGA_E_241_ligand_refined.sdf', 'data/proto_train/ligand/1egh_PGA_B_211_ligand_refined.sdf']
Multiple ligands found for 1a4r: ['data/proto_train/ligand/1a4r_GDP_A_200_ligand_refined.sdf', 'data/proto_train/ligand/1a4r_GNH_B_400_ligand_refined.sdf']
Multiple ligands found for 1djx: ['data/proto_train/ligand/1djx_I3P_A_1_ligand_refined.sdf', 'data/proto_train/ligand/1djx_I3P_B_1_ligand_refined.sdf']
Multiple ligands found for 1e2p: ['data/proto_train/ligand/1e2p_CCV_A_500_ligand_refined.sdf', 'data/proto_train/ligand/1e2p_CCV_B_500_ligand_refined.sdf']
Multiple ligands found for 1a4g: ['data/proto_train/ligand/1a4g_ZMR_B_466_ligand_refined.sdf', 'data/proto_train/ligand/1a4g_ZMR_A_466_ligand_refined.sdf']
Multiple ligands found for 1afl: ['data/proto_train/ligand/1afl_ATR_B_125_ligand_refined.sdf', 'data/proto_train/ligand/1afl_ATR_A_125_ligand_refined.sdf']
Multiple ligands found for 1c8l: ['data/proto_train/ligand/1c8l_BIN_A_930_ligand_refined.sdf', 'data/proto_train/ligand/1c8l_CFF_A_940_ligand_refined.sdf']
Multiple ligands found for 1b55: ['data/proto_train/ligand/1b55_4IP_A_171_ligand_refined.sdf', 'data/proto_train/ligand/1b55_4IP_B_172_ligand_refined.sdf']
Multiple ligands found for 1dhi: ['data/proto_train/ligand/1dhi_MTX_B_361_ligand_refined.sdf', 'data/proto_train/ligand/1dhi_MTX_A_161_ligand_refined.sdf']
Multiple ligands found for 1duv: ['data/proto_train/ligand/1duv_PSQ_I_403_ligand_refined.sdf', 'data/proto_train/ligand/1duv_PSQ_H_402_ligand_refined.sdf', 'data/proto_train/ligand/1duv_PSQ_G_401_ligand_refined.sdf']
Multiple ligands found for 1bcj: ['data/proto_train/ligand/1bcj_NGA_2_1_ligand_refined.sdf', 'data/proto_train/ligand/1bcj_NGA_3_1_ligand_refined.sdf', 'data/proto_train/ligand/1bcj_NGA_1_1_ligand_refined.sdf']
Multiple ligands found for 1f4f: ['data/proto_train/ligand/1f4f_TP3_B_702_ligand_refined.sdf', 'data/proto_train/ligand/1f4f_TP3_A_701_ligand_refined.sdf']
Multiple ligands found for 1c7f: ['data/proto_train/ligand/1c7f_FMN_A_1149_ligand_refined.sdf', 'data/proto_train/ligand/1c7f_FMN_B_2149_ligand_refined.sdf']
Multiple ligands found for 1dqx: ['data/proto_train/ligand/1dqx_BMP_D_604_ligand_refined.sdf', 'data/proto_train/ligand/1dqx_BMP_B_602_ligand_refined.sdf', 'data/proto_train/ligand/1dqx_BMP_A_601_ligand_refined.sdf', 'data/proto_train/ligand/1dqx_BMP_C_603_ligand_refined.sdf']
Multiple ligands found for 1ag9: ['data/proto_train/ligand/1ag9_FMN_B_177_ligand_refined.sdf', 'data/proto_train/ligand/1ag9_FMN_A_177_ligand_refined.sdf']
Multiple ligands found for 1e06: ['data/proto_train/ligand/1e06_IPB_B_600_ligand_refined.sdf', 'data/proto_train/ligand/1e06_IPB_A_600_ligand_refined.sdf']
Multiple ligands found for 13gs: ['data/proto_train/ligand/13gs_SAS_B_211_ligand_refined.sdf', 'data/proto_train/ligand/13gs_SAS_A_211_ligand_refined.sdf']
Multiple ligands found for 1ahx: ['data/proto_train/ligand/1ahx_HCI_B_411_ligand_refined.sdf', 'data/proto_train/ligand/1ahx_HCI_A_411_ligand_refined.sdf']
Multiple ligands found for 1apb: ['data/proto_train/ligand/1apb_FCB_A_308_ligand_refined.sdf', 'data/proto_train/ligand/1apb_FCA_A_307_ligand_refined.sdf']
Multiple ligands found for 1dds: ['data/proto_train/ligand/1dds_MTX_B_201_ligand_refined.sdf', 'data/proto_train/ligand/1dds_MTX_A_201_ligand_refined.sdf']
Multiple ligands found for 1ahy: ['data/proto_train/ligand/1ahy_MAE_B_411_ligand_refined.sdf', 'data/proto_train/ligand/1ahy_MAE_A_411_ligand_refined.sdf']
Multiple ligands found for 1e3v: ['data/proto_train/ligand/1e3v_DXC_A_801_ligand_refined.sdf', 'data/proto_train/ligand/1e3v_DXC_B_801_ligand_refined.sdf']
Multiple ligands found for 1ere: ['data/proto_train/ligand/1ere_EST_E_600_ligand_refined.sdf', 'data/proto_train/ligand/1ere_EST_D_600_ligand_refined.sdf', 'data/proto_train/ligand/1ere_EST_F_600_ligand_refined.sdf', 'data/proto_train/ligand/1ere_EST_C_600_ligand_refined.sdf', 'data/proto_train/ligand/1ere_EST_B_600_ligand_refined.sdf', 'data/proto_train/ligand/1ere_EST_A_600_ligand_refined.sdf']
Multiple ligands found for 1alw: ['data/proto_train/ligand/1alw_ISA_B_12_ligand_refined.sdf', 'data/proto_train/ligand/1alw_ISA_A_11_ligand_refined.sdf']
Multiple ligands found for 1f4f: ['data/proto_train/ligand/1f4f_TP3_B_702_ligand_refined.sdf', 'data/proto_train/ligand/1f4f_TP3_A_701_ligand_refined.sdf']
Multiple ligands found for 1a0t: ['data/proto_train/ligand/1a0t_GLC-FRU_D_1-2_ligand_refined.sdf', 'data/proto_train/ligand/1a0t_GLC-FRU_E_1-2_ligand_refined.sdf', 'data/proto_train/ligand/1a0t_GLC-FRU_F_1-2_ligand_refined.sdf', 'data/proto_train/ligand/1a0t_GLC-FRU_B_1-2_ligand_refined.sdf', 'data/proto_train/ligand/1a0t_GLC-FRU_C_1-2_ligand_refined.sdf', 'data/proto_train/ligand/1a0t_GLC-FRU_A_1-2_ligand_refined.sdf']
Multiple ligands found for 1ed4: ['data/proto_train/ligand/1ed4_IPU_B_1840_ligand_refined.sdf', 'data/proto_train/ligand/1ed4_IPU_A_1830_ligand_refined.sdf', 'data/proto_train/ligand/1ed4_IPU_A_2840_ligand_refined.sdf', 'data/proto_train/ligand/1ed4_IPU_B_2830_ligand_refined.sdf']
Multiple ligands found for 1apb: ['data/proto_train/ligand/1apb_FCB_A_308_ligand_refined.sdf', 'data/proto_train/ligand/1apb_FCA_A_307_ligand_refined.sdf']
Multiple ligands found for 1a4r: ['data/proto_train/ligand/1a4r_GDP_A_200_ligand_refined.sdf', 'data/proto_train/ligand/1a4r_GNH_B_400_ligand_refined.sdf']
Multiple ligands found for 1f73: ['data/proto_train/ligand/1f73_HMN_B_701_ligand_refined.sdf', 'data/proto_train/ligand/1f73_HMN_C_702_ligand_refined.sdf', 'data/proto_train/ligand/1f73_HMN_A_700_ligand_refined.sdf', 'data/proto_train/ligand/1f73_HMN_D_703_ligand_refined.sdf']
Multiple ligands found for 1d1w: ['data/proto_train/ligand/1d1w_ATQ_B_801_ligand_refined.sdf', 'data/proto_train/ligand/1d1w_ATQ_A_805_ligand_refined.sdf']
Multiple ligands found for 1eqg: ['data/proto_train/ligand/1eqg_IBP_B_1701_ligand_refined.sdf', 'data/proto_train/ligand/1eqg_IBP_A_701_ligand_refined.sdf']
Multiple ligands found for 1efi: ['data/proto_train/ligand/1efi_GAT_F_106_ligand_refined.sdf', 'data/proto_train/ligand/1efi_GAT_D_104_ligand_refined.sdf', 'data/proto_train/ligand/1efi_GAT_G_107_ligand_refined.sdf', 'data/proto_train/ligand/1efi_GAT_E_105_ligand_refined.sdf', 'data/proto_train/ligand/1efi_GAT_H_108_ligand_refined.sdf']
Multiple ligands found for 1ag9: ['data/proto_train/ligand/1ag9_FMN_B_177_ligand_refined.sdf', 'data/proto_train/ligand/1ag9_FMN_A_177_ligand_refined.sdf']
Multiple ligands found for 1e3k: ['data/proto_train/ligand/1e3k_R18_A_1000_ligand_refined.sdf', 'data/proto_train/ligand/1e3k_R18_B_1000_ligand_refined.sdf']
Multiple ligands found for 1bto: ['data/proto_train/ligand/1bto_SSB_D_378_ligand_refined.sdf', 'data/proto_train/ligand/1bto_SSB_C_378_ligand_refined.sdf', 'data/proto_train/ligand/1bto_SSB_B_378_ligand_refined.sdf', 'data/proto_train/ligand/1bto_SSB_A_378_ligand_refined.sdf']
Multiple ligands found for 1a99: ['data/proto_train/ligand/1a99_PUT_C_371_ligand_refined.sdf', 'data/proto_train/ligand/1a99_PUT_B_371_ligand_refined.sdf', 'data/proto_train/ligand/1a99_PUT_A_371_ligand_refined.sdf', 'data/proto_train/ligand/1a99_PUT_D_371_ligand_refined.sdf']
Multiple ligands found for 1a0t: ['data/proto_train/ligand/1a0t_GLC-FRU_D_1-2_ligand_refined.sdf', 'data/proto_train/ligand/1a0t_GLC-FRU_E_1-2_ligand_refined.sdf', 'data/proto_train/ligand/1a0t_GLC-FRU_F_1-2_ligand_refined.sdf', 'data/proto_train/ligand/1a0t_GLC-FRU_B_1-2_ligand_refined.sdf', 'data/proto_train/ligand/1a0t_GLC-FRU_C_1-2_ligand_refined.sdf', 'data/proto_train/ligand/1a0t_GLC-FRU_A_1-2_ligand_refined.sdf']
Multiple ligands found for 1a0t: ['data/proto_train/ligand/1a0t_GLC-FRU_D_1-2_ligand_refined.sdf', 'data/proto_train/ligand/1a0t_GLC-FRU_E_1-2_ligand_refined.sdf', 'data/proto_train/ligand/1a0t_GLC-FRU_F_1-2_ligand_refined.sdf', 'data/proto_train/ligand/1a0t_GLC-FRU_B_1-2_ligand_refined.sdf', 'data/proto_train/ligand/1a0t_GLC-FRU_C_1-2_ligand_refined.sdf', 'data/proto_train/ligand/1a0t_GLC-FRU_A_1-2_ligand_refined.sdf']
Multiple ligands found for 1c7e: ['data/proto_train/ligand/1c7e_FMN_B_2149_ligand_refined.sdf', 'data/proto_train/ligand/1c7e_FMN_A_1149_ligand_refined.sdf']
Multiple ligands found for 1e2l: ['data/proto_train/ligand/1e2l_TMC_A_500_ligand_refined.sdf', 'data/proto_train/ligand/1e2l_TMC_B_500_ligand_refined.sdf']
Multiple ligands found for 1bwn: ['data/proto_train/ligand/1bwn_4IP_A_1_ligand_refined.sdf', 'data/proto_train/ligand/1bwn_4IP_A_172_ligand_refined.sdf', 'data/proto_train/ligand/1bwn_4IP_B_172_ligand_refined.sdf', 'data/proto_train/ligand/1bwn_4IP_B_1_ligand_refined.sdf']
Multiple ligands found for 1egh: ['data/proto_train/ligand/1egh_PGA_A_201_ligand_refined.sdf', 'data/proto_train/ligand/1egh_PGA_F_251_ligand_refined.sdf', 'data/proto_train/ligand/1egh_PGA_C_221_ligand_refined.sdf', 'data/proto_train/ligand/1egh_PGA_D_231_ligand_refined.sdf', 'data/proto_train/ligand/1egh_PGA_E_241_ligand_refined.sdf', 'data/proto_train/ligand/1egh_PGA_B_211_ligand_refined.sdf']
Multiple ligands found for 1a4m: ['data/proto_train/ligand/1a4m_PRH_B_854_ligand_refined.sdf', 'data/proto_train/ligand/1a4m_PRH_C_1354_ligand_refined.sdf', 'data/proto_train/ligand/1a4m_PRH_A_354_ligand_refined.sdf', 'data/proto_train/ligand/1a4m_PRH_D_1854_ligand_refined.sdf']
Multiple ligands found for 1f74: ['data/proto_train/ligand/1f74_NAY_A_950_ligand_refined.sdf', 'data/proto_train/ligand/1f74_NAY_C_951_ligand_refined.sdf']
Multiple ligands found for 1bzy: ['data/proto_train/ligand/1bzy_IMU_C_300_ligand_refined.sdf', 'data/proto_train/ligand/1bzy_IMU_B_300_ligand_refined.sdf', 'data/proto_train/ligand/1bzy_IMU_A_300_ligand_refined.sdf', 'data/proto_train/ligand/1bzy_IMU_D_300_ligand_refined.sdf']
Multiple ligands found for 1cea: ['data/proto_train/ligand/1cea_ACA_A_90_ligand_refined.sdf', 'data/proto_train/ligand/1cea_ACA_B_90_ligand_refined.sdf']
Multiple ligands found for 1cgl: ['data/proto_train/ligand/1cgl_0ED_A_1_ligand_refined.sdf', 'data/proto_train/ligand/1cgl_0ED_B_1_ligand_refined.sdf']
Multiple ligands found for 1bil: ['data/proto_train/ligand/1bil_0IU_B_391_ligand_refined.sdf', 'data/proto_train/ligand/1bil_0IU_A_391_ligand_refined.sdf']
Multiple ligands found for 1a4m: ['data/proto_train/ligand/1a4m_PRH_B_854_ligand_refined.sdf', 'data/proto_train/ligand/1a4m_PRH_C_1354_ligand_refined.sdf', 'data/proto_train/ligand/1a4m_PRH_A_354_ligand_refined.sdf', 'data/proto_train/ligand/1a4m_PRH_D_1854_ligand_refined.sdf']
Multiple ligands found for 1f3f: ['data/proto_train/ligand/1f3f_D4T_A_160_ligand_refined.sdf', 'data/proto_train/ligand/1f3f_D4T_B_161_ligand_refined.sdf', 'data/proto_train/ligand/1f3f_D4T_C_164_ligand_refined.sdf']
Multiple ligands found for 1f7k: ['data/proto_train/ligand/1f7k_UMP_B_703_ligand_refined.sdf', 'data/proto_train/ligand/1f7k_UMP_A_704_ligand_refined.sdf']
Multiple ligands found for 1e4x: ['data/proto_train/ligand/1e4x_VAL-ASP_P_1-7_ligand_refined.sdf', 'data/proto_train/ligand/1e4x_VAL-ASP_Q_1-7_ligand_refined.sdf']
Multiple ligands found for 1el5: ['data/proto_train/ligand/1el5_DMG_B_811_ligand_refined.sdf', 'data/proto_train/ligand/1el5_DMG_A_801_ligand_refined.sdf']
Multiple ligands found for 1bap: ['data/proto_train/ligand/1bap_ARB_A_308_ligand_refined.sdf', 'data/proto_train/ligand/1bap_ARA_A_307_ligand_refined.sdf']
Multiple ligands found for 1a1e: ['data/proto_train/ligand/1a1e_ACE-DIY_D_100-103_ligand_refined.sdf', 'data/proto_train/ligand/1a1e_ACE-DIY_C_100-103_ligand_refined.sdf']
Multiple ligands found for 1afk: ['data/proto_train/ligand/1afk_PAP_B_125_ligand_refined.sdf', 'data/proto_train/ligand/1afk_PAP_A_125_ligand_refined.sdf']
Multiple ligands found for 1ew8: ['data/proto_train/ligand/1ew8_PAE_A_556_ligand_refined.sdf', 'data/proto_train/ligand/1ew8_PAE_B_556_ligand_refined.sdf']
Multiple ligands found for 1ccw: ['data/proto_train/ligand/1ccw_TAR_D_900_ligand_refined.sdf', 'data/proto_train/ligand/1ccw_TAR_B_900_ligand_refined.sdf']
Multiple ligands found for 1cjb: ['data/proto_train/ligand/1cjb_IRP_A_300_ligand_refined.sdf', 'data/proto_train/ligand/1cjb_IRP_B_300_ligand_refined.sdf', 'data/proto_train/ligand/1cjb_IRP_C_300_ligand_refined.sdf', 'data/proto_train/ligand/1cjb_IRP_D_300_ligand_refined.sdf']
Multiple ligands found for 1a28: ['data/proto_train/ligand/1a28_STR_B_2_ligand_refined.sdf', 'data/proto_train/ligand/1a28_STR_A_1_ligand_refined.sdf']
Multiple ligands found for 1eyk: ['data/proto_train/ligand/1eyk_AMP_B_342_ligand_refined.sdf', 'data/proto_train/ligand/1eyk_AMP_A_341_ligand_refined.sdf']
Multiple ligands found for 1doh: ['data/proto_train/ligand/1doh_NID_A_502_ligand_refined.sdf', 'data/proto_train/ligand/1doh_NID_B_503_ligand_refined.sdf']
Multiple ligands found for 1dvj: ['data/proto_train/ligand/1dvj_UP6_A_5001_ligand_refined.sdf', 'data/proto_train/ligand/1dvj_UP6_B_5002_ligand_refined.sdf', 'data/proto_train/ligand/1dvj_UP6_D_5004_ligand_refined.sdf', 'data/proto_train/ligand/1dvj_UP6_C_5003_ligand_refined.sdf']
Multiple ligands found for 1a1c: ['data/proto_train/ligand/1a1c_ACE-DIX_C_100-103_ligand_refined.sdf', 'data/proto_train/ligand/1a1c_ACE-DIX_D_100-103_ligand_refined.sdf']
Multiple ligands found for 1f7k: ['data/proto_train/ligand/1f7k_UMP_B_703_ligand_refined.sdf', 'data/proto_train/ligand/1f7k_UMP_A_704_ligand_refined.sdf']
Multiple ligands found for 1b3l: ['data/proto_train/ligand/1b3l_LYS-LYS_D_1-3_ligand_refined.sdf', 'data/proto_train/ligand/1b3l_LYS-LYS_B_1-3_ligand_refined.sdf']
Multiple ligands found for 1e2k: ['data/proto_train/ligand/1e2k_TMC_B_500_ligand_refined.sdf', 'data/proto_train/ligand/1e2k_TMC_A_500_ligand_refined.sdf']
Multiple ligands found for 1e9h: ['data/proto_train/ligand/1e9h_INR_C_1298_ligand_refined.sdf', 'data/proto_train/ligand/1e9h_INR_A_1298_ligand_refined.sdf']
Multiple ligands found for 1ag9: ['data/proto_train/ligand/1ag9_FMN_B_177_ligand_refined.sdf', 'data/proto_train/ligand/1ag9_FMN_A_177_ligand_refined.sdf']
Multiple ligands found for 1d7x: ['data/proto_train/ligand/1d7x_SPC_B_901_ligand_refined.sdf', 'data/proto_train/ligand/1d7x_SPC_A_401_ligand_refined.sdf']
Multiple ligands found for 1e2l: ['data/proto_train/ligand/1e2l_TMC_A_500_ligand_refined.sdf', 'data/proto_train/ligand/1e2l_TMC_B_500_ligand_refined.sdf']
Multiple ligands found for 1err: ['data/proto_train/ligand/1err_RAL_A_600_ligand_refined.sdf', 'data/proto_train/ligand/1err_RAL_B_600_ligand_refined.sdf']
Multiple ligands found for 1a69: ['data/proto_train/ligand/1a69_FMB_A_240_ligand_refined.sdf', 'data/proto_train/ligand/1a69_FMB_C_240_ligand_refined.sdf', 'data/proto_train/ligand/1a69_FMB_B_240_ligand_refined.sdf']
Multiple ligands found for 1dog: ['data/proto_train/ligand/1dog_NOJ_A_495_ligand_refined.sdf', 'data/proto_train/ligand/1dog_NOJ_A_496_ligand_refined.sdf']
Multiple ligands found for 1a99: ['data/proto_train/ligand/1a99_PUT_C_371_ligand_refined.sdf', 'data/proto_train/ligand/1a99_PUT_B_371_ligand_refined.sdf', 'data/proto_train/ligand/1a99_PUT_A_371_ligand_refined.sdf', 'data/proto_train/ligand/1a99_PUT_D_371_ligand_refined.sdf']
Multiple ligands found for 1dvj: ['data/proto_train/ligand/1dvj_UP6_A_5001_ligand_refined.sdf', 'data/proto_train/ligand/1dvj_UP6_B_5002_ligand_refined.sdf', 'data/proto_train/ligand/1dvj_UP6_D_5004_ligand_refined.sdf', 'data/proto_train/ligand/1dvj_UP6_C_5003_ligand_refined.sdf']
Multiple ligands found for 1a1b: ['data/proto_train/ligand/1a1b_ACE-DIP_D_100-103_ligand_refined.sdf', 'data/proto_train/ligand/1a1b_ACE-DIP_C_100-103_ligand_refined.sdf']
Multiple ligands found for 1d2e: ['data/proto_train/ligand/1d2e_GDP_C_1303_ligand_refined.sdf', 'data/proto_train/ligand/1d2e_GDP_B_1302_ligand_refined.sdf', 'data/proto_train/ligand/1d2e_GDP_D_1304_ligand_refined.sdf', 'data/proto_train/ligand/1d2e_GDP_A_1301_ligand_refined.sdf']
Multiple ligands found for 1dth: ['data/proto_train/ligand/1dth_BAT_A_972_ligand_refined.sdf', 'data/proto_train/ligand/1dth_BAT_B_973_ligand_refined.sdf']
Multiple ligands found for 1f3f: ['data/proto_train/ligand/1f3f_D4T_A_160_ligand_refined.sdf', 'data/proto_train/ligand/1f3f_D4T_B_161_ligand_refined.sdf', 'data/proto_train/ligand/1f3f_D4T_C_164_ligand_refined.sdf']
Multiple ligands found for 1fch: ['data/proto_train/ligand/1fch_TYR-LEU_C_1-5_ligand_refined.sdf', 'data/proto_train/ligand/1fch_TYR-LEU_D_1-5_ligand_refined.sdf']
Multiple ligands found for 1cqe: ['data/proto_train/ligand/1cqe_FLP_B_2650_ligand_refined.sdf', 'data/proto_train/ligand/1cqe_FLP_A_1650_ligand_refined.sdf']
Multiple ligands found for 1eqh: ['data/proto_train/ligand/1eqh_FLP_A_701_ligand_refined.sdf', 'data/proto_train/ligand/1eqh_FLP_B_1701_ligand_refined.sdf']
Multiple ligands found for 1apb: ['data/proto_train/ligand/1apb_FCB_A_308_ligand_refined.sdf', 'data/proto_train/ligand/1apb_FCA_A_307_ligand_refined.sdf']
Multiple ligands found for 1c2t: ['data/proto_train/ligand/1c2t_NHS_A_222_ligand_refined.sdf', 'data/proto_train/ligand/1c2t_NHS_B_220_ligand_refined.sdf']
Multiple ligands found for 1ere: ['data/proto_train/ligand/1ere_EST_E_600_ligand_refined.sdf', 'data/proto_train/ligand/1ere_EST_D_600_ligand_refined.sdf', 'data/proto_train/ligand/1ere_EST_F_600_ligand_refined.sdf', 'data/proto_train/ligand/1ere_EST_C_600_ligand_refined.sdf', 'data/proto_train/ligand/1ere_EST_B_600_ligand_refined.sdf', 'data/proto_train/ligand/1ere_EST_A_600_ligand_refined.sdf']
Multiple ligands found for 1dqr: ['data/proto_train/ligand/1dqr_6PG_B_601_ligand_refined.sdf', 'data/proto_train/ligand/1dqr_6PG_A_600_ligand_refined.sdf']
Multiple ligands found for 1ahx: ['data/proto_train/ligand/1ahx_HCI_B_411_ligand_refined.sdf', 'data/proto_train/ligand/1ahx_HCI_A_411_ligand_refined.sdf']
Multiple ligands found for 1e4h: ['data/proto_train/ligand/1e4h_PBR_B_999_ligand_refined.sdf', 'data/proto_train/ligand/1e4h_PBR_A_998_ligand_refined.sdf']
Multiple ligands found for 1bzy: ['data/proto_train/ligand/1bzy_IMU_C_300_ligand_refined.sdf', 'data/proto_train/ligand/1bzy_IMU_B_300_ligand_refined.sdf', 'data/proto_train/ligand/1bzy_IMU_A_300_ligand_refined.sdf', 'data/proto_train/ligand/1bzy_IMU_D_300_ligand_refined.sdf']
Multiple ligands found for 1e2k: ['data/proto_train/ligand/1e2k_TMC_B_500_ligand_refined.sdf', 'data/proto_train/ligand/1e2k_TMC_A_500_ligand_refined.sdf']
Multiple ligands found for 1dth: ['data/proto_train/ligand/1dth_BAT_A_972_ligand_refined.sdf', 'data/proto_train/ligand/1dth_BAT_B_973_ligand_refined.sdf']
Multiple ligands found for 1cjb: ['data/proto_train/ligand/1cjb_IRP_A_300_ligand_refined.sdf', 'data/proto_train/ligand/1cjb_IRP_B_300_ligand_refined.sdf', 'data/proto_train/ligand/1cjb_IRP_C_300_ligand_refined.sdf', 'data/proto_train/ligand/1cjb_IRP_D_300_ligand_refined.sdf']
Multiple ligands found for 1d7j: ['data/proto_train/ligand/1d7j_BUQ_B_321_ligand_refined.sdf', 'data/proto_train/ligand/1d7j_BUQ_A_311_ligand_refined.sdf']
Multiple ligands found for 1bzy: ['data/proto_train/ligand/1bzy_IMU_C_300_ligand_refined.sdf', 'data/proto_train/ligand/1bzy_IMU_B_300_ligand_refined.sdf', 'data/proto_train/ligand/1bzy_IMU_A_300_ligand_refined.sdf', 'data/proto_train/ligand/1bzy_IMU_D_300_ligand_refined.sdf']
Multiple ligands found for 1d0o: ['data/proto_train/ligand/1d0o_INE_A_766_ligand_refined.sdf', 'data/proto_train/ligand/1d0o_INE_B_761_ligand_refined.sdf', 'data/proto_train/ligand/1d0o_INE_A_760_ligand_refined.sdf', 'data/proto_train/ligand/1d0o_INE_B_765_ligand_refined.sdf']
Multiple ligands found for 1ahy: ['data/proto_train/ligand/1ahy_MAE_B_411_ligand_refined.sdf', 'data/proto_train/ligand/1ahy_MAE_A_411_ligand_refined.sdf']
Multiple ligands found for 1efi: ['data/proto_train/ligand/1efi_GAT_F_106_ligand_refined.sdf', 'data/proto_train/ligand/1efi_GAT_D_104_ligand_refined.sdf', 'data/proto_train/ligand/1efi_GAT_G_107_ligand_refined.sdf', 'data/proto_train/ligand/1efi_GAT_E_105_ligand_refined.sdf', 'data/proto_train/ligand/1efi_GAT_H_108_ligand_refined.sdf']
Multiple ligands found for 1f28: ['data/proto_train/ligand/1f28_F89_B_402_ligand_refined.sdf', 'data/proto_train/ligand/1f28_F89_D_404_ligand_refined.sdf', 'data/proto_train/ligand/1f28_F89_C_403_ligand_refined.sdf', 'data/proto_train/ligand/1f28_F89_A_401_ligand_refined.sdf']
Multiple ligands found for 1ccw: ['data/proto_train/ligand/1ccw_TAR_D_900_ligand_refined.sdf', 'data/proto_train/ligand/1ccw_TAR_B_900_ligand_refined.sdf']
Multiple ligands found for 1d8a: ['data/proto_train/ligand/1d8a_TCL_A_502_ligand_refined.sdf', 'data/proto_train/ligand/1d8a_TCL_B_504_ligand_refined.sdf']
Multiple ligands found for 1e8g: ['data/proto_train/ligand/1e8g_FAD_B_600_ligand_refined.sdf', 'data/proto_train/ligand/1e8g_FAD_A_600_ligand_refined.sdf']
Multiple ligands found for 1eli: ['data/proto_train/ligand/1eli_PYC_B_811_ligand_refined.sdf', 'data/proto_train/ligand/1eli_PYC_A_801_ligand_refined.sdf', 'data/proto_train/ligand/1eli_PYC_B_815_ligand_refined.sdf']
Multiple ligands found for 1dqx: ['data/proto_train/ligand/1dqx_BMP_D_604_ligand_refined.sdf', 'data/proto_train/ligand/1dqx_BMP_B_602_ligand_refined.sdf', 'data/proto_train/ligand/1dqx_BMP_A_601_ligand_refined.sdf', 'data/proto_train/ligand/1dqx_BMP_C_603_ligand_refined.sdf']
Multiple ligands found for 1a99: ['data/proto_train/ligand/1a99_PUT_C_371_ligand_refined.sdf', 'data/proto_train/ligand/1a99_PUT_B_371_ligand_refined.sdf', 'data/proto_train/ligand/1a99_PUT_A_371_ligand_refined.sdf', 'data/proto_train/ligand/1a99_PUT_D_371_ligand_refined.sdf']
Multiple ligands found for 1ere: ['data/proto_train/ligand/1ere_EST_E_600_ligand_refined.sdf', 'data/proto_train/ligand/1ere_EST_D_600_ligand_refined.sdf', 'data/proto_train/ligand/1ere_EST_F_600_ligand_refined.sdf', 'data/proto_train/ligand/1ere_EST_C_600_ligand_refined.sdf', 'data/proto_train/ligand/1ere_EST_B_600_ligand_refined.sdf', 'data/proto_train/ligand/1ere_EST_A_600_ligand_refined.sdf']
Multiple ligands found for 1cgl: ['data/proto_train/ligand/1cgl_0ED_A_1_ligand_refined.sdf', 'data/proto_train/ligand/1cgl_0ED_B_1_ligand_refined.sdf']
Multiple ligands found for 1a52: ['data/proto_train/ligand/1a52_EST_B_2_ligand_refined.sdf', 'data/proto_train/ligand/1a52_EST_A_1_ligand_refined.sdf']
Multiple ligands found for 1az1: ['data/proto_train/ligand/1az1_ALR_A_317_ligand_refined.sdf', 'data/proto_train/ligand/1az1_ALR_A_318_ligand_refined.sdf']
Multiple ligands found for 1a1c: ['data/proto_train/ligand/1a1c_ACE-DIX_C_100-103_ligand_refined.sdf', 'data/proto_train/ligand/1a1c_ACE-DIX_D_100-103_ligand_refined.sdf']
Multiple ligands found for 1dvj: ['data/proto_train/ligand/1dvj_UP6_A_5001_ligand_refined.sdf', 'data/proto_train/ligand/1dvj_UP6_B_5002_ligand_refined.sdf', 'data/proto_train/ligand/1dvj_UP6_D_5004_ligand_refined.sdf', 'data/proto_train/ligand/1dvj_UP6_C_5003_ligand_refined.sdf']
Multiple ligands found for 1eei: ['data/proto_train/ligand/1eei_GAA_G_507_ligand_refined.sdf', 'data/proto_train/ligand/1eei_GAA_E_505_ligand_refined.sdf', 'data/proto_train/ligand/1eei_GAA_H_508_ligand_refined.sdf', 'data/proto_train/ligand/1eei_GAA_F_506_ligand_refined.sdf', 'data/proto_train/ligand/1eei_GAA_D_504_ligand_refined.sdf']
Multiple ligands found for 1f28: ['data/proto_train/ligand/1f28_F89_B_402_ligand_refined.sdf', 'data/proto_train/ligand/1f28_F89_D_404_ligand_refined.sdf', 'data/proto_train/ligand/1f28_F89_C_403_ligand_refined.sdf', 'data/proto_train/ligand/1f28_F89_A_401_ligand_refined.sdf']
Multiple ligands found for 1a1b: ['data/proto_train/ligand/1a1b_ACE-DIP_D_100-103_ligand_refined.sdf', 'data/proto_train/ligand/1a1b_ACE-DIP_C_100-103_ligand_refined.sdf']
Multiple ligands found for 1bap: ['data/proto_train/ligand/1bap_ARB_A_308_ligand_refined.sdf', 'data/proto_train/ligand/1bap_ARA_A_307_ligand_refined.sdf']
Multiple ligands found for 1a7c: ['data/proto_train/ligand/1a7c_ACE-NH2_C_910-916_ligand_refined.sdf', 'data/proto_train/ligand/1a7c_ACE-NH2_B_900-906_ligand_refined.sdf']
Multiple ligands found for 1a28: ['data/proto_train/ligand/1a28_STR_B_2_ligand_refined.sdf', 'data/proto_train/ligand/1a28_STR_A_1_ligand_refined.sdf']
Multiple ligands found for 1ew9: ['data/proto_train/ligand/1ew9_MMQ_B_559_ligand_refined.sdf', 'data/proto_train/ligand/1ew9_MMQ_A_559_ligand_refined.sdf']
Multiple ligands found for 1b55: ['data/proto_train/ligand/1b55_4IP_A_171_ligand_refined.sdf', 'data/proto_train/ligand/1b55_4IP_B_172_ligand_refined.sdf']
Multiple ligands found for 1cm0: ['data/proto_train/ligand/1cm0_COA_A_701_ligand_refined.sdf', 'data/proto_train/ligand/1cm0_COA_B_700_ligand_refined.sdf']
Multiple ligands found for 1d1w: ['data/proto_train/ligand/1d1w_ATQ_B_801_ligand_refined.sdf', 'data/proto_train/ligand/1d1w_ATQ_A_805_ligand_refined.sdf']
Multiple ligands found for 1bwn: ['data/proto_train/ligand/1bwn_4IP_A_1_ligand_refined.sdf', 'data/proto_train/ligand/1bwn_4IP_A_172_ligand_refined.sdf', 'data/proto_train/ligand/1bwn_4IP_B_172_ligand_refined.sdf', 'data/proto_train/ligand/1bwn_4IP_B_1_ligand_refined.sdf']
Multiple ligands found for 1efi: ['data/proto_train/ligand/1efi_GAT_F_106_ligand_refined.sdf', 'data/proto_train/ligand/1efi_GAT_D_104_ligand_refined.sdf', 'data/proto_train/ligand/1efi_GAT_G_107_ligand_refined.sdf', 'data/proto_train/ligand/1efi_GAT_E_105_ligand_refined.sdf', 'data/proto_train/ligand/1efi_GAT_H_108_ligand_refined.sdf']
Multiple ligands found for 1e00: ['data/proto_train/ligand/1e00_DHM_A_600_ligand_refined.sdf', 'data/proto_train/ligand/1e00_DHM_B_600_ligand_refined.sdf']
Multiple ligands found for 1f74: ['data/proto_train/ligand/1f74_NAY_A_950_ligand_refined.sdf', 'data/proto_train/ligand/1f74_NAY_C_951_ligand_refined.sdf']
Multiple ligands found for 1bcj: ['data/proto_train/ligand/1bcj_NGA_2_1_ligand_refined.sdf', 'data/proto_train/ligand/1bcj_NGA_3_1_ligand_refined.sdf', 'data/proto_train/ligand/1bcj_NGA_1_1_ligand_refined.sdf']
Multiple ligands found for 1e9h: ['data/proto_train/ligand/1e9h_INR_C_1298_ligand_refined.sdf', 'data/proto_train/ligand/1e9h_INR_A_1298_ligand_refined.sdf']
Multiple ligands found for 1d0o: ['data/proto_train/ligand/1d0o_INE_A_766_ligand_refined.sdf', 'data/proto_train/ligand/1d0o_INE_B_761_ligand_refined.sdf', 'data/proto_train/ligand/1d0o_INE_A_760_ligand_refined.sdf', 'data/proto_train/ligand/1d0o_INE_B_765_ligand_refined.sdf']
Multiple ligands found for 1fby: ['data/proto_train/ligand/1fby_9CR_A_500_ligand_refined.sdf', 'data/proto_train/ligand/1fby_9CR_B_1500_ligand_refined.sdf']
Multiple ligands found for 1egh: ['data/proto_train/ligand/1egh_PGA_A_201_ligand_refined.sdf', 'data/proto_train/ligand/1egh_PGA_F_251_ligand_refined.sdf', 'data/proto_train/ligand/1egh_PGA_C_221_ligand_refined.sdf', 'data/proto_train/ligand/1egh_PGA_D_231_ligand_refined.sdf', 'data/proto_train/ligand/1egh_PGA_E_241_ligand_refined.sdf', 'data/proto_train/ligand/1egh_PGA_B_211_ligand_refined.sdf']
Multiple ligands found for 1e02: ['data/proto_train/ligand/1e02_UNA_A_600_ligand_refined.sdf', 'data/proto_train/ligand/1e02_UNA_B_600_ligand_refined.sdf']
Multiple ligands found for 1eei: ['data/proto_train/ligand/1eei_GAA_G_507_ligand_refined.sdf', 'data/proto_train/ligand/1eei_GAA_E_505_ligand_refined.sdf', 'data/proto_train/ligand/1eei_GAA_H_508_ligand_refined.sdf', 'data/proto_train/ligand/1eei_GAA_F_506_ligand_refined.sdf', 'data/proto_train/ligand/1eei_GAA_D_504_ligand_refined.sdf']
Multiple ligands found for 1a4m: ['data/proto_train/ligand/1a4m_PRH_B_854_ligand_refined.sdf', 'data/proto_train/ligand/1a4m_PRH_C_1354_ligand_refined.sdf', 'data/proto_train/ligand/1a4m_PRH_A_354_ligand_refined.sdf', 'data/proto_train/ligand/1a4m_PRH_D_1854_ligand_refined.sdf']
Multiple ligands found for 1ew8: ['data/proto_train/ligand/1ew8_PAE_A_556_ligand_refined.sdf', 'data/proto_train/ligand/1ew8_PAE_B_556_ligand_refined.sdf']
Multiple ligands found for 1bzy: ['data/proto_train/ligand/1bzy_IMU_C_300_ligand_refined.sdf', 'data/proto_train/ligand/1bzy_IMU_B_300_ligand_refined.sdf', 'data/proto_train/ligand/1bzy_IMU_A_300_ligand_refined.sdf', 'data/proto_train/ligand/1bzy_IMU_D_300_ligand_refined.sdf']
Multiple ligands found for 1dmy: ['data/proto_train/ligand/1dmy_AZM_A_400_ligand_refined.sdf', 'data/proto_train/ligand/1dmy_AZM_B_900_ligand_refined.sdf']
Multiple ligands found for 1ed4: ['data/proto_train/ligand/1ed4_IPU_B_1840_ligand_refined.sdf', 'data/proto_train/ligand/1ed4_IPU_A_1830_ligand_refined.sdf', 'data/proto_train/ligand/1ed4_IPU_A_2840_ligand_refined.sdf', 'data/proto_train/ligand/1ed4_IPU_B_2830_ligand_refined.sdf']
Multiple ligands found for 1exv: ['data/proto_train/ligand/1exv_700_B_1862_ligand_refined.sdf', 'data/proto_train/ligand/1exv_700_A_862_ligand_refined.sdf']
Multiple ligands found for 1a4q: ['data/proto_train/ligand/1a4q_DPC_A_466_ligand_refined.sdf', 'data/proto_train/ligand/1a4q_DPC_B_466_ligand_refined.sdf']
Multiple ligands found for 1ed4: ['data/proto_train/ligand/1ed4_IPU_B_1840_ligand_refined.sdf', 'data/proto_train/ligand/1ed4_IPU_A_1830_ligand_refined.sdf', 'data/proto_train/ligand/1ed4_IPU_A_2840_ligand_refined.sdf', 'data/proto_train/ligand/1ed4_IPU_B_2830_ligand_refined.sdf']
Multiple ligands found for 1e2n: ['data/proto_train/ligand/1e2n_RCA_A_500_ligand_refined.sdf', 'data/proto_train/ligand/1e2n_RCA_B_500_ligand_refined.sdf']
Multiple ligands found for 1efi: ['data/proto_train/ligand/1efi_GAT_F_106_ligand_refined.sdf', 'data/proto_train/ligand/1efi_GAT_D_104_ligand_refined.sdf', 'data/proto_train/ligand/1efi_GAT_G_107_ligand_refined.sdf', 'data/proto_train/ligand/1efi_GAT_E_105_ligand_refined.sdf', 'data/proto_train/ligand/1efi_GAT_H_108_ligand_refined.sdf']
Multiple ligands found for 1fby: ['data/proto_train/ligand/1fby_9CR_A_500_ligand_refined.sdf', 'data/proto_train/ligand/1fby_9CR_B_1500_ligand_refined.sdf']
Multiple ligands found for 1d7i: ['data/proto_train/ligand/1d7i_DSS_A_301_ligand_refined.sdf', 'data/proto_train/ligand/1d7i_DSS_B_302_ligand_refined.sdf']
Multiple ligands found for 1aoe: ['data/proto_train/ligand/1aoe_GW3_B_194_ligand_refined.sdf', 'data/proto_train/ligand/1aoe_GW3_A_194_ligand_refined.sdf']
Multiple ligands found for 1az1: ['data/proto_train/ligand/1az1_ALR_A_317_ligand_refined.sdf', 'data/proto_train/ligand/1az1_ALR_A_318_ligand_refined.sdf']
Multiple ligands found for 1dhj: ['data/proto_train/ligand/1dhj_MTX_B_361_ligand_refined.sdf', 'data/proto_train/ligand/1dhj_MTX_A_161_ligand_refined.sdf']
Multiple ligands found for 1axz: ['data/proto_train/ligand/1axz_GAL_A_402_ligand_refined.sdf', 'data/proto_train/ligand/1axz_GLA_A_401_ligand_refined.sdf']
Multiple ligands found for 1dbt: ['data/proto_train/ligand/1dbt_U5P_A_250_ligand_refined.sdf', 'data/proto_train/ligand/1dbt_U5P_C_252_ligand_refined.sdf', 'data/proto_train/ligand/1dbt_U5P_B_251_ligand_refined.sdf']
Multiple ligands found for 1bir: ['data/proto_train/ligand/1bir_2GP_A_106_ligand_refined.sdf', 'data/proto_train/ligand/1bir_2GP_B_107_ligand_refined.sdf']
Multiple ligands found for 1ahy: ['data/proto_train/ligand/1ahy_MAE_B_411_ligand_refined.sdf', 'data/proto_train/ligand/1ahy_MAE_A_411_ligand_refined.sdf']
Multiple ligands found for 1cbr: ['data/proto_train/ligand/1cbr_REA_B_200_ligand_refined.sdf', 'data/proto_train/ligand/1cbr_REA_A_200_ligand_refined.sdf']
Multiple ligands found for 1cgl: ['data/proto_train/ligand/1cgl_0ED_A_1_ligand_refined.sdf', 'data/proto_train/ligand/1cgl_0ED_B_1_ligand_refined.sdf']
Multiple ligands found for 1ere: ['data/proto_train/ligand/1ere_EST_E_600_ligand_refined.sdf', 'data/proto_train/ligand/1ere_EST_D_600_ligand_refined.sdf', 'data/proto_train/ligand/1ere_EST_F_600_ligand_refined.sdf', 'data/proto_train/ligand/1ere_EST_C_600_ligand_refined.sdf', 'data/proto_train/ligand/1ere_EST_B_600_ligand_refined.sdf', 'data/proto_train/ligand/1ere_EST_A_600_ligand_refined.sdf']
Multiple ligands found for 1cgl: ['data/proto_train/ligand/1cgl_0ED_A_1_ligand_refined.sdf', 'data/proto_train/ligand/1cgl_0ED_B_1_ligand_refined.sdf']
Multiple ligands found for 1duv: ['data/proto_train/ligand/1duv_PSQ_I_403_ligand_refined.sdf', 'data/proto_train/ligand/1duv_PSQ_H_402_ligand_refined.sdf', 'data/proto_train/ligand/1duv_PSQ_G_401_ligand_refined.sdf']
Multiple ligands found for 1df8: ['data/proto_train/ligand/1df8_BTN_A_201_ligand_refined.sdf', 'data/proto_train/ligand/1df8_BTN_B_202_ligand_refined.sdf']
Multiple ligands found for 1c2t: ['data/proto_train/ligand/1c2t_NHS_A_222_ligand_refined.sdf', 'data/proto_train/ligand/1c2t_NHS_B_220_ligand_refined.sdf']
Multiple ligands found for 1doh: ['data/proto_train/ligand/1doh_NID_A_502_ligand_refined.sdf', 'data/proto_train/ligand/1doh_NID_B_503_ligand_refined.sdf']
Multiple ligands found for 1ed5: ['data/proto_train/ligand/1ed5_NRG_B_2705_ligand_refined.sdf', 'data/proto_train/ligand/1ed5_NRG_A_1705_ligand_refined.sdf']
Multiple ligands found for 1duv: ['data/proto_train/ligand/1duv_PSQ_I_403_ligand_refined.sdf', 'data/proto_train/ligand/1duv_PSQ_H_402_ligand_refined.sdf', 'data/proto_train/ligand/1duv_PSQ_G_401_ligand_refined.sdf']
Multiple ligands found for 1bcj: ['data/proto_train/ligand/1bcj_NGA_2_1_ligand_refined.sdf', 'data/proto_train/ligand/1bcj_NGA_3_1_ligand_refined.sdf', 'data/proto_train/ligand/1bcj_NGA_1_1_ligand_refined.sdf']
Multiple ligands found for 1cjb: ['data/proto_train/ligand/1cjb_IRP_A_300_ligand_refined.sdf', 'data/proto_train/ligand/1cjb_IRP_B_300_ligand_refined.sdf', 'data/proto_train/ligand/1cjb_IRP_C_300_ligand_refined.sdf', 'data/proto_train/ligand/1cjb_IRP_D_300_ligand_refined.sdf']
Multiple ligands found for 1egh: ['data/proto_train/ligand/1egh_PGA_A_201_ligand_refined.sdf', 'data/proto_train/ligand/1egh_PGA_F_251_ligand_refined.sdf', 'data/proto_train/ligand/1egh_PGA_C_221_ligand_refined.sdf', 'data/proto_train/ligand/1egh_PGA_D_231_ligand_refined.sdf', 'data/proto_train/ligand/1egh_PGA_E_241_ligand_refined.sdf', 'data/proto_train/ligand/1egh_PGA_B_211_ligand_refined.sdf']
Multiple ligands found for 1ceb: ['data/proto_train/ligand/1ceb_AMH_A_90_ligand_refined.sdf', 'data/proto_train/ligand/1ceb_AMH_B_90_ligand_refined.sdf']
Multiple ligands found for 1e3k: ['data/proto_train/ligand/1e3k_R18_A_1000_ligand_refined.sdf', 'data/proto_train/ligand/1e3k_R18_B_1000_ligand_refined.sdf']
Multiple ligands found for 1chm: ['data/proto_train/ligand/1chm_CMS_A_404_ligand_refined.sdf', 'data/proto_train/ligand/1chm_CMS_B_404_ligand_refined.sdf']
Multiple ligands found for 1dvj: ['data/proto_train/ligand/1dvj_UP6_A_5001_ligand_refined.sdf', 'data/proto_train/ligand/1dvj_UP6_B_5002_ligand_refined.sdf', 'data/proto_train/ligand/1dvj_UP6_D_5004_ligand_refined.sdf', 'data/proto_train/ligand/1dvj_UP6_C_5003_ligand_refined.sdf']
Multiple ligands found for 1f74: ['data/proto_train/ligand/1f74_NAY_A_950_ligand_refined.sdf', 'data/proto_train/ligand/1f74_NAY_C_951_ligand_refined.sdf']
Multiple ligands found for 1dog: ['data/proto_train/ligand/1dog_NOJ_A_495_ligand_refined.sdf', 'data/proto_train/ligand/1dog_NOJ_A_496_ligand_refined.sdf']
Multiple ligands found for 1ct8: ['data/proto_train/ligand/1ct8_TAA_D_551_ligand_refined.sdf', 'data/proto_train/ligand/1ct8_TAA_B_550_ligand_refined.sdf']
Multiple ligands found for 10gs: ['data/proto_train/ligand/10gs_VWW_A_210_ligand_refined.sdf', 'data/proto_train/ligand/10gs_VWW_B_210_ligand_refined.sdf']
Multiple ligands found for 1eix: ['data/proto_train/ligand/1eix_BMQ_A_1301_ligand_refined.sdf', 'data/proto_train/ligand/1eix_BMQ_C_1303_ligand_refined.sdf', 'data/proto_train/ligand/1eix_BMQ_D_1304_ligand_refined.sdf', 'data/proto_train/ligand/1eix_BMQ_B_1302_ligand_refined.sdf']
Multiple ligands found for 1eei: ['data/proto_train/ligand/1eei_GAA_G_507_ligand_refined.sdf', 'data/proto_train/ligand/1eei_GAA_E_505_ligand_refined.sdf', 'data/proto_train/ligand/1eei_GAA_H_508_ligand_refined.sdf', 'data/proto_train/ligand/1eei_GAA_F_506_ligand_refined.sdf', 'data/proto_train/ligand/1eei_GAA_D_504_ligand_refined.sdf']
Multiple ligands found for 1atl: ['data/proto_train/ligand/1atl_0QI_A_301_ligand_refined.sdf', 'data/proto_train/ligand/1atl_0QI_B_311_ligand_refined.sdf']
Multiple ligands found for 1duv: ['data/proto_train/ligand/1duv_PSQ_I_403_ligand_refined.sdf', 'data/proto_train/ligand/1duv_PSQ_H_402_ligand_refined.sdf', 'data/proto_train/ligand/1duv_PSQ_G_401_ligand_refined.sdf']
Multiple ligands found for 1a0t: ['data/proto_train/ligand/1a0t_GLC-FRU_D_1-2_ligand_refined.sdf', 'data/proto_train/ligand/1a0t_GLC-FRU_E_1-2_ligand_refined.sdf', 'data/proto_train/ligand/1a0t_GLC-FRU_F_1-2_ligand_refined.sdf', 'data/proto_train/ligand/1a0t_GLC-FRU_B_1-2_ligand_refined.sdf', 'data/proto_train/ligand/1a0t_GLC-FRU_C_1-2_ligand_refined.sdf', 'data/proto_train/ligand/1a0t_GLC-FRU_A_1-2_ligand_refined.sdf']
Multiple ligands found for 13gs: ['data/proto_train/ligand/13gs_SAS_B_211_ligand_refined.sdf', 'data/proto_train/ligand/13gs_SAS_A_211_ligand_refined.sdf']
Multiple ligands found for 1e2l: ['data/proto_train/ligand/1e2l_TMC_A_500_ligand_refined.sdf', 'data/proto_train/ligand/1e2l_TMC_B_500_ligand_refined.sdf']
Multiple ligands found for 1a99: ['data/proto_train/ligand/1a99_PUT_C_371_ligand_refined.sdf', 'data/proto_train/ligand/1a99_PUT_B_371_ligand_refined.sdf', 'data/proto_train/ligand/1a99_PUT_A_371_ligand_refined.sdf', 'data/proto_train/ligand/1a99_PUT_D_371_ligand_refined.sdf']
Multiple ligands found for 1ecm: ['data/proto_train/ligand/1ecm_TSA_B_501_ligand_refined.sdf', 'data/proto_train/ligand/1ecm_TSA_A_500_ligand_refined.sdf']
Multiple ligands found for 1f4e: ['data/proto_train/ligand/1f4e_TPR_A_301_ligand_refined.sdf', 'data/proto_train/ligand/1f4e_TPR_A_302_ligand_refined.sdf']
Multiple ligands found for 1cqp: ['data/proto_train/ligand/1cqp_803_B_311_ligand_refined.sdf', 'data/proto_train/ligand/1cqp_803_A_311_ligand_refined.sdf']
Multiple ligands found for 1d1w: ['data/proto_train/ligand/1d1w_ATQ_B_801_ligand_refined.sdf', 'data/proto_train/ligand/1d1w_ATQ_A_805_ligand_refined.sdf']
Multiple ligands found for 1ecq: ['data/proto_train/ligand/1ecq_DXG_B_500_ligand_refined.sdf', 'data/proto_train/ligand/1ecq_DXG_A_499_ligand_refined.sdf', 'data/proto_train/ligand/1ecq_DXG_C_501_ligand_refined.sdf', 'data/proto_train/ligand/1ecq_DXG_D_502_ligand_refined.sdf']
Multiple ligands found for 10gs: ['data/proto_train/ligand/10gs_VWW_A_210_ligand_refined.sdf', 'data/proto_train/ligand/10gs_VWW_B_210_ligand_refined.sdf']
Multiple ligands found for 1dth: ['data/proto_train/ligand/1dth_BAT_A_972_ligand_refined.sdf', 'data/proto_train/ligand/1dth_BAT_B_973_ligand_refined.sdf']
Multiple ligands found for 1dqr: ['data/proto_train/ligand/1dqr_6PG_B_601_ligand_refined.sdf', 'data/proto_train/ligand/1dqr_6PG_A_600_ligand_refined.sdf']
Multiple ligands found for 1ecq: ['data/proto_train/ligand/1ecq_DXG_B_500_ligand_refined.sdf', 'data/proto_train/ligand/1ecq_DXG_A_499_ligand_refined.sdf', 'data/proto_train/ligand/1ecq_DXG_C_501_ligand_refined.sdf', 'data/proto_train/ligand/1ecq_DXG_D_502_ligand_refined.sdf']
Multiple ligands found for 1a94: ['data/proto_train/ligand/1a94_0Q4_A_100_ligand_refined.sdf', 'data/proto_train/ligand/1a94_0Q4_E_100_ligand_refined.sdf']
Multiple ligands found for 1a4g: ['data/proto_train/ligand/1a4g_ZMR_B_466_ligand_refined.sdf', 'data/proto_train/ligand/1a4g_ZMR_A_466_ligand_refined.sdf']
Multiple ligands found for 1bto: ['data/proto_train/ligand/1bto_SSB_D_378_ligand_refined.sdf', 'data/proto_train/ligand/1bto_SSB_C_378_ligand_refined.sdf', 'data/proto_train/ligand/1bto_SSB_B_378_ligand_refined.sdf', 'data/proto_train/ligand/1bto_SSB_A_378_ligand_refined.sdf']
Multiple ligands found for 1bwn: ['data/proto_train/ligand/1bwn_4IP_A_1_ligand_refined.sdf', 'data/proto_train/ligand/1bwn_4IP_A_172_ligand_refined.sdf', 'data/proto_train/ligand/1bwn_4IP_B_172_ligand_refined.sdf', 'data/proto_train/ligand/1bwn_4IP_B_1_ligand_refined.sdf']
Multiple ligands found for 1d0c: ['data/proto_train/ligand/1d0c_INE_B_761_ligand_refined.sdf', 'data/proto_train/ligand/1d0c_INE_A_766_ligand_refined.sdf', 'data/proto_train/ligand/1d0c_INE_A_760_ligand_refined.sdf', 'data/proto_train/ligand/1d0c_INE_B_765_ligand_refined.sdf']
Multiple ligands found for 1err: ['data/proto_train/ligand/1err_RAL_A_600_ligand_refined.sdf', 'data/proto_train/ligand/1err_RAL_B_600_ligand_refined.sdf']
Multiple ligands found for 1e4x: ['data/proto_train/ligand/1e4x_VAL-ASP_P_1-7_ligand_refined.sdf', 'data/proto_train/ligand/1e4x_VAL-ASP_Q_1-7_ligand_refined.sdf']
Multiple ligands found for 1apb: ['data/proto_train/ligand/1apb_FCB_A_308_ligand_refined.sdf', 'data/proto_train/ligand/1apb_FCA_A_307_ligand_refined.sdf']
Multiple ligands found for 1dqa: ['data/proto_train/ligand/1dqa_MAH_B_202_ligand_refined.sdf', 'data/proto_train/ligand/1dqa_MAH_D_203_ligand_refined.sdf', 'data/proto_train/ligand/1dqa_MAH_A_201_ligand_refined.sdf', 'data/proto_train/ligand/1dqa_MAH_C_204_ligand_refined.sdf']
Multiple ligands found for 1abf: ['data/proto_train/ligand/1abf_FCA_A_307_ligand_refined.sdf', 'data/proto_train/ligand/1abf_FCB_A_308_ligand_refined.sdf']
Multiple ligands found for 1d0o: ['data/proto_train/ligand/1d0o_INE_A_766_ligand_refined.sdf', 'data/proto_train/ligand/1d0o_INE_B_761_ligand_refined.sdf', 'data/proto_train/ligand/1d0o_INE_A_760_ligand_refined.sdf', 'data/proto_train/ligand/1d0o_INE_B_765_ligand_refined.sdf']
Multiple ligands found for 1dq8: ['data/proto_train/ligand/1dq8_MAH_D_202_ligand_refined.sdf', 'data/proto_train/ligand/1dq8_MAH_B_201_ligand_refined.sdf', 'data/proto_train/ligand/1dq8_MAH_A_200_ligand_refined.sdf', 'data/proto_train/ligand/1dq8_MAH_D_203_ligand_refined.sdf']
Multiple ligands found for 1e9h: ['data/proto_train/ligand/1e9h_INR_C_1298_ligand_refined.sdf', 'data/proto_train/ligand/1e9h_INR_A_1298_ligand_refined.sdf']
Multiple ligands found for 1bl4: ['data/proto_train/ligand/1bl4_AP1_A_108_ligand_refined.sdf', 'data/proto_train/ligand/1bl4_AP1_B_109_ligand_refined.sdf']
Multiple ligands found for 1fch: ['data/proto_train/ligand/1fch_TYR-LEU_C_1-5_ligand_refined.sdf', 'data/proto_train/ligand/1fch_TYR-LEU_D_1-5_ligand_refined.sdf']
Multiple ligands found for 1fby: ['data/proto_train/ligand/1fby_9CR_A_500_ligand_refined.sdf', 'data/proto_train/ligand/1fby_9CR_B_1500_ligand_refined.sdf']
Multiple ligands found for 1dhi: ['data/proto_train/ligand/1dhi_MTX_B_361_ligand_refined.sdf', 'data/proto_train/ligand/1dhi_MTX_A_161_ligand_refined.sdf']
Multiple ligands found for 1d0o: ['data/proto_train/ligand/1d0o_INE_A_766_ligand_refined.sdf', 'data/proto_train/ligand/1d0o_INE_B_761_ligand_refined.sdf', 'data/proto_train/ligand/1d0o_INE_A_760_ligand_refined.sdf', 'data/proto_train/ligand/1d0o_INE_B_765_ligand_refined.sdf']
Multiple ligands found for 1cqe: ['data/proto_train/ligand/1cqe_FLP_B_2650_ligand_refined.sdf', 'data/proto_train/ligand/1cqe_FLP_A_1650_ligand_refined.sdf']
Multiple ligands found for 1bto: ['data/proto_train/ligand/1bto_SSB_D_378_ligand_refined.sdf', 'data/proto_train/ligand/1bto_SSB_C_378_ligand_refined.sdf', 'data/proto_train/ligand/1bto_SSB_B_378_ligand_refined.sdf', 'data/proto_train/ligand/1bto_SSB_A_378_ligand_refined.sdf']
Multiple ligands found for 1dq8: ['data/proto_train/ligand/1dq8_MAH_D_202_ligand_refined.sdf', 'data/proto_train/ligand/1dq8_MAH_B_201_ligand_refined.sdf', 'data/proto_train/ligand/1dq8_MAH_A_200_ligand_refined.sdf', 'data/proto_train/ligand/1dq8_MAH_D_203_ligand_refined.sdf']
Multiple ligands found for 1bto: ['data/proto_train/ligand/1bto_SSB_D_378_ligand_refined.sdf', 'data/proto_train/ligand/1bto_SSB_C_378_ligand_refined.sdf', 'data/proto_train/ligand/1bto_SSB_B_378_ligand_refined.sdf', 'data/proto_train/ligand/1bto_SSB_A_378_ligand_refined.sdf']
Multiple ligands found for 1a4k: ['data/proto_train/ligand/1a4k_FRA_H_3083_ligand_refined.sdf', 'data/proto_train/ligand/1a4k_FRA_B_3083_ligand_refined.sdf']
Multiple ligands found for 1el5: ['data/proto_train/ligand/1el5_DMG_B_811_ligand_refined.sdf', 'data/proto_train/ligand/1el5_DMG_A_801_ligand_refined.sdf']
Multiple ligands found for 1ecq: ['data/proto_train/ligand/1ecq_DXG_B_500_ligand_refined.sdf', 'data/proto_train/ligand/1ecq_DXG_A_499_ligand_refined.sdf', 'data/proto_train/ligand/1ecq_DXG_C_501_ligand_refined.sdf', 'data/proto_train/ligand/1ecq_DXG_D_502_ligand_refined.sdf']
Multiple ligands found for 1cqp: ['data/proto_train/ligand/1cqp_803_B_311_ligand_refined.sdf', 'data/proto_train/ligand/1cqp_803_A_311_ligand_refined.sdf']
Multiple ligands found for 1dzp: ['data/proto_train/ligand/1dzp_BZQ_A_600_ligand_refined.sdf', 'data/proto_train/ligand/1dzp_BZQ_B_600_ligand_refined.sdf']
Multiple ligands found for 1df8: ['data/proto_train/ligand/1df8_BTN_A_201_ligand_refined.sdf', 'data/proto_train/ligand/1df8_BTN_B_202_ligand_refined.sdf']
Multiple ligands found for 1e02: ['data/proto_train/ligand/1e02_UNA_A_600_ligand_refined.sdf', 'data/proto_train/ligand/1e02_UNA_B_600_ligand_refined.sdf']
Multiple ligands found for 1d2e: ['data/proto_train/ligand/1d2e_GDP_C_1303_ligand_refined.sdf', 'data/proto_train/ligand/1d2e_GDP_B_1302_ligand_refined.sdf', 'data/proto_train/ligand/1d2e_GDP_D_1304_ligand_refined.sdf', 'data/proto_train/ligand/1d2e_GDP_A_1301_ligand_refined.sdf']
Multiple ligands found for 1a4r: ['data/proto_train/ligand/1a4r_GDP_A_200_ligand_refined.sdf', 'data/proto_train/ligand/1a4r_GNH_B_400_ligand_refined.sdf']
Multiple ligands found for 1a99: ['data/proto_train/ligand/1a99_PUT_C_371_ligand_refined.sdf', 'data/proto_train/ligand/1a99_PUT_B_371_ligand_refined.sdf', 'data/proto_train/ligand/1a99_PUT_A_371_ligand_refined.sdf', 'data/proto_train/ligand/1a99_PUT_D_371_ligand_refined.sdf']
Multiple ligands found for 1egh: ['data/proto_train/ligand/1egh_PGA_A_201_ligand_refined.sdf', 'data/proto_train/ligand/1egh_PGA_F_251_ligand_refined.sdf', 'data/proto_train/ligand/1egh_PGA_C_221_ligand_refined.sdf', 'data/proto_train/ligand/1egh_PGA_D_231_ligand_refined.sdf', 'data/proto_train/ligand/1egh_PGA_E_241_ligand_refined.sdf', 'data/proto_train/ligand/1egh_PGA_B_211_ligand_refined.sdf']
Multiple ligands found for 1d09: ['data/proto_train/ligand/1d09_PAL_A_1311_ligand_refined.sdf', 'data/proto_train/ligand/1d09_PAL_C_1312_ligand_refined.sdf']
Multiple ligands found for 1dzm: ['data/proto_train/ligand/1dzm_BZM_A_600_ligand_refined.sdf', 'data/proto_train/ligand/1dzm_BZM_B_600_ligand_refined.sdf']
Multiple ligands found for 1alw: ['data/proto_train/ligand/1alw_ISA_B_12_ligand_refined.sdf', 'data/proto_train/ligand/1alw_ISA_A_11_ligand_refined.sdf']
Multiple ligands found for 1a1c: ['data/proto_train/ligand/1a1c_ACE-DIX_C_100-103_ligand_refined.sdf', 'data/proto_train/ligand/1a1c_ACE-DIX_D_100-103_ligand_refined.sdf']
Multiple ligands found for 1dmy: ['data/proto_train/ligand/1dmy_AZM_A_400_ligand_refined.sdf', 'data/proto_train/ligand/1dmy_AZM_B_900_ligand_refined.sdf']
Multiple ligands found for 1cb7: ['data/proto_train/ligand/1cb7_TAR_D_900_ligand_refined.sdf', 'data/proto_train/ligand/1cb7_TAR_B_900_ligand_refined.sdf']
Multiple ligands found for 1f4e: ['data/proto_train/ligand/1f4e_TPR_A_301_ligand_refined.sdf', 'data/proto_train/ligand/1f4e_TPR_A_302_ligand_refined.sdf']
Multiple ligands found for 1ado: ['data/proto_train/ligand/1ado_13P_B_1053_ligand_refined.sdf', 'data/proto_train/ligand/1ado_13P_A_1104_ligand_refined.sdf']
Multiple ligands found for 1e00: ['data/proto_train/ligand/1e00_DHM_A_600_ligand_refined.sdf', 'data/proto_train/ligand/1e00_DHM_B_600_ligand_refined.sdf']
Multiple ligands found for 1cjb: ['data/proto_train/ligand/1cjb_IRP_A_300_ligand_refined.sdf', 'data/proto_train/ligand/1cjb_IRP_B_300_ligand_refined.sdf', 'data/proto_train/ligand/1cjb_IRP_C_300_ligand_refined.sdf', 'data/proto_train/ligand/1cjb_IRP_D_300_ligand_refined.sdf']
Multiple ligands found for 1a4m: ['data/proto_train/ligand/1a4m_PRH_B_854_ligand_refined.sdf', 'data/proto_train/ligand/1a4m_PRH_C_1354_ligand_refined.sdf', 'data/proto_train/ligand/1a4m_PRH_A_354_ligand_refined.sdf', 'data/proto_train/ligand/1a4m_PRH_D_1854_ligand_refined.sdf']
Multiple ligands found for 1f7k: ['data/proto_train/ligand/1f7k_UMP_B_703_ligand_refined.sdf', 'data/proto_train/ligand/1f7k_UMP_A_704_ligand_refined.sdf']
Multiple ligands found for 1e2n: ['data/proto_train/ligand/1e2n_RCA_A_500_ligand_refined.sdf', 'data/proto_train/ligand/1e2n_RCA_B_500_ligand_refined.sdf']
Multiple ligands found for 1afk: ['data/proto_train/ligand/1afk_PAP_B_125_ligand_refined.sdf', 'data/proto_train/ligand/1afk_PAP_A_125_ligand_refined.sdf']
Multiple ligands found for 1dhj: ['data/proto_train/ligand/1dhj_MTX_B_361_ligand_refined.sdf', 'data/proto_train/ligand/1dhj_MTX_A_161_ligand_refined.sdf']
Multiple ligands found for 1d7j: ['data/proto_train/ligand/1d7j_BUQ_B_321_ligand_refined.sdf', 'data/proto_train/ligand/1d7j_BUQ_A_311_ligand_refined.sdf']
Multiple ligands found for 1af6: ['data/proto_train/ligand/1af6_GLC-FRU_F_1-2_ligand_refined.sdf', 'data/proto_train/ligand/1af6_GLC-FRU_E_1-2_ligand_refined.sdf', 'data/proto_train/ligand/1af6_GLC-FRU_D_1-2_ligand_refined.sdf']
Multiple ligands found for 1ebg: ['data/proto_train/ligand/1ebg_PAH_A_440_ligand_refined.sdf', 'data/proto_train/ligand/1ebg_PAH_B_440_ligand_refined.sdf']
Multiple ligands found for 1djx: ['data/proto_train/ligand/1djx_I3P_A_1_ligand_refined.sdf', 'data/proto_train/ligand/1djx_I3P_B_1_ligand_refined.sdf']
Multiple ligands found for 1egh: ['data/proto_train/ligand/1egh_PGA_A_201_ligand_refined.sdf', 'data/proto_train/ligand/1egh_PGA_F_251_ligand_refined.sdf', 'data/proto_train/ligand/1egh_PGA_C_221_ligand_refined.sdf', 'data/proto_train/ligand/1egh_PGA_D_231_ligand_refined.sdf', 'data/proto_train/ligand/1egh_PGA_E_241_ligand_refined.sdf', 'data/proto_train/ligand/1egh_PGA_B_211_ligand_refined.sdf']
Multiple ligands found for 1alw: ['data/proto_train/ligand/1alw_ISA_B_12_ligand_refined.sdf', 'data/proto_train/ligand/1alw_ISA_A_11_ligand_refined.sdf']
Multiple ligands found for 1e8g: ['data/proto_train/ligand/1e8g_FAD_B_600_ligand_refined.sdf', 'data/proto_train/ligand/1e8g_FAD_A_600_ligand_refined.sdf']
Multiple ligands found for 1dub: ['data/proto_train/ligand/1dub_CAA_C_300_ligand_refined.sdf', 'data/proto_train/ligand/1dub_CAA_B_300_ligand_refined.sdf', 'data/proto_train/ligand/1dub_CAA_A_300_ligand_refined.sdf', 'data/proto_train/ligand/1dub_CAA_E_300_ligand_refined.sdf', 'data/proto_train/ligand/1dub_CAA_F_300_ligand_refined.sdf']
Multiple ligands found for 1dub: ['data/proto_train/ligand/1dub_CAA_C_300_ligand_refined.sdf', 'data/proto_train/ligand/1dub_CAA_B_300_ligand_refined.sdf', 'data/proto_train/ligand/1dub_CAA_A_300_ligand_refined.sdf', 'data/proto_train/ligand/1dub_CAA_E_300_ligand_refined.sdf', 'data/proto_train/ligand/1dub_CAA_F_300_ligand_refined.sdf']
Multiple ligands found for 1dq8: ['data/proto_train/ligand/1dq8_MAH_D_202_ligand_refined.sdf', 'data/proto_train/ligand/1dq8_MAH_B_201_ligand_refined.sdf', 'data/proto_train/ligand/1dq8_MAH_A_200_ligand_refined.sdf', 'data/proto_train/ligand/1dq8_MAH_D_203_ligand_refined.sdf']
Multiple ligands found for 1df1: ['data/proto_train/ligand/1df1_ITU_A_899_ligand_refined.sdf', 'data/proto_train/ligand/1df1_ITU_B_1899_ligand_refined.sdf']
Multiple ligands found for 1dhf: ['data/proto_train/ligand/1dhf_FOL_A_187_ligand_refined.sdf', 'data/proto_train/ligand/1dhf_FOL_B_187_ligand_refined.sdf']
Multiple ligands found for 1aoe: ['data/proto_train/ligand/1aoe_GW3_B_194_ligand_refined.sdf', 'data/proto_train/ligand/1aoe_GW3_A_194_ligand_refined.sdf']
Multiple ligands found for 1ere: ['data/proto_train/ligand/1ere_EST_E_600_ligand_refined.sdf', 'data/proto_train/ligand/1ere_EST_D_600_ligand_refined.sdf', 'data/proto_train/ligand/1ere_EST_F_600_ligand_refined.sdf', 'data/proto_train/ligand/1ere_EST_C_600_ligand_refined.sdf', 'data/proto_train/ligand/1ere_EST_B_600_ligand_refined.sdf', 'data/proto_train/ligand/1ere_EST_A_600_ligand_refined.sdf']
Multiple ligands found for 1f28: ['data/proto_train/ligand/1f28_F89_B_402_ligand_refined.sdf', 'data/proto_train/ligand/1f28_F89_D_404_ligand_refined.sdf', 'data/proto_train/ligand/1f28_F89_C_403_ligand_refined.sdf', 'data/proto_train/ligand/1f28_F89_A_401_ligand_refined.sdf']
Multiple ligands found for 1b3l: ['data/proto_train/ligand/1b3l_LYS-LYS_D_1-3_ligand_refined.sdf', 'data/proto_train/ligand/1b3l_LYS-LYS_B_1-3_ligand_refined.sdf']
Multiple ligands found for 1bzy: ['data/proto_train/ligand/1bzy_IMU_C_300_ligand_refined.sdf', 'data/proto_train/ligand/1bzy_IMU_B_300_ligand_refined.sdf', 'data/proto_train/ligand/1bzy_IMU_A_300_ligand_refined.sdf', 'data/proto_train/ligand/1bzy_IMU_D_300_ligand_refined.sdf']
Multiple ligands found for 1ado: ['data/proto_train/ligand/1ado_13P_B_1053_ligand_refined.sdf', 'data/proto_train/ligand/1ado_13P_A_1104_ligand_refined.sdf']
Multiple ligands found for 1a4g: ['data/proto_train/ligand/1a4g_ZMR_B_466_ligand_refined.sdf', 'data/proto_train/ligand/1a4g_ZMR_A_466_ligand_refined.sdf']
Multiple ligands found for 1bzy: ['data/proto_train/ligand/1bzy_IMU_C_300_ligand_refined.sdf', 'data/proto_train/ligand/1bzy_IMU_B_300_ligand_refined.sdf', 'data/proto_train/ligand/1bzy_IMU_A_300_ligand_refined.sdf', 'data/proto_train/ligand/1bzy_IMU_D_300_ligand_refined.sdf']
Multiple ligands found for 1el5: ['data/proto_train/ligand/1el5_DMG_B_811_ligand_refined.sdf', 'data/proto_train/ligand/1el5_DMG_A_801_ligand_refined.sdf']
Multiple ligands found for 1dqa: ['data/proto_train/ligand/1dqa_MAH_B_202_ligand_refined.sdf', 'data/proto_train/ligand/1dqa_MAH_D_203_ligand_refined.sdf', 'data/proto_train/ligand/1dqa_MAH_A_201_ligand_refined.sdf', 'data/proto_train/ligand/1dqa_MAH_C_204_ligand_refined.sdf']
Multiple ligands found for 1eqg: ['data/proto_train/ligand/1eqg_IBP_B_1701_ligand_refined.sdf', 'data/proto_train/ligand/1eqg_IBP_A_701_ligand_refined.sdf']
Multiple ligands found for 1e5a: ['data/proto_train/ligand/1e5a_TBP_A_999_ligand_refined.sdf', 'data/proto_train/ligand/1e5a_TBP_B_999_ligand_refined.sdf']
Multiple ligands found for 1eyk: ['data/proto_train/ligand/1eyk_AMP_B_342_ligand_refined.sdf', 'data/proto_train/ligand/1eyk_AMP_A_341_ligand_refined.sdf']
Multiple ligands found for 1d7j: ['data/proto_train/ligand/1d7j_BUQ_B_321_ligand_refined.sdf', 'data/proto_train/ligand/1d7j_BUQ_A_311_ligand_refined.sdf']
Multiple ligands found for 1apz: ['data/proto_train/ligand/1apz_ASP_B_551_ligand_refined.sdf', 'data/proto_train/ligand/1apz_ASP_D_552_ligand_refined.sdf']
Multiple ligands found for 1eix: ['data/proto_train/ligand/1eix_BMQ_A_1301_ligand_refined.sdf', 'data/proto_train/ligand/1eix_BMQ_C_1303_ligand_refined.sdf', 'data/proto_train/ligand/1eix_BMQ_D_1304_ligand_refined.sdf', 'data/proto_train/ligand/1eix_BMQ_B_1302_ligand_refined.sdf']
Multiple ligands found for 1dds: ['data/proto_train/ligand/1dds_MTX_B_201_ligand_refined.sdf', 'data/proto_train/ligand/1dds_MTX_A_201_ligand_refined.sdf']
Multiple ligands found for 1cea: ['data/proto_train/ligand/1cea_ACA_A_90_ligand_refined.sdf', 'data/proto_train/ligand/1cea_ACA_B_90_ligand_refined.sdf']
Multiple ligands found for 1ere: ['data/proto_train/ligand/1ere_EST_E_600_ligand_refined.sdf', 'data/proto_train/ligand/1ere_EST_D_600_ligand_refined.sdf', 'data/proto_train/ligand/1ere_EST_F_600_ligand_refined.sdf', 'data/proto_train/ligand/1ere_EST_C_600_ligand_refined.sdf', 'data/proto_train/ligand/1ere_EST_B_600_ligand_refined.sdf', 'data/proto_train/ligand/1ere_EST_A_600_ligand_refined.sdf']
Multiple ligands found for 1af6: ['data/proto_train/ligand/1af6_GLC-FRU_F_1-2_ligand_refined.sdf', 'data/proto_train/ligand/1af6_GLC-FRU_E_1-2_ligand_refined.sdf', 'data/proto_train/ligand/1af6_GLC-FRU_D_1-2_ligand_refined.sdf']
Multiple ligands found for 1d7i: ['data/proto_train/ligand/1d7i_DSS_A_301_ligand_refined.sdf', 'data/proto_train/ligand/1d7i_DSS_B_302_ligand_refined.sdf']
Multiple ligands found for 1d8a: ['data/proto_train/ligand/1d8a_TCL_A_502_ligand_refined.sdf', 'data/proto_train/ligand/1d8a_TCL_B_504_ligand_refined.sdf']
Multiple ligands found for 1bwn: ['data/proto_train/ligand/1bwn_4IP_A_1_ligand_refined.sdf', 'data/proto_train/ligand/1bwn_4IP_A_172_ligand_refined.sdf', 'data/proto_train/ligand/1bwn_4IP_B_172_ligand_refined.sdf', 'data/proto_train/ligand/1bwn_4IP_B_1_ligand_refined.sdf']
Multiple ligands found for 1a1e: ['data/proto_train/ligand/1a1e_ACE-DIY_D_100-103_ligand_refined.sdf', 'data/proto_train/ligand/1a1e_ACE-DIY_C_100-103_ligand_refined.sdf']
Multiple ligands found for 1dq8: ['data/proto_train/ligand/1dq8_MAH_D_202_ligand_refined.sdf', 'data/proto_train/ligand/1dq8_MAH_B_201_ligand_refined.sdf', 'data/proto_train/ligand/1dq8_MAH_A_200_ligand_refined.sdf', 'data/proto_train/ligand/1dq8_MAH_D_203_ligand_refined.sdf']
Multiple ligands found for 1a1e: ['data/proto_train/ligand/1a1e_ACE-DIY_D_100-103_ligand_refined.sdf', 'data/proto_train/ligand/1a1e_ACE-DIY_C_100-103_ligand_refined.sdf']
Multiple ligands found for 1ef3: ['data/proto_train/ligand/1ef3_FID_A_340_ligand_refined.sdf', 'data/proto_train/ligand/1ef3_FID_B_350_ligand_refined.sdf']
Multiple ligands found for 1eli: ['data/proto_train/ligand/1eli_PYC_B_811_ligand_refined.sdf', 'data/proto_train/ligand/1eli_PYC_A_801_ligand_refined.sdf', 'data/proto_train/ligand/1eli_PYC_B_815_ligand_refined.sdf']
Multiple ligands found for 1ed5: ['data/proto_train/ligand/1ed5_NRG_B_2705_ligand_refined.sdf', 'data/proto_train/ligand/1ed5_NRG_A_1705_ligand_refined.sdf']
Multiple ligands found for 1d0c: ['data/proto_train/ligand/1d0c_INE_B_761_ligand_refined.sdf', 'data/proto_train/ligand/1d0c_INE_A_766_ligand_refined.sdf', 'data/proto_train/ligand/1d0c_INE_A_760_ligand_refined.sdf', 'data/proto_train/ligand/1d0c_INE_B_765_ligand_refined.sdf']
Multiple ligands found for 1c7f: ['data/proto_train/ligand/1c7f_FMN_A_1149_ligand_refined.sdf', 'data/proto_train/ligand/1c7f_FMN_B_2149_ligand_refined.sdf']
Multiple ligands found for 1f28: ['data/proto_train/ligand/1f28_F89_B_402_ligand_refined.sdf', 'data/proto_train/ligand/1f28_F89_D_404_ligand_refined.sdf', 'data/proto_train/ligand/1f28_F89_C_403_ligand_refined.sdf', 'data/proto_train/ligand/1f28_F89_A_401_ligand_refined.sdf']
Multiple ligands found for 1a4q: ['data/proto_train/ligand/1a4q_DPC_A_466_ligand_refined.sdf', 'data/proto_train/ligand/1a4q_DPC_B_466_ligand_refined.sdf']
Multiple ligands found for 1exv: ['data/proto_train/ligand/1exv_700_B_1862_ligand_refined.sdf', 'data/proto_train/ligand/1exv_700_A_862_ligand_refined.sdf']
Multiple ligands found for 1dqr: ['data/proto_train/ligand/1dqr_6PG_B_601_ligand_refined.sdf', 'data/proto_train/ligand/1dqr_6PG_A_600_ligand_refined.sdf']
Multiple ligands found for 1ag9: ['data/proto_train/ligand/1ag9_FMN_B_177_ligand_refined.sdf', 'data/proto_train/ligand/1ag9_FMN_A_177_ligand_refined.sdf']
Multiple ligands found for 1c8l: ['data/proto_train/ligand/1c8l_BIN_A_930_ligand_refined.sdf', 'data/proto_train/ligand/1c8l_CFF_A_940_ligand_refined.sdf']
Multiple ligands found for 1f4e: ['data/proto_train/ligand/1f4e_TPR_A_301_ligand_refined.sdf', 'data/proto_train/ligand/1f4e_TPR_A_302_ligand_refined.sdf']
Multiple ligands found for 1af6: ['data/proto_train/ligand/1af6_GLC-FRU_F_1-2_ligand_refined.sdf', 'data/proto_train/ligand/1af6_GLC-FRU_E_1-2_ligand_refined.sdf', 'data/proto_train/ligand/1af6_GLC-FRU_D_1-2_ligand_refined.sdf']
Multiple ligands found for 1efi: ['data/proto_train/ligand/1efi_GAT_F_106_ligand_refined.sdf', 'data/proto_train/ligand/1efi_GAT_D_104_ligand_refined.sdf', 'data/proto_train/ligand/1efi_GAT_G_107_ligand_refined.sdf', 'data/proto_train/ligand/1efi_GAT_E_105_ligand_refined.sdf', 'data/proto_train/ligand/1efi_GAT_H_108_ligand_refined.sdf']
Multiple ligands found for 1egh: ['data/proto_train/ligand/1egh_PGA_A_201_ligand_refined.sdf', 'data/proto_train/ligand/1egh_PGA_F_251_ligand_refined.sdf', 'data/proto_train/ligand/1egh_PGA_C_221_ligand_refined.sdf', 'data/proto_train/ligand/1egh_PGA_D_231_ligand_refined.sdf', 'data/proto_train/ligand/1egh_PGA_E_241_ligand_refined.sdf', 'data/proto_train/ligand/1egh_PGA_B_211_ligand_refined.sdf']
Multiple ligands found for 1df1: ['data/proto_train/ligand/1df1_ITU_A_899_ligand_refined.sdf', 'data/proto_train/ligand/1df1_ITU_B_1899_ligand_refined.sdf']
Multiple ligands found for 1eli: ['data/proto_train/ligand/1eli_PYC_B_811_ligand_refined.sdf', 'data/proto_train/ligand/1eli_PYC_A_801_ligand_refined.sdf', 'data/proto_train/ligand/1eli_PYC_B_815_ligand_refined.sdf']
Multiple ligands found for 1ek2: ['data/proto_train/ligand/1ek2_CDU_B_1200_ligand_refined.sdf', 'data/proto_train/ligand/1ek2_CDU_A_1100_ligand_refined.sdf']
Multiple ligands found for 1dth: ['data/proto_train/ligand/1dth_BAT_A_972_ligand_refined.sdf', 'data/proto_train/ligand/1dth_BAT_B_973_ligand_refined.sdf']
Multiple ligands found for 1ado: ['data/proto_train/ligand/1ado_13P_B_1053_ligand_refined.sdf', 'data/proto_train/ligand/1ado_13P_A_1104_ligand_refined.sdf']
Multiple ligands found for 10gs: ['data/proto_train/ligand/10gs_VWW_A_210_ligand_refined.sdf', 'data/proto_train/ligand/10gs_VWW_B_210_ligand_refined.sdf']
Multiple ligands found for 1bwn: ['data/proto_train/ligand/1bwn_4IP_A_1_ligand_refined.sdf', 'data/proto_train/ligand/1bwn_4IP_A_172_ligand_refined.sdf', 'data/proto_train/ligand/1bwn_4IP_B_172_ligand_refined.sdf', 'data/proto_train/ligand/1bwn_4IP_B_1_ligand_refined.sdf']
Multiple ligands found for 1e7b: ['data/proto_train/ligand/1e7b_HLT_B_4001_ligand_refined.sdf', 'data/proto_train/ligand/1e7b_HLT_A_4001_ligand_refined.sdf']
Multiple ligands found for 1eyj: ['data/proto_train/ligand/1eyj_AMP_B_342_ligand_refined.sdf', 'data/proto_train/ligand/1eyj_AMP_A_341_ligand_refined.sdf']
Multiple ligands found for 1elw: ['data/proto_train/ligand/1elw_GLY-ASP_D_5-12_ligand_refined.sdf', 'data/proto_train/ligand/1elw_GLY-ASP_C_5-12_ligand_refined.sdf']
Multiple ligands found for 1doh: ['data/proto_train/ligand/1doh_NID_A_502_ligand_refined.sdf', 'data/proto_train/ligand/1doh_NID_B_503_ligand_refined.sdf']
Multiple ligands found for 1dq8: ['data/proto_train/ligand/1dq8_MAH_D_202_ligand_refined.sdf', 'data/proto_train/ligand/1dq8_MAH_B_201_ligand_refined.sdf', 'data/proto_train/ligand/1dq8_MAH_A_200_ligand_refined.sdf', 'data/proto_train/ligand/1dq8_MAH_D_203_ligand_refined.sdf']
Multiple ligands found for 1drb: ['data/proto_train/ligand/1drb_MTX_B_361_ligand_refined.sdf', 'data/proto_train/ligand/1drb_MTX_A_161_ligand_refined.sdf']
Multiple ligands found for 1dqa: ['data/proto_train/ligand/1dqa_MAH_B_202_ligand_refined.sdf', 'data/proto_train/ligand/1dqa_MAH_D_203_ligand_refined.sdf', 'data/proto_train/ligand/1dqa_MAH_A_201_ligand_refined.sdf', 'data/proto_train/ligand/1dqa_MAH_C_204_ligand_refined.sdf']
Multiple ligands found for 1dub: ['data/proto_train/ligand/1dub_CAA_C_300_ligand_refined.sdf', 'data/proto_train/ligand/1dub_CAA_B_300_ligand_refined.sdf', 'data/proto_train/ligand/1dub_CAA_A_300_ligand_refined.sdf', 'data/proto_train/ligand/1dub_CAA_E_300_ligand_refined.sdf', 'data/proto_train/ligand/1dub_CAA_F_300_ligand_refined.sdf']
Multiple ligands found for 1a0t: ['data/proto_train/ligand/1a0t_GLC-FRU_D_1-2_ligand_refined.sdf', 'data/proto_train/ligand/1a0t_GLC-FRU_E_1-2_ligand_refined.sdf', 'data/proto_train/ligand/1a0t_GLC-FRU_F_1-2_ligand_refined.sdf', 'data/proto_train/ligand/1a0t_GLC-FRU_B_1-2_ligand_refined.sdf', 'data/proto_train/ligand/1a0t_GLC-FRU_C_1-2_ligand_refined.sdf', 'data/proto_train/ligand/1a0t_GLC-FRU_A_1-2_ligand_refined.sdf']
Multiple ligands found for 1duv: ['data/proto_train/ligand/1duv_PSQ_I_403_ligand_refined.sdf', 'data/proto_train/ligand/1duv_PSQ_H_402_ligand_refined.sdf', 'data/proto_train/ligand/1duv_PSQ_G_401_ligand_refined.sdf']
Multiple ligands found for 1bkj: ['data/proto_train/ligand/1bkj_FMN_A_241_ligand_refined.sdf', 'data/proto_train/ligand/1bkj_FMN_B_241_ligand_refined.sdf']
Multiple ligands found for 1a08: ['data/proto_train/ligand/1a08_ACE-DIP_C_100-103_ligand_refined.sdf', 'data/proto_train/ligand/1a08_ACE-DIP_D_100-103_ligand_refined.sdf']
Multiple ligands found for 1eli: ['data/proto_train/ligand/1eli_PYC_B_811_ligand_refined.sdf', 'data/proto_train/ligand/1eli_PYC_A_801_ligand_refined.sdf', 'data/proto_train/ligand/1eli_PYC_B_815_ligand_refined.sdf']
Multiple ligands found for 1a4q: ['data/proto_train/ligand/1a4q_DPC_A_466_ligand_refined.sdf', 'data/proto_train/ligand/1a4q_DPC_B_466_ligand_refined.sdf']
Multiple ligands found for 1dub: ['data/proto_train/ligand/1dub_CAA_C_300_ligand_refined.sdf', 'data/proto_train/ligand/1dub_CAA_B_300_ligand_refined.sdf', 'data/proto_train/ligand/1dub_CAA_A_300_ligand_refined.sdf', 'data/proto_train/ligand/1dub_CAA_E_300_ligand_refined.sdf', 'data/proto_train/ligand/1dub_CAA_F_300_ligand_refined.sdf']
Multiple ligands found for 1e2n: ['data/proto_train/ligand/1e2n_RCA_A_500_ligand_refined.sdf', 'data/proto_train/ligand/1e2n_RCA_B_500_ligand_refined.sdf']
Multiple ligands found for 1f4g: ['data/proto_train/ligand/1f4g_TP4_B_602_ligand_refined.sdf', 'data/proto_train/ligand/1f4g_TP4_A_601_ligand_refined.sdf']
Multiple ligands found for 1bwn: ['data/proto_train/ligand/1bwn_4IP_A_1_ligand_refined.sdf', 'data/proto_train/ligand/1bwn_4IP_A_172_ligand_refined.sdf', 'data/proto_train/ligand/1bwn_4IP_B_172_ligand_refined.sdf', 'data/proto_train/ligand/1bwn_4IP_B_1_ligand_refined.sdf']
Multiple ligands found for 1dds: ['data/proto_train/ligand/1dds_MTX_B_201_ligand_refined.sdf', 'data/proto_train/ligand/1dds_MTX_A_201_ligand_refined.sdf']
Multiple ligands found for 1ed5: ['data/proto_train/ligand/1ed5_NRG_B_2705_ligand_refined.sdf', 'data/proto_train/ligand/1ed5_NRG_A_1705_ligand_refined.sdf']
Multiple ligands found for 1ere: ['data/proto_train/ligand/1ere_EST_E_600_ligand_refined.sdf', 'data/proto_train/ligand/1ere_EST_D_600_ligand_refined.sdf', 'data/proto_train/ligand/1ere_EST_F_600_ligand_refined.sdf', 'data/proto_train/ligand/1ere_EST_C_600_ligand_refined.sdf', 'data/proto_train/ligand/1ere_EST_B_600_ligand_refined.sdf', 'data/proto_train/ligand/1ere_EST_A_600_ligand_refined.sdf']
Multiple ligands found for 1dqx: ['data/proto_train/ligand/1dqx_BMP_D_604_ligand_refined.sdf', 'data/proto_train/ligand/1dqx_BMP_B_602_ligand_refined.sdf', 'data/proto_train/ligand/1dqx_BMP_A_601_ligand_refined.sdf', 'data/proto_train/ligand/1dqx_BMP_C_603_ligand_refined.sdf']
Multiple ligands found for 1eqh: ['data/proto_train/ligand/1eqh_FLP_A_701_ligand_refined.sdf', 'data/proto_train/ligand/1eqh_FLP_B_1701_ligand_refined.sdf']
Multiple ligands found for 1f3f: ['data/proto_train/ligand/1f3f_D4T_A_160_ligand_refined.sdf', 'data/proto_train/ligand/1f3f_D4T_B_161_ligand_refined.sdf', 'data/proto_train/ligand/1f3f_D4T_C_164_ligand_refined.sdf']
Multiple ligands found for 1e9h: ['data/proto_train/ligand/1e9h_INR_C_1298_ligand_refined.sdf', 'data/proto_train/ligand/1e9h_INR_A_1298_ligand_refined.sdf']
Multiple ligands found for 1dqr: ['data/proto_train/ligand/1dqr_6PG_B_601_ligand_refined.sdf', 'data/proto_train/ligand/1dqr_6PG_A_600_ligand_refined.sdf']
Multiple ligands found for 1c3v: ['data/proto_train/ligand/1c3v_NDP_B_1301_ligand_refined.sdf', 'data/proto_train/ligand/1c3v_NDP_A_801_ligand_refined.sdf']
Multiple ligands found for 1bkj: ['data/proto_train/ligand/1bkj_FMN_A_241_ligand_refined.sdf', 'data/proto_train/ligand/1bkj_FMN_B_241_ligand_refined.sdf']
Multiple ligands found for 1apz: ['data/proto_train/ligand/1apz_ASP_B_551_ligand_refined.sdf', 'data/proto_train/ligand/1apz_ASP_D_552_ligand_refined.sdf']
Multiple ligands found for 1ceb: ['data/proto_train/ligand/1ceb_AMH_A_90_ligand_refined.sdf', 'data/proto_train/ligand/1ceb_AMH_B_90_ligand_refined.sdf']
Multiple ligands found for 1d0c: ['data/proto_train/ligand/1d0c_INE_B_761_ligand_refined.sdf', 'data/proto_train/ligand/1d0c_INE_A_766_ligand_refined.sdf', 'data/proto_train/ligand/1d0c_INE_A_760_ligand_refined.sdf', 'data/proto_train/ligand/1d0c_INE_B_765_ligand_refined.sdf']
Multiple ligands found for 1a4k: ['data/proto_train/ligand/1a4k_FRA_H_3083_ligand_refined.sdf', 'data/proto_train/ligand/1a4k_FRA_B_3083_ligand_refined.sdf']
Multiple ligands found for 1d09: ['data/proto_train/ligand/1d09_PAL_A_1311_ligand_refined.sdf', 'data/proto_train/ligand/1d09_PAL_C_1312_ligand_refined.sdf']
Multiple ligands found for 1b3l: ['data/proto_train/ligand/1b3l_LYS-LYS_D_1-3_ligand_refined.sdf', 'data/proto_train/ligand/1b3l_LYS-LYS_B_1-3_ligand_refined.sdf']
Multiple ligands found for 1bkj: ['data/proto_train/ligand/1bkj_FMN_A_241_ligand_refined.sdf', 'data/proto_train/ligand/1bkj_FMN_B_241_ligand_refined.sdf']
Multiple ligands found for 1e7b: ['data/proto_train/ligand/1e7b_HLT_B_4001_ligand_refined.sdf', 'data/proto_train/ligand/1e7b_HLT_A_4001_ligand_refined.sdf']
Multiple ligands found for 1a69: ['data/proto_train/ligand/1a69_FMB_A_240_ligand_refined.sdf', 'data/proto_train/ligand/1a69_FMB_C_240_ligand_refined.sdf', 'data/proto_train/ligand/1a69_FMB_B_240_ligand_refined.sdf']
Multiple ligands found for 1e7w: ['data/proto_train/ligand/1e7w_MTX_B_301_ligand_refined.sdf', 'data/proto_train/ligand/1e7w_MTX_A_301_ligand_refined.sdf']
Multiple ligands found for 1aoe: ['data/proto_train/ligand/1aoe_GW3_B_194_ligand_refined.sdf', 'data/proto_train/ligand/1aoe_GW3_A_194_ligand_refined.sdf']
Multiple ligands found for 1dub: ['data/proto_train/ligand/1dub_CAA_C_300_ligand_refined.sdf', 'data/proto_train/ligand/1dub_CAA_B_300_ligand_refined.sdf', 'data/proto_train/ligand/1dub_CAA_A_300_ligand_refined.sdf', 'data/proto_train/ligand/1dub_CAA_E_300_ligand_refined.sdf', 'data/proto_train/ligand/1dub_CAA_F_300_ligand_refined.sdf']
Multiple ligands found for 1c7e: ['data/proto_train/ligand/1c7e_FMN_B_2149_ligand_refined.sdf', 'data/proto_train/ligand/1c7e_FMN_A_1149_ligand_refined.sdf']
Multiple ligands found for 1f28: ['data/proto_train/ligand/1f28_F89_B_402_ligand_refined.sdf', 'data/proto_train/ligand/1f28_F89_D_404_ligand_refined.sdf', 'data/proto_train/ligand/1f28_F89_C_403_ligand_refined.sdf', 'data/proto_train/ligand/1f28_F89_A_401_ligand_refined.sdf']
Multiple ligands found for 1a28: ['data/proto_train/ligand/1a28_STR_B_2_ligand_refined.sdf', 'data/proto_train/ligand/1a28_STR_A_1_ligand_refined.sdf']
Multiple ligands found for 1a94: ['data/proto_train/ligand/1a94_0Q4_A_100_ligand_refined.sdf', 'data/proto_train/ligand/1a94_0Q4_E_100_ligand_refined.sdf']
Multiple ligands found for 1d0o: ['data/proto_train/ligand/1d0o_INE_A_766_ligand_refined.sdf', 'data/proto_train/ligand/1d0o_INE_B_761_ligand_refined.sdf', 'data/proto_train/ligand/1d0o_INE_A_760_ligand_refined.sdf', 'data/proto_train/ligand/1d0o_INE_B_765_ligand_refined.sdf']
Multiple ligands found for 1f4g: ['data/proto_train/ligand/1f4g_TP4_B_602_ligand_refined.sdf', 'data/proto_train/ligand/1f4g_TP4_A_601_ligand_refined.sdf']
Multiple ligands found for 1d0c: ['data/proto_train/ligand/1d0c_INE_B_761_ligand_refined.sdf', 'data/proto_train/ligand/1d0c_INE_A_766_ligand_refined.sdf', 'data/proto_train/ligand/1d0c_INE_A_760_ligand_refined.sdf', 'data/proto_train/ligand/1d0c_INE_B_765_ligand_refined.sdf']
Multiple ligands found for 1chm: ['data/proto_train/ligand/1chm_CMS_A_404_ligand_refined.sdf', 'data/proto_train/ligand/1chm_CMS_B_404_ligand_refined.sdf']
Multiple ligands found for 1ct8: ['data/proto_train/ligand/1ct8_TAA_D_551_ligand_refined.sdf', 'data/proto_train/ligand/1ct8_TAA_B_550_ligand_refined.sdf']
Multiple ligands found for 1ecm: ['data/proto_train/ligand/1ecm_TSA_B_501_ligand_refined.sdf', 'data/proto_train/ligand/1ecm_TSA_A_500_ligand_refined.sdf']
Multiple ligands found for 1e4h: ['data/proto_train/ligand/1e4h_PBR_B_999_ligand_refined.sdf', 'data/proto_train/ligand/1e4h_PBR_A_998_ligand_refined.sdf']
Multiple ligands found for 1ew9: ['data/proto_train/ligand/1ew9_MMQ_B_559_ligand_refined.sdf', 'data/proto_train/ligand/1ew9_MMQ_A_559_ligand_refined.sdf']
Multiple ligands found for 1eyk: ['data/proto_train/ligand/1eyk_AMP_B_342_ligand_refined.sdf', 'data/proto_train/ligand/1eyk_AMP_A_341_ligand_refined.sdf']
Multiple ligands found for 1f4g: ['data/proto_train/ligand/1f4g_TP4_B_602_ligand_refined.sdf', 'data/proto_train/ligand/1f4g_TP4_A_601_ligand_refined.sdf']
Multiple ligands found for 1bir: ['data/proto_train/ligand/1bir_2GP_A_106_ligand_refined.sdf', 'data/proto_train/ligand/1bir_2GP_B_107_ligand_refined.sdf']
Multiple ligands found for 1e7w: ['data/proto_train/ligand/1e7w_MTX_B_301_ligand_refined.sdf', 'data/proto_train/ligand/1e7w_MTX_A_301_ligand_refined.sdf']
Multiple ligands found for 1efi: ['data/proto_train/ligand/1efi_GAT_F_106_ligand_refined.sdf', 'data/proto_train/ligand/1efi_GAT_D_104_ligand_refined.sdf', 'data/proto_train/ligand/1efi_GAT_G_107_ligand_refined.sdf', 'data/proto_train/ligand/1efi_GAT_E_105_ligand_refined.sdf', 'data/proto_train/ligand/1efi_GAT_H_108_ligand_refined.sdf']
Multiple ligands found for 1bcj: ['data/proto_train/ligand/1bcj_NGA_2_1_ligand_refined.sdf', 'data/proto_train/ligand/1bcj_NGA_3_1_ligand_refined.sdf', 'data/proto_train/ligand/1bcj_NGA_1_1_ligand_refined.sdf']
Multiple ligands found for 1a4m: ['data/proto_train/ligand/1a4m_PRH_B_854_ligand_refined.sdf', 'data/proto_train/ligand/1a4m_PRH_C_1354_ligand_refined.sdf', 'data/proto_train/ligand/1a4m_PRH_A_354_ligand_refined.sdf', 'data/proto_train/ligand/1a4m_PRH_D_1854_ligand_refined.sdf']
Multiple ligands found for 1a99: ['data/proto_train/ligand/1a99_PUT_C_371_ligand_refined.sdf', 'data/proto_train/ligand/1a99_PUT_B_371_ligand_refined.sdf', 'data/proto_train/ligand/1a99_PUT_A_371_ligand_refined.sdf', 'data/proto_train/ligand/1a99_PUT_D_371_ligand_refined.sdf']
Multiple ligands found for 1ew8: ['data/proto_train/ligand/1ew8_PAE_A_556_ligand_refined.sdf', 'data/proto_train/ligand/1ew8_PAE_B_556_ligand_refined.sdf']
Multiple ligands found for 1bto: ['data/proto_train/ligand/1bto_SSB_D_378_ligand_refined.sdf', 'data/proto_train/ligand/1bto_SSB_C_378_ligand_refined.sdf', 'data/proto_train/ligand/1bto_SSB_B_378_ligand_refined.sdf', 'data/proto_train/ligand/1bto_SSB_A_378_ligand_refined.sdf']
Multiple ligands found for 1ed5: ['data/proto_train/ligand/1ed5_NRG_B_2705_ligand_refined.sdf', 'data/proto_train/ligand/1ed5_NRG_A_1705_ligand_refined.sdf']
Multiple ligands found for 1e3k: ['data/proto_train/ligand/1e3k_R18_A_1000_ligand_refined.sdf', 'data/proto_train/ligand/1e3k_R18_B_1000_ligand_refined.sdf']
Multiple ligands found for 1dzp: ['data/proto_train/ligand/1dzp_BZQ_A_600_ligand_refined.sdf', 'data/proto_train/ligand/1dzp_BZQ_B_600_ligand_refined.sdf']
Multiple ligands found for 1eei: ['data/proto_train/ligand/1eei_GAA_G_507_ligand_refined.sdf', 'data/proto_train/ligand/1eei_GAA_E_505_ligand_refined.sdf', 'data/proto_train/ligand/1eei_GAA_H_508_ligand_refined.sdf', 'data/proto_train/ligand/1eei_GAA_F_506_ligand_refined.sdf', 'data/proto_train/ligand/1eei_GAA_D_504_ligand_refined.sdf']
Multiple ligands found for 1e06: ['data/proto_train/ligand/1e06_IPB_B_600_ligand_refined.sdf', 'data/proto_train/ligand/1e06_IPB_A_600_ligand_refined.sdf']
Multiple ligands found for 1djx: ['data/proto_train/ligand/1djx_I3P_A_1_ligand_refined.sdf', 'data/proto_train/ligand/1djx_I3P_B_1_ligand_refined.sdf']
Multiple ligands found for 1dqn: ['data/proto_train/ligand/1dqn_IMU_A_300_ligand_refined.sdf', 'data/proto_train/ligand/1dqn_IMU_B_301_ligand_refined.sdf']
Multiple ligands found for 1af6: ['data/proto_train/ligand/1af6_GLC-FRU_F_1-2_ligand_refined.sdf', 'data/proto_train/ligand/1af6_GLC-FRU_E_1-2_ligand_refined.sdf', 'data/proto_train/ligand/1af6_GLC-FRU_D_1-2_ligand_refined.sdf']
Multiple ligands found for 1eei: ['data/proto_train/ligand/1eei_GAA_G_507_ligand_refined.sdf', 'data/proto_train/ligand/1eei_GAA_E_505_ligand_refined.sdf', 'data/proto_train/ligand/1eei_GAA_H_508_ligand_refined.sdf', 'data/proto_train/ligand/1eei_GAA_F_506_ligand_refined.sdf', 'data/proto_train/ligand/1eei_GAA_D_504_ligand_refined.sdf']
Multiple ligands found for 1dq8: ['data/proto_train/ligand/1dq8_MAH_D_202_ligand_refined.sdf', 'data/proto_train/ligand/1dq8_MAH_B_201_ligand_refined.sdf', 'data/proto_train/ligand/1dq8_MAH_A_200_ligand_refined.sdf', 'data/proto_train/ligand/1dq8_MAH_D_203_ligand_refined.sdf']
Multiple ligands found for 1dqx: ['data/proto_train/ligand/1dqx_BMP_D_604_ligand_refined.sdf', 'data/proto_train/ligand/1dqx_BMP_B_602_ligand_refined.sdf', 'data/proto_train/ligand/1dqx_BMP_A_601_ligand_refined.sdf', 'data/proto_train/ligand/1dqx_BMP_C_603_ligand_refined.sdf']
Multiple ligands found for 1eqg: ['data/proto_train/ligand/1eqg_IBP_B_1701_ligand_refined.sdf', 'data/proto_train/ligand/1eqg_IBP_A_701_ligand_refined.sdf']
Multiple ligands found for 1dzp: ['data/proto_train/ligand/1dzp_BZQ_A_600_ligand_refined.sdf', 'data/proto_train/ligand/1dzp_BZQ_B_600_ligand_refined.sdf']
Multiple ligands found for 1b55: ['data/proto_train/ligand/1b55_4IP_A_171_ligand_refined.sdf', 'data/proto_train/ligand/1b55_4IP_B_172_ligand_refined.sdf']
Multiple ligands found for 1ek2: ['data/proto_train/ligand/1ek2_CDU_B_1200_ligand_refined.sdf', 'data/proto_train/ligand/1ek2_CDU_A_1100_ligand_refined.sdf']
Multiple ligands found for 1e3v: ['data/proto_train/ligand/1e3v_DXC_A_801_ligand_refined.sdf', 'data/proto_train/ligand/1e3v_DXC_B_801_ligand_refined.sdf']
Multiple ligands found for 1afk: ['data/proto_train/ligand/1afk_PAP_B_125_ligand_refined.sdf', 'data/proto_train/ligand/1afk_PAP_A_125_ligand_refined.sdf']
Multiple ligands found for 1d09: ['data/proto_train/ligand/1d09_PAL_A_1311_ligand_refined.sdf', 'data/proto_train/ligand/1d09_PAL_C_1312_ligand_refined.sdf']
Multiple ligands found for 1bil: ['data/proto_train/ligand/1bil_0IU_B_391_ligand_refined.sdf', 'data/proto_train/ligand/1bil_0IU_A_391_ligand_refined.sdf']
Multiple ligands found for 1dqx: ['data/proto_train/ligand/1dqx_BMP_D_604_ligand_refined.sdf', 'data/proto_train/ligand/1dqx_BMP_B_602_ligand_refined.sdf', 'data/proto_train/ligand/1dqx_BMP_A_601_ligand_refined.sdf', 'data/proto_train/ligand/1dqx_BMP_C_603_ligand_refined.sdf']
Multiple ligands found for 1egh: ['data/proto_train/ligand/1egh_PGA_A_201_ligand_refined.sdf', 'data/proto_train/ligand/1egh_PGA_F_251_ligand_refined.sdf', 'data/proto_train/ligand/1egh_PGA_C_221_ligand_refined.sdf', 'data/proto_train/ligand/1egh_PGA_D_231_ligand_refined.sdf', 'data/proto_train/ligand/1egh_PGA_E_241_ligand_refined.sdf', 'data/proto_train/ligand/1egh_PGA_B_211_ligand_refined.sdf']
Multiple ligands found for 1dqx: ['data/proto_train/ligand/1dqx_BMP_D_604_ligand_refined.sdf', 'data/proto_train/ligand/1dqx_BMP_B_602_ligand_refined.sdf', 'data/proto_train/ligand/1dqx_BMP_A_601_ligand_refined.sdf', 'data/proto_train/ligand/1dqx_BMP_C_603_ligand_refined.sdf']
Multiple ligands found for 1exv: ['data/proto_train/ligand/1exv_700_B_1862_ligand_refined.sdf', 'data/proto_train/ligand/1exv_700_A_862_ligand_refined.sdf']
Multiple ligands found for 1dqa: ['data/proto_train/ligand/1dqa_MAH_B_202_ligand_refined.sdf', 'data/proto_train/ligand/1dqa_MAH_D_203_ligand_refined.sdf', 'data/proto_train/ligand/1dqa_MAH_A_201_ligand_refined.sdf', 'data/proto_train/ligand/1dqa_MAH_C_204_ligand_refined.sdf']
Multiple ligands found for 1f73: ['data/proto_train/ligand/1f73_HMN_B_701_ligand_refined.sdf', 'data/proto_train/ligand/1f73_HMN_C_702_ligand_refined.sdf', 'data/proto_train/ligand/1f73_HMN_A_700_ligand_refined.sdf', 'data/proto_train/ligand/1f73_HMN_D_703_ligand_refined.sdf']
Multiple ligands found for 1axz: ['data/proto_train/ligand/1axz_GAL_A_402_ligand_refined.sdf', 'data/proto_train/ligand/1axz_GLA_A_401_ligand_refined.sdf']
Multiple ligands found for 1dqn: ['data/proto_train/ligand/1dqn_IMU_A_300_ligand_refined.sdf', 'data/proto_train/ligand/1dqn_IMU_B_301_ligand_refined.sdf']
Multiple ligands found for 1bap: ['data/proto_train/ligand/1bap_ARB_A_308_ligand_refined.sdf', 'data/proto_train/ligand/1bap_ARA_A_307_ligand_refined.sdf']
Multiple ligands found for 1a4k: ['data/proto_train/ligand/1a4k_FRA_H_3083_ligand_refined.sdf', 'data/proto_train/ligand/1a4k_FRA_B_3083_ligand_refined.sdf']
Multiple ligands found for 1eix: ['data/proto_train/ligand/1eix_BMQ_A_1301_ligand_refined.sdf', 'data/proto_train/ligand/1eix_BMQ_C_1303_ligand_refined.sdf', 'data/proto_train/ligand/1eix_BMQ_D_1304_ligand_refined.sdf', 'data/proto_train/ligand/1eix_BMQ_B_1302_ligand_refined.sdf']
Multiple ligands found for 1el9: ['data/proto_train/ligand/1el9_MTG_B_811_ligand_refined.sdf', 'data/proto_train/ligand/1el9_MTG_A_801_ligand_refined.sdf']
Multiple ligands found for 1a52: ['data/proto_train/ligand/1a52_EST_B_2_ligand_refined.sdf', 'data/proto_train/ligand/1a52_EST_A_1_ligand_refined.sdf']
Multiple ligands found for 1ed4: ['data/proto_train/ligand/1ed4_IPU_B_1840_ligand_refined.sdf', 'data/proto_train/ligand/1ed4_IPU_A_1830_ligand_refined.sdf', 'data/proto_train/ligand/1ed4_IPU_A_2840_ligand_refined.sdf', 'data/proto_train/ligand/1ed4_IPU_B_2830_ligand_refined.sdf']
Multiple ligands found for 1afl: ['data/proto_train/ligand/1afl_ATR_B_125_ligand_refined.sdf', 'data/proto_train/ligand/1afl_ATR_A_125_ligand_refined.sdf']
Multiple ligands found for 1cjb: ['data/proto_train/ligand/1cjb_IRP_A_300_ligand_refined.sdf', 'data/proto_train/ligand/1cjb_IRP_B_300_ligand_refined.sdf', 'data/proto_train/ligand/1cjb_IRP_C_300_ligand_refined.sdf', 'data/proto_train/ligand/1cjb_IRP_D_300_ligand_refined.sdf']
Multiple ligands found for 1e2l: ['data/proto_train/ligand/1e2l_TMC_A_500_ligand_refined.sdf', 'data/proto_train/ligand/1e2l_TMC_B_500_ligand_refined.sdf']
Multiple ligands found for 1ecq: ['data/proto_train/ligand/1ecq_DXG_B_500_ligand_refined.sdf', 'data/proto_train/ligand/1ecq_DXG_A_499_ligand_refined.sdf', 'data/proto_train/ligand/1ecq_DXG_C_501_ligand_refined.sdf', 'data/proto_train/ligand/1ecq_DXG_D_502_ligand_refined.sdf']
Multiple ligands found for 1dbt: ['data/proto_train/ligand/1dbt_U5P_A_250_ligand_refined.sdf', 'data/proto_train/ligand/1dbt_U5P_C_252_ligand_refined.sdf', 'data/proto_train/ligand/1dbt_U5P_B_251_ligand_refined.sdf']
Multiple ligands found for 1elw: ['data/proto_train/ligand/1elw_GLY-ASP_D_5-12_ligand_refined.sdf', 'data/proto_train/ligand/1elw_GLY-ASP_C_5-12_ligand_refined.sdf']
Multiple ligands found for 1ado: ['data/proto_train/ligand/1ado_13P_B_1053_ligand_refined.sdf', 'data/proto_train/ligand/1ado_13P_A_1104_ligand_refined.sdf']
Multiple ligands found for 1df8: ['data/proto_train/ligand/1df8_BTN_A_201_ligand_refined.sdf', 'data/proto_train/ligand/1df8_BTN_B_202_ligand_refined.sdf']
Multiple ligands found for 1efi: ['data/proto_train/ligand/1efi_GAT_F_106_ligand_refined.sdf', 'data/proto_train/ligand/1efi_GAT_D_104_ligand_refined.sdf', 'data/proto_train/ligand/1efi_GAT_G_107_ligand_refined.sdf', 'data/proto_train/ligand/1efi_GAT_E_105_ligand_refined.sdf', 'data/proto_train/ligand/1efi_GAT_H_108_ligand_refined.sdf']
Multiple ligands found for 1ahy: ['data/proto_train/ligand/1ahy_MAE_B_411_ligand_refined.sdf', 'data/proto_train/ligand/1ahy_MAE_A_411_ligand_refined.sdf']
Multiple ligands found for 1f4f: ['data/proto_train/ligand/1f4f_TP3_B_702_ligand_refined.sdf', 'data/proto_train/ligand/1f4f_TP3_A_701_ligand_refined.sdf']
Multiple ligands found for 1c8l: ['data/proto_train/ligand/1c8l_BIN_A_930_ligand_refined.sdf', 'data/proto_train/ligand/1c8l_CFF_A_940_ligand_refined.sdf']
Multiple ligands found for 1ew9: ['data/proto_train/ligand/1ew9_MMQ_B_559_ligand_refined.sdf', 'data/proto_train/ligand/1ew9_MMQ_A_559_ligand_refined.sdf']
Multiple ligands found for 1d2e: ['data/proto_train/ligand/1d2e_GDP_C_1303_ligand_refined.sdf', 'data/proto_train/ligand/1d2e_GDP_B_1302_ligand_refined.sdf', 'data/proto_train/ligand/1d2e_GDP_D_1304_ligand_refined.sdf', 'data/proto_train/ligand/1d2e_GDP_A_1301_ligand_refined.sdf']
Multiple ligands found for 1ahx: ['data/proto_train/ligand/1ahx_HCI_B_411_ligand_refined.sdf', 'data/proto_train/ligand/1ahx_HCI_A_411_ligand_refined.sdf']
Multiple ligands found for 1d2e: ['data/proto_train/ligand/1d2e_GDP_C_1303_ligand_refined.sdf', 'data/proto_train/ligand/1d2e_GDP_B_1302_ligand_refined.sdf', 'data/proto_train/ligand/1d2e_GDP_D_1304_ligand_refined.sdf', 'data/proto_train/ligand/1d2e_GDP_A_1301_ligand_refined.sdf']
Multiple ligands found for 1ddr: ['data/proto_train/ligand/1ddr_MTX_A_200_ligand_refined.sdf', 'data/proto_train/ligand/1ddr_MTX_B_200_ligand_refined.sdf']
Multiple ligands found for 1a1e: ['data/proto_train/ligand/1a1e_ACE-DIY_D_100-103_ligand_refined.sdf', 'data/proto_train/ligand/1a1e_ACE-DIY_C_100-103_ligand_refined.sdf']
Multiple ligands found for 1ahx: ['data/proto_train/ligand/1ahx_HCI_B_411_ligand_refined.sdf', 'data/proto_train/ligand/1ahx_HCI_A_411_ligand_refined.sdf']
Multiple ligands found for 1chm: ['data/proto_train/ligand/1chm_CMS_A_404_ligand_refined.sdf', 'data/proto_train/ligand/1chm_CMS_B_404_ligand_refined.sdf']
Multiple ligands found for 1el9: ['data/proto_train/ligand/1el9_MTG_B_811_ligand_refined.sdf', 'data/proto_train/ligand/1el9_MTG_A_801_ligand_refined.sdf']
Multiple ligands found for 1cea: ['data/proto_train/ligand/1cea_ACA_A_90_ligand_refined.sdf', 'data/proto_train/ligand/1cea_ACA_B_90_ligand_refined.sdf']
Multiple ligands found for 1ew9: ['data/proto_train/ligand/1ew9_MMQ_B_559_ligand_refined.sdf', 'data/proto_train/ligand/1ew9_MMQ_A_559_ligand_refined.sdf']
Multiple ligands found for 1f73: ['data/proto_train/ligand/1f73_HMN_B_701_ligand_refined.sdf', 'data/proto_train/ligand/1f73_HMN_C_702_ligand_refined.sdf', 'data/proto_train/ligand/1f73_HMN_A_700_ligand_refined.sdf', 'data/proto_train/ligand/1f73_HMN_D_703_ligand_refined.sdf']
Multiple ligands found for 1el5: ['data/proto_train/ligand/1el5_DMG_B_811_ligand_refined.sdf', 'data/proto_train/ligand/1el5_DMG_A_801_ligand_refined.sdf']
Multiple ligands found for 1az1: ['data/proto_train/ligand/1az1_ALR_A_317_ligand_refined.sdf', 'data/proto_train/ligand/1az1_ALR_A_318_ligand_refined.sdf']
Multiple ligands found for 1eix: ['data/proto_train/ligand/1eix_BMQ_A_1301_ligand_refined.sdf', 'data/proto_train/ligand/1eix_BMQ_C_1303_ligand_refined.sdf', 'data/proto_train/ligand/1eix_BMQ_D_1304_ligand_refined.sdf', 'data/proto_train/ligand/1eix_BMQ_B_1302_ligand_refined.sdf']
Multiple ligands found for 1ecq: ['data/proto_train/ligand/1ecq_DXG_B_500_ligand_refined.sdf', 'data/proto_train/ligand/1ecq_DXG_A_499_ligand_refined.sdf', 'data/proto_train/ligand/1ecq_DXG_C_501_ligand_refined.sdf', 'data/proto_train/ligand/1ecq_DXG_D_502_ligand_refined.sdf']
Multiple ligands found for 1egh: ['data/proto_train/ligand/1egh_PGA_A_201_ligand_refined.sdf', 'data/proto_train/ligand/1egh_PGA_F_251_ligand_refined.sdf', 'data/proto_train/ligand/1egh_PGA_C_221_ligand_refined.sdf', 'data/proto_train/ligand/1egh_PGA_D_231_ligand_refined.sdf', 'data/proto_train/ligand/1egh_PGA_E_241_ligand_refined.sdf', 'data/proto_train/ligand/1egh_PGA_B_211_ligand_refined.sdf']
Multiple ligands found for 1c7f: ['data/proto_train/ligand/1c7f_FMN_A_1149_ligand_refined.sdf', 'data/proto_train/ligand/1c7f_FMN_B_2149_ligand_refined.sdf']
Multiple ligands found for 1dub: ['data/proto_train/ligand/1dub_CAA_C_300_ligand_refined.sdf', 'data/proto_train/ligand/1dub_CAA_B_300_ligand_refined.sdf', 'data/proto_train/ligand/1dub_CAA_A_300_ligand_refined.sdf', 'data/proto_train/ligand/1dub_CAA_E_300_ligand_refined.sdf', 'data/proto_train/ligand/1dub_CAA_F_300_ligand_refined.sdf']
Multiple ligands found for 1e3v: ['data/proto_train/ligand/1e3v_DXC_A_801_ligand_refined.sdf', 'data/proto_train/ligand/1e3v_DXC_B_801_ligand_refined.sdf']
Multiple ligands found for 1c0i: ['data/proto_train/ligand/1c0i_BE2_A_1365_ligand_refined.sdf', 'data/proto_train/ligand/1c0i_BE2_A_1364_ligand_refined.sdf']
Multiple ligands found for 1cqe: ['data/proto_train/ligand/1cqe_FLP_B_2650_ligand_refined.sdf', 'data/proto_train/ligand/1cqe_FLP_A_1650_ligand_refined.sdf']
Multiple ligands found for 1cjb: ['data/proto_train/ligand/1cjb_IRP_A_300_ligand_refined.sdf', 'data/proto_train/ligand/1cjb_IRP_B_300_ligand_refined.sdf', 'data/proto_train/ligand/1cjb_IRP_C_300_ligand_refined.sdf', 'data/proto_train/ligand/1cjb_IRP_D_300_ligand_refined.sdf']
Multiple ligands found for 1afk: ['data/proto_train/ligand/1afk_PAP_B_125_ligand_refined.sdf', 'data/proto_train/ligand/1afk_PAP_A_125_ligand_refined.sdf']
Multiple ligands found for 1c7f: ['data/proto_train/ligand/1c7f_FMN_A_1149_ligand_refined.sdf', 'data/proto_train/ligand/1c7f_FMN_B_2149_ligand_refined.sdf']
Multiple ligands found for 1elw: ['data/proto_train/ligand/1elw_GLY-ASP_D_5-12_ligand_refined.sdf', 'data/proto_train/ligand/1elw_GLY-ASP_C_5-12_ligand_refined.sdf']
Multiple ligands found for 1ed4: ['data/proto_train/ligand/1ed4_IPU_B_1840_ligand_refined.sdf', 'data/proto_train/ligand/1ed4_IPU_A_1830_ligand_refined.sdf', 'data/proto_train/ligand/1ed4_IPU_A_2840_ligand_refined.sdf', 'data/proto_train/ligand/1ed4_IPU_B_2830_ligand_refined.sdf']
Multiple ligands found for 1dvj: ['data/proto_train/ligand/1dvj_UP6_A_5001_ligand_refined.sdf', 'data/proto_train/ligand/1dvj_UP6_B_5002_ligand_refined.sdf', 'data/proto_train/ligand/1dvj_UP6_D_5004_ligand_refined.sdf', 'data/proto_train/ligand/1dvj_UP6_C_5003_ligand_refined.sdf']
Multiple ligands found for 1e5a: ['data/proto_train/ligand/1e5a_TBP_A_999_ligand_refined.sdf', 'data/proto_train/ligand/1e5a_TBP_B_999_ligand_refined.sdf']
Multiple ligands found for 1d0c: ['data/proto_train/ligand/1d0c_INE_B_761_ligand_refined.sdf', 'data/proto_train/ligand/1d0c_INE_A_766_ligand_refined.sdf', 'data/proto_train/ligand/1d0c_INE_A_760_ligand_refined.sdf', 'data/proto_train/ligand/1d0c_INE_B_765_ligand_refined.sdf']
Multiple ligands found for 1bl4: ['data/proto_train/ligand/1bl4_AP1_A_108_ligand_refined.sdf', 'data/proto_train/ligand/1bl4_AP1_B_109_ligand_refined.sdf']
Multiple ligands found for 1e2k: ['data/proto_train/ligand/1e2k_TMC_B_500_ligand_refined.sdf', 'data/proto_train/ligand/1e2k_TMC_A_500_ligand_refined.sdf']
Multiple ligands found for 1dub: ['data/proto_train/ligand/1dub_CAA_C_300_ligand_refined.sdf', 'data/proto_train/ligand/1dub_CAA_B_300_ligand_refined.sdf', 'data/proto_train/ligand/1dub_CAA_A_300_ligand_refined.sdf', 'data/proto_train/ligand/1dub_CAA_E_300_ligand_refined.sdf', 'data/proto_train/ligand/1dub_CAA_F_300_ligand_refined.sdf']
Multiple ligands found for 1a4m: ['data/proto_train/ligand/1a4m_PRH_B_854_ligand_refined.sdf', 'data/proto_train/ligand/1a4m_PRH_C_1354_ligand_refined.sdf', 'data/proto_train/ligand/1a4m_PRH_A_354_ligand_refined.sdf', 'data/proto_train/ligand/1a4m_PRH_D_1854_ligand_refined.sdf']
Multiple ligands found for 1el9: ['data/proto_train/ligand/1el9_MTG_B_811_ligand_refined.sdf', 'data/proto_train/ligand/1el9_MTG_A_801_ligand_refined.sdf']
Multiple ligands found for 1c0i: ['data/proto_train/ligand/1c0i_BE2_A_1365_ligand_refined.sdf', 'data/proto_train/ligand/1c0i_BE2_A_1364_ligand_refined.sdf']
Multiple ligands found for 1atl: ['data/proto_train/ligand/1atl_0QI_A_301_ligand_refined.sdf', 'data/proto_train/ligand/1atl_0QI_B_311_ligand_refined.sdf']
Multiple ligands found for 1ecq: ['data/proto_train/ligand/1ecq_DXG_B_500_ligand_refined.sdf', 'data/proto_train/ligand/1ecq_DXG_A_499_ligand_refined.sdf', 'data/proto_train/ligand/1ecq_DXG_C_501_ligand_refined.sdf', 'data/proto_train/ligand/1ecq_DXG_D_502_ligand_refined.sdf']
Multiple ligands found for 1a52: ['data/proto_train/ligand/1a52_EST_B_2_ligand_refined.sdf', 'data/proto_train/ligand/1a52_EST_A_1_ligand_refined.sdf']
Multiple ligands found for 1bil: ['data/proto_train/ligand/1bil_0IU_B_391_ligand_refined.sdf', 'data/proto_train/ligand/1bil_0IU_A_391_ligand_refined.sdf']
Multiple ligands found for 1ecq: ['data/proto_train/ligand/1ecq_DXG_B_500_ligand_refined.sdf', 'data/proto_train/ligand/1ecq_DXG_A_499_ligand_refined.sdf', 'data/proto_train/ligand/1ecq_DXG_C_501_ligand_refined.sdf', 'data/proto_train/ligand/1ecq_DXG_D_502_ligand_refined.sdf']
Multiple ligands found for 1cbr: ['data/proto_train/ligand/1cbr_REA_B_200_ligand_refined.sdf', 'data/proto_train/ligand/1cbr_REA_A_200_ligand_refined.sdf']
Multiple ligands found for 1az1: ['data/proto_train/ligand/1az1_ALR_A_317_ligand_refined.sdf', 'data/proto_train/ligand/1az1_ALR_A_318_ligand_refined.sdf']
Multiple ligands found for 1ebg: ['data/proto_train/ligand/1ebg_PAH_A_440_ligand_refined.sdf', 'data/proto_train/ligand/1ebg_PAH_B_440_ligand_refined.sdf']
Multiple ligands found for 1c3v: ['data/proto_train/ligand/1c3v_NDP_B_1301_ligand_refined.sdf', 'data/proto_train/ligand/1c3v_NDP_A_801_ligand_refined.sdf']
Multiple ligands found for 1f3f: ['data/proto_train/ligand/1f3f_D4T_A_160_ligand_refined.sdf', 'data/proto_train/ligand/1f3f_D4T_B_161_ligand_refined.sdf', 'data/proto_train/ligand/1f3f_D4T_C_164_ligand_refined.sdf']
Multiple ligands found for 1egh: ['data/proto_train/ligand/1egh_PGA_A_201_ligand_refined.sdf', 'data/proto_train/ligand/1egh_PGA_F_251_ligand_refined.sdf', 'data/proto_train/ligand/1egh_PGA_C_221_ligand_refined.sdf', 'data/proto_train/ligand/1egh_PGA_D_231_ligand_refined.sdf', 'data/proto_train/ligand/1egh_PGA_E_241_ligand_refined.sdf', 'data/proto_train/ligand/1egh_PGA_B_211_ligand_refined.sdf']
Multiple ligands found for 1c14: ['data/proto_train/ligand/1c14_TCL_B_1502_ligand_refined.sdf', 'data/proto_train/ligand/1c14_TCL_A_502_ligand_refined.sdf']
Multiple ligands found for 1ef3: ['data/proto_train/ligand/1ef3_FID_A_340_ligand_refined.sdf', 'data/proto_train/ligand/1ef3_FID_B_350_ligand_refined.sdf']
Multiple ligands found for 1c7e: ['data/proto_train/ligand/1c7e_FMN_B_2149_ligand_refined.sdf', 'data/proto_train/ligand/1c7e_FMN_A_1149_ligand_refined.sdf']
Multiple ligands found for 1e06: ['data/proto_train/ligand/1e06_IPB_B_600_ligand_refined.sdf', 'data/proto_train/ligand/1e06_IPB_A_600_ligand_refined.sdf']
Multiple ligands found for 1dmy: ['data/proto_train/ligand/1dmy_AZM_A_400_ligand_refined.sdf', 'data/proto_train/ligand/1dmy_AZM_B_900_ligand_refined.sdf']
Multiple ligands found for 1d7x: ['data/proto_train/ligand/1d7x_SPC_B_901_ligand_refined.sdf', 'data/proto_train/ligand/1d7x_SPC_A_401_ligand_refined.sdf']
Multiple ligands found for 1dub: ['data/proto_train/ligand/1dub_CAA_C_300_ligand_refined.sdf', 'data/proto_train/ligand/1dub_CAA_B_300_ligand_refined.sdf', 'data/proto_train/ligand/1dub_CAA_A_300_ligand_refined.sdf', 'data/proto_train/ligand/1dub_CAA_E_300_ligand_refined.sdf', 'data/proto_train/ligand/1dub_CAA_F_300_ligand_refined.sdf']
Multiple ligands found for 1dhf: ['data/proto_train/ligand/1dhf_FOL_A_187_ligand_refined.sdf', 'data/proto_train/ligand/1dhf_FOL_B_187_ligand_refined.sdf']
Multiple ligands found for 1abf: ['data/proto_train/ligand/1abf_FCA_A_307_ligand_refined.sdf', 'data/proto_train/ligand/1abf_FCB_A_308_ligand_refined.sdf']
Multiple ligands found for 1ere: ['data/proto_train/ligand/1ere_EST_E_600_ligand_refined.sdf', 'data/proto_train/ligand/1ere_EST_D_600_ligand_refined.sdf', 'data/proto_train/ligand/1ere_EST_F_600_ligand_refined.sdf', 'data/proto_train/ligand/1ere_EST_C_600_ligand_refined.sdf', 'data/proto_train/ligand/1ere_EST_B_600_ligand_refined.sdf', 'data/proto_train/ligand/1ere_EST_A_600_ligand_refined.sdf']
Multiple ligands found for 1fby: ['data/proto_train/ligand/1fby_9CR_A_500_ligand_refined.sdf', 'data/proto_train/ligand/1fby_9CR_B_1500_ligand_refined.sdf']
Multiple ligands found for 1e02: ['data/proto_train/ligand/1e02_UNA_A_600_ligand_refined.sdf', 'data/proto_train/ligand/1e02_UNA_B_600_ligand_refined.sdf']
Multiple ligands found for 1eix: ['data/proto_train/ligand/1eix_BMQ_A_1301_ligand_refined.sdf', 'data/proto_train/ligand/1eix_BMQ_C_1303_ligand_refined.sdf', 'data/proto_train/ligand/1eix_BMQ_D_1304_ligand_refined.sdf', 'data/proto_train/ligand/1eix_BMQ_B_1302_ligand_refined.sdf']
Multiple ligands found for 1a4g: ['data/proto_train/ligand/1a4g_ZMR_B_466_ligand_refined.sdf', 'data/proto_train/ligand/1a4g_ZMR_A_466_ligand_refined.sdf']
Multiple ligands found for 1f28: ['data/proto_train/ligand/1f28_F89_B_402_ligand_refined.sdf', 'data/proto_train/ligand/1f28_F89_D_404_ligand_refined.sdf', 'data/proto_train/ligand/1f28_F89_C_403_ligand_refined.sdf', 'data/proto_train/ligand/1f28_F89_A_401_ligand_refined.sdf']
Multiple ligands found for 1e7b: ['data/proto_train/ligand/1e7b_HLT_B_4001_ligand_refined.sdf', 'data/proto_train/ligand/1e7b_HLT_A_4001_ligand_refined.sdf']
Multiple ligands found for 1a99: ['data/proto_train/ligand/1a99_PUT_C_371_ligand_refined.sdf', 'data/proto_train/ligand/1a99_PUT_B_371_ligand_refined.sdf', 'data/proto_train/ligand/1a99_PUT_A_371_ligand_refined.sdf', 'data/proto_train/ligand/1a99_PUT_D_371_ligand_refined.sdf']
Multiple ligands found for 1dzp: ['data/proto_train/ligand/1dzp_BZQ_A_600_ligand_refined.sdf', 'data/proto_train/ligand/1dzp_BZQ_B_600_ligand_refined.sdf']
Multiple ligands found for 1d0o: ['data/proto_train/ligand/1d0o_INE_A_766_ligand_refined.sdf', 'data/proto_train/ligand/1d0o_INE_B_761_ligand_refined.sdf', 'data/proto_train/ligand/1d0o_INE_A_760_ligand_refined.sdf', 'data/proto_train/ligand/1d0o_INE_B_765_ligand_refined.sdf']
Multiple ligands found for 1a7c: ['data/proto_train/ligand/1a7c_ACE-NH2_C_910-916_ligand_refined.sdf', 'data/proto_train/ligand/1a7c_ACE-NH2_B_900-906_ligand_refined.sdf']
Multiple ligands found for 1ere: ['data/proto_train/ligand/1ere_EST_E_600_ligand_refined.sdf', 'data/proto_train/ligand/1ere_EST_D_600_ligand_refined.sdf', 'data/proto_train/ligand/1ere_EST_F_600_ligand_refined.sdf', 'data/proto_train/ligand/1ere_EST_C_600_ligand_refined.sdf', 'data/proto_train/ligand/1ere_EST_B_600_ligand_refined.sdf', 'data/proto_train/ligand/1ere_EST_A_600_ligand_refined.sdf']
Multiple ligands found for 1e02: ['data/proto_train/ligand/1e02_UNA_A_600_ligand_refined.sdf', 'data/proto_train/ligand/1e02_UNA_B_600_ligand_refined.sdf']
Multiple ligands found for 1d2e: ['data/proto_train/ligand/1d2e_GDP_C_1303_ligand_refined.sdf', 'data/proto_train/ligand/1d2e_GDP_B_1302_ligand_refined.sdf', 'data/proto_train/ligand/1d2e_GDP_D_1304_ligand_refined.sdf', 'data/proto_train/ligand/1d2e_GDP_A_1301_ligand_refined.sdf']
Multiple ligands found for 1a4q: ['data/proto_train/ligand/1a4q_DPC_A_466_ligand_refined.sdf', 'data/proto_train/ligand/1a4q_DPC_B_466_ligand_refined.sdf']
Multiple ligands found for 1ddr: ['data/proto_train/ligand/1ddr_MTX_A_200_ligand_refined.sdf', 'data/proto_train/ligand/1ddr_MTX_B_200_ligand_refined.sdf']
Multiple ligands found for 1efi: ['data/proto_train/ligand/1efi_GAT_F_106_ligand_refined.sdf', 'data/proto_train/ligand/1efi_GAT_D_104_ligand_refined.sdf', 'data/proto_train/ligand/1efi_GAT_G_107_ligand_refined.sdf', 'data/proto_train/ligand/1efi_GAT_E_105_ligand_refined.sdf', 'data/proto_train/ligand/1efi_GAT_H_108_ligand_refined.sdf']
Multiple ligands found for 1d0c: ['data/proto_train/ligand/1d0c_INE_B_761_ligand_refined.sdf', 'data/proto_train/ligand/1d0c_INE_A_766_ligand_refined.sdf', 'data/proto_train/ligand/1d0c_INE_A_760_ligand_refined.sdf', 'data/proto_train/ligand/1d0c_INE_B_765_ligand_refined.sdf']
Multiple ligands found for 1dqn: ['data/proto_train/ligand/1dqn_IMU_A_300_ligand_refined.sdf', 'data/proto_train/ligand/1dqn_IMU_B_301_ligand_refined.sdf']
Multiple ligands found for 1ed4: ['data/proto_train/ligand/1ed4_IPU_B_1840_ligand_refined.sdf', 'data/proto_train/ligand/1ed4_IPU_A_1830_ligand_refined.sdf', 'data/proto_train/ligand/1ed4_IPU_A_2840_ligand_refined.sdf', 'data/proto_train/ligand/1ed4_IPU_B_2830_ligand_refined.sdf']
Multiple ligands found for 1df1: ['data/proto_train/ligand/1df1_ITU_A_899_ligand_refined.sdf', 'data/proto_train/ligand/1df1_ITU_B_1899_ligand_refined.sdf']
Multiple ligands found for 1dub: ['data/proto_train/ligand/1dub_CAA_C_300_ligand_refined.sdf', 'data/proto_train/ligand/1dub_CAA_B_300_ligand_refined.sdf', 'data/proto_train/ligand/1dub_CAA_A_300_ligand_refined.sdf', 'data/proto_train/ligand/1dub_CAA_E_300_ligand_refined.sdf', 'data/proto_train/ligand/1dub_CAA_F_300_ligand_refined.sdf']
Multiple ligands found for 1e7b: ['data/proto_train/ligand/1e7b_HLT_B_4001_ligand_refined.sdf', 'data/proto_train/ligand/1e7b_HLT_A_4001_ligand_refined.sdf']
Multiple ligands found for 1d2e: ['data/proto_train/ligand/1d2e_GDP_C_1303_ligand_refined.sdf', 'data/proto_train/ligand/1d2e_GDP_B_1302_ligand_refined.sdf', 'data/proto_train/ligand/1d2e_GDP_D_1304_ligand_refined.sdf', 'data/proto_train/ligand/1d2e_GDP_A_1301_ligand_refined.sdf']
Multiple ligands found for 1eqh: ['data/proto_train/ligand/1eqh_FLP_A_701_ligand_refined.sdf', 'data/proto_train/ligand/1eqh_FLP_B_1701_ligand_refined.sdf']
Multiple ligands found for 1d2e: ['data/proto_train/ligand/1d2e_GDP_C_1303_ligand_refined.sdf', 'data/proto_train/ligand/1d2e_GDP_B_1302_ligand_refined.sdf', 'data/proto_train/ligand/1d2e_GDP_D_1304_ligand_refined.sdf', 'data/proto_train/ligand/1d2e_GDP_A_1301_ligand_refined.sdf']
Multiple ligands found for 1afl: ['data/proto_train/ligand/1afl_ATR_B_125_ligand_refined.sdf', 'data/proto_train/ligand/1afl_ATR_A_125_ligand_refined.sdf']
Multiple ligands found for 1drb: ['data/proto_train/ligand/1drb_MTX_B_361_ligand_refined.sdf', 'data/proto_train/ligand/1drb_MTX_A_161_ligand_refined.sdf']
Multiple ligands found for 1a0t: ['data/proto_train/ligand/1a0t_GLC-FRU_D_1-2_ligand_refined.sdf', 'data/proto_train/ligand/1a0t_GLC-FRU_E_1-2_ligand_refined.sdf', 'data/proto_train/ligand/1a0t_GLC-FRU_F_1-2_ligand_refined.sdf', 'data/proto_train/ligand/1a0t_GLC-FRU_B_1-2_ligand_refined.sdf', 'data/proto_train/ligand/1a0t_GLC-FRU_C_1-2_ligand_refined.sdf', 'data/proto_train/ligand/1a0t_GLC-FRU_A_1-2_ligand_refined.sdf']
Multiple ligands found for 1dqa: ['data/proto_train/ligand/1dqa_MAH_B_202_ligand_refined.sdf', 'data/proto_train/ligand/1dqa_MAH_D_203_ligand_refined.sdf', 'data/proto_train/ligand/1dqa_MAH_A_201_ligand_refined.sdf', 'data/proto_train/ligand/1dqa_MAH_C_204_ligand_refined.sdf']
Multiple ligands found for 1a7c: ['data/proto_train/ligand/1a7c_ACE-NH2_C_910-916_ligand_refined.sdf', 'data/proto_train/ligand/1a7c_ACE-NH2_B_900-906_ligand_refined.sdf']
Multiple ligands found for 1atl: ['data/proto_train/ligand/1atl_0QI_A_301_ligand_refined.sdf', 'data/proto_train/ligand/1atl_0QI_B_311_ligand_refined.sdf']
Multiple ligands found for 1cea: ['data/proto_train/ligand/1cea_ACA_A_90_ligand_refined.sdf', 'data/proto_train/ligand/1cea_ACA_B_90_ligand_refined.sdf']
Multiple ligands found for 1e2k: ['data/proto_train/ligand/1e2k_TMC_B_500_ligand_refined.sdf', 'data/proto_train/ligand/1e2k_TMC_A_500_ligand_refined.sdf']
Multiple ligands found for 1f3f: ['data/proto_train/ligand/1f3f_D4T_A_160_ligand_refined.sdf', 'data/proto_train/ligand/1f3f_D4T_B_161_ligand_refined.sdf', 'data/proto_train/ligand/1f3f_D4T_C_164_ligand_refined.sdf']
Multiple ligands found for 1a1b: ['data/proto_train/ligand/1a1b_ACE-DIP_D_100-103_ligand_refined.sdf', 'data/proto_train/ligand/1a1b_ACE-DIP_C_100-103_ligand_refined.sdf']
Multiple ligands found for 1djx: ['data/proto_train/ligand/1djx_I3P_A_1_ligand_refined.sdf', 'data/proto_train/ligand/1djx_I3P_B_1_ligand_refined.sdf']
Multiple ligands found for 1eei: ['data/proto_train/ligand/1eei_GAA_G_507_ligand_refined.sdf', 'data/proto_train/ligand/1eei_GAA_E_505_ligand_refined.sdf', 'data/proto_train/ligand/1eei_GAA_H_508_ligand_refined.sdf', 'data/proto_train/ligand/1eei_GAA_F_506_ligand_refined.sdf', 'data/proto_train/ligand/1eei_GAA_D_504_ligand_refined.sdf']
Multiple ligands found for 1dhi: ['data/proto_train/ligand/1dhi_MTX_B_361_ligand_refined.sdf', 'data/proto_train/ligand/1dhi_MTX_A_161_ligand_refined.sdf']
Multiple ligands found for 1efi: ['data/proto_train/ligand/1efi_GAT_F_106_ligand_refined.sdf', 'data/proto_train/ligand/1efi_GAT_D_104_ligand_refined.sdf', 'data/proto_train/ligand/1efi_GAT_G_107_ligand_refined.sdf', 'data/proto_train/ligand/1efi_GAT_E_105_ligand_refined.sdf', 'data/proto_train/ligand/1efi_GAT_H_108_ligand_refined.sdf']
Multiple ligands found for 1ccw: ['data/proto_train/ligand/1ccw_TAR_D_900_ligand_refined.sdf', 'data/proto_train/ligand/1ccw_TAR_B_900_ligand_refined.sdf']
Multiple ligands found for 1dq8: ['data/proto_train/ligand/1dq8_MAH_D_202_ligand_refined.sdf', 'data/proto_train/ligand/1dq8_MAH_B_201_ligand_refined.sdf', 'data/proto_train/ligand/1dq8_MAH_A_200_ligand_refined.sdf', 'data/proto_train/ligand/1dq8_MAH_D_203_ligand_refined.sdf']
Multiple ligands found for 1f73: ['data/proto_train/ligand/1f73_HMN_B_701_ligand_refined.sdf', 'data/proto_train/ligand/1f73_HMN_C_702_ligand_refined.sdf', 'data/proto_train/ligand/1f73_HMN_A_700_ligand_refined.sdf', 'data/proto_train/ligand/1f73_HMN_D_703_ligand_refined.sdf']
Multiple ligands found for 1bkj: ['data/proto_train/ligand/1bkj_FMN_A_241_ligand_refined.sdf', 'data/proto_train/ligand/1bkj_FMN_B_241_ligand_refined.sdf']
Multiple ligands found for 1cm0: ['data/proto_train/ligand/1cm0_COA_A_701_ligand_refined.sdf', 'data/proto_train/ligand/1cm0_COA_B_700_ligand_refined.sdf']
Multiple ligands found for 1eyj: ['data/proto_train/ligand/1eyj_AMP_B_342_ligand_refined.sdf', 'data/proto_train/ligand/1eyj_AMP_A_341_ligand_refined.sdf']
Multiple ligands found for 1dog: ['data/proto_train/ligand/1dog_NOJ_A_495_ligand_refined.sdf', 'data/proto_train/ligand/1dog_NOJ_A_496_ligand_refined.sdf']
Multiple ligands found for 1e4h: ['data/proto_train/ligand/1e4h_PBR_B_999_ligand_refined.sdf', 'data/proto_train/ligand/1e4h_PBR_A_998_ligand_refined.sdf']
Multiple ligands found for 1af6: ['data/proto_train/ligand/1af6_GLC-FRU_F_1-2_ligand_refined.sdf', 'data/proto_train/ligand/1af6_GLC-FRU_E_1-2_ligand_refined.sdf', 'data/proto_train/ligand/1af6_GLC-FRU_D_1-2_ligand_refined.sdf']
Multiple ligands found for 1elw: ['data/proto_train/ligand/1elw_GLY-ASP_D_5-12_ligand_refined.sdf', 'data/proto_train/ligand/1elw_GLY-ASP_C_5-12_ligand_refined.sdf']
Multiple ligands found for 1ebg: ['data/proto_train/ligand/1ebg_PAH_A_440_ligand_refined.sdf', 'data/proto_train/ligand/1ebg_PAH_B_440_ligand_refined.sdf']
Multiple ligands found for 1f73: ['data/proto_train/ligand/1f73_HMN_B_701_ligand_refined.sdf', 'data/proto_train/ligand/1f73_HMN_C_702_ligand_refined.sdf', 'data/proto_train/ligand/1f73_HMN_A_700_ligand_refined.sdf', 'data/proto_train/ligand/1f73_HMN_D_703_ligand_refined.sdf']
Multiple ligands found for 1fch: ['data/proto_train/ligand/1fch_TYR-LEU_C_1-5_ligand_refined.sdf', 'data/proto_train/ligand/1fch_TYR-LEU_D_1-5_ligand_refined.sdf']
Multiple ligands found for 1e00: ['data/proto_train/ligand/1e00_DHM_A_600_ligand_refined.sdf', 'data/proto_train/ligand/1e00_DHM_B_600_ligand_refined.sdf']
Multiple ligands found for 1b3l: ['data/proto_train/ligand/1b3l_LYS-LYS_D_1-3_ligand_refined.sdf', 'data/proto_train/ligand/1b3l_LYS-LYS_B_1-3_ligand_refined.sdf']
Multiple ligands found for 1e3k: ['data/proto_train/ligand/1e3k_R18_A_1000_ligand_refined.sdf', 'data/proto_train/ligand/1e3k_R18_B_1000_ligand_refined.sdf']
Multiple ligands found for 1cbr: ['data/proto_train/ligand/1cbr_REA_B_200_ligand_refined.sdf', 'data/proto_train/ligand/1cbr_REA_A_200_ligand_refined.sdf']
Multiple ligands found for 1a08: ['data/proto_train/ligand/1a08_ACE-DIP_C_100-103_ligand_refined.sdf', 'data/proto_train/ligand/1a08_ACE-DIP_D_100-103_ligand_refined.sdf']
Multiple ligands found for 1ere: ['data/proto_train/ligand/1ere_EST_E_600_ligand_refined.sdf', 'data/proto_train/ligand/1ere_EST_D_600_ligand_refined.sdf', 'data/proto_train/ligand/1ere_EST_F_600_ligand_refined.sdf', 'data/proto_train/ligand/1ere_EST_C_600_ligand_refined.sdf', 'data/proto_train/ligand/1ere_EST_B_600_ligand_refined.sdf', 'data/proto_train/ligand/1ere_EST_A_600_ligand_refined.sdf']
Multiple ligands found for 1alw: ['data/proto_train/ligand/1alw_ISA_B_12_ligand_refined.sdf', 'data/proto_train/ligand/1alw_ISA_A_11_ligand_refined.sdf']
Multiple ligands found for 1dvj: ['data/proto_train/ligand/1dvj_UP6_A_5001_ligand_refined.sdf', 'data/proto_train/ligand/1dvj_UP6_B_5002_ligand_refined.sdf', 'data/proto_train/ligand/1dvj_UP6_D_5004_ligand_refined.sdf', 'data/proto_train/ligand/1dvj_UP6_C_5003_ligand_refined.sdf']
Multiple ligands found for 1abf: ['data/proto_train/ligand/1abf_FCA_A_307_ligand_refined.sdf', 'data/proto_train/ligand/1abf_FCB_A_308_ligand_refined.sdf']
Multiple ligands found for 1dbt: ['data/proto_train/ligand/1dbt_U5P_A_250_ligand_refined.sdf', 'data/proto_train/ligand/1dbt_U5P_C_252_ligand_refined.sdf', 'data/proto_train/ligand/1dbt_U5P_B_251_ligand_refined.sdf']
Multiple ligands found for 1cm0: ['data/proto_train/ligand/1cm0_COA_A_701_ligand_refined.sdf', 'data/proto_train/ligand/1cm0_COA_B_700_ligand_refined.sdf']
Multiple ligands found for 1dvj: ['data/proto_train/ligand/1dvj_UP6_A_5001_ligand_refined.sdf', 'data/proto_train/ligand/1dvj_UP6_B_5002_ligand_refined.sdf', 'data/proto_train/ligand/1dvj_UP6_D_5004_ligand_refined.sdf', 'data/proto_train/ligand/1dvj_UP6_C_5003_ligand_refined.sdf']
Multiple ligands found for 1a28: ['data/proto_train/ligand/1a28_STR_B_2_ligand_refined.sdf', 'data/proto_train/ligand/1a28_STR_A_1_ligand_refined.sdf']
Multiple ligands found for 1dbt: ['data/proto_train/ligand/1dbt_U5P_A_250_ligand_refined.sdf', 'data/proto_train/ligand/1dbt_U5P_C_252_ligand_refined.sdf', 'data/proto_train/ligand/1dbt_U5P_B_251_ligand_refined.sdf']
Multiple ligands found for 1f73: ['data/proto_train/ligand/1f73_HMN_B_701_ligand_refined.sdf', 'data/proto_train/ligand/1f73_HMN_C_702_ligand_refined.sdf', 'data/proto_train/ligand/1f73_HMN_A_700_ligand_refined.sdf', 'data/proto_train/ligand/1f73_HMN_D_703_ligand_refined.sdf']
Multiple ligands found for 1ceb: ['data/proto_train/ligand/1ceb_AMH_A_90_ligand_refined.sdf', 'data/proto_train/ligand/1ceb_AMH_B_90_ligand_refined.sdf']
Multiple ligands found for 1a99: ['data/proto_train/ligand/1a99_PUT_C_371_ligand_refined.sdf', 'data/proto_train/ligand/1a99_PUT_B_371_ligand_refined.sdf', 'data/proto_train/ligand/1a99_PUT_A_371_ligand_refined.sdf', 'data/proto_train/ligand/1a99_PUT_D_371_ligand_refined.sdf']
Multiple ligands found for 1fch: ['data/proto_train/ligand/1fch_TYR-LEU_C_1-5_ligand_refined.sdf', 'data/proto_train/ligand/1fch_TYR-LEU_D_1-5_ligand_refined.sdf']
Multiple ligands found for 1a69: ['data/proto_train/ligand/1a69_FMB_A_240_ligand_refined.sdf', 'data/proto_train/ligand/1a69_FMB_C_240_ligand_refined.sdf', 'data/proto_train/ligand/1a69_FMB_B_240_ligand_refined.sdf']
Multiple ligands found for 1e8g: ['data/proto_train/ligand/1e8g_FAD_B_600_ligand_refined.sdf', 'data/proto_train/ligand/1e8g_FAD_A_600_ligand_refined.sdf']
Multiple ligands found for 1bto: ['data/proto_train/ligand/1bto_SSB_D_378_ligand_refined.sdf', 'data/proto_train/ligand/1bto_SSB_C_378_ligand_refined.sdf', 'data/proto_train/ligand/1bto_SSB_B_378_ligand_refined.sdf', 'data/proto_train/ligand/1bto_SSB_A_378_ligand_refined.sdf']
Multiple ligands found for 1dzm: ['data/proto_train/ligand/1dzm_BZM_A_600_ligand_refined.sdf', 'data/proto_train/ligand/1dzm_BZM_B_600_ligand_refined.sdf']
Multiple ligands found for 1dq8: ['data/proto_train/ligand/1dq8_MAH_D_202_ligand_refined.sdf', 'data/proto_train/ligand/1dq8_MAH_B_201_ligand_refined.sdf', 'data/proto_train/ligand/1dq8_MAH_A_200_ligand_refined.sdf', 'data/proto_train/ligand/1dq8_MAH_D_203_ligand_refined.sdf']
Multiple ligands found for 1a94: ['data/proto_train/ligand/1a94_0Q4_A_100_ligand_refined.sdf', 'data/proto_train/ligand/1a94_0Q4_E_100_ligand_refined.sdf']
Multiple ligands found for 1dhj: ['data/proto_train/ligand/1dhj_MTX_B_361_ligand_refined.sdf', 'data/proto_train/ligand/1dhj_MTX_A_161_ligand_refined.sdf']
Multiple ligands found for 1e4h: ['data/proto_train/ligand/1e4h_PBR_B_999_ligand_refined.sdf', 'data/proto_train/ligand/1e4h_PBR_A_998_ligand_refined.sdf']
Multiple ligands found for 1ecm: ['data/proto_train/ligand/1ecm_TSA_B_501_ligand_refined.sdf', 'data/proto_train/ligand/1ecm_TSA_A_500_ligand_refined.sdf']
Multiple ligands found for 1eyj: ['data/proto_train/ligand/1eyj_AMP_B_342_ligand_refined.sdf', 'data/proto_train/ligand/1eyj_AMP_A_341_ligand_refined.sdf']
Multiple ligands found for 1err: ['data/proto_train/ligand/1err_RAL_A_600_ligand_refined.sdf', 'data/proto_train/ligand/1err_RAL_B_600_ligand_refined.sdf']
Multiple ligands found for 1cqp: ['data/proto_train/ligand/1cqp_803_B_311_ligand_refined.sdf', 'data/proto_train/ligand/1cqp_803_A_311_ligand_refined.sdf']
Multiple ligands found for 1ek2: ['data/proto_train/ligand/1ek2_CDU_B_1200_ligand_refined.sdf', 'data/proto_train/ligand/1ek2_CDU_A_1100_ligand_refined.sdf']
Multiple ligands found for 1duv: ['data/proto_train/ligand/1duv_PSQ_I_403_ligand_refined.sdf', 'data/proto_train/ligand/1duv_PSQ_H_402_ligand_refined.sdf', 'data/proto_train/ligand/1duv_PSQ_G_401_ligand_refined.sdf']
Multiple ligands found for 1dhf: ['data/proto_train/ligand/1dhf_FOL_A_187_ligand_refined.sdf', 'data/proto_train/ligand/1dhf_FOL_B_187_ligand_refined.sdf']
Multiple ligands found for 1bzy: ['data/proto_train/ligand/1bzy_IMU_C_300_ligand_refined.sdf', 'data/proto_train/ligand/1bzy_IMU_B_300_ligand_refined.sdf', 'data/proto_train/ligand/1bzy_IMU_A_300_ligand_refined.sdf', 'data/proto_train/ligand/1bzy_IMU_D_300_ligand_refined.sdf']
Multiple ligands found for 1e3v: ['data/proto_train/ligand/1e3v_DXC_A_801_ligand_refined.sdf', 'data/proto_train/ligand/1e3v_DXC_B_801_ligand_refined.sdf']
Multiple ligands found for 1dog: ['data/proto_train/ligand/1dog_NOJ_A_495_ligand_refined.sdf', 'data/proto_train/ligand/1dog_NOJ_A_496_ligand_refined.sdf']
Multiple ligands found for 1e5a: ['data/proto_train/ligand/1e5a_TBP_A_999_ligand_refined.sdf', 'data/proto_train/ligand/1e5a_TBP_B_999_ligand_refined.sdf']
Multiple ligands found for 1c14: ['data/proto_train/ligand/1c14_TCL_B_1502_ligand_refined.sdf', 'data/proto_train/ligand/1c14_TCL_A_502_ligand_refined.sdf']
Multiple ligands found for 1eix: ['data/proto_train/ligand/1eix_BMQ_A_1301_ligand_refined.sdf', 'data/proto_train/ligand/1eix_BMQ_C_1303_ligand_refined.sdf', 'data/proto_train/ligand/1eix_BMQ_D_1304_ligand_refined.sdf', 'data/proto_train/ligand/1eix_BMQ_B_1302_ligand_refined.sdf']
Multiple ligands found for 1af6: ['data/proto_train/ligand/1af6_GLC-FRU_F_1-2_ligand_refined.sdf', 'data/proto_train/ligand/1af6_GLC-FRU_E_1-2_ligand_refined.sdf', 'data/proto_train/ligand/1af6_GLC-FRU_D_1-2_ligand_refined.sdf']
Multiple ligands found for 1egh: ['data/proto_train/ligand/1egh_PGA_A_201_ligand_refined.sdf', 'data/proto_train/ligand/1egh_PGA_F_251_ligand_refined.sdf', 'data/proto_train/ligand/1egh_PGA_C_221_ligand_refined.sdf', 'data/proto_train/ligand/1egh_PGA_D_231_ligand_refined.sdf', 'data/proto_train/ligand/1egh_PGA_E_241_ligand_refined.sdf', 'data/proto_train/ligand/1egh_PGA_B_211_ligand_refined.sdf']
Multiple ligands found for 1a4r: ['data/proto_train/ligand/1a4r_GDP_A_200_ligand_refined.sdf', 'data/proto_train/ligand/1a4r_GNH_B_400_ligand_refined.sdf']
Multiple ligands found for 1e5a: ['data/proto_train/ligand/1e5a_TBP_A_999_ligand_refined.sdf', 'data/proto_train/ligand/1e5a_TBP_B_999_ligand_refined.sdf']
Multiple ligands found for 1df8: ['data/proto_train/ligand/1df8_BTN_A_201_ligand_refined.sdf', 'data/proto_train/ligand/1df8_BTN_B_202_ligand_refined.sdf']
Multiple ligands found for 1cm0: ['data/proto_train/ligand/1cm0_COA_A_701_ligand_refined.sdf', 'data/proto_train/ligand/1cm0_COA_B_700_ligand_refined.sdf']
Multiple ligands found for 1f7k: ['data/proto_train/ligand/1f7k_UMP_B_703_ligand_refined.sdf', 'data/proto_train/ligand/1f7k_UMP_A_704_ligand_refined.sdf']
Multiple ligands found for 1drb: ['data/proto_train/ligand/1drb_MTX_B_361_ligand_refined.sdf', 'data/proto_train/ligand/1drb_MTX_A_161_ligand_refined.sdf']
Multiple ligands found for 1dqa: ['data/proto_train/ligand/1dqa_MAH_B_202_ligand_refined.sdf', 'data/proto_train/ligand/1dqa_MAH_D_203_ligand_refined.sdf', 'data/proto_train/ligand/1dqa_MAH_A_201_ligand_refined.sdf', 'data/proto_train/ligand/1dqa_MAH_C_204_ligand_refined.sdf']
Multiple ligands found for 1bir: ['data/proto_train/ligand/1bir_2GP_A_106_ligand_refined.sdf', 'data/proto_train/ligand/1bir_2GP_B_107_ligand_refined.sdf']
Multiple ligands found for 1ceb: ['data/proto_train/ligand/1ceb_AMH_A_90_ligand_refined.sdf', 'data/proto_train/ligand/1ceb_AMH_B_90_ligand_refined.sdf']
Multiple ligands found for 1bm7: ['data/proto_train/ligand/1bm7_FLF_B_502_ligand_refined.sdf', 'data/proto_train/ligand/1bm7_FLF_A_501_ligand_refined.sdf']
Multiple ligands found for 1a0t: ['data/proto_train/ligand/1a0t_GLC-FRU_D_1-2_ligand_refined.sdf', 'data/proto_train/ligand/1a0t_GLC-FRU_E_1-2_ligand_refined.sdf', 'data/proto_train/ligand/1a0t_GLC-FRU_F_1-2_ligand_refined.sdf', 'data/proto_train/ligand/1a0t_GLC-FRU_B_1-2_ligand_refined.sdf', 'data/proto_train/ligand/1a0t_GLC-FRU_C_1-2_ligand_refined.sdf', 'data/proto_train/ligand/1a0t_GLC-FRU_A_1-2_ligand_refined.sdf']
Multiple ligands found for 1dbt: ['data/proto_train/ligand/1dbt_U5P_A_250_ligand_refined.sdf', 'data/proto_train/ligand/1dbt_U5P_C_252_ligand_refined.sdf', 'data/proto_train/ligand/1dbt_U5P_B_251_ligand_refined.sdf']
Multiple ligands found for 1a08: ['data/proto_train/ligand/1a08_ACE-DIP_C_100-103_ligand_refined.sdf', 'data/proto_train/ligand/1a08_ACE-DIP_D_100-103_ligand_refined.sdf']
Multiple ligands found for 1dbt: ['data/proto_train/ligand/1dbt_U5P_A_250_ligand_refined.sdf', 'data/proto_train/ligand/1dbt_U5P_C_252_ligand_refined.sdf', 'data/proto_train/ligand/1dbt_U5P_B_251_ligand_refined.sdf']
Multiple ligands found for 1a0t: ['data/proto_train/ligand/1a0t_GLC-FRU_D_1-2_ligand_refined.sdf', 'data/proto_train/ligand/1a0t_GLC-FRU_E_1-2_ligand_refined.sdf', 'data/proto_train/ligand/1a0t_GLC-FRU_F_1-2_ligand_refined.sdf', 'data/proto_train/ligand/1a0t_GLC-FRU_B_1-2_ligand_refined.sdf', 'data/proto_train/ligand/1a0t_GLC-FRU_C_1-2_ligand_refined.sdf', 'data/proto_train/ligand/1a0t_GLC-FRU_A_1-2_ligand_refined.sdf']
Multiple ligands found for 1dzm: ['data/proto_train/ligand/1dzm_BZM_A_600_ligand_refined.sdf', 'data/proto_train/ligand/1dzm_BZM_B_600_ligand_refined.sdf']
Multiple ligands found for 1d7x: ['data/proto_train/ligand/1d7x_SPC_B_901_ligand_refined.sdf', 'data/proto_train/ligand/1d7x_SPC_A_401_ligand_refined.sdf']
Multiple ligands found for 1cqp: ['data/proto_train/ligand/1cqp_803_B_311_ligand_refined.sdf', 'data/proto_train/ligand/1cqp_803_A_311_ligand_refined.sdf']
Multiple ligands found for 1ef3: ['data/proto_train/ligand/1ef3_FID_A_340_ligand_refined.sdf', 'data/proto_train/ligand/1ef3_FID_B_350_ligand_refined.sdf']
Multiple ligands found for 1bm7: ['data/proto_train/ligand/1bm7_FLF_B_502_ligand_refined.sdf', 'data/proto_train/ligand/1bm7_FLF_A_501_ligand_refined.sdf']
Multiple ligands found for 1bto: ['data/proto_train/ligand/1bto_SSB_D_378_ligand_refined.sdf', 'data/proto_train/ligand/1bto_SSB_C_378_ligand_refined.sdf', 'data/proto_train/ligand/1bto_SSB_B_378_ligand_refined.sdf', 'data/proto_train/ligand/1bto_SSB_A_378_ligand_refined.sdf']
Multiple ligands found for 1a0t: ['data/proto_train/ligand/1a0t_GLC-FRU_D_1-2_ligand_refined.sdf', 'data/proto_train/ligand/1a0t_GLC-FRU_E_1-2_ligand_refined.sdf', 'data/proto_train/ligand/1a0t_GLC-FRU_F_1-2_ligand_refined.sdf', 'data/proto_train/ligand/1a0t_GLC-FRU_B_1-2_ligand_refined.sdf', 'data/proto_train/ligand/1a0t_GLC-FRU_C_1-2_ligand_refined.sdf', 'data/proto_train/ligand/1a0t_GLC-FRU_A_1-2_ligand_refined.sdf']
Multiple ligands found for 1dra: ['data/proto_train/ligand/1dra_MTX_B_361_ligand_refined.sdf', 'data/proto_train/ligand/1dra_MTX_A_161_ligand_refined.sdf']
Multiple ligands found for 1e7w: ['data/proto_train/ligand/1e7w_MTX_B_301_ligand_refined.sdf', 'data/proto_train/ligand/1e7w_MTX_A_301_ligand_refined.sdf']
Multiple ligands found for 1dqa: ['data/proto_train/ligand/1dqa_MAH_B_202_ligand_refined.sdf', 'data/proto_train/ligand/1dqa_MAH_D_203_ligand_refined.sdf', 'data/proto_train/ligand/1dqa_MAH_A_201_ligand_refined.sdf', 'data/proto_train/ligand/1dqa_MAH_C_204_ligand_refined.sdf']
Multiple ligands found for 1a4m: ['data/proto_train/ligand/1a4m_PRH_B_854_ligand_refined.sdf', 'data/proto_train/ligand/1a4m_PRH_C_1354_ligand_refined.sdf', 'data/proto_train/ligand/1a4m_PRH_A_354_ligand_refined.sdf', 'data/proto_train/ligand/1a4m_PRH_D_1854_ligand_refined.sdf']
Multiple ligands found for 1err: ['data/proto_train/ligand/1err_RAL_A_600_ligand_refined.sdf', 'data/proto_train/ligand/1err_RAL_B_600_ligand_refined.sdf']
Multiple ligands found for 1c7e: ['data/proto_train/ligand/1c7e_FMN_B_2149_ligand_refined.sdf', 'data/proto_train/ligand/1c7e_FMN_A_1149_ligand_refined.sdf']
Multiple ligands found for 1a0t: ['data/proto_train/ligand/1a0t_GLC-FRU_D_1-2_ligand_refined.sdf', 'data/proto_train/ligand/1a0t_GLC-FRU_E_1-2_ligand_refined.sdf', 'data/proto_train/ligand/1a0t_GLC-FRU_F_1-2_ligand_refined.sdf', 'data/proto_train/ligand/1a0t_GLC-FRU_B_1-2_ligand_refined.sdf', 'data/proto_train/ligand/1a0t_GLC-FRU_C_1-2_ligand_refined.sdf', 'data/proto_train/ligand/1a0t_GLC-FRU_A_1-2_ligand_refined.sdf']
Multiple ligands found for 1a69: ['data/proto_train/ligand/1a69_FMB_A_240_ligand_refined.sdf', 'data/proto_train/ligand/1a69_FMB_C_240_ligand_refined.sdf', 'data/proto_train/ligand/1a69_FMB_B_240_ligand_refined.sdf']
Multiple ligands found for 1eli: ['data/proto_train/ligand/1eli_PYC_B_811_ligand_refined.sdf', 'data/proto_train/ligand/1eli_PYC_A_801_ligand_refined.sdf', 'data/proto_train/ligand/1eli_PYC_B_815_ligand_refined.sdf']
Multiple ligands found for 1f73: ['data/proto_train/ligand/1f73_HMN_B_701_ligand_refined.sdf', 'data/proto_train/ligand/1f73_HMN_C_702_ligand_refined.sdf', 'data/proto_train/ligand/1f73_HMN_A_700_ligand_refined.sdf', 'data/proto_train/ligand/1f73_HMN_D_703_ligand_refined.sdf']
Multiple ligands found for 1e2p: ['data/proto_train/ligand/1e2p_CCV_A_500_ligand_refined.sdf', 'data/proto_train/ligand/1e2p_CCV_B_500_ligand_refined.sdf']
Multiple ligands found for 1eix: ['data/proto_train/ligand/1eix_BMQ_A_1301_ligand_refined.sdf', 'data/proto_train/ligand/1eix_BMQ_C_1303_ligand_refined.sdf', 'data/proto_train/ligand/1eix_BMQ_D_1304_ligand_refined.sdf', 'data/proto_train/ligand/1eix_BMQ_B_1302_ligand_refined.sdf']
Multiple ligands found for 1apz: ['data/proto_train/ligand/1apz_ASP_B_551_ligand_refined.sdf', 'data/proto_train/ligand/1apz_ASP_D_552_ligand_refined.sdf']
Multiple ligands found for 1bto: ['data/proto_train/ligand/1bto_SSB_D_378_ligand_refined.sdf', 'data/proto_train/ligand/1bto_SSB_C_378_ligand_refined.sdf', 'data/proto_train/ligand/1bto_SSB_B_378_ligand_refined.sdf', 'data/proto_train/ligand/1bto_SSB_A_378_ligand_refined.sdf']
Multiple ligands found for 1c8l: ['data/proto_train/ligand/1c8l_BIN_A_930_ligand_refined.sdf', 'data/proto_train/ligand/1c8l_CFF_A_940_ligand_refined.sdf']
Multiple ligands found for 1a69: ['data/proto_train/ligand/1a69_FMB_A_240_ligand_refined.sdf', 'data/proto_train/ligand/1a69_FMB_C_240_ligand_refined.sdf', 'data/proto_train/ligand/1a69_FMB_B_240_ligand_refined.sdf']
Multiple ligands found for 1cqe: ['data/proto_train/ligand/1cqe_FLP_B_2650_ligand_refined.sdf', 'data/proto_train/ligand/1cqe_FLP_A_1650_ligand_refined.sdf']
Multiple ligands found for 1dhf: ['data/proto_train/ligand/1dhf_FOL_A_187_ligand_refined.sdf', 'data/proto_train/ligand/1dhf_FOL_B_187_ligand_refined.sdf']
Multiple ligands found for 1c3v: ['data/proto_train/ligand/1c3v_NDP_B_1301_ligand_refined.sdf', 'data/proto_train/ligand/1c3v_NDP_A_801_ligand_refined.sdf']
Multiple ligands found for 1dqx: ['data/proto_train/ligand/1dqx_BMP_D_604_ligand_refined.sdf', 'data/proto_train/ligand/1dqx_BMP_B_602_ligand_refined.sdf', 'data/proto_train/ligand/1dqx_BMP_A_601_ligand_refined.sdf', 'data/proto_train/ligand/1dqx_BMP_C_603_ligand_refined.sdf']
Multiple ligands found for 1axz: ['data/proto_train/ligand/1axz_GAL_A_402_ligand_refined.sdf', 'data/proto_train/ligand/1axz_GLA_A_401_ligand_refined.sdf']
Multiple ligands found for 1exv: ['data/proto_train/ligand/1exv_700_B_1862_ligand_refined.sdf', 'data/proto_train/ligand/1exv_700_A_862_ligand_refined.sdf']
Multiple ligands found for 1e2p: ['data/proto_train/ligand/1e2p_CCV_A_500_ligand_refined.sdf', 'data/proto_train/ligand/1e2p_CCV_B_500_ligand_refined.sdf']
Multiple ligands found for 1f3f: ['data/proto_train/ligand/1f3f_D4T_A_160_ligand_refined.sdf', 'data/proto_train/ligand/1f3f_D4T_B_161_ligand_refined.sdf', 'data/proto_train/ligand/1f3f_D4T_C_164_ligand_refined.sdf']
Multiple ligands found for 1bwn: ['data/proto_train/ligand/1bwn_4IP_A_1_ligand_refined.sdf', 'data/proto_train/ligand/1bwn_4IP_A_172_ligand_refined.sdf', 'data/proto_train/ligand/1bwn_4IP_B_172_ligand_refined.sdf', 'data/proto_train/ligand/1bwn_4IP_B_1_ligand_refined.sdf']
Multiple ligands found for 1eei: ['data/proto_train/ligand/1eei_GAA_G_507_ligand_refined.sdf', 'data/proto_train/ligand/1eei_GAA_E_505_ligand_refined.sdf', 'data/proto_train/ligand/1eei_GAA_H_508_ligand_refined.sdf', 'data/proto_train/ligand/1eei_GAA_F_506_ligand_refined.sdf', 'data/proto_train/ligand/1eei_GAA_D_504_ligand_refined.sdf']
Multiple ligands found for 1f28: ['data/proto_train/ligand/1f28_F89_B_402_ligand_refined.sdf', 'data/proto_train/ligand/1f28_F89_D_404_ligand_refined.sdf', 'data/proto_train/ligand/1f28_F89_C_403_ligand_refined.sdf', 'data/proto_train/ligand/1f28_F89_A_401_ligand_refined.sdf']
Multiple ligands found for 1bwn: ['data/proto_train/ligand/1bwn_4IP_A_1_ligand_refined.sdf', 'data/proto_train/ligand/1bwn_4IP_A_172_ligand_refined.sdf', 'data/proto_train/ligand/1bwn_4IP_B_172_ligand_refined.sdf', 'data/proto_train/ligand/1bwn_4IP_B_1_ligand_refined.sdf']
Multiple ligands found for 1e06: ['data/proto_train/ligand/1e06_IPB_B_600_ligand_refined.sdf', 'data/proto_train/ligand/1e06_IPB_A_600_ligand_refined.sdf']
Multiple ligands found for 1eei: ['data/proto_train/ligand/1eei_GAA_G_507_ligand_refined.sdf', 'data/proto_train/ligand/1eei_GAA_E_505_ligand_refined.sdf', 'data/proto_train/ligand/1eei_GAA_H_508_ligand_refined.sdf', 'data/proto_train/ligand/1eei_GAA_F_506_ligand_refined.sdf', 'data/proto_train/ligand/1eei_GAA_D_504_ligand_refined.sdf']
Multiple ligands found for 1e8g: ['data/proto_train/ligand/1e8g_FAD_B_600_ligand_refined.sdf', 'data/proto_train/ligand/1e8g_FAD_A_600_ligand_refined.sdf']
Multiple ligands found for 1e00: ['data/proto_train/ligand/1e00_DHM_A_600_ligand_refined.sdf', 'data/proto_train/ligand/1e00_DHM_B_600_ligand_refined.sdf']
Multiple ligands found for 1eyk: ['data/proto_train/ligand/1eyk_AMP_B_342_ligand_refined.sdf', 'data/proto_train/ligand/1eyk_AMP_A_341_ligand_refined.sdf']
Multiple ligands found for 1e4x: ['data/proto_train/ligand/1e4x_VAL-ASP_P_1-7_ligand_refined.sdf', 'data/proto_train/ligand/1e4x_VAL-ASP_Q_1-7_ligand_refined.sdf']
Multiple ligands found for 1f73: ['data/proto_train/ligand/1f73_HMN_B_701_ligand_refined.sdf', 'data/proto_train/ligand/1f73_HMN_C_702_ligand_refined.sdf', 'data/proto_train/ligand/1f73_HMN_A_700_ligand_refined.sdf', 'data/proto_train/ligand/1f73_HMN_D_703_ligand_refined.sdf']
Multiple ligands found for 1d09: ['data/proto_train/ligand/1d09_PAL_A_1311_ligand_refined.sdf', 'data/proto_train/ligand/1d09_PAL_C_1312_ligand_refined.sdf']
Multiple ligands found for 1dhi: ['data/proto_train/ligand/1dhi_MTX_B_361_ligand_refined.sdf', 'data/proto_train/ligand/1dhi_MTX_A_161_ligand_refined.sdf']
Multiple ligands found for 1d1w: ['data/proto_train/ligand/1d1w_ATQ_B_801_ligand_refined.sdf', 'data/proto_train/ligand/1d1w_ATQ_A_805_ligand_refined.sdf']
Multiple ligands found for 1c2t: ['data/proto_train/ligand/1c2t_NHS_A_222_ligand_refined.sdf', 'data/proto_train/ligand/1c2t_NHS_B_220_ligand_refined.sdf']
Multiple ligands found for 1atl: ['data/proto_train/ligand/1atl_0QI_A_301_ligand_refined.sdf', 'data/proto_train/ligand/1atl_0QI_B_311_ligand_refined.sdf']
Multiple ligands found for 1a94: ['data/proto_train/ligand/1a94_0Q4_A_100_ligand_refined.sdf', 'data/proto_train/ligand/1a94_0Q4_E_100_ligand_refined.sdf']
Multiple ligands found for 1ere: ['data/proto_train/ligand/1ere_EST_E_600_ligand_refined.sdf', 'data/proto_train/ligand/1ere_EST_D_600_ligand_refined.sdf', 'data/proto_train/ligand/1ere_EST_F_600_ligand_refined.sdf', 'data/proto_train/ligand/1ere_EST_C_600_ligand_refined.sdf', 'data/proto_train/ligand/1ere_EST_B_600_ligand_refined.sdf', 'data/proto_train/ligand/1ere_EST_A_600_ligand_refined.sdf']
Multiple ligands found for 1dra: ['data/proto_train/ligand/1dra_MTX_B_361_ligand_refined.sdf', 'data/proto_train/ligand/1dra_MTX_A_161_ligand_refined.sdf']
Multiple ligands found for 1bcj: ['data/proto_train/ligand/1bcj_NGA_2_1_ligand_refined.sdf', 'data/proto_train/ligand/1bcj_NGA_3_1_ligand_refined.sdf', 'data/proto_train/ligand/1bcj_NGA_1_1_ligand_refined.sdf']
Multiple ligands found for 1chm: ['data/proto_train/ligand/1chm_CMS_A_404_ligand_refined.sdf', 'data/proto_train/ligand/1chm_CMS_B_404_ligand_refined.sdf']
Multiple ligands found for 1ct8: ['data/proto_train/ligand/1ct8_TAA_D_551_ligand_refined.sdf', 'data/proto_train/ligand/1ct8_TAA_B_550_ligand_refined.sdf']
Multiple ligands found for 1eqh: ['data/proto_train/ligand/1eqh_FLP_A_701_ligand_refined.sdf', 'data/proto_train/ligand/1eqh_FLP_B_1701_ligand_refined.sdf']
Multiple ligands found for 1eix: ['data/proto_train/ligand/1eix_BMQ_A_1301_ligand_refined.sdf', 'data/proto_train/ligand/1eix_BMQ_C_1303_ligand_refined.sdf', 'data/proto_train/ligand/1eix_BMQ_D_1304_ligand_refined.sdf', 'data/proto_train/ligand/1eix_BMQ_B_1302_ligand_refined.sdf']
Multiple ligands found for 1eei: ['data/proto_train/ligand/1eei_GAA_G_507_ligand_refined.sdf', 'data/proto_train/ligand/1eei_GAA_E_505_ligand_refined.sdf', 'data/proto_train/ligand/1eei_GAA_H_508_ligand_refined.sdf', 'data/proto_train/ligand/1eei_GAA_F_506_ligand_refined.sdf', 'data/proto_train/ligand/1eei_GAA_D_504_ligand_refined.sdf']
Multiple ligands found for 1e2n: ['data/proto_train/ligand/1e2n_RCA_A_500_ligand_refined.sdf', 'data/proto_train/ligand/1e2n_RCA_B_500_ligand_refined.sdf']
Multiple ligands found for 1d7i: ['data/proto_train/ligand/1d7i_DSS_A_301_ligand_refined.sdf', 'data/proto_train/ligand/1d7i_DSS_B_302_ligand_refined.sdf']
Multiple ligands found for 1c14: ['data/proto_train/ligand/1c14_TCL_B_1502_ligand_refined.sdf', 'data/proto_train/ligand/1c14_TCL_A_502_ligand_refined.sdf']
Multiple ligands found for 1c0i: ['data/proto_train/ligand/1c0i_BE2_A_1365_ligand_refined.sdf', 'data/proto_train/ligand/1c0i_BE2_A_1364_ligand_refined.sdf']
Multiple ligands found for 13gs: ['data/proto_train/ligand/13gs_SAS_B_211_ligand_refined.sdf', 'data/proto_train/ligand/13gs_SAS_A_211_ligand_refined.sdf']
Multiple ligands found for 1d0o: ['data/proto_train/ligand/1d0o_INE_A_766_ligand_refined.sdf', 'data/proto_train/ligand/1d0o_INE_B_761_ligand_refined.sdf', 'data/proto_train/ligand/1d0o_INE_A_760_ligand_refined.sdf', 'data/proto_train/ligand/1d0o_INE_B_765_ligand_refined.sdf']
Multiple ligands found for 1dzm: ['data/proto_train/ligand/1dzm_BZM_A_600_ligand_refined.sdf', 'data/proto_train/ligand/1dzm_BZM_B_600_ligand_refined.sdf']
Multiple ligands found for 1aoe: ['data/proto_train/ligand/1aoe_GW3_B_194_ligand_refined.sdf', 'data/proto_train/ligand/1aoe_GW3_A_194_ligand_refined.sdf']
Multiple ligands found for 1d0c: ['data/proto_train/ligand/1d0c_INE_B_761_ligand_refined.sdf', 'data/proto_train/ligand/1d0c_INE_A_766_ligand_refined.sdf', 'data/proto_train/ligand/1d0c_INE_A_760_ligand_refined.sdf', 'data/proto_train/ligand/1d0c_INE_B_765_ligand_refined.sdf']
Multiple ligands found for 1d0o: ['data/proto_train/ligand/1d0o_INE_A_766_ligand_refined.sdf', 'data/proto_train/ligand/1d0o_INE_B_761_ligand_refined.sdf', 'data/proto_train/ligand/1d0o_INE_A_760_ligand_refined.sdf', 'data/proto_train/ligand/1d0o_INE_B_765_ligand_refined.sdf']
Multiple ligands found for 1dhj: ['data/proto_train/ligand/1dhj_MTX_B_361_ligand_refined.sdf', 'data/proto_train/ligand/1dhj_MTX_A_161_ligand_refined.sdf']
Multiple ligands found for 1ecq: ['data/proto_train/ligand/1ecq_DXG_B_500_ligand_refined.sdf', 'data/proto_train/ligand/1ecq_DXG_A_499_ligand_refined.sdf', 'data/proto_train/ligand/1ecq_DXG_C_501_ligand_refined.sdf', 'data/proto_train/ligand/1ecq_DXG_D_502_ligand_refined.sdf']
Multiple ligands found for 1ef3: ['data/proto_train/ligand/1ef3_FID_A_340_ligand_refined.sdf', 'data/proto_train/ligand/1ef3_FID_B_350_ligand_refined.sdf']
Multiple ligands found for 1dds: ['data/proto_train/ligand/1dds_MTX_B_201_ligand_refined.sdf', 'data/proto_train/ligand/1dds_MTX_A_201_ligand_refined.sdf']
Multiple ligands found for 1d7j: ['data/proto_train/ligand/1d7j_BUQ_B_321_ligand_refined.sdf', 'data/proto_train/ligand/1d7j_BUQ_A_311_ligand_refined.sdf']
Multiple ligands found for 1dub: ['data/proto_train/ligand/1dub_CAA_C_300_ligand_refined.sdf', 'data/proto_train/ligand/1dub_CAA_B_300_ligand_refined.sdf', 'data/proto_train/ligand/1dub_CAA_A_300_ligand_refined.sdf', 'data/proto_train/ligand/1dub_CAA_E_300_ligand_refined.sdf', 'data/proto_train/ligand/1dub_CAA_F_300_ligand_refined.sdf']
Multiple ligands found for 1ccw: ['data/proto_train/ligand/1ccw_TAR_D_900_ligand_refined.sdf', 'data/proto_train/ligand/1ccw_TAR_B_900_ligand_refined.sdf']
Multiple ligands found for 1d7i: ['data/proto_train/ligand/1d7i_DSS_A_301_ligand_refined.sdf', 'data/proto_train/ligand/1d7i_DSS_B_302_ligand_refined.sdf']
Multiple ligands found for 1a0t: ['data/proto_train/ligand/1a0t_GLC-FRU_D_1-2_ligand_refined.sdf', 'data/proto_train/ligand/1a0t_GLC-FRU_E_1-2_ligand_refined.sdf', 'data/proto_train/ligand/1a0t_GLC-FRU_F_1-2_ligand_refined.sdf', 'data/proto_train/ligand/1a0t_GLC-FRU_B_1-2_ligand_refined.sdf', 'data/proto_train/ligand/1a0t_GLC-FRU_C_1-2_ligand_refined.sdf', 'data/proto_train/ligand/1a0t_GLC-FRU_A_1-2_ligand_refined.sdf']
Multiple ligands found for 1ere: ['data/proto_train/ligand/1ere_EST_E_600_ligand_refined.sdf', 'data/proto_train/ligand/1ere_EST_D_600_ligand_refined.sdf', 'data/proto_train/ligand/1ere_EST_F_600_ligand_refined.sdf', 'data/proto_train/ligand/1ere_EST_C_600_ligand_refined.sdf', 'data/proto_train/ligand/1ere_EST_B_600_ligand_refined.sdf', 'data/proto_train/ligand/1ere_EST_A_600_ligand_refined.sdf']
Multiple ligands found for 1a0t: ['data/proto_train/ligand/1a0t_GLC-FRU_D_1-2_ligand_refined.sdf', 'data/proto_train/ligand/1a0t_GLC-FRU_E_1-2_ligand_refined.sdf', 'data/proto_train/ligand/1a0t_GLC-FRU_F_1-2_ligand_refined.sdf', 'data/proto_train/ligand/1a0t_GLC-FRU_B_1-2_ligand_refined.sdf', 'data/proto_train/ligand/1a0t_GLC-FRU_C_1-2_ligand_refined.sdf', 'data/proto_train/ligand/1a0t_GLC-FRU_A_1-2_ligand_refined.sdf']
Multiple ligands found for 1cb7: ['data/proto_train/ligand/1cb7_TAR_D_900_ligand_refined.sdf', 'data/proto_train/ligand/1cb7_TAR_B_900_ligand_refined.sdf']
Multiple ligands found for 1egh: ['data/proto_train/ligand/1egh_PGA_A_201_ligand_refined.sdf', 'data/proto_train/ligand/1egh_PGA_F_251_ligand_refined.sdf', 'data/proto_train/ligand/1egh_PGA_C_221_ligand_refined.sdf', 'data/proto_train/ligand/1egh_PGA_D_231_ligand_refined.sdf', 'data/proto_train/ligand/1egh_PGA_E_241_ligand_refined.sdf', 'data/proto_train/ligand/1egh_PGA_B_211_ligand_refined.sdf']
Multiple ligands found for 1c2t: ['data/proto_train/ligand/1c2t_NHS_A_222_ligand_refined.sdf', 'data/proto_train/ligand/1c2t_NHS_B_220_ligand_refined.sdf']
Multiple ligands found for 1d0c: ['data/proto_train/ligand/1d0c_INE_B_761_ligand_refined.sdf', 'data/proto_train/ligand/1d0c_INE_A_766_ligand_refined.sdf', 'data/proto_train/ligand/1d0c_INE_A_760_ligand_refined.sdf', 'data/proto_train/ligand/1d0c_INE_B_765_ligand_refined.sdf']
Multiple ligands found for 1e2p: ['data/proto_train/ligand/1e2p_CCV_A_500_ligand_refined.sdf', 'data/proto_train/ligand/1e2p_CCV_B_500_ligand_refined.sdf']
Multiple ligands found for 1ddr: ['data/proto_train/ligand/1ddr_MTX_A_200_ligand_refined.sdf', 'data/proto_train/ligand/1ddr_MTX_B_200_ligand_refined.sdf']
Multiple ligands found for 1ek2: ['data/proto_train/ligand/1ek2_CDU_B_1200_ligand_refined.sdf', 'data/proto_train/ligand/1ek2_CDU_A_1100_ligand_refined.sdf']
Multiple ligands found for 1cjb: ['data/proto_train/ligand/1cjb_IRP_A_300_ligand_refined.sdf', 'data/proto_train/ligand/1cjb_IRP_B_300_ligand_refined.sdf', 'data/proto_train/ligand/1cjb_IRP_C_300_ligand_refined.sdf', 'data/proto_train/ligand/1cjb_IRP_D_300_ligand_refined.sdf']
Multiple ligands found for 1f74: ['data/proto_train/ligand/1f74_NAY_A_950_ligand_refined.sdf', 'data/proto_train/ligand/1f74_NAY_C_951_ligand_refined.sdf']
Multiple ligands found for 1dvj: ['data/proto_train/ligand/1dvj_UP6_A_5001_ligand_refined.sdf', 'data/proto_train/ligand/1dvj_UP6_B_5002_ligand_refined.sdf', 'data/proto_train/ligand/1dvj_UP6_D_5004_ligand_refined.sdf', 'data/proto_train/ligand/1dvj_UP6_C_5003_ligand_refined.sdf']
Multiple ligands found for 1df1: ['data/proto_train/ligand/1df1_ITU_A_899_ligand_refined.sdf', 'data/proto_train/ligand/1df1_ITU_B_1899_ligand_refined.sdf']
Multiple ligands found for 1drb: ['data/proto_train/ligand/1drb_MTX_B_361_ligand_refined.sdf', 'data/proto_train/ligand/1drb_MTX_A_161_ligand_refined.sdf']
Multiple ligands found for 1bm7: ['data/proto_train/ligand/1bm7_FLF_B_502_ligand_refined.sdf', 'data/proto_train/ligand/1bm7_FLF_A_501_ligand_refined.sdf']
Multiple ligands found for 1bil: ['data/proto_train/ligand/1bil_0IU_B_391_ligand_refined.sdf', 'data/proto_train/ligand/1bil_0IU_A_391_ligand_refined.sdf']
Multiple ligands found for 1e4x: ['data/proto_train/ligand/1e4x_VAL-ASP_P_1-7_ligand_refined.sdf', 'data/proto_train/ligand/1e4x_VAL-ASP_Q_1-7_ligand_refined.sdf']
Multiple ligands found for 1f4e: ['data/proto_train/ligand/1f4e_TPR_A_301_ligand_refined.sdf', 'data/proto_train/ligand/1f4e_TPR_A_302_ligand_refined.sdf']
Multiple ligands found for 1bir: ['data/proto_train/ligand/1bir_2GP_A_106_ligand_refined.sdf', 'data/proto_train/ligand/1bir_2GP_B_107_ligand_refined.sdf']
Multiple ligands found for 1dra: ['data/proto_train/ligand/1dra_MTX_B_361_ligand_refined.sdf', 'data/proto_train/ligand/1dra_MTX_A_161_ligand_refined.sdf']
Multiple ligands found for 1dqx: ['data/proto_train/ligand/1dqx_BMP_D_604_ligand_refined.sdf', 'data/proto_train/ligand/1dqx_BMP_B_602_ligand_refined.sdf', 'data/proto_train/ligand/1dqx_BMP_A_601_ligand_refined.sdf', 'data/proto_train/ligand/1dqx_BMP_C_603_ligand_refined.sdf']
Multiple ligands found for 1e7w: ['data/proto_train/ligand/1e7w_MTX_B_301_ligand_refined.sdf', 'data/proto_train/ligand/1e7w_MTX_A_301_ligand_refined.sdf']
Multiple ligands found for 1cb7: ['data/proto_train/ligand/1cb7_TAR_D_900_ligand_refined.sdf', 'data/proto_train/ligand/1cb7_TAR_B_900_ligand_refined.sdf']
Multiple ligands found for 1abf: ['data/proto_train/ligand/1abf_FCA_A_307_ligand_refined.sdf', 'data/proto_train/ligand/1abf_FCB_A_308_ligand_refined.sdf']
Multiple ligands found for 1a52: ['data/proto_train/ligand/1a52_EST_B_2_ligand_refined.sdf', 'data/proto_train/ligand/1a52_EST_A_1_ligand_refined.sdf']
Multiple ligands found for 1efi: ['data/proto_train/ligand/1efi_GAT_F_106_ligand_refined.sdf', 'data/proto_train/ligand/1efi_GAT_D_104_ligand_refined.sdf', 'data/proto_train/ligand/1efi_GAT_G_107_ligand_refined.sdf', 'data/proto_train/ligand/1efi_GAT_E_105_ligand_refined.sdf', 'data/proto_train/ligand/1efi_GAT_H_108_ligand_refined.sdf']
Multiple ligands found for 1cbr: ['data/proto_train/ligand/1cbr_REA_B_200_ligand_refined.sdf', 'data/proto_train/ligand/1cbr_REA_A_200_ligand_refined.sdf']
Multiple ligands found for 1axz: ['data/proto_train/ligand/1axz_GAL_A_402_ligand_refined.sdf', 'data/proto_train/ligand/1axz_GLA_A_401_ligand_refined.sdf']
Multiple ligands found for 1a4k: ['data/proto_train/ligand/1a4k_FRA_H_3083_ligand_refined.sdf', 'data/proto_train/ligand/1a4k_FRA_B_3083_ligand_refined.sdf']
Multiple ligands found for 1ecm: ['data/proto_train/ligand/1ecm_TSA_B_501_ligand_refined.sdf', 'data/proto_train/ligand/1ecm_TSA_A_500_ligand_refined.sdf']
Multiple ligands found for 1ct8: ['data/proto_train/ligand/1ct8_TAA_D_551_ligand_refined.sdf', 'data/proto_train/ligand/1ct8_TAA_B_550_ligand_refined.sdf']
Multiple ligands found for 10gs: ['data/proto_train/ligand/10gs_VWW_A_210_ligand_refined.sdf', 'data/proto_train/ligand/10gs_VWW_B_210_ligand_refined.sdf']
Multiple ligands found for 1bl4: ['data/proto_train/ligand/1bl4_AP1_A_108_ligand_refined.sdf', 'data/proto_train/ligand/1bl4_AP1_B_109_ligand_refined.sdf']
Multiple ligands found for 1a4m: ['data/proto_train/ligand/1a4m_PRH_B_854_ligand_refined.sdf', 'data/proto_train/ligand/1a4m_PRH_C_1354_ligand_refined.sdf', 'data/proto_train/ligand/1a4m_PRH_A_354_ligand_refined.sdf', 'data/proto_train/ligand/1a4m_PRH_D_1854_ligand_refined.sdf']
Multiple ligands found for 1d7x: ['data/proto_train/ligand/1d7x_SPC_B_901_ligand_refined.sdf', 'data/proto_train/ligand/1d7x_SPC_A_401_ligand_refined.sdf']
Multiple ligands found for 1bl4: ['data/proto_train/ligand/1bl4_AP1_A_108_ligand_refined.sdf', 'data/proto_train/ligand/1bl4_AP1_B_109_ligand_refined.sdf']
Multiple ligands found for 1a1c: ['data/proto_train/ligand/1a1c_ACE-DIX_C_100-103_ligand_refined.sdf', 'data/proto_train/ligand/1a1c_ACE-DIX_D_100-103_ligand_refined.sdf']
Multiple ligands found for 1bm7: ['data/proto_train/ligand/1bm7_FLF_B_502_ligand_refined.sdf', 'data/proto_train/ligand/1bm7_FLF_A_501_ligand_refined.sdf']
