
=============
== PyTorch ==
=============

NVIDIA Release 22.04 (build 36527063)
PyTorch Version 1.12.0a0+bd13bc6

Container image Copyright (c) 2022, NVIDIA CORPORATION & AFFILIATES. All rights reserved.

Copyright (c) 2014-2022 Facebook Inc.
Copyright (c) 2011-2014 Idiap Research Institute (Ronan Collobert)
Copyright (c) 2012-2014 Deepmind Technologies    (Koray Kavukcuoglu)
Copyright (c) 2011-2012 NEC Laboratories America (Koray Kavukcuoglu)
Copyright (c) 2011-2013 NYU                      (Clement Farabet)
Copyright (c) 2006-2010 NEC Laboratories America (Ronan Collobert, Leon Bottou, Iain Melvin, Jason Weston)
Copyright (c) 2006      Idiap Research Institute (Samy Bengio)
Copyright (c) 2001-2004 Idiap Research Institute (Ronan Collobert, Samy Bengio, Johnny Mariethoz)
Copyright (c) 2015      Google Inc.
Copyright (c) 2015      Yangqing Jia
Copyright (c) 2013-2016 The Caffe contributors
All rights reserved.

Various files include modifications (c) NVIDIA CORPORATION & AFFILIATES.  All rights reserved.

This container image and its contents are governed by the NVIDIA Deep Learning Container License.
By pulling and using the container, you accept the terms and conditions of this license:
https://developer.nvidia.com/ngc/nvidia-deep-learning-container-license

=== RUN3 TRAIN COMMAND START ===
2026-06-28 17:10:45 | INFO | unicore_cli.train | Namespace(activation_dropout=0.0, activation_fn='gelu', adam_betas='(0.9, 0.99)', adam_eps=1e-06, all_gather_list_size=16384, allreduce_fp32_grad=False, arch='docking_pose_v2', attention_dropout=0.1, batch_size=8, batch_size_valid=8, best_checkpoint_metric='loss', bf16=False, bf16_sr=False, broadcast_buffers=False, bucket_cap_mb=25, checkpoint_suffix='', clip_norm=1.0, conf_size=10, cpu=False, curriculum=0, data='/home/bdldt_team007/DLDockingBenchSeminar/run3/data', data_buffer_size=10, ddp_backend='c10d', delta_pair_repr_norm_loss=-1.0, device_id=0, disable_validation=False, dist_threshold=8.0, distributed_backend='nccl', distributed_init_method=None, distributed_no_spawn=False, distributed_num_procs=1, distributed_port=-1, distributed_rank=0, distributed_world_size=1, dropout=0.1, ema_decay=-1.0, emb_dropout=0.1, empty_cache_freq=0, encoder_attention_heads=64, encoder_embed_dim=512, encoder_ffn_embed_dim=2048, encoder_layers=15, end_learning_rate=0.0, fast_stat_sync=False, find_unused_parameters=False, finetune_from_model=None, finetune_mol_model='/home/bdldt_team007/DLDockingBenchSeminar/run3/weights/mol_pre_no_h_220816.pt', finetune_pocket_model='/home/bdldt_team007/DLDockingBenchSeminar/run3/weights/pocket_pre_220816.pt', fix_batches_to_gpus=False, fixed_validation_seed=None, force_anneal=None, fp16=True, fp16_init_scale=128, fp16_no_flatten_grads=False, fp16_scale_tolerance=0.0, fp16_scale_window=None, keep_best_checkpoints=-1, keep_interval_updates=-1, keep_last_epochs=10, load_from_ema=False, log_format='simple', log_interval=50, loss='docking_pose_v2', lr=[3e-05], lr_scheduler='polynomial_decay', masked_coord_loss=-1.0, masked_dist_loss=-1.0, masked_token_loss=-1.0, max_epoch=10, max_pocket_atoms=256, max_seq_len=512, max_update=0, max_valid_steps=None, maximize_best_checkpoint_metric=False, min_loss_scale=0.0001, mol=Namespace(activation_dropout=0.0, activation_fn='gelu', attention_dropout=0.1, delta_pair_repr_norm_loss=-1.0, dropout=0.1, emb_dropout=0.1, encoder_attention_heads=64, encoder_embed_dim=512, encoder_ffn_embed_dim=2048, encoder_layers=15, masked_coord_loss=-1.0, masked_dist_loss=-1.0, masked_token_loss=-1.0, max_seq_len=512, pooler_activation_fn='tanh', pooler_dropout=0.2, post_ln=False, x_norm_loss=-1.0), mol_pooler_dropout=0.2, no_epoch_checkpoints=False, no_last_checkpoints=False, no_progress_bar=False, no_save=False, no_save_optimizer_state=False, no_seed_provided=False, nprocs_per_node=1, num_workers=0, optimizer='adam', optimizer_overrides='{}', patience=-1, per_sample_clip_norm=0, pocket=Namespace(activation_dropout=0.0, activation_fn='gelu', attention_dropout=0.1, delta_pair_repr_norm_loss=-1.0, dropout=0.1, emb_dropout=0.1, encoder_attention_heads=64, encoder_embed_dim=512, encoder_ffn_embed_dim=2048, encoder_layers=15, masked_coord_loss=-1.0, masked_dist_loss=-1.0, masked_token_loss=-1.0, max_seq_len=512, pooler_activation_fn='tanh', pooler_dropout=0.2, post_ln=False, x_norm_loss=-1.0), pocket_pooler_dropout=0.2, pooler_activation_fn='tanh', pooler_dropout=0.0, post_ln=False, power=1.0, profile=False, recycling=1, required_batch_size_multiple=1, reset_dataloader=False, reset_lr_scheduler=False, reset_meters=False, reset_optimizer=False, restore_file='checkpoint_last.pt', save_dir='/home/bdldt_team007/DLDockingBenchSeminar/run3/checkpoints', save_interval=1, save_interval_updates=500, seed=42, skip_invalid_size_inputs_valid_test=True, stop_min_lr=-1, stop_time_hours=0, suppress_crashes=False, task='docking_pose_v2', tensorboard_logdir='', threshold_loss_scale=None, tmp_save_dir='./', total_num_update=29310, train_subset='train', update_freq=[1], user_dir='/home/bdldt_team007/DLDockingBenchSeminar/unimol/unimol_docking_v2/unimol', valid_subset='valid', validate_after_updates=0, validate_interval=1, validate_interval_updates=0, validate_with_ema=False, wandb_name='', wandb_project='', warmup_ratio=-1.0, warmup_updates=1758, weight_decay=0.0, x_norm_loss=-1.0)
2026-06-28 17:10:45 | INFO | unimol.tasks.docking_pose_v2 | ligand dictionary: 30 types
2026-06-28 17:10:45 | INFO | unimol.tasks.docking_pose_v2 | pocket dictionary: 9 types
load pretrain model weight from... /home/bdldt_team007/DLDockingBenchSeminar/run3/weights/mol_pre_no_h_220816.pt
load pretrain model weight from... /home/bdldt_team007/DLDockingBenchSeminar/run3/weights/pocket_pre_220816.pt
2026-06-28 17:10:47 | INFO | unicore_cli.train | DockingPoseV2Model(
  (mol_model): UniMolModel(
    (embed_tokens): Embedding(31, 512, padding_idx=0)
    (encoder): TransformerEncoderWithPair(
      (emb_layer_norm): LayerNorm(torch.Size([512]), eps=1e-05, elementwise_affine=True)
      (final_layer_norm): LayerNorm(torch.Size([512]), eps=1e-05, elementwise_affine=True)
      (layers): ModuleList(
        (0): TransformerEncoderLayer(
          (self_attn): SelfMultiheadAttention(
            (in_proj): Linear(in_features=512, out_features=1536, bias=True)
            (out_proj): Linear(in_features=512, out_features=512, bias=True)
          )
          (self_attn_layer_norm): LayerNorm(torch.Size([512]), eps=1e-05, elementwise_affine=True)
          (fc1): Linear(in_features=512, out_features=2048, bias=True)
          (fc2): Linear(in_features=2048, out_features=512, bias=True)
          (final_layer_norm): LayerNorm(torch.Size([512]), eps=1e-05, elementwise_affine=True)
        )
        (1): TransformerEncoderLayer(
          (self_attn): SelfMultiheadAttention(
            (in_proj): Linear(in_features=512, out_features=1536, bias=True)
            (out_proj): Linear(in_features=512, out_features=512, bias=True)
          )
          (self_attn_layer_norm): LayerNorm(torch.Size([512]), eps=1e-05, elementwise_affine=True)
          (fc1): Linear(in_features=512, out_features=2048, bias=True)
          (fc2): Linear(in_features=2048, out_features=512, bias=True)
          (final_layer_norm): LayerNorm(torch.Size([512]), eps=1e-05, elementwise_affine=True)
        )
        (2): TransformerEncoderLayer(
          (self_attn): SelfMultiheadAttention(
            (in_proj): Linear(in_features=512, out_features=1536, bias=True)
            (out_proj): Linear(in_features=512, out_features=512, bias=True)
          )
          (self_attn_layer_norm): LayerNorm(torch.Size([512]), eps=1e-05, elementwise_affine=True)
          (fc1): Linear(in_features=512, out_features=2048, bias=True)
          (fc2): Linear(in_features=2048, out_features=512, bias=True)
          (final_layer_norm): LayerNorm(torch.Size([512]), eps=1e-05, elementwise_affine=True)
        )
        (3): TransformerEncoderLayer(
          (self_attn): SelfMultiheadAttention(
            (in_proj): Linear(in_features=512, out_features=1536, bias=True)
            (out_proj): Linear(in_features=512, out_features=512, bias=True)
          )
          (self_attn_layer_norm): LayerNorm(torch.Size([512]), eps=1e-05, elementwise_affine=True)
          (fc1): Linear(in_features=512, out_features=2048, bias=True)
          (fc2): Linear(in_features=2048, out_features=512, bias=True)
          (final_layer_norm): LayerNorm(torch.Size([512]), eps=1e-05, elementwise_affine=True)
        )
        (4): TransformerEncoderLayer(
          (self_attn): SelfMultiheadAttention(
            (in_proj): Linear(in_features=512, out_features=1536, bias=True)
            (out_proj): Linear(in_features=512, out_features=512, bias=True)
          )
          (self_attn_layer_norm): LayerNorm(torch.Size([512]), eps=1e-05, elementwise_affine=True)
          (fc1): Linear(in_features=512, out_features=2048, bias=True)
          (fc2): Linear(in_features=2048, out_features=512, bias=True)
          (final_layer_norm): LayerNorm(torch.Size([512]), eps=1e-05, elementwise_affine=True)
        )
        (5): TransformerEncoderLayer(
          (self_attn): SelfMultiheadAttention(
            (in_proj): Linear(in_features=512, out_features=1536, bias=True)
            (out_proj): Linear(in_features=512, out_features=512, bias=True)
          )
          (self_attn_layer_norm): LayerNorm(torch.Size([512]), eps=1e-05, elementwise_affine=True)
          (fc1): Linear(in_features=512, out_features=2048, bias=True)
          (fc2): Linear(in_features=2048, out_features=512, bias=True)
          (final_layer_norm): LayerNorm(torch.Size([512]), eps=1e-05, elementwise_affine=True)
        )
        (6): TransformerEncoderLayer(
          (self_attn): SelfMultiheadAttention(
            (in_proj): Linear(in_features=512, out_features=1536, bias=True)
            (out_proj): Linear(in_features=512, out_features=512, bias=True)
          )
          (self_attn_layer_norm): LayerNorm(torch.Size([512]), eps=1e-05, elementwise_affine=True)
          (fc1): Linear(in_features=512, out_features=2048, bias=True)
          (fc2): Linear(in_features=2048, out_features=512, bias=True)
          (final_layer_norm): LayerNorm(torch.Size([512]), eps=1e-05, elementwise_affine=True)
        )
        (7): TransformerEncoderLayer(
          (self_attn): SelfMultiheadAttention(
            (in_proj): Linear(in_features=512, out_features=1536, bias=True)
            (out_proj): Linear(in_features=512, out_features=512, bias=True)
          )
          (self_attn_layer_norm): LayerNorm(torch.Size([512]), eps=1e-05, elementwise_affine=True)
          (fc1): Linear(in_features=512, out_features=2048, bias=True)
          (fc2): Linear(in_features=2048, out_features=512, bias=True)
          (final_layer_norm): LayerNorm(torch.Size([512]), eps=1e-05, elementwise_affine=True)
        )
        (8): TransformerEncoderLayer(
          (self_attn): SelfMultiheadAttention(
            (in_proj): Linear(in_features=512, out_features=1536, bias=True)
            (out_proj): Linear(in_features=512, out_features=512, bias=True)
          )
          (self_attn_layer_norm): LayerNorm(torch.Size([512]), eps=1e-05, elementwise_affine=True)
          (fc1): Linear(in_features=512, out_features=2048, bias=True)
          (fc2): Linear(in_features=2048, out_features=512, bias=True)
          (final_layer_norm): LayerNorm(torch.Size([512]), eps=1e-05, elementwise_affine=True)
        )
        (9): TransformerEncoderLayer(
          (self_attn): SelfMultiheadAttention(
            (in_proj): Linear(in_features=512, out_features=1536, bias=True)
            (out_proj): Linear(in_features=512, out_features=512, bias=True)
          )
          (self_attn_layer_norm): LayerNorm(torch.Size([512]), eps=1e-05, elementwise_affine=True)
          (fc1): Linear(in_features=512, out_features=2048, bias=True)
          (fc2): Linear(in_features=2048, out_features=512, bias=True)
          (final_layer_norm): LayerNorm(torch.Size([512]), eps=1e-05, elementwise_affine=True)
        )
        (10): TransformerEncoderLayer(
          (self_attn): SelfMultiheadAttention(
            (in_proj): Linear(in_features=512, out_features=1536, bias=True)
            (out_proj): Linear(in_features=512, out_features=512, bias=True)
          )
          (self_attn_layer_norm): LayerNorm(torch.Size([512]), eps=1e-05, elementwise_affine=True)
          (fc1): Linear(in_features=512, out_features=2048, bias=True)
          (fc2): Linear(in_features=2048, out_features=512, bias=True)
          (final_layer_norm): LayerNorm(torch.Size([512]), eps=1e-05, elementwise_affine=True)
        )
        (11): TransformerEncoderLayer(
          (self_attn): SelfMultiheadAttention(
            (in_proj): Linear(in_features=512, out_features=1536, bias=True)
            (out_proj): Linear(in_features=512, out_features=512, bias=True)
          )
          (self_attn_layer_norm): LayerNorm(torch.Size([512]), eps=1e-05, elementwise_affine=True)
          (fc1): Linear(in_features=512, out_features=2048, bias=True)
          (fc2): Linear(in_features=2048, out_features=512, bias=True)
          (final_layer_norm): LayerNorm(torch.Size([512]), eps=1e-05, elementwise_affine=True)
        )
        (12): TransformerEncoderLayer(
          (self_attn): SelfMultiheadAttention(
            (in_proj): Linear(in_features=512, out_features=1536, bias=True)
            (out_proj): Linear(in_features=512, out_features=512, bias=True)
          )
          (self_attn_layer_norm): LayerNorm(torch.Size([512]), eps=1e-05, elementwise_affine=True)
          (fc1): Linear(in_features=512, out_features=2048, bias=True)
          (fc2): Linear(in_features=2048, out_features=512, bias=True)
          (final_layer_norm): LayerNorm(torch.Size([512]), eps=1e-05, elementwise_affine=True)
        )
        (13): TransformerEncoderLayer(
          (self_attn): SelfMultiheadAttention(
            (in_proj): Linear(in_features=512, out_features=1536, bias=True)
            (out_proj): Linear(in_features=512, out_features=512, bias=True)
          )
          (self_attn_layer_norm): LayerNorm(torch.Size([512]), eps=1e-05, elementwise_affine=True)
          (fc1): Linear(in_features=512, out_features=2048, bias=True)
          (fc2): Linear(in_features=2048, out_features=512, bias=True)
          (final_layer_norm): LayerNorm(torch.Size([512]), eps=1e-05, elementwise_affine=True)
        )
        (14): TransformerEncoderLayer(
          (self_attn): SelfMultiheadAttention(
            (in_proj): Linear(in_features=512, out_features=1536, bias=True)
            (out_proj): Linear(in_features=512, out_features=512, bias=True)
          )
          (self_attn_layer_norm): LayerNorm(torch.Size([512]), eps=1e-05, elementwise_affine=True)
          (fc1): Linear(in_features=512, out_features=2048, bias=True)
          (fc2): Linear(in_features=2048, out_features=512, bias=True)
          (final_layer_norm): LayerNorm(torch.Size([512]), eps=1e-05, elementwise_affine=True)
        )
      )
    )
    (gbf_proj): NonLinearHead(
      (linear1): Linear(in_features=128, out_features=128, bias=True)
      (linear2): Linear(in_features=128, out_features=64, bias=True)
    )
    (gbf): GaussianLayer(
      (means): Embedding(1, 128)
      (stds): Embedding(1, 128)
      (mul): Embedding(961, 1)
      (bias): Embedding(961, 1)
    )
    (classification_heads): ModuleDict()
  )
  (pocket_model): UniMolModel(
    (embed_tokens): Embedding(10, 512, padding_idx=0)
    (encoder): TransformerEncoderWithPair(
      (emb_layer_norm): LayerNorm(torch.Size([512]), eps=1e-05, elementwise_affine=True)
      (final_layer_norm): LayerNorm(torch.Size([512]), eps=1e-05, elementwise_affine=True)
      (layers): ModuleList(
        (0): TransformerEncoderLayer(
          (self_attn): SelfMultiheadAttention(
            (in_proj): Linear(in_features=512, out_features=1536, bias=True)
            (out_proj): Linear(in_features=512, out_features=512, bias=True)
          )
          (self_attn_layer_norm): LayerNorm(torch.Size([512]), eps=1e-05, elementwise_affine=True)
          (fc1): Linear(in_features=512, out_features=2048, bias=True)
          (fc2): Linear(in_features=2048, out_features=512, bias=True)
          (final_layer_norm): LayerNorm(torch.Size([512]), eps=1e-05, elementwise_affine=True)
        )
        (1): TransformerEncoderLayer(
          (self_attn): SelfMultiheadAttention(
            (in_proj): Linear(in_features=512, out_features=1536, bias=True)
            (out_proj): Linear(in_features=512, out_features=512, bias=True)
          )
          (self_attn_layer_norm): LayerNorm(torch.Size([512]), eps=1e-05, elementwise_affine=True)
          (fc1): Linear(in_features=512, out_features=2048, bias=True)
          (fc2): Linear(in_features=2048, out_features=512, bias=True)
          (final_layer_norm): LayerNorm(torch.Size([512]), eps=1e-05, elementwise_affine=True)
        )
        (2): TransformerEncoderLayer(
          (self_attn): SelfMultiheadAttention(
            (in_proj): Linear(in_features=512, out_features=1536, bias=True)
            (out_proj): Linear(in_features=512, out_features=512, bias=True)
          )
          (self_attn_layer_norm): LayerNorm(torch.Size([512]), eps=1e-05, elementwise_affine=True)
          (fc1): Linear(in_features=512, out_features=2048, bias=True)
          (fc2): Linear(in_features=2048, out_features=512, bias=True)
          (final_layer_norm): LayerNorm(torch.Size([512]), eps=1e-05, elementwise_affine=True)
        )
        (3): TransformerEncoderLayer(
          (self_attn): SelfMultiheadAttention(
            (in_proj): Linear(in_features=512, out_features=1536, bias=True)
            (out_proj): Linear(in_features=512, out_features=512, bias=True)
          )
          (self_attn_layer_norm): LayerNorm(torch.Size([512]), eps=1e-05, elementwise_affine=True)
          (fc1): Linear(in_features=512, out_features=2048, bias=True)
          (fc2): Linear(in_features=2048, out_features=512, bias=True)
          (final_layer_norm): LayerNorm(torch.Size([512]), eps=1e-05, elementwise_affine=True)
        )
        (4): TransformerEncoderLayer(
          (self_attn): SelfMultiheadAttention(
            (in_proj): Linear(in_features=512, out_features=1536, bias=True)
            (out_proj): Linear(in_features=512, out_features=512, bias=True)
          )
          (self_attn_layer_norm): LayerNorm(torch.Size([512]), eps=1e-05, elementwise_affine=True)
          (fc1): Linear(in_features=512, out_features=2048, bias=True)
          (fc2): Linear(in_features=2048, out_features=512, bias=True)
          (final_layer_norm): LayerNorm(torch.Size([512]), eps=1e-05, elementwise_affine=True)
        )
        (5): TransformerEncoderLayer(
          (self_attn): SelfMultiheadAttention(
            (in_proj): Linear(in_features=512, out_features=1536, bias=True)
            (out_proj): Linear(in_features=512, out_features=512, bias=True)
          )
          (self_attn_layer_norm): LayerNorm(torch.Size([512]), eps=1e-05, elementwise_affine=True)
          (fc1): Linear(in_features=512, out_features=2048, bias=True)
          (fc2): Linear(in_features=2048, out_features=512, bias=True)
          (final_layer_norm): LayerNorm(torch.Size([512]), eps=1e-05, elementwise_affine=True)
        )
        (6): TransformerEncoderLayer(
          (self_attn): SelfMultiheadAttention(
            (in_proj): Linear(in_features=512, out_features=1536, bias=True)
            (out_proj): Linear(in_features=512, out_features=512, bias=True)
          )
          (self_attn_layer_norm): LayerNorm(torch.Size([512]), eps=1e-05, elementwise_affine=True)
          (fc1): Linear(in_features=512, out_features=2048, bias=True)
          (fc2): Linear(in_features=2048, out_features=512, bias=True)
          (final_layer_norm): LayerNorm(torch.Size([512]), eps=1e-05, elementwise_affine=True)
        )
        (7): TransformerEncoderLayer(
          (self_attn): SelfMultiheadAttention(
            (in_proj): Linear(in_features=512, out_features=1536, bias=True)
            (out_proj): Linear(in_features=512, out_features=512, bias=True)
          )
          (self_attn_layer_norm): LayerNorm(torch.Size([512]), eps=1e-05, elementwise_affine=True)
          (fc1): Linear(in_features=512, out_features=2048, bias=True)
          (fc2): Linear(in_features=2048, out_features=512, bias=True)
          (final_layer_norm): LayerNorm(torch.Size([512]), eps=1e-05, elementwise_affine=True)
        )
        (8): TransformerEncoderLayer(
          (self_attn): SelfMultiheadAttention(
            (in_proj): Linear(in_features=512, out_features=1536, bias=True)
            (out_proj): Linear(in_features=512, out_features=512, bias=True)
          )
          (self_attn_layer_norm): LayerNorm(torch.Size([512]), eps=1e-05, elementwise_affine=True)
          (fc1): Linear(in_features=512, out_features=2048, bias=True)
          (fc2): Linear(in_features=2048, out_features=512, bias=True)
          (final_layer_norm): LayerNorm(torch.Size([512]), eps=1e-05, elementwise_affine=True)
        )
        (9): TransformerEncoderLayer(
          (self_attn): SelfMultiheadAttention(
            (in_proj): Linear(in_features=512, out_features=1536, bias=True)
            (out_proj): Linear(in_features=512, out_features=512, bias=True)
          )
          (self_attn_layer_norm): LayerNorm(torch.Size([512]), eps=1e-05, elementwise_affine=True)
          (fc1): Linear(in_features=512, out_features=2048, bias=True)
          (fc2): Linear(in_features=2048, out_features=512, bias=True)
          (final_layer_norm): LayerNorm(torch.Size([512]), eps=1e-05, elementwise_affine=True)
        )
        (10): TransformerEncoderLayer(
          (self_attn): SelfMultiheadAttention(
            (in_proj): Linear(in_features=512, out_features=1536, bias=True)
            (out_proj): Linear(in_features=512, out_features=512, bias=True)
          )
          (self_attn_layer_norm): LayerNorm(torch.Size([512]), eps=1e-05, elementwise_affine=True)
          (fc1): Linear(in_features=512, out_features=2048, bias=True)
          (fc2): Linear(in_features=2048, out_features=512, bias=True)
          (final_layer_norm): LayerNorm(torch.Size([512]), eps=1e-05, elementwise_affine=True)
        )
        (11): TransformerEncoderLayer(
          (self_attn): SelfMultiheadAttention(
            (in_proj): Linear(in_features=512, out_features=1536, bias=True)
            (out_proj): Linear(in_features=512, out_features=512, bias=True)
          )
          (self_attn_layer_norm): LayerNorm(torch.Size([512]), eps=1e-05, elementwise_affine=True)
          (fc1): Linear(in_features=512, out_features=2048, bias=True)
          (fc2): Linear(in_features=2048, out_features=512, bias=True)
          (final_layer_norm): LayerNorm(torch.Size([512]), eps=1e-05, elementwise_affine=True)
        )
        (12): TransformerEncoderLayer(
          (self_attn): SelfMultiheadAttention(
            (in_proj): Linear(in_features=512, out_features=1536, bias=True)
            (out_proj): Linear(in_features=512, out_features=512, bias=True)
          )
          (self_attn_layer_norm): LayerNorm(torch.Size([512]), eps=1e-05, elementwise_affine=True)
          (fc1): Linear(in_features=512, out_features=2048, bias=True)
          (fc2): Linear(in_features=2048, out_features=512, bias=True)
          (final_layer_norm): LayerNorm(torch.Size([512]), eps=1e-05, elementwise_affine=True)
        )
        (13): TransformerEncoderLayer(
          (self_attn): SelfMultiheadAttention(
            (in_proj): Linear(in_features=512, out_features=1536, bias=True)
            (out_proj): Linear(in_features=512, out_features=512, bias=True)
          )
          (self_attn_layer_norm): LayerNorm(torch.Size([512]), eps=1e-05, elementwise_affine=True)
          (fc1): Linear(in_features=512, out_features=2048, bias=True)
          (fc2): Linear(in_features=2048, out_features=512, bias=True)
          (final_layer_norm): LayerNorm(torch.Size([512]), eps=1e-05, elementwise_affine=True)
        )
        (14): TransformerEncoderLayer(
          (self_attn): SelfMultiheadAttention(
            (in_proj): Linear(in_features=512, out_features=1536, bias=True)
            (out_proj): Linear(in_features=512, out_features=512, bias=True)
          )
          (self_attn_layer_norm): LayerNorm(torch.Size([512]), eps=1e-05, elementwise_affine=True)
          (fc1): Linear(in_features=512, out_features=2048, bias=True)
          (fc2): Linear(in_features=2048, out_features=512, bias=True)
          (final_layer_norm): LayerNorm(torch.Size([512]), eps=1e-05, elementwise_affine=True)
        )
      )
    )
    (gbf_proj): NonLinearHead(
      (linear1): Linear(in_features=128, out_features=128, bias=True)
      (linear2): Linear(in_features=128, out_features=64, bias=True)
    )
    (gbf): GaussianLayer(
      (means): Embedding(1, 128)
      (stds): Embedding(1, 128)
      (mul): Embedding(100, 1)
      (bias): Embedding(100, 1)
    )
    (classification_heads): ModuleDict()
  )
  (concat_decoder): TransformerEncoderWithPair(
    (emb_layer_norm): LayerNorm(torch.Size([512]), eps=1e-05, elementwise_affine=True)
    (final_layer_norm): LayerNorm(torch.Size([512]), eps=1e-05, elementwise_affine=True)
    (final_head_layer_norm): LayerNorm(torch.Size([64]), eps=1e-05, elementwise_affine=True)
    (layers): ModuleList(
      (0): TransformerEncoderLayer(
        (self_attn): SelfMultiheadAttention(
          (in_proj): Linear(in_features=512, out_features=1536, bias=True)
          (out_proj): Linear(in_features=512, out_features=512, bias=True)
        )
        (self_attn_layer_norm): LayerNorm(torch.Size([512]), eps=1e-05, elementwise_affine=True)
        (fc1): Linear(in_features=512, out_features=2048, bias=True)
        (fc2): Linear(in_features=2048, out_features=512, bias=True)
        (final_layer_norm): LayerNorm(torch.Size([512]), eps=1e-05, elementwise_affine=True)
      )
      (1): TransformerEncoderLayer(
        (self_attn): SelfMultiheadAttention(
          (in_proj): Linear(in_features=512, out_features=1536, bias=True)
          (out_proj): Linear(in_features=512, out_features=512, bias=True)
        )
        (self_attn_layer_norm): LayerNorm(torch.Size([512]), eps=1e-05, elementwise_affine=True)
        (fc1): Linear(in_features=512, out_features=2048, bias=True)
        (fc2): Linear(in_features=2048, out_features=512, bias=True)
        (final_layer_norm): LayerNorm(torch.Size([512]), eps=1e-05, elementwise_affine=True)
      )
      (2): TransformerEncoderLayer(
        (self_attn): SelfMultiheadAttention(
          (in_proj): Linear(in_features=512, out_features=1536, bias=True)
          (out_proj): Linear(in_features=512, out_features=512, bias=True)
        )
        (self_attn_layer_norm): LayerNorm(torch.Size([512]), eps=1e-05, elementwise_affine=True)
        (fc1): Linear(in_features=512, out_features=2048, bias=True)
        (fc2): Linear(in_features=2048, out_features=512, bias=True)
        (final_layer_norm): LayerNorm(torch.Size([512]), eps=1e-05, elementwise_affine=True)
      )
      (3): TransformerEncoderLayer(
        (self_attn): SelfMultiheadAttention(
          (in_proj): Linear(in_features=512, out_features=1536, bias=True)
          (out_proj): Linear(in_features=512, out_features=512, bias=True)
        )
        (self_attn_layer_norm): LayerNorm(torch.Size([512]), eps=1e-05, elementwise_affine=True)
        (fc1): Linear(in_features=512, out_features=2048, bias=True)
        (fc2): Linear(in_features=2048, out_features=512, bias=True)
        (final_layer_norm): LayerNorm(torch.Size([512]), eps=1e-05, elementwise_affine=True)
      )
    )
  )
  (cross_distance_project): NonLinearHead(
    (linear1): Linear(in_features=1088, out_features=1088, bias=True)
    (linear2): Linear(in_features=1088, out_features=1, bias=True)
  )
  (holo_distance_project): DistanceHead(
    (dense): Linear(in_features=576, out_features=576, bias=True)
    (layer_norm): LayerNorm((576,), eps=1e-05, elementwise_affine=True)
    (out_proj): Linear(in_features=576, out_features=1, bias=True)
  )
  (concat_gbf): GaussianLayer(
    (means): Embedding(1, 128)
    (stds): Embedding(1, 128)
    (mul): Embedding(1681, 1)
    (bias): Embedding(1681, 1)
  )
  (concat_gbf_proj): NonLinearHead(
    (linear1): Linear(in_features=128, out_features=128, bias=True)
    (linear2): Linear(in_features=128, out_features=64, bias=True)
  )
  (coord_decoder): TransformerEncoderWithPair(
    (emb_layer_norm): LayerNorm(torch.Size([512]), eps=1e-05, elementwise_affine=True)
    (final_layer_norm): LayerNorm(torch.Size([512]), eps=1e-05, elementwise_affine=True)
    (final_head_layer_norm): LayerNorm(torch.Size([64]), eps=1e-05, elementwise_affine=True)
    (layers): ModuleList(
      (0): TransformerEncoderLayer(
        (self_attn): SelfMultiheadAttention(
          (in_proj): Linear(in_features=512, out_features=1536, bias=True)
          (out_proj): Linear(in_features=512, out_features=512, bias=True)
        )
        (self_attn_layer_norm): LayerNorm(torch.Size([512]), eps=1e-05, elementwise_affine=True)
        (fc1): Linear(in_features=512, out_features=2048, bias=True)
        (fc2): Linear(in_features=2048, out_features=512, bias=True)
        (final_layer_norm): LayerNorm(torch.Size([512]), eps=1e-05, elementwise_affine=True)
      )
      (1): TransformerEncoderLayer(
        (self_attn): SelfMultiheadAttention(
          (in_proj): Linear(in_features=512, out_features=1536, bias=True)
          (out_proj): Linear(in_features=512, out_features=512, bias=True)
        )
        (self_attn_layer_norm): LayerNorm(torch.Size([512]), eps=1e-05, elementwise_affine=True)
        (fc1): Linear(in_features=512, out_features=2048, bias=True)
        (fc2): Linear(in_features=2048, out_features=512, bias=True)
        (final_layer_norm): LayerNorm(torch.Size([512]), eps=1e-05, elementwise_affine=True)
      )
      (2): TransformerEncoderLayer(
        (self_attn): SelfMultiheadAttention(
          (in_proj): Linear(in_features=512, out_features=1536, bias=True)
          (out_proj): Linear(in_features=512, out_features=512, bias=True)
        )
        (self_attn_layer_norm): LayerNorm(torch.Size([512]), eps=1e-05, elementwise_affine=True)
        (fc1): Linear(in_features=512, out_features=2048, bias=True)
        (fc2): Linear(in_features=2048, out_features=512, bias=True)
        (final_layer_norm): LayerNorm(torch.Size([512]), eps=1e-05, elementwise_affine=True)
      )
      (3): TransformerEncoderLayer(
        (self_attn): SelfMultiheadAttention(
          (in_proj): Linear(in_features=512, out_features=1536, bias=True)
          (out_proj): Linear(in_features=512, out_features=512, bias=True)
        )
        (self_attn_layer_norm): LayerNorm(torch.Size([512]), eps=1e-05, elementwise_affine=True)
        (fc1): Linear(in_features=512, out_features=2048, bias=True)
        (fc2): Linear(in_features=2048, out_features=512, bias=True)
        (final_layer_norm): LayerNorm(torch.Size([512]), eps=1e-05, elementwise_affine=True)
      )
    )
  )
  (coord_delta_project): NonLinearHead(
    (linear1): Linear(in_features=64, out_features=64, bias=True)
    (linear2): Linear(in_features=64, out_features=1, bias=True)
  )
  (prmsd_project): NonLinearHead(
    (linear1): Linear(in_features=512, out_features=512, bias=True)
    (linear2): Linear(in_features=512, out_features=32, bias=True)
  )
)
2026-06-28 17:10:47 | INFO | unicore_cli.train | task: DockingPoseV2
2026-06-28 17:10:47 | INFO | unicore_cli.train | model: DockingPoseV2Model
2026-06-28 17:10:47 | INFO | unicore_cli.train | loss: DockingPosseV2Loss
2026-06-28 17:10:47 | INFO | unicore_cli.train | num. model params: 121,703,887 (num. trained: 121,703,887)
2026-06-28 17:10:49 | INFO | unicore.utils | ***********************CUDA enviroments for all 1 workers***********************
2026-06-28 17:10:49 | INFO | unicore.utils | rank   0: capabilities =  8.0  ; total memory = 39.495 GB ; name = NVIDIA A100-PCIE-40GB                   
2026-06-28 17:10:49 | INFO | unicore.utils | ***********************CUDA enviroments for all 1 workers***********************
2026-06-28 17:10:49 | INFO | unicore_cli.train | training on 1 devices (GPUs)
2026-06-28 17:10:49 | INFO | unicore_cli.train | batch size per device = 8
2026-06-28 17:10:49 | INFO | unicore.trainer | Preparing to load checkpoint /home/bdldt_team007/DLDockingBenchSeminar/run3/checkpoints/checkpoint_last.pt
2026-06-28 17:10:49 | INFO | unicore.trainer | No existing checkpoint found /home/bdldt_team007/DLDockingBenchSeminar/run3/checkpoints/checkpoint_last.pt
2026-06-28 17:10:49 | INFO | unicore.trainer | loading train data for epoch 1
2026-06-28 17:10:49 | INFO | unicore.tasks.unicore_task | get EpochBatchIterator for epoch 1
2026-06-28 17:10:49 | INFO | unicore.optim.adam | using FusedAdam
2026-06-28 17:10:49 | INFO | unicore.trainer | begin training epoch 1
2026-06-28 17:10:49 | INFO | unicore_cli.train | Start iterating over samples
2026-06-28 17:10:58 | INFO | unicore.trainer | NOTE: gradient overflow detected, ignoring gradient, setting loss scale to: 64.0
2026-06-28 17:11:14 | INFO | unicore.trainer | NOTE: gradient overflow detected, ignoring gradient, setting loss scale to: 32.0
2026-06-28 17:11:30 | INFO | unicore.trainer | NOTE: gradient overflow detected, ignoring gradient, setting loss scale to: 16.0
2026-06-28 17:13:18 | INFO | unicore.trainer | NOTE: gradient overflow detected, ignoring gradient, setting loss scale to: 8.0
2026-06-28 17:13:23 | INFO | unicore.trainer | NOTE: gradient overflow detected, ignoring gradient, setting loss scale to: 4.0
2026-06-28 17:13:25 | INFO | train_inner | epoch 001:     55 / 2931 loss=35.304, train_loss=35.304, cross_distance_loss=24.984, distance_loss=5.373, coord_loss=4.601, RMSD=4.601, prmsd_loss=3.462, ups=0.32, bsz=8, num_updates=50, lr=8.53242e-07, gnorm=102.678, clip=100, loss_scale=4, train_wall=155.5, gb_free=32.5, wall=156
2026-06-28 17:15:05 | INFO | unicore.trainer | NOTE: gradient overflow detected, ignoring gradient, setting loss scale to: 2.0
2026-06-28 17:15:21 | INFO | train_inner | epoch 001:    106 / 2931 loss=25.676, train_loss=25.676, cross_distance_loss=15.774, distance_loss=4.998, coord_loss=4.559, RMSD=4.558, prmsd_loss=3.463, ups=0.43, bsz=8, num_updates=100, lr=1.70648e-06, gnorm=187.815, clip=100, loss_scale=2, train_wall=115.6, gb_free=32.5, wall=272
2026-06-28 17:17:02 | INFO | train_inner | epoch 001:    156 / 2931 loss=13.959, train_loss=13.959, cross_distance_loss=4.776, distance_loss=4.004, coord_loss=4.834, RMSD=4.828, prmsd_loss=3.448, ups=0.49, bsz=8, num_updates=150, lr=2.55973e-06, gnorm=165.646, clip=100, loss_scale=2, train_wall=101, gb_free=31.8, wall=373
2026-06-28 17:17:58 | INFO | train_inner | epoch 001:    206 / 2931 loss=8.547, train_loss=8.547, cross_distance_loss=1.492, distance_loss=1.976, coord_loss=4.737, RMSD=4.736, prmsd_loss=3.425, ups=0.88, bsz=8, num_updates=200, lr=3.41297e-06, gnorm=16.851, clip=100, loss_scale=2, train_wall=56.49, gb_free=33.1, wall=429
2026-06-28 17:18:46 | INFO | train_inner | epoch 001:    256 / 2931 loss=7.422, train_loss=7.422, cross_distance_loss=1.408, distance_loss=1.038, coord_loss=4.638, RMSD=4.637, prmsd_loss=3.38, ups=1.04, bsz=8, num_updates=250, lr=4.26621e-06, gnorm=5.623, clip=100, loss_scale=2, train_wall=47.85, gb_free=31.1, wall=477
2026-06-28 17:19:26 | INFO | train_inner | epoch 001:    306 / 2931 loss=7.24, train_loss=7.24, cross_distance_loss=1.373, distance_loss=0.831, coord_loss=4.703, RMSD=4.703, prmsd_loss=3.334, ups=1.25, bsz=8, num_updates=300, lr=5.11945e-06, gnorm=2.703, clip=98, loss_scale=2, train_wall=39.84, gb_free=31, wall=517
2026-06-28 17:20:09 | INFO | train_inner | epoch 001:    356 / 2931 loss=7.042, train_loss=7.042, cross_distance_loss=1.3, distance_loss=0.688, coord_loss=4.723, RMSD=4.723, prmsd_loss=3.307, ups=1.17, bsz=8, num_updates=350, lr=5.9727e-06, gnorm=3.338, clip=100, loss_scale=2, train_wall=42.44, gb_free=32.5, wall=560
2026-06-28 17:20:49 | INFO | train_inner | epoch 001:    406 / 2931 loss=6.732, train_loss=6.732, cross_distance_loss=1.259, distance_loss=0.612, coord_loss=4.529, RMSD=4.527, prmsd_loss=3.318, ups=1.23, bsz=8, num_updates=400, lr=6.82594e-06, gnorm=3.272, clip=98, loss_scale=2, train_wall=40.61, gb_free=32.2, wall=601
2026-06-28 17:21:33 | INFO | train_inner | epoch 001:    456 / 2931 loss=6.882, train_loss=6.882, cross_distance_loss=1.242, distance_loss=0.652, coord_loss=4.66, RMSD=4.657, prmsd_loss=3.284, ups=1.15, bsz=8, num_updates=450, lr=7.67918e-06, gnorm=2.798, clip=98, loss_scale=2, train_wall=43.44, gb_free=30.4, wall=644
2026-06-28 17:22:23 | INFO | train_inner | epoch 001:    506 / 2931 loss=6.858, train_loss=6.858, cross_distance_loss=1.231, distance_loss=0.616, coord_loss=4.683, RMSD=4.681, prmsd_loss=3.278, ups=1, bsz=8, num_updates=500, lr=8.53242e-06, gnorm=2.695, clip=90, loss_scale=2, train_wall=49.78, gb_free=29.1, wall=694
2026-06-28 17:22:23 | INFO | unicore_cli.train | begin validation on "valid" subset
2026-06-28 17:22:23 | INFO | unicore.tasks.unicore_task | get EpochBatchIterator for epoch 1
2026-06-28 17:48:45 | INFO | valid | epoch 001 | valid on 'valid' subset | loss 6.749 | valid_loss 6.749 | cross_distance_loss 1.263 | distance_loss 0.462 | coord_loss 4.693 | RMSD 4.694 | prmsd_loss 3.301 | bsz 26010 | num_updates 500
2026-06-28 17:48:45 | INFO | unicore.checkpoint_utils | Preparing to save checkpoint for epoch 1 @ 500 updates
2026-06-28 17:48:45 | INFO | unicore.trainer | Saving checkpoint to ./checkpoint_1_500.pt
2026-06-28 17:48:49 | INFO | unicore.trainer | Finished saving checkpoint to ./checkpoint_1_500.pt
2026-06-28 17:48:50 | INFO | unicore.checkpoint_utils | Saved checkpoint ./checkpoint_1_500.pt (epoch 1 @ 500 updates, score 6.749) (writing took 4.359176680445671 seconds)
2026-06-28 17:48:50 | INFO | unicore.checkpoint_utils | copy ./checkpoint_1_500.pt to /home/bdldt_team007/DLDockingBenchSeminar/run3/checkpoints/checkpoint_1_500.pt
2026-06-28 17:48:55 | INFO | unicore.checkpoint_utils | copy ./checkpoint_1_500.pt to /home/bdldt_team007/DLDockingBenchSeminar/run3/checkpoints/checkpoint_best.pt
2026-06-28 17:48:57 | INFO | unicore.checkpoint_utils | copy ./checkpoint_1_500.pt to /home/bdldt_team007/DLDockingBenchSeminar/run3/checkpoints/checkpoint_last.pt
2026-06-28 17:48:59 | INFO | unicore.checkpoint_utils | removing temp file ./checkpoint_1_500.pt ...
2026-06-28 17:49:00 | INFO | unicore.checkpoint_utils | finished async ckp saving.
2026-06-28 17:49:33 | INFO | train_inner | epoch 001:    556 / 2931 loss=6.944, train_loss=6.944, cross_distance_loss=1.219, distance_loss=0.612, coord_loss=4.786, RMSD=4.786, prmsd_loss=3.267, ups=0.03, bsz=8, num_updates=550, lr=9.38567e-06, gnorm=2.639, clip=88, loss_scale=2, train_wall=42.92, gb_free=32.5, wall=2324
2026-06-28 17:50:15 | INFO | train_inner | epoch 001:    606 / 2931 loss=6.785, train_loss=6.785, cross_distance_loss=1.202, distance_loss=0.605, coord_loss=4.652, RMSD=4.651, prmsd_loss=3.267, ups=1.17, bsz=8, num_updates=600, lr=1.02389e-05, gnorm=3.355, clip=90, loss_scale=2, train_wall=42.75, gb_free=33, wall=2367
2026-06-28 17:51:03 | INFO | train_inner | epoch 001:    656 / 2931 loss=6.91, train_loss=6.91, cross_distance_loss=1.193, distance_loss=0.725, coord_loss=4.668, RMSD=4.664, prmsd_loss=3.247, ups=1.05, bsz=8, num_updates=650, lr=1.10922e-05, gnorm=2.112, clip=92, loss_scale=2, train_wall=47.43, gb_free=33.4, wall=2414
2026-06-28 17:51:46 | INFO | train_inner | epoch 001:    706 / 2931 loss=6.798, train_loss=6.798, cross_distance_loss=1.185, distance_loss=0.595, coord_loss=4.693, RMSD=4.689, prmsd_loss=3.241, ups=1.17, bsz=8, num_updates=700, lr=1.19454e-05, gnorm=3.05, clip=92, loss_scale=2, train_wall=42.53, gb_free=32.5, wall=2457
2026-06-28 17:52:33 | INFO | train_inner | epoch 001:    756 / 2931 loss=6.872, train_loss=6.872, cross_distance_loss=1.162, distance_loss=0.671, coord_loss=4.72, RMSD=4.718, prmsd_loss=3.194, ups=1.05, bsz=8, num_updates=750, lr=1.27986e-05, gnorm=4.712, clip=84, loss_scale=2, train_wall=47.66, gb_free=30.8, wall=2504
2026-06-28 17:54:14 | INFO | train_inner | epoch 001:    806 / 2931 loss=6.722, train_loss=6.722, cross_distance_loss=1.117, distance_loss=0.473, coord_loss=4.813, RMSD=4.802, prmsd_loss=3.183, ups=0.5, bsz=8, num_updates=800, lr=1.36519e-05, gnorm=2.685, clip=86, loss_scale=2, train_wall=100.46, gb_free=32.5, wall=2605
2026-06-28 17:56:35 | INFO | train_inner | epoch 001:    856 / 2931 loss=6.923, train_loss=6.923, cross_distance_loss=1.103, distance_loss=0.449, coord_loss=5.058, RMSD=5.039, prmsd_loss=3.128, ups=0.35, bsz=8, num_updates=850, lr=1.45051e-05, gnorm=4.566, clip=100, loss_scale=2, train_wall=141.34, gb_free=31.9, wall=2746
2026-06-28 17:59:18 | INFO | train_inner | epoch 001:    906 / 2931 loss=7.117, train_loss=7.117, cross_distance_loss=1.093, distance_loss=0.562, coord_loss=5.153, RMSD=5.139, prmsd_loss=3.101, ups=0.31, bsz=8, num_updates=900, lr=1.53584e-05, gnorm=5.928, clip=98, loss_scale=2, train_wall=161.93, gb_free=32.8, wall=2909
2026-06-28 18:01:53 | INFO | train_inner | epoch 001:    956 / 2931 loss=7.229, train_loss=7.229, cross_distance_loss=1.092, distance_loss=0.524, coord_loss=5.306, RMSD=5.3, prmsd_loss=3.063, ups=0.32, bsz=8, num_updates=950, lr=1.62116e-05, gnorm=11.694, clip=100, loss_scale=2, train_wall=155.29, gb_free=34.2, wall=3064
2026-06-28 18:04:45 | INFO | train_inner | epoch 001:   1006 / 2931 loss=7.311, train_loss=7.311, cross_distance_loss=1.084, distance_loss=0.51, coord_loss=5.414, RMSD=5.412, prmsd_loss=3.03, ups=0.29, bsz=8, num_updates=1000, lr=1.70648e-05, gnorm=5.763, clip=100, loss_scale=2, train_wall=172.17, gb_free=32.5, wall=3236
2026-06-28 18:04:45 | INFO | unicore_cli.train | begin validation on "valid" subset
2026-06-28 18:04:45 | INFO | unicore.tasks.unicore_task | get EpochBatchIterator for epoch 1
2026-06-28 20:37:48 | INFO | valid | epoch 001 | valid on 'valid' subset | loss 7.256 | valid_loss 7.256 | cross_distance_loss 1.065 | distance_loss 0.412 | coord_loss 5.476 | RMSD 5.475 | prmsd_loss 3.031 | bsz 26010 | num_updates 1000 | best_loss 6.749
2026-06-28 20:37:57 | INFO | unicore.checkpoint_utils | Preparing to save checkpoint for epoch 1 @ 1000 updates
2026-06-28 20:37:57 | INFO | unicore.trainer | Saving checkpoint to ./checkpoint_1_1000.pt
2026-06-28 20:38:15 | INFO | unicore.trainer | Finished saving checkpoint to ./checkpoint_1_1000.pt
2026-06-28 20:38:15 | INFO | unicore.checkpoint_utils | Saved checkpoint ./checkpoint_1_1000.pt (epoch 1 @ 1000 updates, score 7.256) (writing took 18.20823218487203 seconds)
2026-06-28 20:38:15 | INFO | unicore.checkpoint_utils | copy ./checkpoint_1_1000.pt to /home/bdldt_team007/DLDockingBenchSeminar/run3/checkpoints/checkpoint_1_1000.pt
2026-06-28 20:39:16 | INFO | unicore.checkpoint_utils | copy ./checkpoint_1_1000.pt to /home/bdldt_team007/DLDockingBenchSeminar/run3/checkpoints/checkpoint_last.pt
2026-06-28 20:39:33 | INFO | unicore.checkpoint_utils | removing temp file ./checkpoint_1_1000.pt ...
2026-06-28 20:39:34 | INFO | unicore.checkpoint_utils | finished async ckp saving.
2026-06-28 20:42:26 | INFO | train_inner | epoch 001:   1056 / 2931 loss=7.328, train_loss=7.328, cross_distance_loss=1.059, distance_loss=0.552, coord_loss=5.417, RMSD=5.416, prmsd_loss=2.995, ups=0.01, bsz=8, num_updates=1050, lr=1.79181e-05, gnorm=4.545, clip=100, loss_scale=2, train_wall=173.82, gb_free=32.1, wall=12697
2026-06-28 20:45:15 | INFO | train_inner | epoch 001:   1106 / 2931 loss=7.347, train_loss=7.347, cross_distance_loss=1.054, distance_loss=0.477, coord_loss=5.519, RMSD=5.518, prmsd_loss=2.975, ups=0.3, bsz=8, num_updates=1100, lr=1.87713e-05, gnorm=5.125, clip=98, loss_scale=2, train_wall=169.23, gb_free=31.8, wall=12866
2026-06-28 20:48:17 | INFO | train_inner | epoch 001:   1156 / 2931 loss=7.324, train_loss=7.324, cross_distance_loss=1.065, distance_loss=0.571, coord_loss=5.387, RMSD=5.386, prmsd_loss=3.012, ups=0.28, bsz=8, num_updates=1150, lr=1.96246e-05, gnorm=7.198, clip=100, loss_scale=2, train_wall=181.67, gb_free=26.9, wall=13048
2026-06-28 20:51:01 | INFO | train_inner | epoch 001:   1206 / 2931 loss=7.406, train_loss=7.406, cross_distance_loss=1.066, distance_loss=0.599, coord_loss=5.449, RMSD=5.449, prmsd_loss=2.915, ups=0.3, bsz=8, num_updates=1200, lr=2.04778e-05, gnorm=9.363, clip=98, loss_scale=2, train_wall=163.98, gb_free=32.2, wall=13212
2026-06-28 20:53:47 | INFO | train_inner | epoch 001:   1256 / 2931 loss=7.134, train_loss=7.134, cross_distance_loss=1.04, distance_loss=0.522, coord_loss=5.277, RMSD=5.276, prmsd_loss=2.953, ups=0.3, bsz=8, num_updates=1250, lr=2.13311e-05, gnorm=9.781, clip=100, loss_scale=2, train_wall=166.52, gb_free=32.1, wall=13378
2026-06-28 20:56:42 | INFO | train_inner | epoch 001:   1306 / 2931 loss=7.265, train_loss=7.265, cross_distance_loss=1.039, distance_loss=0.558, coord_loss=5.371, RMSD=5.37, prmsd_loss=2.959, ups=0.29, bsz=8, num_updates=1300, lr=2.21843e-05, gnorm=7.656, clip=98, loss_scale=2, train_wall=174.21, gb_free=32.5, wall=13553
2026-06-28 20:59:23 | INFO | train_inner | epoch 001:   1356 / 2931 loss=7.074, train_loss=7.074, cross_distance_loss=1.022, distance_loss=0.489, coord_loss=5.262, RMSD=5.26, prmsd_loss=3.016, ups=0.31, bsz=8, num_updates=1350, lr=2.30375e-05, gnorm=9.147, clip=100, loss_scale=2, train_wall=160.9, gb_free=32.2, wall=13714
2026-06-28 21:02:07 | INFO | train_inner | epoch 001:   1406 / 2931 loss=7.114, train_loss=7.114, cross_distance_loss=1.026, distance_loss=0.507, coord_loss=5.282, RMSD=5.281, prmsd_loss=2.999, ups=0.3, bsz=8, num_updates=1400, lr=2.38908e-05, gnorm=6.966, clip=100, loss_scale=2, train_wall=164.35, gb_free=32.8, wall=13878
2026-06-28 21:04:56 | INFO | train_inner | epoch 001:   1456 / 2931 loss=7.513, train_loss=7.513, cross_distance_loss=1.021, distance_loss=0.547, coord_loss=5.652, RMSD=5.651, prmsd_loss=2.922, ups=0.3, bsz=8, num_updates=1450, lr=2.4744e-05, gnorm=11.889, clip=100, loss_scale=2, train_wall=168.86, gb_free=33.1, wall=14047
2026-06-28 21:07:30 | INFO | train_inner | epoch 001:   1506 / 2931 loss=7.06, train_loss=7.06, cross_distance_loss=1.008, distance_loss=0.518, coord_loss=5.235, RMSD=5.234, prmsd_loss=2.991, ups=0.33, bsz=8, num_updates=1500, lr=2.55973e-05, gnorm=11.553, clip=100, loss_scale=2, train_wall=153.65, gb_free=32.1, wall=14201
2026-06-28 21:07:30 | INFO | unicore_cli.train | begin validation on "valid" subset
2026-06-28 21:07:30 | INFO | unicore.tasks.unicore_task | get EpochBatchIterator for epoch 1
2026-06-28 23:30:10 | INFO | valid | epoch 001 | valid on 'valid' subset | loss 6.702 | valid_loss 6.702 | cross_distance_loss 0.998 | distance_loss 0.38 | coord_loss 5.021 | RMSD 5.02 | prmsd_loss 3.03 | bsz 26010 | num_updates 1500 | best_loss 6.702
2026-06-28 23:30:10 | INFO | unicore.checkpoint_utils | Preparing to save checkpoint for epoch 1 @ 1500 updates
2026-06-28 23:30:10 | INFO | unicore.trainer | Saving checkpoint to ./checkpoint_1_1500.pt
2026-06-28 23:30:14 | INFO | unicore.trainer | Finished saving checkpoint to ./checkpoint_1_1500.pt
2026-06-28 23:30:15 | INFO | unicore.checkpoint_utils | Saved checkpoint ./checkpoint_1_1500.pt (epoch 1 @ 1500 updates, score 6.702) (writing took 4.170947439968586 seconds)
2026-06-28 23:30:15 | INFO | unicore.checkpoint_utils | copy ./checkpoint_1_1500.pt to /home/bdldt_team007/DLDockingBenchSeminar/run3/checkpoints/checkpoint_1_1500.pt
2026-06-28 23:30:19 | INFO | unicore.checkpoint_utils | copy ./checkpoint_1_1500.pt to /home/bdldt_team007/DLDockingBenchSeminar/run3/checkpoints/checkpoint_best.pt
2026-06-28 23:30:22 | INFO | unicore.checkpoint_utils | copy ./checkpoint_1_1500.pt to /home/bdldt_team007/DLDockingBenchSeminar/run3/checkpoints/checkpoint_last.pt
2026-06-28 23:30:25 | INFO | unicore.checkpoint_utils | removing temp file ./checkpoint_1_1500.pt ...
2026-06-28 23:30:25 | INFO | unicore.checkpoint_utils | finished async ckp saving.
2026-06-28 23:33:07 | INFO | train_inner | epoch 001:   1556 / 2931 loss=7.163, train_loss=7.163, cross_distance_loss=1.023, distance_loss=0.518, coord_loss=5.325, RMSD=5.324, prmsd_loss=2.962, ups=0.01, bsz=8, num_updates=1550, lr=2.64505e-05, gnorm=10.107, clip=100, loss_scale=2, train_wall=172.05, gb_free=30.4, wall=22938
2026-06-28 23:35:42 | INFO | train_inner | epoch 001:   1606 / 2931 loss=7.092, train_loss=7.092, cross_distance_loss=1.007, distance_loss=0.524, coord_loss=5.259, RMSD=5.258, prmsd_loss=3.017, ups=0.32, bsz=8, num_updates=1600, lr=2.73038e-05, gnorm=9.996, clip=100, loss_scale=2, train_wall=155.41, gb_free=33.1, wall=23093
2026-06-28 23:38:17 | INFO | train_inner | epoch 001:   1656 / 2931 loss=6.889, train_loss=6.889, cross_distance_loss=0.997, distance_loss=0.525, coord_loss=5.066, RMSD=5.065, prmsd_loss=3.013, ups=0.32, bsz=8, num_updates=1650, lr=2.8157e-05, gnorm=6.674, clip=100, loss_scale=2, train_wall=154.83, gb_free=32.8, wall=23248
2026-06-28 23:40:54 | INFO | train_inner | epoch 001:   1706 / 2931 loss=7.063, train_loss=7.063, cross_distance_loss=0.99, distance_loss=0.553, coord_loss=5.227, RMSD=5.226, prmsd_loss=2.936, ups=0.32, bsz=8, num_updates=1700, lr=2.90102e-05, gnorm=6.223, clip=100, loss_scale=2, train_wall=156.78, gb_free=31.1, wall=23405
2026-06-28 23:43:36 | INFO | train_inner | epoch 001:   1756 / 2931 loss=6.788, train_loss=6.788, cross_distance_loss=0.982, distance_loss=0.481, coord_loss=5.032, RMSD=5.031, prmsd_loss=2.926, ups=0.31, bsz=8, num_updates=1750, lr=2.98635e-05, gnorm=9.872, clip=100, loss_scale=2, train_wall=161.51, gb_free=29.9, wall=23567
2026-06-28 23:46:05 | INFO | train_inner | epoch 001:   1806 / 2931 loss=6.761, train_loss=6.761, cross_distance_loss=0.98, distance_loss=0.46, coord_loss=5.021, RMSD=5.02, prmsd_loss=2.999, ups=0.33, bsz=8, num_updates=1800, lr=2.99543e-05, gnorm=8.373, clip=100, loss_scale=2, train_wall=149.54, gb_free=32.5, wall=23716
2026-06-28 23:48:35 | INFO | train_inner | epoch 001:   1856 / 2931 loss=6.793, train_loss=6.793, cross_distance_loss=0.976, distance_loss=0.531, coord_loss=4.99, RMSD=4.989, prmsd_loss=2.957, ups=0.33, bsz=8, num_updates=1850, lr=2.98998e-05, gnorm=7.445, clip=100, loss_scale=2, train_wall=149.79, gb_free=31.2, wall=23866
2026-06-28 23:51:01 | INFO | train_inner | epoch 001:   1906 / 2931 loss=6.863, train_loss=6.863, cross_distance_loss=0.961, distance_loss=0.481, coord_loss=5.121, RMSD=5.12, prmsd_loss=3.01, ups=0.34, bsz=8, num_updates=1900, lr=2.98454e-05, gnorm=5.439, clip=100, loss_scale=2, train_wall=145.79, gb_free=32.2, wall=24012
2026-06-28 23:53:28 | INFO | train_inner | epoch 001:   1956 / 2931 loss=6.862, train_loss=6.862, cross_distance_loss=0.962, distance_loss=0.52, coord_loss=5.084, RMSD=5.082, prmsd_loss=2.956, ups=0.34, bsz=8, num_updates=1950, lr=2.97909e-05, gnorm=14.439, clip=100, loss_scale=2, train_wall=146.88, gb_free=33.9, wall=24159
2026-06-28 23:55:56 | INFO | train_inner | epoch 001:   2006 / 2931 loss=6.838, train_loss=6.838, cross_distance_loss=0.954, distance_loss=0.454, coord_loss=5.133, RMSD=5.132, prmsd_loss=2.967, ups=0.34, bsz=8, num_updates=2000, lr=2.97365e-05, gnorm=7.111, clip=100, loss_scale=2, train_wall=147.59, gb_free=33.6, wall=24307
2026-06-28 23:55:56 | INFO | unicore_cli.train | begin validation on "valid" subset
2026-06-28 23:55:56 | INFO | unicore.tasks.unicore_task | get EpochBatchIterator for epoch 1
2026-06-29 01:38:03 | INFO | valid | epoch 001 | valid on 'valid' subset | loss 6.417 | valid_loss 6.417 | cross_distance_loss 0.965 | distance_loss 0.376 | coord_loss 4.772 | RMSD 4.772 | prmsd_loss 3.039 | bsz 26010 | num_updates 2000 | best_loss 6.417
2026-06-29 01:38:03 | INFO | unicore.checkpoint_utils | Preparing to save checkpoint for epoch 1 @ 2000 updates
2026-06-29 01:38:03 | INFO | unicore.trainer | Saving checkpoint to ./checkpoint_1_2000.pt
2026-06-29 01:38:07 | INFO | unicore.trainer | Finished saving checkpoint to ./checkpoint_1_2000.pt
2026-06-29 01:38:08 | INFO | unicore.checkpoint_utils | Saved checkpoint ./checkpoint_1_2000.pt (epoch 1 @ 2000 updates, score 6.417) (writing took 4.228897275403142 seconds)
2026-06-29 01:38:08 | INFO | unicore.checkpoint_utils | copy ./checkpoint_1_2000.pt to /home/bdldt_team007/DLDockingBenchSeminar/run3/checkpoints/checkpoint_1_2000.pt
2026-06-29 01:38:12 | INFO | unicore.checkpoint_utils | copy ./checkpoint_1_2000.pt to /home/bdldt_team007/DLDockingBenchSeminar/run3/checkpoints/checkpoint_best.pt
2026-06-29 01:38:14 | INFO | unicore.checkpoint_utils | copy ./checkpoint_1_2000.pt to /home/bdldt_team007/DLDockingBenchSeminar/run3/checkpoints/checkpoint_last.pt
2026-06-29 01:38:17 | INFO | unicore.checkpoint_utils | removing temp file ./checkpoint_1_2000.pt ...
2026-06-29 01:38:17 | INFO | unicore.checkpoint_utils | finished async ckp saving.
2026-06-29 01:40:25 | INFO | train_inner | epoch 001:   2056 / 2931 loss=6.592, train_loss=6.592, cross_distance_loss=0.942, distance_loss=0.413, coord_loss=4.938, RMSD=4.937, prmsd_loss=2.992, ups=0.01, bsz=8, num_updates=2050, lr=2.96821e-05, gnorm=6.46, clip=100, loss_scale=2, train_wall=137.53, gb_free=33.4, wall=30576
2026-06-29 01:42:50 | INFO | train_inner | epoch 001:   2106 / 2931 loss=6.88, train_loss=6.88, cross_distance_loss=0.975, distance_loss=0.525, coord_loss=5.087, RMSD=5.085, prmsd_loss=2.93, ups=0.35, bsz=8, num_updates=2100, lr=2.96276e-05, gnorm=7.612, clip=100, loss_scale=2, train_wall=144.75, gb_free=32.2, wall=30721
2026-06-29 01:45:29 | INFO | train_inner | epoch 001:   2156 / 2931 loss=6.471, train_loss=6.471, cross_distance_loss=0.961, distance_loss=0.412, coord_loss=4.797, RMSD=4.795, prmsd_loss=3.015, ups=0.31, bsz=8, num_updates=2150, lr=2.95732e-05, gnorm=8.64, clip=100, loss_scale=2, train_wall=158.65, gb_free=32.5, wall=30880
2026-06-29 01:47:45 | INFO | train_inner | epoch 001:   2206 / 2931 loss=6.694, train_loss=6.694, cross_distance_loss=0.952, distance_loss=0.503, coord_loss=4.945, RMSD=4.944, prmsd_loss=2.954, ups=0.37, bsz=8, num_updates=2200, lr=2.95187e-05, gnorm=6.702, clip=100, loss_scale=2, train_wall=135.96, gb_free=33.9, wall=31016
2026-06-29 01:50:04 | INFO | train_inner | epoch 001:   2256 / 2931 loss=6.718, train_loss=6.718, cross_distance_loss=0.936, distance_loss=0.491, coord_loss=4.994, RMSD=4.993, prmsd_loss=2.967, ups=0.36, bsz=8, num_updates=2250, lr=2.94643e-05, gnorm=6.878, clip=100, loss_scale=2, train_wall=138.75, gb_free=31.8, wall=31155
2026-06-29 01:52:24 | INFO | train_inner | epoch 001:   2306 / 2931 loss=6.647, train_loss=6.647, cross_distance_loss=0.926, distance_loss=0.456, coord_loss=4.972, RMSD=4.971, prmsd_loss=2.931, ups=0.36, bsz=8, num_updates=2300, lr=2.94098e-05, gnorm=7.687, clip=100, loss_scale=2, train_wall=139.92, gb_free=32.5, wall=31295
2026-06-29 01:54:47 | INFO | train_inner | epoch 001:   2356 / 2931 loss=6.756, train_loss=6.756, cross_distance_loss=0.923, distance_loss=0.482, coord_loss=5.058, RMSD=5.057, prmsd_loss=2.927, ups=0.35, bsz=8, num_updates=2350, lr=2.93554e-05, gnorm=6.058, clip=100, loss_scale=2, train_wall=143.34, gb_free=32.5, wall=31438
2026-06-29 01:57:14 | INFO | train_inner | epoch 001:   2406 / 2931 loss=6.645, train_loss=6.645, cross_distance_loss=0.92, distance_loss=0.439, coord_loss=4.995, RMSD=4.993, prmsd_loss=2.917, ups=0.34, bsz=8, num_updates=2400, lr=2.9301e-05, gnorm=23.824, clip=100, loss_scale=2, train_wall=146.21, gb_free=31.8, wall=31585
2026-06-29 01:59:42 | INFO | train_inner | epoch 001:   2456 / 2931 loss=6.625, train_loss=6.625, cross_distance_loss=0.92, distance_loss=0.436, coord_loss=4.973, RMSD=4.972, prmsd_loss=2.956, ups=0.34, bsz=8, num_updates=2450, lr=2.92465e-05, gnorm=14.168, clip=100, loss_scale=2, train_wall=148.07, gb_free=30.8, wall=31733
2026-06-29 02:01:57 | INFO | train_inner | epoch 001:   2506 / 2931 loss=6.35, train_loss=6.35, cross_distance_loss=0.915, distance_loss=0.39, coord_loss=4.75, RMSD=4.749, prmsd_loss=2.947, ups=0.37, bsz=8, num_updates=2500, lr=2.91921e-05, gnorm=11.242, clip=100, loss_scale=2, train_wall=135.1, gb_free=31.1, wall=31868
2026-06-29 02:01:57 | INFO | unicore_cli.train | begin validation on "valid" subset
2026-06-29 02:01:57 | INFO | unicore.tasks.unicore_task | get EpochBatchIterator for epoch 1
2026-06-29 03:41:59 | INFO | valid | epoch 001 | valid on 'valid' subset | loss 6.299 | valid_loss 6.299 | cross_distance_loss 0.913 | distance_loss 0.329 | coord_loss 4.753 | RMSD 4.753 | prmsd_loss 3.033 | bsz 26010 | num_updates 2500 | best_loss 6.299
2026-06-29 03:41:59 | INFO | unicore.checkpoint_utils | Preparing to save checkpoint for epoch 1 @ 2500 updates
2026-06-29 03:41:59 | INFO | unicore.trainer | Saving checkpoint to ./checkpoint_1_2500.pt
2026-06-29 03:42:03 | INFO | unicore.trainer | Finished saving checkpoint to ./checkpoint_1_2500.pt
2026-06-29 03:42:04 | INFO | unicore.checkpoint_utils | Saved checkpoint ./checkpoint_1_2500.pt (epoch 1 @ 2500 updates, score 6.299) (writing took 4.26215959712863 seconds)
2026-06-29 03:42:04 | INFO | unicore.checkpoint_utils | copy ./checkpoint_1_2500.pt to /home/bdldt_team007/DLDockingBenchSeminar/run3/checkpoints/checkpoint_1_2500.pt
2026-06-29 03:42:08 | INFO | unicore.checkpoint_utils | copy ./checkpoint_1_2500.pt to /home/bdldt_team007/DLDockingBenchSeminar/run3/checkpoints/checkpoint_best.pt
2026-06-29 03:42:11 | INFO | unicore.checkpoint_utils | copy ./checkpoint_1_2500.pt to /home/bdldt_team007/DLDockingBenchSeminar/run3/checkpoints/checkpoint_last.pt
2026-06-29 03:42:13 | INFO | unicore.checkpoint_utils | removing temp file ./checkpoint_1_2500.pt ...
2026-06-29 03:42:14 | INFO | unicore.checkpoint_utils | finished async ckp saving.
2026-06-29 03:44:30 | INFO | train_inner | epoch 001:   2556 / 2931 loss=6.682, train_loss=6.682, cross_distance_loss=0.926, distance_loss=0.457, coord_loss=5.003, RMSD=5.002, prmsd_loss=2.95, ups=0.01, bsz=8, num_updates=2550, lr=2.91376e-05, gnorm=10.554, clip=100, loss_scale=2, train_wall=146.23, gb_free=29, wall=38021
2026-06-29 03:46:32 | INFO | train_inner | epoch 001:   2606 / 2931 loss=6.613, train_loss=6.613, cross_distance_loss=0.919, distance_loss=0.498, coord_loss=4.903, RMSD=4.902, prmsd_loss=2.924, ups=0.41, bsz=8, num_updates=2600, lr=2.90832e-05, gnorm=8.705, clip=100, loss_scale=2, train_wall=122.28, gb_free=32.5, wall=38143
2026-06-29 03:48:56 | INFO | train_inner | epoch 001:   2656 / 2931 loss=6.577, train_loss=6.577, cross_distance_loss=0.908, distance_loss=0.519, coord_loss=4.858, RMSD=4.857, prmsd_loss=2.917, ups=0.35, bsz=8, num_updates=2650, lr=2.90287e-05, gnorm=7.054, clip=100, loss_scale=2, train_wall=143.5, gb_free=31.8, wall=38287
2026-06-29 03:51:10 | INFO | train_inner | epoch 001:   2706 / 2931 loss=6.456, train_loss=6.456, cross_distance_loss=0.898, distance_loss=0.505, coord_loss=4.757, RMSD=4.756, prmsd_loss=2.955, ups=0.37, bsz=8, num_updates=2700, lr=2.89743e-05, gnorm=9.8, clip=100, loss_scale=2, train_wall=134.17, gb_free=29.2, wall=38421
2026-06-29 03:53:34 | INFO | train_inner | epoch 001:   2756 / 2931 loss=6.759, train_loss=6.759, cross_distance_loss=0.928, distance_loss=0.536, coord_loss=5.004, RMSD=5.003, prmsd_loss=2.914, ups=0.35, bsz=8, num_updates=2750, lr=2.89199e-05, gnorm=10.88, clip=100, loss_scale=2, train_wall=144.08, gb_free=31.4, wall=38565
2026-06-29 03:55:52 | INFO | train_inner | epoch 001:   2806 / 2931 loss=6.521, train_loss=6.521, cross_distance_loss=0.887, distance_loss=0.433, coord_loss=4.902, RMSD=4.902, prmsd_loss=2.986, ups=0.36, bsz=8, num_updates=2800, lr=2.88654e-05, gnorm=15.018, clip=100, loss_scale=2, train_wall=137.15, gb_free=34.5, wall=38703
2026-06-29 03:58:16 | INFO | train_inner | epoch 001:   2856 / 2931 loss=6.729, train_loss=6.729, cross_distance_loss=0.891, distance_loss=0.448, coord_loss=5.098, RMSD=5.097, prmsd_loss=2.919, ups=0.35, bsz=8, num_updates=2850, lr=2.8811e-05, gnorm=23.844, clip=100, loss_scale=2, train_wall=144, gb_free=32.8, wall=38847
2026-06-29 04:00:31 | INFO | train_inner | epoch 001:   2906 / 2931 loss=6.536, train_loss=6.536, cross_distance_loss=0.899, distance_loss=0.487, coord_loss=4.858, RMSD=4.856, prmsd_loss=2.928, ups=0.37, bsz=8, num_updates=2900, lr=2.87565e-05, gnorm=11.651, clip=100, loss_scale=2, train_wall=134.68, gb_free=32.2, wall=38982
2026-06-29 04:01:42 | INFO | unicore_cli.train | begin validation on "valid" subset
2026-06-29 04:01:42 | INFO | unicore.tasks.unicore_task | get EpochBatchIterator for epoch 1
2026-06-29 05:34:39 | INFO | valid | epoch 001 | valid on 'valid' subset | loss 6.215 | valid_loss 6.215 | cross_distance_loss 0.872 | distance_loss 0.317 | coord_loss 4.727 | RMSD 4.726 | prmsd_loss 2.988 | bsz 26010 | num_updates 2925 | best_loss 6.215
2026-06-29 05:34:39 | INFO | unicore.checkpoint_utils | Preparing to save checkpoint for epoch 1 @ 2925 updates
2026-06-29 05:34:39 | INFO | unicore.trainer | Saving checkpoint to ./checkpoint1.pt
2026-06-29 05:34:43 | INFO | unicore.trainer | Finished saving checkpoint to ./checkpoint1.pt
2026-06-29 05:34:43 | INFO | unicore.checkpoint_utils | Saved checkpoint ./checkpoint1.pt (epoch 1 @ 2925 updates, score 6.215) (writing took 4.152941992506385 seconds)
2026-06-29 05:34:43 | INFO | unicore_cli.train | end of epoch 1 (average epoch stats below)
2026-06-29 05:34:43 | INFO | unicore.checkpoint_utils | copy ./checkpoint1.pt to /home/bdldt_team007/DLDockingBenchSeminar/run3/checkpoints/checkpoint1.pt
2026-06-29 05:34:43 | INFO | train | epoch 001 | loss 7.853 | train_loss 7.853 | cross_distance_loss 1.771 | distance_loss 0.778 | coord_loss 4.998 | RMSD 4.996 | prmsd_loss 3.067 | ups 0.07 | bsz 8 | num_updates 2925 | lr 2.87293e-05 | gnorm 15.693 | clip 98.4 | loss_scale 2 | train_wall 7470.28 | gb_free 33.4 | wall 44634
2026-06-29 05:34:43 | INFO | unicore.tasks.unicore_task | get EpochBatchIterator for epoch 2
2026-06-29 05:34:43 | INFO | unicore.trainer | begin training epoch 2
2026-06-29 05:34:43 | INFO | unicore_cli.train | Start iterating over samples
2026-06-29 05:34:48 | INFO | unicore.checkpoint_utils | copy ./checkpoint1.pt to /home/bdldt_team007/DLDockingBenchSeminar/run3/checkpoints/checkpoint_best.pt
2026-06-29 05:34:51 | INFO | unicore.checkpoint_utils | copy ./checkpoint1.pt to /home/bdldt_team007/DLDockingBenchSeminar/run3/checkpoints/checkpoint_last.pt
2026-06-29 05:35:00 | INFO | unicore.checkpoint_utils | removing temp file ./checkpoint1.pt ...
2026-06-29 05:35:00 | INFO | unicore.checkpoint_utils | finished async ckp saving.
2026-06-29 05:35:55 | INFO | train_inner | epoch 002:     25 / 2931 loss=6.594, train_loss=6.594, cross_distance_loss=0.894, distance_loss=0.424, coord_loss=4.981, RMSD=4.979, prmsd_loss=2.949, ups=0.01, bsz=8, num_updates=2950, lr=2.87021e-05, gnorm=25.788, clip=100, loss_scale=2, train_wall=143.43, gb_free=25.8, wall=44706
2026-06-29 05:38:03 | INFO | train_inner | epoch 002:     75 / 2931 loss=6.267, train_loss=6.267, cross_distance_loss=0.88, distance_loss=0.473, coord_loss=4.618, RMSD=4.618, prmsd_loss=2.967, ups=0.39, bsz=8, num_updates=3000, lr=2.86476e-05, gnorm=11.879, clip=100, loss_scale=2, train_wall=127.96, gb_free=31.8, wall=44834
2026-06-29 05:38:03 | INFO | unicore_cli.train | begin validation on "valid" subset
2026-06-29 05:38:03 | INFO | unicore.tasks.unicore_task | get EpochBatchIterator for epoch 1
2026-06-29 07:02:53 | INFO | valid | epoch 002 | valid on 'valid' subset | loss 6.045 | valid_loss 6.045 | cross_distance_loss 0.88 | distance_loss 0.302 | coord_loss 4.563 | RMSD 4.56 | prmsd_loss 2.988 | bsz 26010 | num_updates 3000 | best_loss 6.045
2026-06-29 07:02:53 | INFO | unicore.checkpoint_utils | Preparing to save checkpoint for epoch 2 @ 3000 updates
2026-06-29 07:02:53 | INFO | unicore.trainer | Saving checkpoint to ./checkpoint_2_3000.pt
2026-06-29 07:02:57 | INFO | unicore.trainer | Finished saving checkpoint to ./checkpoint_2_3000.pt
2026-06-29 07:02:57 | INFO | unicore.checkpoint_utils | Saved checkpoint ./checkpoint_2_3000.pt (epoch 2 @ 3000 updates, score 6.045) (writing took 4.376939045265317 seconds)
2026-06-29 07:02:57 | INFO | unicore.checkpoint_utils | copy ./checkpoint_2_3000.pt to /home/bdldt_team007/DLDockingBenchSeminar/run3/checkpoints/checkpoint_2_3000.pt
2026-06-29 07:03:02 | INFO | unicore.checkpoint_utils | copy ./checkpoint_2_3000.pt to /home/bdldt_team007/DLDockingBenchSeminar/run3/checkpoints/checkpoint_best.pt
2026-06-29 07:03:04 | INFO | unicore.checkpoint_utils | copy ./checkpoint_2_3000.pt to /home/bdldt_team007/DLDockingBenchSeminar/run3/checkpoints/checkpoint_last.pt
2026-06-29 07:03:07 | INFO | unicore.checkpoint_utils | removing temp file ./checkpoint_2_3000.pt ...
2026-06-29 07:03:07 | INFO | unicore.checkpoint_utils | finished async ckp saving.
2026-06-29 07:05:18 | INFO | train_inner | epoch 002:    125 / 2931 loss=6.383, train_loss=6.383, cross_distance_loss=0.876, distance_loss=0.435, coord_loss=4.78, RMSD=4.779, prmsd_loss=2.928, ups=0.01, bsz=8, num_updates=3050, lr=2.85932e-05, gnorm=11.742, clip=100, loss_scale=2, train_wall=140.56, gb_free=33.9, wall=50069
2026-06-29 07:07:32 | INFO | train_inner | epoch 002:    175 / 2931 loss=6.301, train_loss=6.301, cross_distance_loss=0.886, distance_loss=0.431, coord_loss=4.69, RMSD=4.689, prmsd_loss=2.938, ups=0.37, bsz=8, num_updates=3100, lr=2.85388e-05, gnorm=11.92, clip=100, loss_scale=2, train_wall=134.18, gb_free=32.2, wall=50203
2026-06-29 07:09:45 | INFO | train_inner | epoch 002:    225 / 2931 loss=6.458, train_loss=6.458, cross_distance_loss=0.881, distance_loss=0.449, coord_loss=4.837, RMSD=4.836, prmsd_loss=2.914, ups=0.38, bsz=8, num_updates=3150, lr=2.84843e-05, gnorm=11.533, clip=100, loss_scale=2, train_wall=132.4, gb_free=33.9, wall=50336
2026-06-29 07:11:57 | INFO | train_inner | epoch 002:    275 / 2931 loss=6.326, train_loss=6.326, cross_distance_loss=0.87, distance_loss=0.421, coord_loss=4.741, RMSD=4.738, prmsd_loss=2.944, ups=0.38, bsz=8, num_updates=3200, lr=2.84299e-05, gnorm=16.962, clip=100, loss_scale=2, train_wall=132.14, gb_free=32.1, wall=50468
2026-06-29 07:14:22 | INFO | train_inner | epoch 002:    325 / 2931 loss=6.447, train_loss=6.447, cross_distance_loss=0.888, distance_loss=0.474, coord_loss=4.79, RMSD=4.789, prmsd_loss=2.947, ups=0.35, bsz=8, num_updates=3250, lr=2.83754e-05, gnorm=31.224, clip=100, loss_scale=2, train_wall=144.53, gb_free=32.5, wall=50613
2026-06-29 07:16:25 | INFO | train_inner | epoch 002:    375 / 2931 loss=6.163, train_loss=6.163, cross_distance_loss=0.852, distance_loss=0.392, coord_loss=4.623, RMSD=4.622, prmsd_loss=2.954, ups=0.4, bsz=8, num_updates=3300, lr=2.8321e-05, gnorm=22.501, clip=100, loss_scale=2, train_wall=123.41, gb_free=31.4, wall=50736
2026-06-29 07:18:24 | INFO | train_inner | epoch 002:    425 / 2931 loss=6.146, train_loss=6.146, cross_distance_loss=0.858, distance_loss=0.426, coord_loss=4.568, RMSD=4.567, prmsd_loss=2.929, ups=0.42, bsz=8, num_updates=3350, lr=2.82666e-05, gnorm=10.716, clip=100, loss_scale=2, train_wall=118.53, gb_free=33.6, wall=50855
2026-06-29 07:20:31 | INFO | train_inner | epoch 002:    475 / 2931 loss=6.034, train_loss=6.034, cross_distance_loss=0.871, distance_loss=0.382, coord_loss=4.483, RMSD=4.482, prmsd_loss=2.973, ups=0.39, bsz=8, num_updates=3400, lr=2.82121e-05, gnorm=12.183, clip=100, loss_scale=2, train_wall=127.09, gb_free=32.4, wall=50982
2026-06-29 07:22:38 | INFO | train_inner | epoch 002:    525 / 2931 loss=6.28, train_loss=6.28, cross_distance_loss=0.862, distance_loss=0.387, coord_loss=4.739, RMSD=4.737, prmsd_loss=2.922, ups=0.39, bsz=8, num_updates=3450, lr=2.81577e-05, gnorm=15.665, clip=100, loss_scale=2, train_wall=127.1, gb_free=31.8, wall=51109
2026-06-29 07:24:50 | INFO | train_inner | epoch 002:    575 / 2931 loss=6.302, train_loss=6.302, cross_distance_loss=0.864, distance_loss=0.455, coord_loss=4.688, RMSD=4.687, prmsd_loss=2.942, ups=0.38, bsz=8, num_updates=3500, lr=2.81032e-05, gnorm=23.931, clip=100, loss_scale=2, train_wall=131.78, gb_free=33.1, wall=51241
2026-06-29 07:24:50 | INFO | unicore_cli.train | begin validation on "valid" subset
2026-06-29 07:24:50 | INFO | unicore.tasks.unicore_task | get EpochBatchIterator for epoch 1
2026-06-29 08:36:25 | INFO | valid | epoch 002 | valid on 'valid' subset | loss 5.969 | valid_loss 5.969 | cross_distance_loss 0.874 | distance_loss 0.293 | coord_loss 4.5 | RMSD 4.497 | prmsd_loss 3.019 | bsz 26010 | num_updates 3500 | best_loss 5.969
2026-06-29 08:36:25 | INFO | unicore.checkpoint_utils | Preparing to save checkpoint for epoch 2 @ 3500 updates
2026-06-29 08:36:25 | INFO | unicore.trainer | Saving checkpoint to ./checkpoint_2_3500.pt
2026-06-29 08:36:30 | INFO | unicore.trainer | Finished saving checkpoint to ./checkpoint_2_3500.pt
2026-06-29 08:36:30 | INFO | unicore.checkpoint_utils | Saved checkpoint ./checkpoint_2_3500.pt (epoch 2 @ 3500 updates, score 5.969) (writing took 4.451932780444622 seconds)
2026-06-29 08:36:30 | INFO | unicore.checkpoint_utils | copy ./checkpoint_2_3500.pt to /home/bdldt_team007/DLDockingBenchSeminar/run3/checkpoints/checkpoint_2_3500.pt
2026-06-29 08:36:34 | INFO | unicore.checkpoint_utils | copy ./checkpoint_2_3500.pt to /home/bdldt_team007/DLDockingBenchSeminar/run3/checkpoints/checkpoint_best.pt
2026-06-29 08:36:43 | INFO | unicore.checkpoint_utils | copy ./checkpoint_2_3500.pt to /home/bdldt_team007/DLDockingBenchSeminar/run3/checkpoints/checkpoint_last.pt
2026-06-29 08:36:46 | INFO | unicore.checkpoint_utils | removing temp file ./checkpoint_2_3500.pt ...
2026-06-29 08:36:46 | INFO | unicore.checkpoint_utils | finished async ckp saving.
2026-06-29 08:38:38 | INFO | train_inner | epoch 002:    625 / 2931 loss=6.017, train_loss=6.017, cross_distance_loss=0.861, distance_loss=0.37, coord_loss=4.492, RMSD=4.491, prmsd_loss=2.936, ups=0.01, bsz=8, num_updates=3550, lr=2.80488e-05, gnorm=13.882, clip=100, loss_scale=2, train_wall=128.28, gb_free=32.7, wall=55669
2026-06-29 08:40:35 | INFO | train_inner | epoch 002:    675 / 2931 loss=6.187, train_loss=6.187, cross_distance_loss=0.845, distance_loss=0.416, coord_loss=4.634, RMSD=4.633, prmsd_loss=2.929, ups=0.43, bsz=8, num_updates=3600, lr=2.79943e-05, gnorm=14.008, clip=100, loss_scale=2, train_wall=117.06, gb_free=33.1, wall=55787
2026-06-29 08:42:39 | INFO | train_inner | epoch 002:    725 / 2931 loss=6.232, train_loss=6.232, cross_distance_loss=0.868, distance_loss=0.423, coord_loss=4.646, RMSD=4.645, prmsd_loss=2.941, ups=0.41, bsz=8, num_updates=3650, lr=2.79399e-05, gnorm=11.813, clip=100, loss_scale=2, train_wall=122.91, gb_free=30, wall=55910
2026-06-29 08:44:54 | INFO | train_inner | epoch 002:    775 / 2931 loss=6.564, train_loss=6.564, cross_distance_loss=0.861, distance_loss=0.497, coord_loss=4.919, RMSD=4.918, prmsd_loss=2.871, ups=0.37, bsz=8, num_updates=3700, lr=2.78855e-05, gnorm=12.796, clip=100, loss_scale=2, train_wall=134.99, gb_free=30.8, wall=56045
2026-06-29 08:46:52 | INFO | train_inner | epoch 002:    825 / 2931 loss=6.274, train_loss=6.274, cross_distance_loss=0.863, distance_loss=0.492, coord_loss=4.629, RMSD=4.628, prmsd_loss=2.912, ups=0.42, bsz=8, num_updates=3750, lr=2.7831e-05, gnorm=9.925, clip=100, loss_scale=2, train_wall=118.27, gb_free=27.7, wall=56163
2026-06-29 08:48:55 | INFO | train_inner | epoch 002:    875 / 2931 loss=6.259, train_loss=6.259, cross_distance_loss=0.854, distance_loss=0.494, coord_loss=4.62, RMSD=4.619, prmsd_loss=2.915, ups=0.4, bsz=8, num_updates=3800, lr=2.77766e-05, gnorm=16.788, clip=100, loss_scale=2, train_wall=123.38, gb_free=33.4, wall=56287
2026-06-29 08:50:53 | INFO | train_inner | epoch 002:    925 / 2931 loss=6.053, train_loss=6.053, cross_distance_loss=0.853, distance_loss=0.393, coord_loss=4.51, RMSD=4.509, prmsd_loss=2.971, ups=0.43, bsz=8, num_updates=3850, lr=2.77221e-05, gnorm=13.619, clip=100, loss_scale=2, train_wall=117.29, gb_free=30.6, wall=56404
2026-06-29 08:52:58 | INFO | train_inner | epoch 002:    975 / 2931 loss=6.134, train_loss=6.134, cross_distance_loss=0.851, distance_loss=0.4, coord_loss=4.586, RMSD=4.584, prmsd_loss=2.97, ups=0.4, bsz=8, num_updates=3900, lr=2.76677e-05, gnorm=15.393, clip=100, loss_scale=2, train_wall=125.39, gb_free=33.9, wall=56529
2026-06-29 08:55:03 | INFO | train_inner | epoch 002:   1025 / 2931 loss=6.133, train_loss=6.133, cross_distance_loss=0.851, distance_loss=0.381, coord_loss=4.608, RMSD=4.607, prmsd_loss=2.927, ups=0.4, bsz=8, num_updates=3950, lr=2.76132e-05, gnorm=11.702, clip=100, loss_scale=2, train_wall=124.49, gb_free=32.8, wall=56654
2026-06-29 08:56:57 | INFO | train_inner | epoch 002:   1075 / 2931 loss=5.975, train_loss=5.975, cross_distance_loss=0.832, distance_loss=0.414, coord_loss=4.44, RMSD=4.439, prmsd_loss=2.889, ups=0.44, bsz=8, num_updates=4000, lr=2.75588e-05, gnorm=13.803, clip=100, loss_scale=2, train_wall=113.54, gb_free=28.3, wall=56768
2026-06-29 08:56:57 | INFO | unicore_cli.train | begin validation on "valid" subset
2026-06-29 08:56:57 | INFO | unicore.tasks.unicore_task | get EpochBatchIterator for epoch 1
2026-06-29 10:31:02 | INFO | valid | epoch 002 | valid on 'valid' subset | loss 6.392 | valid_loss 6.392 | cross_distance_loss 0.808 | distance_loss 0.279 | coord_loss 4.99 | RMSD 4.984 | prmsd_loss 3.153 | bsz 26010 | num_updates 4000 | best_loss 5.969
2026-06-29 10:31:02 | INFO | unicore.checkpoint_utils | Preparing to save checkpoint for epoch 2 @ 4000 updates
2026-06-29 10:31:02 | INFO | unicore.trainer | Saving checkpoint to ./checkpoint_2_4000.pt
2026-06-29 10:31:07 | INFO | unicore.trainer | Finished saving checkpoint to ./checkpoint_2_4000.pt
2026-06-29 10:31:07 | INFO | unicore.checkpoint_utils | Saved checkpoint ./checkpoint_2_4000.pt (epoch 2 @ 4000 updates, score 6.392) (writing took 4.933232536539435 seconds)
2026-06-29 10:31:07 | INFO | unicore.checkpoint_utils | copy ./checkpoint_2_4000.pt to /home/bdldt_team007/DLDockingBenchSeminar/run3/checkpoints/checkpoint_2_4000.pt
2026-06-29 10:31:12 | INFO | unicore.checkpoint_utils | copy ./checkpoint_2_4000.pt to /home/bdldt_team007/DLDockingBenchSeminar/run3/checkpoints/checkpoint_last.pt
2026-06-29 10:31:15 | INFO | unicore.checkpoint_utils | removing temp file ./checkpoint_2_4000.pt ...
2026-06-29 10:31:15 | INFO | unicore.checkpoint_utils | finished async ckp saving.
2026-06-29 10:33:10 | INFO | train_inner | epoch 002:   1125 / 2931 loss=6.105, train_loss=6.105, cross_distance_loss=0.834, distance_loss=0.399, coord_loss=4.582, RMSD=4.581, prmsd_loss=2.895, ups=0.01, bsz=8, num_updates=4050, lr=2.75044e-05, gnorm=10.016, clip=100, loss_scale=2, train_wall=122.38, gb_free=34.5, wall=62541
2026-06-29 10:34:59 | INFO | train_inner | epoch 002:   1175 / 2931 loss=5.97, train_loss=5.97, cross_distance_loss=0.819, distance_loss=0.348, coord_loss=4.508, RMSD=4.507, prmsd_loss=2.956, ups=0.46, bsz=8, num_updates=4100, lr=2.74499e-05, gnorm=12.806, clip=100, loss_scale=2, train_wall=109.02, gb_free=32.8, wall=62650
2026-06-29 10:36:41 | INFO | train_inner | epoch 002:   1225 / 2931 loss=5.996, train_loss=5.996, cross_distance_loss=0.826, distance_loss=0.388, coord_loss=4.488, RMSD=4.487, prmsd_loss=2.938, ups=0.49, bsz=8, num_updates=4150, lr=2.73955e-05, gnorm=10.065, clip=100, loss_scale=2, train_wall=102.18, gb_free=33.9, wall=62752
2026-06-29 10:38:45 | INFO | train_inner | epoch 002:   1275 / 2931 loss=6.094, train_loss=6.094, cross_distance_loss=0.839, distance_loss=0.441, coord_loss=4.521, RMSD=4.521, prmsd_loss=2.925, ups=0.4, bsz=8, num_updates=4200, lr=2.7341e-05, gnorm=10.024, clip=100, loss_scale=2, train_wall=124.26, gb_free=33.9, wall=62876
2026-06-29 10:40:47 | INFO | train_inner | epoch 002:   1325 / 2931 loss=6.014, train_loss=6.014, cross_distance_loss=0.828, distance_loss=0.422, coord_loss=4.47, RMSD=4.469, prmsd_loss=2.938, ups=0.41, bsz=8, num_updates=4250, lr=2.72866e-05, gnorm=12.999, clip=100, loss_scale=2, train_wall=121.08, gb_free=32.8, wall=62998
2026-06-29 10:42:44 | INFO | train_inner | epoch 002:   1375 / 2931 loss=5.97, train_loss=5.97, cross_distance_loss=0.824, distance_loss=0.443, coord_loss=4.411, RMSD=4.41, prmsd_loss=2.916, ups=0.43, bsz=8, num_updates=4300, lr=2.72321e-05, gnorm=19.937, clip=100, loss_scale=2, train_wall=117.43, gb_free=32.8, wall=63115
2026-06-29 10:44:37 | INFO | train_inner | epoch 002:   1425 / 2931 loss=6.026, train_loss=6.026, cross_distance_loss=0.824, distance_loss=0.375, coord_loss=4.531, RMSD=4.53, prmsd_loss=2.952, ups=0.44, bsz=8, num_updates=4350, lr=2.71777e-05, gnorm=16.363, clip=100, loss_scale=2, train_wall=112.31, gb_free=32.7, wall=63228
2026-06-29 10:46:40 | INFO | train_inner | epoch 002:   1475 / 2931 loss=5.857, train_loss=5.857, cross_distance_loss=0.821, distance_loss=0.375, coord_loss=4.363, RMSD=4.363, prmsd_loss=2.98, ups=0.41, bsz=8, num_updates=4400, lr=2.71233e-05, gnorm=19.238, clip=100, loss_scale=2, train_wall=123.22, gb_free=32.8, wall=63351
2026-06-29 10:48:36 | INFO | train_inner | epoch 002:   1525 / 2931 loss=5.762, train_loss=5.762, cross_distance_loss=0.804, distance_loss=0.389, coord_loss=4.274, RMSD=4.273, prmsd_loss=2.954, ups=0.43, bsz=8, num_updates=4450, lr=2.70688e-05, gnorm=11.816, clip=100, loss_scale=2, train_wall=116.36, gb_free=33.6, wall=63467
2026-06-29 10:50:40 | INFO | train_inner | epoch 002:   1575 / 2931 loss=5.796, train_loss=5.796, cross_distance_loss=0.815, distance_loss=0.404, coord_loss=4.282, RMSD=4.281, prmsd_loss=2.948, ups=0.4, bsz=8, num_updates=4500, lr=2.70144e-05, gnorm=11.941, clip=100, loss_scale=2, train_wall=123.92, gb_free=32.1, wall=63591
2026-06-29 10:50:40 | INFO | unicore_cli.train | begin validation on "valid" subset
2026-06-29 10:50:40 | INFO | unicore.tasks.unicore_task | get EpochBatchIterator for epoch 1
2026-06-29 12:25:00 | INFO | valid | epoch 002 | valid on 'valid' subset | loss 6.294 | valid_loss 6.294 | cross_distance_loss 0.806 | distance_loss 0.301 | coord_loss 4.874 | RMSD 4.872 | prmsd_loss 3.13 | bsz 26010 | num_updates 4500 | best_loss 5.969
2026-06-29 12:25:00 | INFO | unicore.checkpoint_utils | Preparing to save checkpoint for epoch 2 @ 4500 updates
2026-06-29 12:25:00 | INFO | unicore.trainer | Saving checkpoint to ./checkpoint_2_4500.pt
2026-06-29 12:25:04 | INFO | unicore.trainer | Finished saving checkpoint to ./checkpoint_2_4500.pt
2026-06-29 12:25:05 | INFO | unicore.checkpoint_utils | Saved checkpoint ./checkpoint_2_4500.pt (epoch 2 @ 4500 updates, score 6.294) (writing took 4.460478192195296 seconds)
2026-06-29 12:25:05 | INFO | unicore.checkpoint_utils | copy ./checkpoint_2_4500.pt to /home/bdldt_team007/DLDockingBenchSeminar/run3/checkpoints/checkpoint_2_4500.pt
2026-06-29 12:25:09 | INFO | unicore.checkpoint_utils | copy ./checkpoint_2_4500.pt to /home/bdldt_team007/DLDockingBenchSeminar/run3/checkpoints/checkpoint_last.pt
2026-06-29 12:25:12 | INFO | unicore.checkpoint_utils | removing temp file ./checkpoint_2_4500.pt ...
2026-06-29 12:25:12 | INFO | unicore.checkpoint_utils | finished async ckp saving.
2026-06-29 12:27:10 | INFO | train_inner | epoch 002:   1625 / 2931 loss=5.981, train_loss=5.981, cross_distance_loss=0.817, distance_loss=0.434, coord_loss=4.438, RMSD=4.437, prmsd_loss=2.922, ups=0.01, bsz=8, num_updates=4550, lr=2.69599e-05, gnorm=12.566, clip=100, loss_scale=2, train_wall=125.41, gb_free=33.1, wall=69381
2026-06-29 12:29:04 | INFO | train_inner | epoch 002:   1675 / 2931 loss=5.94, train_loss=5.94, cross_distance_loss=0.83, distance_loss=0.379, coord_loss=4.441, RMSD=4.44, prmsd_loss=2.901, ups=0.44, bsz=8, num_updates=4600, lr=2.69055e-05, gnorm=13.137, clip=100, loss_scale=2, train_wall=113.61, gb_free=29, wall=69495
2026-06-29 12:30:59 | INFO | train_inner | epoch 002:   1725 / 2931 loss=6.048, train_loss=6.048, cross_distance_loss=0.834, distance_loss=0.418, coord_loss=4.505, RMSD=4.503, prmsd_loss=2.915, ups=0.43, bsz=8, num_updates=4650, lr=2.6851e-05, gnorm=18.667, clip=100, loss_scale=2, train_wall=115.35, gb_free=31.8, wall=69610
2026-06-29 12:32:53 | INFO | train_inner | epoch 002:   1775 / 2931 loss=5.795, train_loss=5.795, cross_distance_loss=0.803, distance_loss=0.37, coord_loss=4.326, RMSD=4.324, prmsd_loss=2.97, ups=0.44, bsz=8, num_updates=4700, lr=2.67966e-05, gnorm=15.502, clip=100, loss_scale=2, train_wall=113.99, gb_free=32.8, wall=69724
2026-06-29 12:34:53 | INFO | train_inner | epoch 002:   1825 / 2931 loss=5.811, train_loss=5.811, cross_distance_loss=0.796, distance_loss=0.401, coord_loss=4.328, RMSD=4.326, prmsd_loss=2.868, ups=0.42, bsz=8, num_updates=4750, lr=2.67422e-05, gnorm=13.064, clip=100, loss_scale=2, train_wall=119.69, gb_free=34.2, wall=69844
2026-06-29 12:36:35 | INFO | train_inner | epoch 002:   1875 / 2931 loss=6.062, train_loss=6.062, cross_distance_loss=0.816, distance_loss=0.446, coord_loss=4.512, RMSD=4.511, prmsd_loss=2.884, ups=0.49, bsz=8, num_updates=4800, lr=2.66877e-05, gnorm=9.532, clip=100, loss_scale=2, train_wall=101.94, gb_free=28.2, wall=69946
2026-06-29 12:38:34 | INFO | train_inner | epoch 002:   1925 / 2931 loss=5.877, train_loss=5.877, cross_distance_loss=0.81, distance_loss=0.422, coord_loss=4.356, RMSD=4.354, prmsd_loss=2.898, ups=0.42, bsz=8, num_updates=4850, lr=2.66333e-05, gnorm=17.17, clip=100, loss_scale=2, train_wall=118.4, gb_free=31.9, wall=70065
2026-06-29 12:40:23 | INFO | train_inner | epoch 002:   1975 / 2931 loss=5.875, train_loss=5.875, cross_distance_loss=0.797, distance_loss=0.421, coord_loss=4.365, RMSD=4.364, prmsd_loss=2.925, ups=0.46, bsz=8, num_updates=4900, lr=2.65788e-05, gnorm=16.548, clip=100, loss_scale=2, train_wall=108.78, gb_free=33.7, wall=70174
2026-06-29 12:42:20 | INFO | train_inner | epoch 002:   2025 / 2931 loss=5.737, train_loss=5.737, cross_distance_loss=0.806, distance_loss=0.381, coord_loss=4.258, RMSD=4.257, prmsd_loss=2.909, ups=0.43, bsz=8, num_updates=4950, lr=2.65244e-05, gnorm=13.742, clip=100, loss_scale=2, train_wall=117.33, gb_free=33.1, wall=70291
2026-06-29 12:44:25 | INFO | train_inner | epoch 002:   2075 / 2931 loss=5.9, train_loss=5.9, cross_distance_loss=0.812, distance_loss=0.402, coord_loss=4.394, RMSD=4.393, prmsd_loss=2.928, ups=0.4, bsz=8, num_updates=5000, lr=2.64699e-05, gnorm=14.73, clip=100, loss_scale=2, train_wall=124.86, gb_free=31.8, wall=70416
2026-06-29 12:44:25 | INFO | unicore_cli.train | begin validation on "valid" subset
2026-06-29 12:44:25 | INFO | unicore.tasks.unicore_task | get EpochBatchIterator for epoch 1
2026-06-29 14:26:06 | INFO | valid | epoch 002 | valid on 'valid' subset | loss 5.993 | valid_loss 5.993 | cross_distance_loss 0.766 | distance_loss 0.27 | coord_loss 4.648 | RMSD 4.645 | prmsd_loss 3.094 | bsz 26010 | num_updates 5000 | best_loss 5.969
2026-06-29 14:26:06 | INFO | unicore.checkpoint_utils | Preparing to save checkpoint for epoch 2 @ 5000 updates
2026-06-29 14:26:06 | INFO | unicore.trainer | Saving checkpoint to ./checkpoint_2_5000.pt
2026-06-29 14:26:11 | INFO | unicore.trainer | Finished saving checkpoint to ./checkpoint_2_5000.pt
2026-06-29 14:26:11 | INFO | unicore.checkpoint_utils | Saved checkpoint ./checkpoint_2_5000.pt (epoch 2 @ 5000 updates, score 5.993) (writing took 4.654456326738 seconds)
2026-06-29 14:26:11 | INFO | unicore.checkpoint_utils | copy ./checkpoint_2_5000.pt to /home/bdldt_team007/DLDockingBenchSeminar/run3/checkpoints/checkpoint_2_5000.pt
2026-06-29 14:26:16 | INFO | unicore.checkpoint_utils | copy ./checkpoint_2_5000.pt to /home/bdldt_team007/DLDockingBenchSeminar/run3/checkpoints/checkpoint_last.pt
2026-06-29 14:26:18 | INFO | unicore.checkpoint_utils | removing temp file ./checkpoint_2_5000.pt ...
2026-06-29 14:26:19 | INFO | unicore.checkpoint_utils | finished async ckp saving.
2026-06-29 14:28:19 | INFO | train_inner | epoch 002:   2125 / 2931 loss=5.76, train_loss=5.76, cross_distance_loss=0.788, distance_loss=0.396, coord_loss=4.285, RMSD=4.284, prmsd_loss=2.903, ups=0.01, bsz=8, num_updates=5050, lr=2.64155e-05, gnorm=10.838, clip=100, loss_scale=2, train_wall=127.99, gb_free=28.2, wall=76650
2026-06-29 14:30:14 | INFO | train_inner | epoch 002:   2175 / 2931 loss=5.394, train_loss=5.394, cross_distance_loss=0.766, distance_loss=0.347, coord_loss=3.988, RMSD=3.987, prmsd_loss=2.935, ups=0.44, bsz=8, num_updates=5100, lr=2.63611e-05, gnorm=10.487, clip=100, loss_scale=2, train_wall=114.5, gb_free=32.7, wall=76765
2026-06-29 14:32:05 | INFO | train_inner | epoch 002:   2225 / 2931 loss=5.767, train_loss=5.767, cross_distance_loss=0.793, distance_loss=0.341, coord_loss=4.338, RMSD=4.337, prmsd_loss=2.949, ups=0.45, bsz=8, num_updates=5150, lr=2.63066e-05, gnorm=9.885, clip=100, loss_scale=2, train_wall=111.57, gb_free=32.7, wall=76876
2026-06-29 14:33:55 | INFO | train_inner | epoch 002:   2275 / 2931 loss=5.588, train_loss=5.588, cross_distance_loss=0.778, distance_loss=0.327, coord_loss=4.188, RMSD=4.187, prmsd_loss=2.95, ups=0.46, bsz=8, num_updates=5200, lr=2.62522e-05, gnorm=11.151, clip=100, loss_scale=2, train_wall=109.25, gb_free=32.4, wall=76986
2026-06-29 14:36:04 | INFO | train_inner | epoch 002:   2325 / 2931 loss=5.767, train_loss=5.767, cross_distance_loss=0.788, distance_loss=0.404, coord_loss=4.284, RMSD=4.283, prmsd_loss=2.907, ups=0.39, bsz=8, num_updates=5250, lr=2.61977e-05, gnorm=15.744, clip=100, loss_scale=2, train_wall=129.13, gb_free=31.8, wall=77115
2026-06-29 14:38:08 | INFO | train_inner | epoch 002:   2375 / 2931 loss=5.615, train_loss=5.615, cross_distance_loss=0.801, distance_loss=0.347, coord_loss=4.172, RMSD=4.17, prmsd_loss=2.957, ups=0.4, bsz=8, num_updates=5300, lr=2.61433e-05, gnorm=47.081, clip=100, loss_scale=2, train_wall=124.18, gb_free=32.1, wall=77239
2026-06-29 14:39:59 | INFO | train_inner | epoch 002:   2425 / 2931 loss=5.677, train_loss=5.677, cross_distance_loss=0.781, distance_loss=0.347, coord_loss=4.255, RMSD=4.254, prmsd_loss=2.93, ups=0.45, bsz=8, num_updates=5350, lr=2.60889e-05, gnorm=9.812, clip=100, loss_scale=2, train_wall=110.74, gb_free=30.8, wall=77350
2026-06-29 14:42:13 | INFO | train_inner | epoch 002:   2475 / 2931 loss=5.967, train_loss=5.967, cross_distance_loss=0.825, distance_loss=0.444, coord_loss=4.405, RMSD=4.404, prmsd_loss=2.927, ups=0.37, bsz=8, num_updates=5400, lr=2.60344e-05, gnorm=16.406, clip=100, loss_scale=2, train_wall=134.12, gb_free=33.6, wall=77484
2026-06-29 14:43:55 | INFO | train_inner | epoch 002:   2525 / 2931 loss=5.473, train_loss=5.473, cross_distance_loss=0.778, distance_loss=0.336, coord_loss=4.068, RMSD=4.067, prmsd_loss=2.921, ups=0.49, bsz=8, num_updates=5450, lr=2.598e-05, gnorm=8.611, clip=100, loss_scale=2, train_wall=101.21, gb_free=31.8, wall=77586
2026-06-29 14:45:40 | INFO | train_inner | epoch 002:   2575 / 2931 loss=5.591, train_loss=5.591, cross_distance_loss=0.765, distance_loss=0.39, coord_loss=4.144, RMSD=4.143, prmsd_loss=2.918, ups=0.47, bsz=8, num_updates=5500, lr=2.59255e-05, gnorm=12.126, clip=100, loss_scale=2, train_wall=105.57, gb_free=28.1, wall=77691
2026-06-29 14:45:40 | INFO | unicore_cli.train | begin validation on "valid" subset
2026-06-29 14:45:40 | INFO | unicore.tasks.unicore_task | get EpochBatchIterator for epoch 1
2026-06-29 15:57:41 | INFO | valid | epoch 002 | valid on 'valid' subset | loss 5.589 | valid_loss 5.589 | cross_distance_loss 0.752 | distance_loss 0.269 | coord_loss 4.265 | RMSD 4.262 | prmsd_loss 3.029 | bsz 26010 | num_updates 5500 | best_loss 5.589
2026-06-29 15:57:41 | INFO | unicore.checkpoint_utils | Preparing to save checkpoint for epoch 2 @ 5500 updates
2026-06-29 15:57:41 | INFO | unicore.trainer | Saving checkpoint to ./checkpoint_2_5500.pt
2026-06-29 15:57:45 | INFO | unicore.trainer | Finished saving checkpoint to ./checkpoint_2_5500.pt
2026-06-29 15:57:45 | INFO | unicore.checkpoint_utils | Saved checkpoint ./checkpoint_2_5500.pt (epoch 2 @ 5500 updates, score 5.589) (writing took 4.360017320141196 seconds)
2026-06-29 15:57:45 | INFO | unicore.checkpoint_utils | copy ./checkpoint_2_5500.pt to /home/bdldt_team007/DLDockingBenchSeminar/run3/checkpoints/checkpoint_2_5500.pt
2026-06-29 15:57:50 | INFO | unicore.checkpoint_utils | copy ./checkpoint_2_5500.pt to /home/bdldt_team007/DLDockingBenchSeminar/run3/checkpoints/checkpoint_best.pt
2026-06-29 15:57:53 | INFO | unicore.checkpoint_utils | copy ./checkpoint_2_5500.pt to /home/bdldt_team007/DLDockingBenchSeminar/run3/checkpoints/checkpoint_last.pt
2026-06-29 15:57:56 | INFO | unicore.checkpoint_utils | removing temp file ./checkpoint_2_5500.pt ...
2026-06-29 15:57:56 | INFO | unicore.checkpoint_utils | finished async ckp saving.
2026-06-29 15:59:29 | INFO | train_inner | epoch 002:   2625 / 2931 loss=5.308, train_loss=5.308, cross_distance_loss=0.761, distance_loss=0.325, coord_loss=3.928, RMSD=3.927, prmsd_loss=2.941, ups=0.01, bsz=8, num_updates=5550, lr=2.58711e-05, gnorm=11.838, clip=100, loss_scale=2, train_wall=103.75, gb_free=33.7, wall=82120
2026-06-29 16:01:29 | INFO | train_inner | epoch 002:   2675 / 2931 loss=5.874, train_loss=5.874, cross_distance_loss=0.792, distance_loss=0.448, coord_loss=4.342, RMSD=4.341, prmsd_loss=2.924, ups=0.42, bsz=8, num_updates=5600, lr=2.58166e-05, gnorm=10.542, clip=100, loss_scale=2, train_wall=119.69, gb_free=31.4, wall=82240
2026-06-29 16:03:10 | INFO | train_inner | epoch 002:   2725 / 2931 loss=5.694, train_loss=5.694, cross_distance_loss=0.767, distance_loss=0.387, coord_loss=4.249, RMSD=4.248, prmsd_loss=2.9, ups=0.49, bsz=8, num_updates=5650, lr=2.57622e-05, gnorm=10.145, clip=100, loss_scale=2, train_wall=101, gb_free=31.4, wall=82341
2026-06-29 16:05:17 | INFO | train_inner | epoch 002:   2775 / 2931 loss=5.811, train_loss=5.811, cross_distance_loss=0.808, distance_loss=0.372, coord_loss=4.336, RMSD=4.335, prmsd_loss=2.939, ups=0.39, bsz=8, num_updates=5700, lr=2.57078e-05, gnorm=12.681, clip=100, loss_scale=2, train_wall=127.25, gb_free=33.7, wall=82468
2026-06-29 16:07:06 | INFO | train_inner | epoch 002:   2825 / 2931 loss=5.667, train_loss=5.667, cross_distance_loss=0.772, distance_loss=0.353, coord_loss=4.25, RMSD=4.249, prmsd_loss=2.917, ups=0.46, bsz=8, num_updates=5750, lr=2.56533e-05, gnorm=9.231, clip=100, loss_scale=2, train_wall=109.14, gb_free=31.4, wall=82577
2026-06-29 16:08:58 | INFO | train_inner | epoch 002:   2875 / 2931 loss=5.351, train_loss=5.351, cross_distance_loss=0.746, distance_loss=0.331, coord_loss=3.984, RMSD=3.983, prmsd_loss=2.896, ups=0.45, bsz=8, num_updates=5800, lr=2.55989e-05, gnorm=9.301, clip=100, loss_scale=2, train_wall=111.59, gb_free=34.2, wall=82689
2026-06-29 16:10:50 | INFO | train_inner | epoch 002:   2925 / 2931 loss=5.303, train_loss=5.303, cross_distance_loss=0.753, distance_loss=0.331, coord_loss=3.926, RMSD=3.925, prmsd_loss=2.939, ups=0.44, bsz=8, num_updates=5850, lr=2.55444e-05, gnorm=9.871, clip=100, loss_scale=2, train_wall=112.38, gb_free=32.5, wall=82801
2026-06-29 16:11:03 | INFO | unicore_cli.train | begin validation on "valid" subset
2026-06-29 16:11:03 | INFO | unicore.tasks.unicore_task | get EpochBatchIterator for epoch 1
2026-06-29 17:42:06 | INFO | valid | epoch 002 | valid on 'valid' subset | loss 5.618 | valid_loss 5.618 | cross_distance_loss 0.739 | distance_loss 0.263 | coord_loss 4.312 | RMSD 4.309 | prmsd_loss 3.037 | bsz 26010 | num_updates 5856 | best_loss 5.589
2026-06-29 17:42:07 | INFO | unicore.checkpoint_utils | Preparing to save checkpoint for epoch 2 @ 5856 updates
2026-06-29 17:42:07 | INFO | unicore.trainer | Saving checkpoint to ./checkpoint2.pt
2026-06-29 17:42:11 | INFO | unicore.trainer | Finished saving checkpoint to ./checkpoint2.pt
2026-06-29 17:42:11 | INFO | unicore.checkpoint_utils | Saved checkpoint ./checkpoint2.pt (epoch 2 @ 5856 updates, score 5.618) (writing took 4.60400197468698 seconds)
2026-06-29 17:42:11 | INFO | unicore_cli.train | end of epoch 2 (average epoch stats below)
2026-06-29 17:42:11 | INFO | unicore.checkpoint_utils | copy ./checkpoint2.pt to /home/bdldt_team007/DLDockingBenchSeminar/run3/checkpoints/checkpoint2.pt
2026-06-29 17:42:11 | INFO | train | epoch 002 | loss 5.957 | train_loss 5.957 | cross_distance_loss 0.824 | distance_loss 0.402 | coord_loss 4.438 | RMSD 4.437 | prmsd_loss 2.929 | ups 0.07 | bsz 8 | num_updates 5856 | lr 2.55379e-05 | gnorm 14.237 | clip 100 | loss_scale 2 | train_wall 7034.18 | gb_free 31.8 | wall 88282
2026-06-29 17:42:11 | INFO | unicore.tasks.unicore_task | get EpochBatchIterator for epoch 3
2026-06-29 17:42:11 | INFO | unicore.trainer | begin training epoch 3
2026-06-29 17:42:11 | INFO | unicore_cli.train | Start iterating over samples
2026-06-29 17:42:16 | INFO | unicore.checkpoint_utils | copy ./checkpoint2.pt to /home/bdldt_team007/DLDockingBenchSeminar/run3/checkpoints/checkpoint_last.pt
2026-06-29 17:42:19 | INFO | unicore.checkpoint_utils | removing temp file ./checkpoint2.pt ...
2026-06-29 17:42:19 | INFO | unicore.checkpoint_utils | finished async ckp saving.
2026-06-29 17:43:51 | INFO | train_inner | epoch 003:     44 / 2931 loss=5.567, train_loss=5.567, cross_distance_loss=0.772, distance_loss=0.407, coord_loss=4.097, RMSD=4.095, prmsd_loss=2.913, ups=0.01, bsz=8, num_updates=5900, lr=2.549e-05, gnorm=10.207, clip=100, loss_scale=2, train_wall=112.33, gb_free=33.6, wall=88382
2026-06-29 17:45:40 | INFO | train_inner | epoch 003:     94 / 2931 loss=5.504, train_loss=5.504, cross_distance_loss=0.753, distance_loss=0.373, coord_loss=4.09, RMSD=4.089, prmsd_loss=2.883, ups=0.46, bsz=8, num_updates=5950, lr=2.54355e-05, gnorm=15.586, clip=100, loss_scale=2, train_wall=108.07, gb_free=31.1, wall=88491
2026-06-29 17:47:27 | INFO | train_inner | epoch 003:    144 / 2931 loss=5.443, train_loss=5.443, cross_distance_loss=0.75, distance_loss=0.343, coord_loss=4.057, RMSD=4.056, prmsd_loss=2.936, ups=0.47, bsz=8, num_updates=6000, lr=2.53811e-05, gnorm=8.99, clip=100, loss_scale=2, train_wall=106.95, gb_free=33.1, wall=88598
2026-06-29 17:47:27 | INFO | unicore_cli.train | begin validation on "valid" subset
2026-06-29 17:47:27 | INFO | unicore.tasks.unicore_task | get EpochBatchIterator for epoch 1
2026-06-29 19:23:07 | INFO | valid | epoch 003 | valid on 'valid' subset | loss 5.641 | valid_loss 5.641 | cross_distance_loss 0.759 | distance_loss 0.252 | coord_loss 4.335 | RMSD 4.333 | prmsd_loss 2.957 | bsz 26010 | num_updates 6000 | best_loss 5.589
2026-06-29 19:23:07 | INFO | unicore.checkpoint_utils | Preparing to save checkpoint for epoch 3 @ 6000 updates
2026-06-29 19:23:07 | INFO | unicore.trainer | Saving checkpoint to ./checkpoint_3_6000.pt
2026-06-29 19:23:11 | INFO | unicore.trainer | Finished saving checkpoint to ./checkpoint_3_6000.pt
2026-06-29 19:23:11 | INFO | unicore.checkpoint_utils | Saved checkpoint ./checkpoint_3_6000.pt (epoch 3 @ 6000 updates, score 5.641) (writing took 4.53562063165009 seconds)
2026-06-29 19:23:11 | INFO | unicore.checkpoint_utils | copy ./checkpoint_3_6000.pt to /home/bdldt_team007/DLDockingBenchSeminar/run3/checkpoints/checkpoint_3_6000.pt
2026-06-29 19:23:16 | INFO | unicore.checkpoint_utils | copy ./checkpoint_3_6000.pt to /home/bdldt_team007/DLDockingBenchSeminar/run3/checkpoints/checkpoint_last.pt
2026-06-29 19:23:19 | INFO | unicore.checkpoint_utils | removing temp file ./checkpoint_3_6000.pt ...
2026-06-29 19:23:19 | INFO | unicore.checkpoint_utils | finished async ckp saving.
2026-06-29 19:25:09 | INFO | train_inner | epoch 003:    194 / 2931 loss=5.436, train_loss=5.436, cross_distance_loss=0.747, distance_loss=0.396, coord_loss=4.007, RMSD=4.006, prmsd_loss=2.852, ups=0.01, bsz=8, num_updates=6050, lr=2.53267e-05, gnorm=23.505, clip=100, loss_scale=2, train_wall=117.5, gb_free=32.1, wall=94460
2026-06-29 19:27:03 | INFO | train_inner | epoch 003:    244 / 2931 loss=5.388, train_loss=5.388, cross_distance_loss=0.758, distance_loss=0.384, coord_loss=3.957, RMSD=3.956, prmsd_loss=2.89, ups=0.44, bsz=8, num_updates=6100, lr=2.52722e-05, gnorm=10.015, clip=100, loss_scale=2, train_wall=113.48, gb_free=31.4, wall=94574
2026-06-29 19:28:57 | INFO | train_inner | epoch 003:    294 / 2931 loss=5.41, train_loss=5.41, cross_distance_loss=0.747, distance_loss=0.381, coord_loss=3.991, RMSD=3.991, prmsd_loss=2.908, ups=0.44, bsz=8, num_updates=6150, lr=2.52178e-05, gnorm=9.15, clip=100, loss_scale=2, train_wall=114.61, gb_free=29.1, wall=94688
2026-06-29 19:30:45 | INFO | train_inner | epoch 003:    344 / 2931 loss=5.396, train_loss=5.396, cross_distance_loss=0.75, distance_loss=0.372, coord_loss=3.985, RMSD=3.983, prmsd_loss=2.886, ups=0.46, bsz=8, num_updates=6200, lr=2.51633e-05, gnorm=11.196, clip=100, loss_scale=2, train_wall=107.6, gb_free=32.7, wall=94796
2026-06-29 19:32:37 | INFO | train_inner | epoch 003:    394 / 2931 loss=5.464, train_loss=5.464, cross_distance_loss=0.754, distance_loss=0.367, coord_loss=4.057, RMSD=4.055, prmsd_loss=2.867, ups=0.45, bsz=8, num_updates=6250, lr=2.51089e-05, gnorm=19.919, clip=100, loss_scale=2, train_wall=111.99, gb_free=31.1, wall=94908
2026-06-29 19:34:23 | INFO | train_inner | epoch 003:    444 / 2931 loss=5.405, train_loss=5.405, cross_distance_loss=0.763, distance_loss=0.363, coord_loss=3.985, RMSD=3.984, prmsd_loss=2.936, ups=0.47, bsz=8, num_updates=6300, lr=2.50544e-05, gnorm=10.387, clip=100, loss_scale=2, train_wall=105.63, gb_free=32.1, wall=95014
2026-06-29 19:36:12 | INFO | train_inner | epoch 003:    494 / 2931 loss=5.406, train_loss=5.406, cross_distance_loss=0.741, distance_loss=0.35, coord_loss=4.025, RMSD=4.024, prmsd_loss=2.897, ups=0.46, bsz=8, num_updates=6350, lr=2.5e-05, gnorm=14.372, clip=100, loss_scale=2, train_wall=108.75, gb_free=31.7, wall=95123
2026-06-29 19:38:16 | INFO | train_inner | epoch 003:    544 / 2931 loss=5.316, train_loss=5.316, cross_distance_loss=0.741, distance_loss=0.366, coord_loss=3.919, RMSD=3.918, prmsd_loss=2.91, ups=0.4, bsz=8, num_updates=6400, lr=2.49456e-05, gnorm=11.85, clip=100, loss_scale=2, train_wall=123.69, gb_free=29.9, wall=95247
2026-06-29 19:40:06 | INFO | train_inner | epoch 003:    594 / 2931 loss=5.208, train_loss=5.208, cross_distance_loss=0.738, distance_loss=0.369, coord_loss=3.813, RMSD=3.812, prmsd_loss=2.886, ups=0.45, bsz=8, num_updates=6450, lr=2.48911e-05, gnorm=16.191, clip=100, loss_scale=2, train_wall=110.72, gb_free=33.4, wall=95357
2026-06-29 19:42:01 | INFO | train_inner | epoch 003:    644 / 2931 loss=5.297, train_loss=5.297, cross_distance_loss=0.739, distance_loss=0.362, coord_loss=3.906, RMSD=3.905, prmsd_loss=2.899, ups=0.44, bsz=8, num_updates=6500, lr=2.48367e-05, gnorm=9.003, clip=100, loss_scale=2, train_wall=114.57, gb_free=34.2, wall=95472
2026-06-29 19:42:01 | INFO | unicore_cli.train | begin validation on "valid" subset
2026-06-29 19:42:01 | INFO | unicore.tasks.unicore_task | get EpochBatchIterator for epoch 1
2026-06-29 21:00:56 | INFO | valid | epoch 003 | valid on 'valid' subset | loss 5.273 | valid_loss 5.273 | cross_distance_loss 0.727 | distance_loss 0.258 | coord_loss 3.987 | RMSD 3.985 | prmsd_loss 3.016 | bsz 26010 | num_updates 6500 | best_loss 5.273
2026-06-29 21:00:57 | INFO | unicore.checkpoint_utils | Preparing to save checkpoint for epoch 3 @ 6500 updates
2026-06-29 21:00:57 | INFO | unicore.trainer | Saving checkpoint to ./checkpoint_3_6500.pt
2026-06-29 21:01:01 | INFO | unicore.trainer | Finished saving checkpoint to ./checkpoint_3_6500.pt
2026-06-29 21:01:01 | INFO | unicore.checkpoint_utils | Saved checkpoint ./checkpoint_3_6500.pt (epoch 3 @ 6500 updates, score 5.273) (writing took 4.579585250467062 seconds)
2026-06-29 21:01:01 | INFO | unicore.checkpoint_utils | copy ./checkpoint_3_6500.pt to /home/bdldt_team007/DLDockingBenchSeminar/run3/checkpoints/checkpoint_3_6500.pt
2026-06-29 21:01:06 | INFO | unicore.checkpoint_utils | copy ./checkpoint_3_6500.pt to /home/bdldt_team007/DLDockingBenchSeminar/run3/checkpoints/checkpoint_best.pt
2026-06-29 21:01:09 | INFO | unicore.checkpoint_utils | copy ./checkpoint_3_6500.pt to /home/bdldt_team007/DLDockingBenchSeminar/run3/checkpoints/checkpoint_last.pt
2026-06-29 21:01:12 | INFO | unicore.checkpoint_utils | removing temp file ./checkpoint_3_6500.pt ...
2026-06-29 21:01:12 | INFO | unicore.checkpoint_utils | finished async ckp saving.
2026-06-29 21:02:48 | INFO | train_inner | epoch 003:    694 / 2931 loss=5.239, train_loss=5.239, cross_distance_loss=0.734, distance_loss=0.352, coord_loss=3.862, RMSD=3.862, prmsd_loss=2.911, ups=0.01, bsz=8, num_updates=6550, lr=2.47822e-05, gnorm=9.412, clip=100, loss_scale=2, train_wall=106.63, gb_free=33.1, wall=100319
2026-06-29 21:04:35 | INFO | train_inner | epoch 003:    744 / 2931 loss=5.27, train_loss=5.27, cross_distance_loss=0.725, distance_loss=0.328, coord_loss=3.928, RMSD=3.926, prmsd_loss=2.894, ups=0.47, bsz=8, num_updates=6600, lr=2.47278e-05, gnorm=9.567, clip=100, loss_scale=2, train_wall=106.54, gb_free=26.4, wall=100426
2026-06-29 21:06:27 | INFO | train_inner | epoch 003:    794 / 2931 loss=4.942, train_loss=4.942, cross_distance_loss=0.708, distance_loss=0.298, coord_loss=3.648, RMSD=3.647, prmsd_loss=2.882, ups=0.44, bsz=8, num_updates=6650, lr=2.46733e-05, gnorm=15.483, clip=100, loss_scale=2, train_wall=112.44, gb_free=33.1, wall=100538
2026-06-29 21:08:19 | INFO | train_inner | epoch 003:    844 / 2931 loss=5.227, train_loss=5.227, cross_distance_loss=0.744, distance_loss=0.32, coord_loss=3.87, RMSD=3.869, prmsd_loss=2.922, ups=0.45, bsz=8, num_updates=6700, lr=2.46189e-05, gnorm=17.057, clip=100, loss_scale=2, train_wall=111.55, gb_free=33.9, wall=100650
2026-06-29 21:10:09 | INFO | train_inner | epoch 003:    894 / 2931 loss=5.168, train_loss=5.168, cross_distance_loss=0.739, distance_loss=0.33, coord_loss=3.806, RMSD=3.805, prmsd_loss=2.931, ups=0.45, bsz=8, num_updates=6750, lr=2.45645e-05, gnorm=24.108, clip=100, loss_scale=2, train_wall=110.47, gb_free=29.9, wall=100760
2026-06-29 21:11:56 | INFO | train_inner | epoch 003:    944 / 2931 loss=5.249, train_loss=5.249, cross_distance_loss=0.735, distance_loss=0.351, coord_loss=3.874, RMSD=3.873, prmsd_loss=2.885, ups=0.47, bsz=8, num_updates=6800, lr=2.451e-05, gnorm=9.761, clip=100, loss_scale=2, train_wall=106.74, gb_free=29.9, wall=100867
2026-06-29 21:13:45 | INFO | train_inner | epoch 003:    994 / 2931 loss=5.072, train_loss=5.072, cross_distance_loss=0.718, distance_loss=0.334, coord_loss=3.734, RMSD=3.733, prmsd_loss=2.862, ups=0.46, bsz=8, num_updates=6850, lr=2.44556e-05, gnorm=25.034, clip=100, loss_scale=2, train_wall=108.51, gb_free=31.8, wall=100976
2026-06-29 21:15:26 | INFO | train_inner | epoch 003:   1044 / 2931 loss=5.062, train_loss=5.062, cross_distance_loss=0.716, distance_loss=0.335, coord_loss=3.725, RMSD=3.724, prmsd_loss=2.871, ups=0.49, bsz=8, num_updates=6900, lr=2.44011e-05, gnorm=10.298, clip=100, loss_scale=2, train_wall=101.12, gb_free=31.2, wall=101077
2026-06-29 21:17:12 | INFO | train_inner | epoch 003:   1094 / 2931 loss=5.176, train_loss=5.176, cross_distance_loss=0.732, distance_loss=0.356, coord_loss=3.8, RMSD=3.799, prmsd_loss=2.88, ups=0.47, bsz=8, num_updates=6950, lr=2.43467e-05, gnorm=13.563, clip=100, loss_scale=2, train_wall=106.01, gb_free=32.1, wall=101183
2026-06-29 21:18:59 | INFO | train_inner | epoch 003:   1144 / 2931 loss=5.277, train_loss=5.277, cross_distance_loss=0.74, distance_loss=0.381, coord_loss=3.869, RMSD=3.868, prmsd_loss=2.859, ups=0.47, bsz=8, num_updates=7000, lr=2.42922e-05, gnorm=15.172, clip=100, loss_scale=2, train_wall=106.31, gb_free=31.8, wall=101290
2026-06-29 21:18:59 | INFO | unicore_cli.train | begin validation on "valid" subset
2026-06-29 21:18:59 | INFO | unicore.tasks.unicore_task | get EpochBatchIterator for epoch 1
2026-06-29 22:36:14 | INFO | valid | epoch 003 | valid on 'valid' subset | loss 5.141 | valid_loss 5.141 | cross_distance_loss 0.7 | distance_loss 0.263 | coord_loss 3.885 | RMSD 3.881 | prmsd_loss 2.932 | bsz 26010 | num_updates 7000 | best_loss 5.141
2026-06-29 22:36:14 | INFO | unicore.checkpoint_utils | Preparing to save checkpoint for epoch 3 @ 7000 updates
2026-06-29 22:36:14 | INFO | unicore.trainer | Saving checkpoint to ./checkpoint_3_7000.pt
2026-06-29 22:36:18 | INFO | unicore.trainer | Finished saving checkpoint to ./checkpoint_3_7000.pt
2026-06-29 22:36:18 | INFO | unicore.checkpoint_utils | Saved checkpoint ./checkpoint_3_7000.pt (epoch 3 @ 7000 updates, score 5.141) (writing took 4.456039868295193 seconds)
2026-06-29 22:36:18 | INFO | unicore.checkpoint_utils | copy ./checkpoint_3_7000.pt to /home/bdldt_team007/DLDockingBenchSeminar/run3/checkpoints/checkpoint_3_7000.pt
2026-06-29 22:36:23 | INFO | unicore.checkpoint_utils | copy ./checkpoint_3_7000.pt to /home/bdldt_team007/DLDockingBenchSeminar/run3/checkpoints/checkpoint_best.pt
2026-06-29 22:36:25 | INFO | unicore.checkpoint_utils | copy ./checkpoint_3_7000.pt to /home/bdldt_team007/DLDockingBenchSeminar/run3/checkpoints/checkpoint_last.pt
2026-06-29 22:36:28 | INFO | unicore.checkpoint_utils | removing temp file ./checkpoint_3_7000.pt ...
2026-06-29 22:36:28 | INFO | unicore.checkpoint_utils | finished async ckp saving.
2026-06-29 22:38:06 | INFO | train_inner | epoch 003:   1194 / 2931 loss=4.972, train_loss=4.972, cross_distance_loss=0.701, distance_loss=0.333, coord_loss=3.647, RMSD=3.647, prmsd_loss=2.913, ups=0.01, bsz=8, num_updates=7050, lr=2.42378e-05, gnorm=9.568, clip=100, loss_scale=2, train_wall=107.63, gb_free=33.1, wall=106037
2026-06-29 22:40:04 | INFO | train_inner | epoch 003:   1244 / 2931 loss=5.178, train_loss=5.178, cross_distance_loss=0.734, distance_loss=0.354, coord_loss=3.803, RMSD=3.802, prmsd_loss=2.874, ups=0.42, bsz=8, num_updates=7100, lr=2.41834e-05, gnorm=10.042, clip=100, loss_scale=2, train_wall=117.7, gb_free=25.9, wall=106155
2026-06-29 22:41:41 | INFO | train_inner | epoch 003:   1294 / 2931 loss=5.392, train_loss=5.392, cross_distance_loss=0.729, distance_loss=0.391, coord_loss=3.986, RMSD=3.985, prmsd_loss=2.866, ups=0.51, bsz=8, num_updates=7150, lr=2.41289e-05, gnorm=10.131, clip=100, loss_scale=2, train_wall=97.77, gb_free=32.1, wall=106252
2026-06-29 22:43:27 | INFO | train_inner | epoch 003:   1344 / 2931 loss=5.036, train_loss=5.036, cross_distance_loss=0.719, distance_loss=0.323, coord_loss=3.7, RMSD=3.699, prmsd_loss=2.937, ups=0.47, bsz=8, num_updates=7200, lr=2.40745e-05, gnorm=8.842, clip=100, loss_scale=2, train_wall=105.23, gb_free=32.1, wall=106358
2026-06-29 22:45:13 | INFO | train_inner | epoch 003:   1394 / 2931 loss=5.117, train_loss=5.117, cross_distance_loss=0.714, distance_loss=0.342, coord_loss=3.77, RMSD=3.769, prmsd_loss=2.921, ups=0.47, bsz=8, num_updates=7250, lr=2.402e-05, gnorm=9.886, clip=100, loss_scale=2, train_wall=106.53, gb_free=31.4, wall=106464
2026-06-29 22:46:59 | INFO | train_inner | epoch 003:   1444 / 2931 loss=5.035, train_loss=5.035, cross_distance_loss=0.709, distance_loss=0.336, coord_loss=3.701, RMSD=3.7, prmsd_loss=2.882, ups=0.47, bsz=8, num_updates=7300, lr=2.39656e-05, gnorm=8.316, clip=100, loss_scale=2, train_wall=105.29, gb_free=31.8, wall=106570
2026-06-29 22:49:00 | INFO | train_inner | epoch 003:   1494 / 2931 loss=5.363, train_loss=5.363, cross_distance_loss=0.745, distance_loss=0.392, coord_loss=3.939, RMSD=3.938, prmsd_loss=2.874, ups=0.41, bsz=8, num_updates=7350, lr=2.39111e-05, gnorm=10.305, clip=100, loss_scale=2, train_wall=120.7, gb_free=31.7, wall=106691
2026-06-29 22:50:44 | INFO | train_inner | epoch 003:   1544 / 2931 loss=5.032, train_loss=5.032, cross_distance_loss=0.722, distance_loss=0.313, coord_loss=3.704, RMSD=3.703, prmsd_loss=2.924, ups=0.48, bsz=8, num_updates=7400, lr=2.38567e-05, gnorm=10.216, clip=100, loss_scale=2, train_wall=104.34, gb_free=32.7, wall=106795
2026-06-29 22:52:30 | INFO | train_inner | epoch 003:   1594 / 2931 loss=5.098, train_loss=5.098, cross_distance_loss=0.72, distance_loss=0.392, coord_loss=3.702, RMSD=3.701, prmsd_loss=2.828, ups=0.47, bsz=8, num_updates=7450, lr=2.38023e-05, gnorm=12.153, clip=100, loss_scale=2, train_wall=105.87, gb_free=28.6, wall=106901
2026-06-29 22:54:16 | INFO | train_inner | epoch 003:   1644 / 2931 loss=4.974, train_loss=4.974, cross_distance_loss=0.721, distance_loss=0.314, coord_loss=3.652, RMSD=3.651, prmsd_loss=2.881, ups=0.47, bsz=8, num_updates=7500, lr=2.37478e-05, gnorm=21.187, clip=100, loss_scale=2, train_wall=105.43, gb_free=26.9, wall=107007
2026-06-29 22:54:16 | INFO | unicore_cli.train | begin validation on "valid" subset
2026-06-29 22:54:16 | INFO | unicore.tasks.unicore_task | get EpochBatchIterator for epoch 1
2026-06-30 00:20:42 | INFO | valid | epoch 003 | valid on 'valid' subset | loss 5.12 | valid_loss 5.12 | cross_distance_loss 0.719 | distance_loss 0.243 | coord_loss 3.846 | RMSD 3.845 | prmsd_loss 3.119 | bsz 26010 | num_updates 7500 | best_loss 5.12
2026-06-30 00:20:42 | INFO | unicore.checkpoint_utils | Preparing to save checkpoint for epoch 3 @ 7500 updates
2026-06-30 00:20:42 | INFO | unicore.trainer | Saving checkpoint to ./checkpoint_3_7500.pt
2026-06-30 00:20:46 | INFO | unicore.trainer | Finished saving checkpoint to ./checkpoint_3_7500.pt
2026-06-30 00:20:46 | INFO | unicore.checkpoint_utils | Saved checkpoint ./checkpoint_3_7500.pt (epoch 3 @ 7500 updates, score 5.12) (writing took 4.678536299616098 seconds)
2026-06-30 00:20:46 | INFO | unicore.checkpoint_utils | copy ./checkpoint_3_7500.pt to /home/bdldt_team007/DLDockingBenchSeminar/run3/checkpoints/checkpoint_3_7500.pt
2026-06-30 00:20:51 | INFO | unicore.checkpoint_utils | copy ./checkpoint_3_7500.pt to /home/bdldt_team007/DLDockingBenchSeminar/run3/checkpoints/checkpoint_best.pt
2026-06-30 00:20:54 | INFO | unicore.checkpoint_utils | copy ./checkpoint_3_7500.pt to /home/bdldt_team007/DLDockingBenchSeminar/run3/checkpoints/checkpoint_last.pt
2026-06-30 00:20:56 | INFO | unicore.checkpoint_utils | removing temp file ./checkpoint_3_7500.pt ...
2026-06-30 00:20:57 | INFO | unicore.checkpoint_utils | finished async ckp saving.
2026-06-30 00:22:32 | INFO | train_inner | epoch 003:   1694 / 2931 loss=4.899, train_loss=4.899, cross_distance_loss=0.697, distance_loss=0.319, coord_loss=3.597, RMSD=3.596, prmsd_loss=2.859, ups=0.01, bsz=8, num_updates=7550, lr=2.36934e-05, gnorm=12.066, clip=100, loss_scale=2, train_wall=105.55, gb_free=32.7, wall=112303
2026-06-30 00:24:17 | INFO | train_inner | epoch 003:   1744 / 2931 loss=4.973, train_loss=4.973, cross_distance_loss=0.708, distance_loss=0.309, coord_loss=3.665, RMSD=3.664, prmsd_loss=2.911, ups=0.48, bsz=8, num_updates=7600, lr=2.36389e-05, gnorm=13.415, clip=100, loss_scale=2, train_wall=105.06, gb_free=33.9, wall=112408
2026-06-30 00:26:08 | INFO | train_inner | epoch 003:   1794 / 2931 loss=4.921, train_loss=4.921, cross_distance_loss=0.693, distance_loss=0.295, coord_loss=3.646, RMSD=3.645, prmsd_loss=2.877, ups=0.45, bsz=8, num_updates=7650, lr=2.35845e-05, gnorm=9.43, clip=100, loss_scale=2, train_wall=110.76, gb_free=33.9, wall=112519
2026-06-30 00:27:51 | INFO | train_inner | epoch 003:   1844 / 2931 loss=5.2, train_loss=5.2, cross_distance_loss=0.737, distance_loss=0.384, coord_loss=3.793, RMSD=3.792, prmsd_loss=2.862, ups=0.48, bsz=8, num_updates=7700, lr=2.35301e-05, gnorm=12.247, clip=100, loss_scale=2, train_wall=103.37, gb_free=31.8, wall=112622
2026-06-30 00:29:37 | INFO | train_inner | epoch 003:   1894 / 2931 loss=4.753, train_loss=4.753, cross_distance_loss=0.691, distance_loss=0.278, coord_loss=3.497, RMSD=3.496, prmsd_loss=2.866, ups=0.48, bsz=8, num_updates=7750, lr=2.34756e-05, gnorm=10.959, clip=100, loss_scale=2, train_wall=105.14, gb_free=31, wall=112728
2026-06-30 00:31:22 | INFO | train_inner | epoch 003:   1944 / 2931 loss=5.089, train_loss=5.089, cross_distance_loss=0.693, distance_loss=0.373, coord_loss=3.738, RMSD=3.737, prmsd_loss=2.84, ups=0.48, bsz=8, num_updates=7800, lr=2.34212e-05, gnorm=13.282, clip=100, loss_scale=2, train_wall=105.03, gb_free=31.1, wall=112833
2026-06-30 00:33:16 | INFO | train_inner | epoch 003:   1994 / 2931 loss=5.025, train_loss=5.025, cross_distance_loss=0.687, distance_loss=0.353, coord_loss=3.702, RMSD=3.701, prmsd_loss=2.826, ups=0.44, bsz=8, num_updates=7850, lr=2.33667e-05, gnorm=12.172, clip=100, loss_scale=2, train_wall=114.19, gb_free=33.1, wall=112947
2026-06-30 00:35:00 | INFO | train_inner | epoch 003:   2044 / 2931 loss=4.943, train_loss=4.943, cross_distance_loss=0.71, distance_loss=0.32, coord_loss=3.622, RMSD=3.622, prmsd_loss=2.906, ups=0.48, bsz=8, num_updates=7900, lr=2.33123e-05, gnorm=14.949, clip=100, loss_scale=2, train_wall=103.51, gb_free=32.4, wall=113051
2026-06-30 00:36:56 | INFO | train_inner | epoch 003:   2094 / 2931 loss=5.1, train_loss=5.1, cross_distance_loss=0.713, distance_loss=0.348, coord_loss=3.75, RMSD=3.749, prmsd_loss=2.879, ups=0.43, bsz=8, num_updates=7950, lr=2.32578e-05, gnorm=14.505, clip=100, loss_scale=2, train_wall=116.35, gb_free=31.1, wall=113167
2026-06-30 00:38:41 | INFO | train_inner | epoch 003:   2144 / 2931 loss=5.112, train_loss=5.112, cross_distance_loss=0.715, distance_loss=0.343, coord_loss=3.767, RMSD=3.766, prmsd_loss=2.874, ups=0.48, bsz=8, num_updates=8000, lr=2.32034e-05, gnorm=15.869, clip=100, loss_scale=2, train_wall=104.6, gb_free=32.7, wall=113272
2026-06-30 00:38:41 | INFO | unicore_cli.train | begin validation on "valid" subset
2026-06-30 00:38:41 | INFO | unicore.tasks.unicore_task | get EpochBatchIterator for epoch 1
2026-06-30 01:56:58 | INFO | valid | epoch 003 | valid on 'valid' subset | loss 4.832 | valid_loss 4.832 | cross_distance_loss 0.689 | distance_loss 0.233 | coord_loss 3.606 | RMSD 3.605 | prmsd_loss 3.035 | bsz 26010 | num_updates 8000 | best_loss 4.832
2026-06-30 01:56:58 | INFO | unicore.checkpoint_utils | Preparing to save checkpoint for epoch 3 @ 8000 updates
2026-06-30 01:56:58 | INFO | unicore.trainer | Saving checkpoint to ./checkpoint_3_8000.pt
2026-06-30 01:57:03 | INFO | unicore.trainer | Finished saving checkpoint to ./checkpoint_3_8000.pt
2026-06-30 01:57:03 | INFO | unicore.checkpoint_utils | Saved checkpoint ./checkpoint_3_8000.pt (epoch 3 @ 8000 updates, score 4.832) (writing took 4.5987707413733006 seconds)
2026-06-30 01:57:03 | INFO | unicore.checkpoint_utils | copy ./checkpoint_3_8000.pt to /home/bdldt_team007/DLDockingBenchSeminar/run3/checkpoints/checkpoint_3_8000.pt
2026-06-30 01:57:08 | INFO | unicore.checkpoint_utils | copy ./checkpoint_3_8000.pt to /home/bdldt_team007/DLDockingBenchSeminar/run3/checkpoints/checkpoint_best.pt
2026-06-30 01:57:11 | INFO | unicore.checkpoint_utils | copy ./checkpoint_3_8000.pt to /home/bdldt_team007/DLDockingBenchSeminar/run3/checkpoints/checkpoint_last.pt
2026-06-30 01:57:14 | INFO | unicore.checkpoint_utils | removing temp file ./checkpoint_3_8000.pt ...
2026-06-30 01:57:14 | INFO | unicore.checkpoint_utils | finished async ckp saving.
2026-06-30 01:58:59 | INFO | train_inner | epoch 003:   2194 / 2931 loss=5.073, train_loss=5.073, cross_distance_loss=0.71, distance_loss=0.401, coord_loss=3.683, RMSD=3.682, prmsd_loss=2.79, ups=0.01, bsz=8, num_updates=8050, lr=2.3149e-05, gnorm=8.863, clip=100, loss_scale=2, train_wall=115.8, gb_free=30.4, wall=118090
2026-06-30 02:00:39 | INFO | train_inner | epoch 003:   2244 / 2931 loss=5.142, train_loss=5.142, cross_distance_loss=0.722, distance_loss=0.359, coord_loss=3.775, RMSD=3.774, prmsd_loss=2.863, ups=0.5, bsz=8, num_updates=8100, lr=2.30945e-05, gnorm=11.591, clip=100, loss_scale=2, train_wall=100.07, gb_free=32.1, wall=118190
2026-06-30 02:02:25 | INFO | train_inner | epoch 003:   2294 / 2931 loss=5.129, train_loss=5.129, cross_distance_loss=0.704, distance_loss=0.401, coord_loss=3.743, RMSD=3.742, prmsd_loss=2.804, ups=0.47, bsz=8, num_updates=8150, lr=2.30401e-05, gnorm=12.749, clip=100, loss_scale=2, train_wall=106.03, gb_free=32.5, wall=118296
2026-06-30 02:04:11 | INFO | train_inner | epoch 003:   2344 / 2931 loss=5.102, train_loss=5.102, cross_distance_loss=0.707, distance_loss=0.4, coord_loss=3.712, RMSD=3.711, prmsd_loss=2.83, ups=0.47, bsz=8, num_updates=8200, lr=2.29856e-05, gnorm=10.743, clip=100, loss_scale=2, train_wall=105.62, gb_free=32.1, wall=118402
2026-06-30 02:05:47 | INFO | train_inner | epoch 003:   2394 / 2931 loss=5.14, train_loss=5.14, cross_distance_loss=0.711, distance_loss=0.332, coord_loss=3.811, RMSD=3.81, prmsd_loss=2.865, ups=0.52, bsz=8, num_updates=8250, lr=2.29312e-05, gnorm=10.166, clip=100, loss_scale=2, train_wall=96.15, gb_free=31.4, wall=118498
2026-06-30 02:07:30 | INFO | train_inner | epoch 003:   2444 / 2931 loss=4.553, train_loss=4.553, cross_distance_loss=0.671, distance_loss=0.282, coord_loss=3.316, RMSD=3.315, prmsd_loss=2.847, ups=0.49, bsz=8, num_updates=8300, lr=2.28767e-05, gnorm=11.198, clip=100, loss_scale=2, train_wall=102.24, gb_free=29.9, wall=118601
2026-06-30 02:09:19 | INFO | train_inner | epoch 003:   2494 / 2931 loss=4.717, train_loss=4.717, cross_distance_loss=0.675, distance_loss=0.341, coord_loss=3.423, RMSD=3.422, prmsd_loss=2.784, ups=0.46, bsz=8, num_updates=8350, lr=2.28223e-05, gnorm=12.026, clip=100, loss_scale=2, train_wall=108.92, gb_free=32.2, wall=118710
2026-06-30 02:11:14 | INFO | train_inner | epoch 003:   2544 / 2931 loss=4.871, train_loss=4.871, cross_distance_loss=0.705, distance_loss=0.324, coord_loss=3.555, RMSD=3.554, prmsd_loss=2.868, ups=0.43, bsz=8, num_updates=8400, lr=2.27679e-05, gnorm=15.439, clip=100, loss_scale=2, train_wall=114.9, gb_free=31.8, wall=118825
2026-06-30 02:12:57 | INFO | train_inner | epoch 003:   2594 / 2931 loss=4.904, train_loss=4.904, cross_distance_loss=0.689, distance_loss=0.328, coord_loss=3.604, RMSD=3.604, prmsd_loss=2.823, ups=0.48, bsz=8, num_updates=8450, lr=2.27134e-05, gnorm=12.38, clip=100, loss_scale=2, train_wall=103.04, gb_free=33.1, wall=118928
2026-06-30 02:14:36 | INFO | train_inner | epoch 003:   2644 / 2931 loss=4.847, train_loss=4.847, cross_distance_loss=0.693, distance_loss=0.344, coord_loss=3.53, RMSD=3.529, prmsd_loss=2.811, ups=0.5, bsz=8, num_updates=8500, lr=2.2659e-05, gnorm=22.472, clip=100, loss_scale=2, train_wall=99.03, gb_free=31.8, wall=119027
2026-06-30 02:14:36 | INFO | unicore_cli.train | begin validation on "valid" subset
2026-06-30 02:14:36 | INFO | unicore.tasks.unicore_task | get EpochBatchIterator for epoch 1
2026-06-30 03:29:05 | INFO | valid | epoch 003 | valid on 'valid' subset | loss 4.683 | valid_loss 4.683 | cross_distance_loss 0.67 | distance_loss 0.233 | coord_loss 3.489 | RMSD 3.488 | prmsd_loss 2.907 | bsz 26010 | num_updates 8500 | best_loss 4.683
2026-06-30 03:29:05 | INFO | unicore.checkpoint_utils | Preparing to save checkpoint for epoch 3 @ 8500 updates
2026-06-30 03:29:05 | INFO | unicore.trainer | Saving checkpoint to ./checkpoint_3_8500.pt
2026-06-30 03:29:09 | INFO | unicore.trainer | Finished saving checkpoint to ./checkpoint_3_8500.pt
2026-06-30 03:29:10 | INFO | unicore.checkpoint_utils | Saved checkpoint ./checkpoint_3_8500.pt (epoch 3 @ 8500 updates, score 4.683) (writing took 4.564886888489127 seconds)
2026-06-30 03:29:10 | INFO | unicore.checkpoint_utils | copy ./checkpoint_3_8500.pt to /home/bdldt_team007/DLDockingBenchSeminar/run3/checkpoints/checkpoint_3_8500.pt
2026-06-30 03:29:14 | INFO | unicore.checkpoint_utils | copy ./checkpoint_3_8500.pt to /home/bdldt_team007/DLDockingBenchSeminar/run3/checkpoints/checkpoint_best.pt
2026-06-30 03:29:17 | INFO | unicore.checkpoint_utils | copy ./checkpoint_3_8500.pt to /home/bdldt_team007/DLDockingBenchSeminar/run3/checkpoints/checkpoint_last.pt
2026-06-30 03:29:20 | INFO | unicore.checkpoint_utils | removing temp file ./checkpoint_3_8500.pt ...
2026-06-30 03:29:20 | INFO | unicore.checkpoint_utils | finished async ckp saving.
2026-06-30 03:30:59 | INFO | train_inner | epoch 003:   2694 / 2931 loss=4.928, train_loss=4.928, cross_distance_loss=0.7, distance_loss=0.351, coord_loss=3.593, RMSD=3.593, prmsd_loss=2.841, ups=0.01, bsz=8, num_updates=8550, lr=2.26045e-05, gnorm=12.718, clip=100, loss_scale=2, train_wall=109.42, gb_free=32.2, wall=123610
2026-06-30 03:32:42 | INFO | train_inner | epoch 003:   2744 / 2931 loss=4.939, train_loss=4.939, cross_distance_loss=0.7, distance_loss=0.364, coord_loss=3.594, RMSD=3.594, prmsd_loss=2.812, ups=0.49, bsz=8, num_updates=8600, lr=2.25501e-05, gnorm=21.561, clip=100, loss_scale=2, train_wall=102.6, gb_free=32.5, wall=123713
2026-06-30 03:34:25 | INFO | train_inner | epoch 003:   2794 / 2931 loss=4.738, train_loss=4.738, cross_distance_loss=0.684, distance_loss=0.325, coord_loss=3.446, RMSD=3.445, prmsd_loss=2.827, ups=0.49, bsz=8, num_updates=8650, lr=2.24956e-05, gnorm=11.305, clip=100, loss_scale=2, train_wall=102.91, gb_free=34.2, wall=123816
2026-06-30 03:36:20 | INFO | train_inner | epoch 003:   2844 / 2931 loss=4.875, train_loss=4.875, cross_distance_loss=0.71, distance_loss=0.34, coord_loss=3.541, RMSD=3.541, prmsd_loss=2.835, ups=0.44, bsz=8, num_updates=8700, lr=2.24412e-05, gnorm=11.362, clip=100, loss_scale=2, train_wall=114.75, gb_free=33.7, wall=123931
2026-06-30 03:38:25 | INFO | train_inner | epoch 003:   2894 / 2931 loss=5.068, train_loss=5.068, cross_distance_loss=0.711, distance_loss=0.378, coord_loss=3.692, RMSD=3.691, prmsd_loss=2.87, ups=0.4, bsz=8, num_updates=8750, lr=2.23868e-05, gnorm=16.046, clip=100, loss_scale=2, train_wall=125.68, gb_free=32.5, wall=124057
2026-06-30 03:39:44 | INFO | unicore_cli.train | begin validation on "valid" subset
2026-06-30 03:39:44 | INFO | unicore.tasks.unicore_task | get EpochBatchIterator for epoch 1
2026-06-30 04:57:29 | INFO | valid | epoch 003 | valid on 'valid' subset | loss 4.656 | valid_loss 4.656 | cross_distance_loss 0.68 | distance_loss 0.236 | coord_loss 3.454 | RMSD 3.452 | prmsd_loss 2.868 | bsz 26010 | num_updates 8787 | best_loss 4.656
2026-06-30 04:57:29 | INFO | unicore.checkpoint_utils | Preparing to save checkpoint for epoch 3 @ 8787 updates
2026-06-30 04:57:29 | INFO | unicore.trainer | Saving checkpoint to ./checkpoint3.pt
2026-06-30 04:57:33 | INFO | unicore.trainer | Finished saving checkpoint to ./checkpoint3.pt
2026-06-30 04:57:33 | INFO | unicore.checkpoint_utils | Saved checkpoint ./checkpoint3.pt (epoch 3 @ 8787 updates, score 4.656) (writing took 4.858176687732339 seconds)
2026-06-30 04:57:33 | INFO | unicore_cli.train | end of epoch 3 (average epoch stats below)
2026-06-30 04:57:33 | INFO | unicore.checkpoint_utils | copy ./checkpoint3.pt to /home/bdldt_team007/DLDockingBenchSeminar/run3/checkpoints/checkpoint3.pt
2026-06-30 04:57:33 | INFO | train | epoch 003 | loss 5.117 | train_loss 5.117 | cross_distance_loss 0.72 | distance_loss 0.349 | coord_loss 3.76 | RMSD 3.759 | prmsd_loss 2.873 | ups 0.07 | bsz 8 | num_updates 8787 | lr 2.23465e-05 | gnorm 13.063 | clip 100 | loss_scale 2 | train_wall 6355.04 | gb_free 33.9 | wall 128804
2026-06-30 04:57:33 | INFO | unicore.tasks.unicore_task | get EpochBatchIterator for epoch 4
2026-06-30 04:57:34 | INFO | unicore.trainer | begin training epoch 4
2026-06-30 04:57:34 | INFO | unicore_cli.train | Start iterating over samples
2026-06-30 04:57:38 | INFO | unicore.checkpoint_utils | copy ./checkpoint3.pt to /home/bdldt_team007/DLDockingBenchSeminar/run3/checkpoints/checkpoint_best.pt
2026-06-30 04:57:41 | INFO | unicore.checkpoint_utils | copy ./checkpoint3.pt to /home/bdldt_team007/DLDockingBenchSeminar/run3/checkpoints/checkpoint_last.pt
2026-06-30 04:57:44 | INFO | unicore.checkpoint_utils | removing temp file ./checkpoint3.pt ...
2026-06-30 04:57:44 | INFO | unicore.checkpoint_utils | finished async ckp saving.
2026-06-30 04:58:00 | INFO | train_inner | epoch 004:     13 / 2931 loss=4.619, train_loss=4.619, cross_distance_loss=0.691, distance_loss=0.294, coord_loss=3.35, RMSD=3.35, prmsd_loss=2.839, ups=0.01, bsz=8, num_updates=8800, lr=2.23323e-05, gnorm=9.999, clip=100, loss_scale=2, train_wall=104.31, gb_free=31, wall=128831
2026-06-30 04:59:39 | INFO | train_inner | epoch 004:     63 / 2931 loss=4.814, train_loss=4.814, cross_distance_loss=0.666, distance_loss=0.346, coord_loss=3.52, RMSD=3.519, prmsd_loss=2.816, ups=0.51, bsz=8, num_updates=8850, lr=2.22779e-05, gnorm=11.893, clip=100, loss_scale=2, train_wall=98.63, gb_free=33.4, wall=128930
2026-06-30 05:01:26 | INFO | train_inner | epoch 004:    113 / 2931 loss=4.488, train_loss=4.488, cross_distance_loss=0.676, distance_loss=0.29, coord_loss=3.238, RMSD=3.238, prmsd_loss=2.841, ups=0.47, bsz=8, num_updates=8900, lr=2.22234e-05, gnorm=9.065, clip=100, loss_scale=2, train_wall=106.85, gb_free=33.1, wall=129037
2026-06-30 05:03:05 | INFO | train_inner | epoch 004:    163 / 2931 loss=4.719, train_loss=4.719, cross_distance_loss=0.669, distance_loss=0.346, coord_loss=3.427, RMSD=3.426, prmsd_loss=2.767, ups=0.5, bsz=8, num_updates=8950, lr=2.2169e-05, gnorm=16.173, clip=100, loss_scale=2, train_wall=99.19, gb_free=32.1, wall=129136
2026-06-30 05:05:02 | INFO | train_inner | epoch 004:    213 / 2931 loss=4.783, train_loss=4.783, cross_distance_loss=0.68, distance_loss=0.34, coord_loss=3.481, RMSD=3.48, prmsd_loss=2.818, ups=0.43, bsz=8, num_updates=9000, lr=2.21145e-05, gnorm=11.067, clip=100, loss_scale=2, train_wall=116.68, gb_free=32.8, wall=129253
2026-06-30 05:05:02 | INFO | unicore_cli.train | begin validation on "valid" subset
2026-06-30 05:05:02 | INFO | unicore.tasks.unicore_task | get EpochBatchIterator for epoch 1
2026-06-30 06:23:17 | INFO | valid | epoch 004 | valid on 'valid' subset | loss 4.488 | valid_loss 4.488 | cross_distance_loss 0.673 | distance_loss 0.238 | coord_loss 3.293 | RMSD 3.292 | prmsd_loss 2.841 | bsz 26010 | num_updates 9000 | best_loss 4.488
2026-06-30 06:23:17 | INFO | unicore.checkpoint_utils | Preparing to save checkpoint for epoch 4 @ 9000 updates
2026-06-30 06:23:17 | INFO | unicore.trainer | Saving checkpoint to ./checkpoint_4_9000.pt
2026-06-30 06:23:21 | INFO | unicore.trainer | Finished saving checkpoint to ./checkpoint_4_9000.pt
2026-06-30 06:23:21 | INFO | unicore.checkpoint_utils | Saved checkpoint ./checkpoint_4_9000.pt (epoch 4 @ 9000 updates, score 4.488) (writing took 4.718785239383578 seconds)
2026-06-30 06:23:21 | INFO | unicore.checkpoint_utils | copy ./checkpoint_4_9000.pt to /home/bdldt_team007/DLDockingBenchSeminar/run3/checkpoints/checkpoint_4_9000.pt
2026-06-30 06:23:27 | INFO | unicore.checkpoint_utils | copy ./checkpoint_4_9000.pt to /home/bdldt_team007/DLDockingBenchSeminar/run3/checkpoints/checkpoint_best.pt
2026-06-30 06:23:29 | INFO | unicore.checkpoint_utils | copy ./checkpoint_4_9000.pt to /home/bdldt_team007/DLDockingBenchSeminar/run3/checkpoints/checkpoint_last.pt
2026-06-30 06:23:32 | INFO | unicore.checkpoint_utils | removing temp file ./checkpoint_4_9000.pt ...
2026-06-30 06:23:32 | INFO | unicore.checkpoint_utils | finished async ckp saving.
2026-06-30 06:25:09 | INFO | train_inner | epoch 004:    263 / 2931 loss=4.673, train_loss=4.673, cross_distance_loss=0.678, distance_loss=0.298, coord_loss=3.417, RMSD=3.416, prmsd_loss=2.816, ups=0.01, bsz=8, num_updates=9050, lr=2.20601e-05, gnorm=12.292, clip=100, loss_scale=2, train_wall=107.58, gb_free=33.1, wall=134060
2026-06-30 06:27:09 | INFO | train_inner | epoch 004:    313 / 2931 loss=4.815, train_loss=4.815, cross_distance_loss=0.692, distance_loss=0.318, coord_loss=3.522, RMSD=3.522, prmsd_loss=2.83, ups=0.42, bsz=8, num_updates=9100, lr=2.20057e-05, gnorm=16.233, clip=100, loss_scale=2, train_wall=119.54, gb_free=32.5, wall=134180
2026-06-30 06:28:50 | INFO | train_inner | epoch 004:    363 / 2931 loss=4.515, train_loss=4.515, cross_distance_loss=0.662, distance_loss=0.302, coord_loss=3.271, RMSD=3.27, prmsd_loss=2.805, ups=0.5, bsz=8, num_updates=9150, lr=2.19512e-05, gnorm=17.931, clip=100, loss_scale=2, train_wall=100.84, gb_free=34.7, wall=134281
2026-06-30 06:30:39 | INFO | train_inner | epoch 004:    413 / 2931 loss=4.671, train_loss=4.671, cross_distance_loss=0.679, distance_loss=0.324, coord_loss=3.386, RMSD=3.386, prmsd_loss=2.826, ups=0.46, bsz=8, num_updates=9200, lr=2.18968e-05, gnorm=14.071, clip=100, loss_scale=2, train_wall=109.56, gb_free=30.7, wall=134390
2026-06-30 06:32:31 | INFO | train_inner | epoch 004:    463 / 2931 loss=4.651, train_loss=4.651, cross_distance_loss=0.663, distance_loss=0.306, coord_loss=3.4, RMSD=3.399, prmsd_loss=2.813, ups=0.45, bsz=8, num_updates=9250, lr=2.18423e-05, gnorm=13.103, clip=100, loss_scale=2, train_wall=111.27, gb_free=33.4, wall=134502
2026-06-30 06:34:16 | INFO | train_inner | epoch 004:    513 / 2931 loss=4.566, train_loss=4.566, cross_distance_loss=0.669, distance_loss=0.306, coord_loss=3.308, RMSD=3.308, prmsd_loss=2.838, ups=0.48, bsz=8, num_updates=9300, lr=2.17879e-05, gnorm=16.566, clip=100, loss_scale=2, train_wall=105.14, gb_free=34.2, wall=134607
2026-06-30 06:35:59 | INFO | train_inner | epoch 004:    563 / 2931 loss=4.473, train_loss=4.473, cross_distance_loss=0.648, distance_loss=0.306, coord_loss=3.242, RMSD=3.241, prmsd_loss=2.778, ups=0.49, bsz=8, num_updates=9350, lr=2.17334e-05, gnorm=14.562, clip=100, loss_scale=2, train_wall=102.57, gb_free=31.8, wall=134710
2026-06-30 06:37:49 | INFO | train_inner | epoch 004:    613 / 2931 loss=4.567, train_loss=4.567, cross_distance_loss=0.663, distance_loss=0.335, coord_loss=3.286, RMSD=3.285, prmsd_loss=2.822, ups=0.45, bsz=8, num_updates=9400, lr=2.1679e-05, gnorm=14.071, clip=100, loss_scale=2, train_wall=110.16, gb_free=29.3, wall=134820
2026-06-30 06:39:38 | INFO | train_inner | epoch 004:    663 / 2931 loss=4.404, train_loss=4.404, cross_distance_loss=0.656, distance_loss=0.343, coord_loss=3.127, RMSD=3.127, prmsd_loss=2.778, ups=0.46, bsz=8, num_updates=9450, lr=2.16246e-05, gnorm=13.463, clip=100, loss_scale=2, train_wall=109.16, gb_free=31.4, wall=134929
2026-06-30 06:41:30 | INFO | train_inner | epoch 004:    713 / 2931 loss=4.793, train_loss=4.793, cross_distance_loss=0.698, distance_loss=0.321, coord_loss=3.491, RMSD=3.49, prmsd_loss=2.829, ups=0.45, bsz=8, num_updates=9500, lr=2.15701e-05, gnorm=12.174, clip=100, loss_scale=2, train_wall=111.58, gb_free=31.7, wall=135041
2026-06-30 06:41:30 | INFO | unicore_cli.train | begin validation on "valid" subset
2026-06-30 06:41:30 | INFO | unicore.tasks.unicore_task | get EpochBatchIterator for epoch 1
2026-06-30 07:56:35 | INFO | valid | epoch 004 | valid on 'valid' subset | loss 4.384 | valid_loss 4.384 | cross_distance_loss 0.649 | distance_loss 0.226 | coord_loss 3.23 | RMSD 3.229 | prmsd_loss 2.789 | bsz 26010 | num_updates 9500 | best_loss 4.384
2026-06-30 07:56:35 | INFO | unicore.checkpoint_utils | Preparing to save checkpoint for epoch 4 @ 9500 updates
2026-06-30 07:56:35 | INFO | unicore.trainer | Saving checkpoint to ./checkpoint_4_9500.pt
2026-06-30 07:56:40 | INFO | unicore.trainer | Finished saving checkpoint to ./checkpoint_4_9500.pt
2026-06-30 07:56:40 | INFO | unicore.checkpoint_utils | Saved checkpoint ./checkpoint_4_9500.pt (epoch 4 @ 9500 updates, score 4.384) (writing took 4.660605130717158 seconds)
2026-06-30 07:56:40 | INFO | unicore.checkpoint_utils | copy ./checkpoint_4_9500.pt to /home/bdldt_team007/DLDockingBenchSeminar/run3/checkpoints/checkpoint_4_9500.pt
2026-06-30 07:56:45 | INFO | unicore.checkpoint_utils | copy ./checkpoint_4_9500.pt to /home/bdldt_team007/DLDockingBenchSeminar/run3/checkpoints/checkpoint_best.pt
2026-06-30 07:56:47 | INFO | unicore.checkpoint_utils | copy ./checkpoint_4_9500.pt to /home/bdldt_team007/DLDockingBenchSeminar/run3/checkpoints/checkpoint_last.pt
2026-06-30 07:56:50 | INFO | unicore.checkpoint_utils | removing temp file ./checkpoint_4_9500.pt ...
2026-06-30 07:56:50 | INFO | unicore.checkpoint_utils | finished async ckp saving.
2026-06-30 07:58:31 | INFO | train_inner | epoch 004:    763 / 2931 loss=4.755, train_loss=4.755, cross_distance_loss=0.683, distance_loss=0.32, coord_loss=3.47, RMSD=3.469, prmsd_loss=2.821, ups=0.01, bsz=8, num_updates=9550, lr=2.15157e-05, gnorm=14.306, clip=100, loss_scale=2, train_wall=111.43, gb_free=32.5, wall=139662
2026-06-30 08:00:10 | INFO | train_inner | epoch 004:    813 / 2931 loss=4.751, train_loss=4.751, cross_distance_loss=0.666, distance_loss=0.344, coord_loss=3.467, RMSD=3.466, prmsd_loss=2.751, ups=0.5, bsz=8, num_updates=9600, lr=2.14612e-05, gnorm=13.073, clip=100, loss_scale=2, train_wall=98.91, gb_free=30.8, wall=139761
2026-06-30 08:01:47 | INFO | train_inner | epoch 004:    863 / 2931 loss=4.79, train_loss=4.79, cross_distance_loss=0.685, distance_loss=0.331, coord_loss=3.494, RMSD=3.494, prmsd_loss=2.799, ups=0.52, bsz=8, num_updates=9650, lr=2.14068e-05, gnorm=13.436, clip=100, loss_scale=2, train_wall=96.54, gb_free=33.7, wall=139858
2026-06-30 08:03:39 | INFO | train_inner | epoch 004:    913 / 2931 loss=4.799, train_loss=4.799, cross_distance_loss=0.672, distance_loss=0.312, coord_loss=3.533, RMSD=3.532, prmsd_loss=2.82, ups=0.44, bsz=8, num_updates=9700, lr=2.13524e-05, gnorm=19.624, clip=100, loss_scale=2, train_wall=112.35, gb_free=31.4, wall=139970
2026-06-30 08:05:17 | INFO | train_inner | epoch 004:    963 / 2931 loss=4.373, train_loss=4.373, cross_distance_loss=0.65, distance_loss=0.27, coord_loss=3.175, RMSD=3.175, prmsd_loss=2.785, ups=0.51, bsz=8, num_updates=9750, lr=2.12979e-05, gnorm=27.367, clip=100, loss_scale=2, train_wall=97.25, gb_free=31.4, wall=140068
2026-06-30 08:07:08 | INFO | train_inner | epoch 004:   1013 / 2931 loss=4.629, train_loss=4.629, cross_distance_loss=0.661, distance_loss=0.339, coord_loss=3.351, RMSD=3.35, prmsd_loss=2.785, ups=0.45, bsz=8, num_updates=9800, lr=2.12435e-05, gnorm=10.996, clip=100, loss_scale=2, train_wall=110.95, gb_free=32.5, wall=140179
2026-06-30 08:08:54 | INFO | train_inner | epoch 004:   1063 / 2931 loss=4.518, train_loss=4.518, cross_distance_loss=0.672, distance_loss=0.322, coord_loss=3.247, RMSD=3.246, prmsd_loss=2.775, ups=0.47, bsz=8, num_updates=9850, lr=2.1189e-05, gnorm=17.49, clip=100, loss_scale=2, train_wall=106.11, gb_free=34.7, wall=140285
2026-06-30 08:10:33 | INFO | train_inner | epoch 004:   1113 / 2931 loss=4.663, train_loss=4.663, cross_distance_loss=0.651, distance_loss=0.298, coord_loss=3.43, RMSD=3.429, prmsd_loss=2.829, ups=0.51, bsz=8, num_updates=9900, lr=2.11346e-05, gnorm=11.898, clip=100, loss_scale=2, train_wall=98.64, gb_free=30.8, wall=140384
2026-06-30 08:12:17 | INFO | train_inner | epoch 004:   1163 / 2931 loss=4.348, train_loss=4.348, cross_distance_loss=0.653, distance_loss=0.318, coord_loss=3.1, RMSD=3.099, prmsd_loss=2.774, ups=0.48, bsz=8, num_updates=9950, lr=2.10801e-05, gnorm=12.269, clip=100, loss_scale=2, train_wall=103.82, gb_free=31.1, wall=140488
2026-06-30 08:14:05 | INFO | train_inner | epoch 004:   1213 / 2931 loss=4.485, train_loss=4.485, cross_distance_loss=0.653, distance_loss=0.315, coord_loss=3.234, RMSD=3.234, prmsd_loss=2.813, ups=0.46, bsz=8, num_updates=10000, lr=2.10257e-05, gnorm=16.75, clip=100, loss_scale=2, train_wall=108.65, gb_free=32.1, wall=140597
2026-06-30 08:14:05 | INFO | unicore_cli.train | begin validation on "valid" subset
2026-06-30 08:14:05 | INFO | unicore.tasks.unicore_task | get EpochBatchIterator for epoch 1
2026-06-30 09:40:39 | INFO | valid | epoch 004 | valid on 'valid' subset | loss 4.328 | valid_loss 4.328 | cross_distance_loss 0.653 | distance_loss 0.237 | coord_loss 3.165 | RMSD 3.165 | prmsd_loss 2.723 | bsz 26010 | num_updates 10000 | best_loss 4.328
2026-06-30 09:40:39 | INFO | unicore.checkpoint_utils | Preparing to save checkpoint for epoch 4 @ 10000 updates
2026-06-30 09:40:39 | INFO | unicore.trainer | Saving checkpoint to ./checkpoint_4_10000.pt
2026-06-30 09:40:44 | INFO | unicore.trainer | Finished saving checkpoint to ./checkpoint_4_10000.pt
2026-06-30 09:40:44 | INFO | unicore.checkpoint_utils | Saved checkpoint ./checkpoint_4_10000.pt (epoch 4 @ 10000 updates, score 4.328) (writing took 4.672184428200126 seconds)
2026-06-30 09:40:44 | INFO | unicore.checkpoint_utils | copy ./checkpoint_4_10000.pt to /home/bdldt_team007/DLDockingBenchSeminar/run3/checkpoints/checkpoint_4_10000.pt
2026-06-30 09:40:49 | INFO | unicore.checkpoint_utils | copy ./checkpoint_4_10000.pt to /home/bdldt_team007/DLDockingBenchSeminar/run3/checkpoints/checkpoint_best.pt
2026-06-30 09:40:52 | INFO | unicore.checkpoint_utils | copy ./checkpoint_4_10000.pt to /home/bdldt_team007/DLDockingBenchSeminar/run3/checkpoints/checkpoint_last.pt
2026-06-30 09:40:54 | INFO | unicore.checkpoint_utils | removing temp file ./checkpoint_4_10000.pt ...
2026-06-30 09:40:55 | INFO | unicore.checkpoint_utils | finished async ckp saving.
2026-06-30 09:42:27 | INFO | train_inner | epoch 004:   1263 / 2931 loss=4.309, train_loss=4.309, cross_distance_loss=0.639, distance_loss=0.294, coord_loss=3.098, RMSD=3.097, prmsd_loss=2.783, ups=0.01, bsz=8, num_updates=10050, lr=2.09713e-05, gnorm=11.329, clip=100, loss_scale=2, train_wall=102.41, gb_free=31.1, wall=145898
2026-06-30 09:44:10 | INFO | train_inner | epoch 004:   1313 / 2931 loss=4.789, train_loss=4.789, cross_distance_loss=0.672, distance_loss=0.365, coord_loss=3.476, RMSD=3.476, prmsd_loss=2.758, ups=0.48, bsz=8, num_updates=10100, lr=2.09168e-05, gnorm=16.466, clip=100, loss_scale=2, train_wall=103.02, gb_free=29.5, wall=146001
2026-06-30 09:45:45 | INFO | train_inner | epoch 004:   1363 / 2931 loss=4.326, train_loss=4.326, cross_distance_loss=0.634, distance_loss=0.289, coord_loss=3.125, RMSD=3.124, prmsd_loss=2.784, ups=0.52, bsz=8, num_updates=10150, lr=2.08624e-05, gnorm=14.246, clip=100, loss_scale=2, train_wall=95.24, gb_free=33.9, wall=146096
2026-06-30 09:47:28 | INFO | train_inner | epoch 004:   1413 / 2931 loss=4.471, train_loss=4.471, cross_distance_loss=0.659, distance_loss=0.308, coord_loss=3.225, RMSD=3.224, prmsd_loss=2.79, ups=0.49, bsz=8, num_updates=10200, lr=2.08079e-05, gnorm=9.917, clip=100, loss_scale=2, train_wall=102.7, gb_free=33.1, wall=146199
2026-06-30 09:49:19 | INFO | train_inner | epoch 004:   1463 / 2931 loss=4.489, train_loss=4.489, cross_distance_loss=0.647, distance_loss=0.305, coord_loss=3.261, RMSD=3.26, prmsd_loss=2.757, ups=0.45, bsz=8, num_updates=10250, lr=2.07535e-05, gnorm=12.165, clip=100, loss_scale=2, train_wall=111.39, gb_free=32.5, wall=146310
2026-06-30 09:51:03 | INFO | train_inner | epoch 004:   1513 / 2931 loss=4.636, train_loss=4.636, cross_distance_loss=0.667, distance_loss=0.341, coord_loss=3.354, RMSD=3.353, prmsd_loss=2.736, ups=0.48, bsz=8, num_updates=10300, lr=2.0699e-05, gnorm=20.941, clip=100, loss_scale=2, train_wall=103.53, gb_free=32.1, wall=146414
2026-06-30 09:52:51 | INFO | train_inner | epoch 004:   1563 / 2931 loss=4.488, train_loss=4.488, cross_distance_loss=0.659, distance_loss=0.317, coord_loss=3.238, RMSD=3.238, prmsd_loss=2.731, ups=0.46, bsz=8, num_updates=10350, lr=2.06446e-05, gnorm=17.909, clip=100, loss_scale=2, train_wall=107.65, gb_free=32.8, wall=146522
2026-06-30 09:54:27 | INFO | train_inner | epoch 004:   1613 / 2931 loss=4.335, train_loss=4.335, cross_distance_loss=0.645, distance_loss=0.281, coord_loss=3.129, RMSD=3.128, prmsd_loss=2.797, ups=0.52, bsz=8, num_updates=10400, lr=2.05902e-05, gnorm=12.212, clip=100, loss_scale=2, train_wall=95.84, gb_free=34.2, wall=146618
2026-06-30 09:56:11 | INFO | train_inner | epoch 004:   1663 / 2931 loss=4.424, train_loss=4.424, cross_distance_loss=0.65, distance_loss=0.302, coord_loss=3.194, RMSD=3.193, prmsd_loss=2.793, ups=0.48, bsz=8, num_updates=10450, lr=2.05357e-05, gnorm=10.876, clip=100, loss_scale=2, train_wall=103.68, gb_free=30.7, wall=146722
2026-06-30 09:57:50 | INFO | train_inner | epoch 004:   1713 / 2931 loss=4.276, train_loss=4.276, cross_distance_loss=0.634, distance_loss=0.318, coord_loss=3.053, RMSD=3.052, prmsd_loss=2.712, ups=0.5, bsz=8, num_updates=10500, lr=2.04813e-05, gnorm=15.451, clip=100, loss_scale=2, train_wall=99.05, gb_free=32.4, wall=146821
2026-06-30 09:57:50 | INFO | unicore_cli.train | begin validation on "valid" subset
2026-06-30 09:57:50 | INFO | unicore.tasks.unicore_task | get EpochBatchIterator for epoch 1
2026-06-30 11:05:47 | INFO | valid | epoch 004 | valid on 'valid' subset | loss 4.146 | valid_loss 4.146 | cross_distance_loss 0.641 | distance_loss 0.226 | coord_loss 3.009 | RMSD 3.008 | prmsd_loss 2.694 | bsz 26010 | num_updates 10500 | best_loss 4.146
2026-06-30 11:05:47 | INFO | unicore.checkpoint_utils | Preparing to save checkpoint for epoch 4 @ 10500 updates
2026-06-30 11:05:47 | INFO | unicore.trainer | Saving checkpoint to ./checkpoint_4_10500.pt
2026-06-30 11:05:52 | INFO | unicore.trainer | Finished saving checkpoint to ./checkpoint_4_10500.pt
2026-06-30 11:05:52 | INFO | unicore.checkpoint_utils | Saved checkpoint ./checkpoint_4_10500.pt (epoch 4 @ 10500 updates, score 4.146) (writing took 4.589743768796325 seconds)
2026-06-30 11:05:52 | INFO | unicore.checkpoint_utils | copy ./checkpoint_4_10500.pt to /home/bdldt_team007/DLDockingBenchSeminar/run3/checkpoints/checkpoint_4_10500.pt
2026-06-30 11:05:57 | INFO | unicore.checkpoint_utils | copy ./checkpoint_4_10500.pt to /home/bdldt_team007/DLDockingBenchSeminar/run3/checkpoints/checkpoint_best.pt
2026-06-30 11:05:59 | INFO | unicore.checkpoint_utils | copy ./checkpoint_4_10500.pt to /home/bdldt_team007/DLDockingBenchSeminar/run3/checkpoints/checkpoint_last.pt
2026-06-30 11:06:02 | INFO | unicore.checkpoint_utils | removing temp file ./checkpoint_4_10500.pt ...
2026-06-30 11:06:02 | INFO | unicore.checkpoint_utils | finished async ckp saving.
2026-06-30 11:07:25 | INFO | train_inner | epoch 004:   1763 / 2931 loss=4.157, train_loss=4.157, cross_distance_loss=0.642, distance_loss=0.27, coord_loss=2.968, RMSD=2.967, prmsd_loss=2.77, ups=0.01, bsz=8, num_updates=10550, lr=2.04268e-05, gnorm=11.682, clip=100, loss_scale=2, train_wall=93.43, gb_free=33, wall=150996
2026-06-30 11:09:12 | INFO | train_inner | epoch 004:   1813 / 2931 loss=4.349, train_loss=4.349, cross_distance_loss=0.636, distance_loss=0.305, coord_loss=3.134, RMSD=3.134, prmsd_loss=2.733, ups=0.47, bsz=8, num_updates=10600, lr=2.03724e-05, gnorm=18.697, clip=100, loss_scale=2, train_wall=106.35, gb_free=32.2, wall=151103
2026-06-30 11:10:56 | INFO | train_inner | epoch 004:   1863 / 2931 loss=4.371, train_loss=4.371, cross_distance_loss=0.639, distance_loss=0.295, coord_loss=3.165, RMSD=3.164, prmsd_loss=2.717, ups=0.48, bsz=8, num_updates=10650, lr=2.03179e-05, gnorm=12.089, clip=100, loss_scale=2, train_wall=104.2, gb_free=31.1, wall=151207
2026-06-30 11:12:47 | INFO | train_inner | epoch 004:   1913 / 2931 loss=4.448, train_loss=4.448, cross_distance_loss=0.651, distance_loss=0.296, coord_loss=3.226, RMSD=3.225, prmsd_loss=2.75, ups=0.45, bsz=8, num_updates=10700, lr=2.02635e-05, gnorm=16.054, clip=100, loss_scale=2, train_wall=110.82, gb_free=31.5, wall=151318
2026-06-30 11:14:24 | INFO | train_inner | epoch 004:   1963 / 2931 loss=4.131, train_loss=4.131, cross_distance_loss=0.614, distance_loss=0.31, coord_loss=2.934, RMSD=2.933, prmsd_loss=2.739, ups=0.51, bsz=8, num_updates=10750, lr=2.02091e-05, gnorm=15.613, clip=100, loss_scale=2, train_wall=97.2, gb_free=33.4, wall=151415
2026-06-30 11:16:01 | INFO | train_inner | epoch 004:   2013 / 2931 loss=4.305, train_loss=4.305, cross_distance_loss=0.635, distance_loss=0.305, coord_loss=3.091, RMSD=3.091, prmsd_loss=2.738, ups=0.52, bsz=8, num_updates=10800, lr=2.01546e-05, gnorm=12.214, clip=100, loss_scale=2, train_wall=96.96, gb_free=32.2, wall=151512
2026-06-30 11:17:45 | INFO | train_inner | epoch 004:   2063 / 2931 loss=4.457, train_loss=4.457, cross_distance_loss=0.642, distance_loss=0.336, coord_loss=3.201, RMSD=3.201, prmsd_loss=2.774, ups=0.48, bsz=8, num_updates=10850, lr=2.01002e-05, gnorm=15.527, clip=100, loss_scale=2, train_wall=103.67, gb_free=33.3, wall=151616
2026-06-30 11:19:17 | INFO | train_inner | epoch 004:   2113 / 2931 loss=4.277, train_loss=4.277, cross_distance_loss=0.636, distance_loss=0.289, coord_loss=3.075, RMSD=3.075, prmsd_loss=2.761, ups=0.54, bsz=8, num_updates=10900, lr=2.00457e-05, gnorm=12.357, clip=100, loss_scale=2, train_wall=92.02, gb_free=33.6, wall=151708
2026-06-30 11:20:58 | INFO | train_inner | epoch 004:   2163 / 2931 loss=4.655, train_loss=4.655, cross_distance_loss=0.676, distance_loss=0.338, coord_loss=3.367, RMSD=3.366, prmsd_loss=2.745, ups=0.49, bsz=8, num_updates=10950, lr=1.99913e-05, gnorm=15.125, clip=100, loss_scale=2, train_wall=101.18, gb_free=32.5, wall=151810
2026-06-30 11:22:36 | INFO | train_inner | epoch 004:   2213 / 2931 loss=4.321, train_loss=4.321, cross_distance_loss=0.642, distance_loss=0.319, coord_loss=3.089, RMSD=3.088, prmsd_loss=2.719, ups=0.51, bsz=8, num_updates=11000, lr=1.99368e-05, gnorm=18.573, clip=100, loss_scale=2, train_wall=97.28, gb_free=33.1, wall=151907
2026-06-30 11:22:36 | INFO | unicore_cli.train | begin validation on "valid" subset
2026-06-30 11:22:36 | INFO | unicore.tasks.unicore_task | get EpochBatchIterator for epoch 1
2026-06-30 12:34:31 | INFO | valid | epoch 004 | valid on 'valid' subset | loss 4.051 | valid_loss 4.051 | cross_distance_loss 0.629 | distance_loss 0.222 | coord_loss 2.933 | RMSD 2.933 | prmsd_loss 2.678 | bsz 26010 | num_updates 11000 | best_loss 4.051
2026-06-30 12:34:31 | INFO | unicore.checkpoint_utils | Preparing to save checkpoint for epoch 4 @ 11000 updates
2026-06-30 12:34:31 | INFO | unicore.trainer | Saving checkpoint to ./checkpoint_4_11000.pt
2026-06-30 12:34:36 | INFO | unicore.trainer | Finished saving checkpoint to ./checkpoint_4_11000.pt
2026-06-30 12:34:36 | INFO | unicore.checkpoint_utils | Saved checkpoint ./checkpoint_4_11000.pt (epoch 4 @ 11000 updates, score 4.051) (writing took 4.976588374003768 seconds)
2026-06-30 12:34:36 | INFO | unicore.checkpoint_utils | copy ./checkpoint_4_11000.pt to /home/bdldt_team007/DLDockingBenchSeminar/run3/checkpoints/checkpoint_4_11000.pt
2026-06-30 12:34:41 | INFO | unicore.checkpoint_utils | copy ./checkpoint_4_11000.pt to /home/bdldt_team007/DLDockingBenchSeminar/run3/checkpoints/checkpoint_best.pt
2026-06-30 12:34:44 | INFO | unicore.checkpoint_utils | copy ./checkpoint_4_11000.pt to /home/bdldt_team007/DLDockingBenchSeminar/run3/checkpoints/checkpoint_last.pt
2026-06-30 12:34:47 | INFO | unicore.checkpoint_utils | removing temp file ./checkpoint_4_11000.pt ...
2026-06-30 12:34:47 | INFO | unicore.checkpoint_utils | finished async ckp saving.
2026-06-30 12:36:23 | INFO | train_inner | epoch 004:   2263 / 2931 loss=4.467, train_loss=4.467, cross_distance_loss=0.644, distance_loss=0.32, coord_loss=3.227, RMSD=3.226, prmsd_loss=2.765, ups=0.01, bsz=8, num_updates=11050, lr=1.98824e-05, gnorm=22.078, clip=100, loss_scale=2, train_wall=106.04, gb_free=31.8, wall=156334
2026-06-30 12:38:10 | INFO | train_inner | epoch 004:   2313 / 2931 loss=4.185, train_loss=4.185, cross_distance_loss=0.629, distance_loss=0.279, coord_loss=3.004, RMSD=3.004, prmsd_loss=2.722, ups=0.47, bsz=8, num_updates=11100, lr=1.9828e-05, gnorm=11.769, clip=100, loss_scale=2, train_wall=107.42, gb_free=32.1, wall=156441
2026-06-30 12:40:04 | INFO | train_inner | epoch 004:   2363 / 2931 loss=4.237, train_loss=4.237, cross_distance_loss=0.645, distance_loss=0.286, coord_loss=3.027, RMSD=3.027, prmsd_loss=2.786, ups=0.44, bsz=8, num_updates=11150, lr=1.97735e-05, gnorm=18.332, clip=100, loss_scale=2, train_wall=113.35, gb_free=33.6, wall=156555
2026-06-30 12:42:02 | INFO | train_inner | epoch 004:   2413 / 2931 loss=4.331, train_loss=4.331, cross_distance_loss=0.639, distance_loss=0.305, coord_loss=3.112, RMSD=3.111, prmsd_loss=2.751, ups=0.42, bsz=8, num_updates=11200, lr=1.97191e-05, gnorm=12.202, clip=100, loss_scale=2, train_wall=118.5, gb_free=33.4, wall=156673
2026-06-30 12:43:40 | INFO | train_inner | epoch 004:   2463 / 2931 loss=4.214, train_loss=4.214, cross_distance_loss=0.633, distance_loss=0.27, coord_loss=3.037, RMSD=3.036, prmsd_loss=2.735, ups=0.51, bsz=8, num_updates=11250, lr=1.96646e-05, gnorm=12.884, clip=100, loss_scale=2, train_wall=97.91, gb_free=30.3, wall=156771
2026-06-30 12:45:24 | INFO | train_inner | epoch 004:   2513 / 2931 loss=4.499, train_loss=4.499, cross_distance_loss=0.651, distance_loss=0.34, coord_loss=3.239, RMSD=3.238, prmsd_loss=2.689, ups=0.48, bsz=8, num_updates=11300, lr=1.96102e-05, gnorm=14.085, clip=100, loss_scale=2, train_wall=103.81, gb_free=33.7, wall=156875
2026-06-30 12:47:02 | INFO | train_inner | epoch 004:   2563 / 2931 loss=3.996, train_loss=3.996, cross_distance_loss=0.614, distance_loss=0.27, coord_loss=2.839, RMSD=2.838, prmsd_loss=2.724, ups=0.51, bsz=8, num_updates=11350, lr=1.95557e-05, gnorm=13.23, clip=100, loss_scale=2, train_wall=98.15, gb_free=31.1, wall=156973
2026-06-30 12:49:08 | INFO | train_inner | epoch 004:   2613 / 2931 loss=4.728, train_loss=4.728, cross_distance_loss=0.669, distance_loss=0.416, coord_loss=3.371, RMSD=3.37, prmsd_loss=2.722, ups=0.4, bsz=8, num_updates=11400, lr=1.95013e-05, gnorm=26.625, clip=100, loss_scale=2, train_wall=125.17, gb_free=34.2, wall=157099
2026-06-30 12:50:58 | INFO | train_inner | epoch 004:   2663 / 2931 loss=4.278, train_loss=4.278, cross_distance_loss=0.615, distance_loss=0.333, coord_loss=3.059, RMSD=3.059, prmsd_loss=2.703, ups=0.45, bsz=8, num_updates=11450, lr=1.94469e-05, gnorm=19.274, clip=100, loss_scale=2, train_wall=110.32, gb_free=33.4, wall=157209
2026-06-30 12:52:53 | INFO | train_inner | epoch 004:   2713 / 2931 loss=4.542, train_loss=4.542, cross_distance_loss=0.653, distance_loss=0.359, coord_loss=3.257, RMSD=3.257, prmsd_loss=2.718, ups=0.43, bsz=8, num_updates=11500, lr=1.93924e-05, gnorm=25.228, clip=100, loss_scale=2, train_wall=114.99, gb_free=31.4, wall=157324
2026-06-30 12:52:53 | INFO | unicore_cli.train | begin validation on "valid" subset
2026-06-30 12:52:53 | INFO | unicore.tasks.unicore_task | get EpochBatchIterator for epoch 1
2026-06-30 14:10:57 | INFO | valid | epoch 004 | valid on 'valid' subset | loss 4.068 | valid_loss 4.068 | cross_distance_loss 0.633 | distance_loss 0.216 | coord_loss 2.952 | RMSD 2.951 | prmsd_loss 2.674 | bsz 26010 | num_updates 11500 | best_loss 4.051
2026-06-30 14:10:57 | INFO | unicore.checkpoint_utils | Preparing to save checkpoint for epoch 4 @ 11500 updates
2026-06-30 14:10:57 | INFO | unicore.trainer | Saving checkpoint to ./checkpoint_4_11500.pt
2026-06-30 14:11:01 | INFO | unicore.trainer | Finished saving checkpoint to ./checkpoint_4_11500.pt
2026-06-30 14:11:01 | INFO | unicore.checkpoint_utils | Saved checkpoint ./checkpoint_4_11500.pt (epoch 4 @ 11500 updates, score 4.068) (writing took 4.490954088047147 seconds)
2026-06-30 14:11:01 | INFO | unicore.checkpoint_utils | copy ./checkpoint_4_11500.pt to /home/bdldt_team007/DLDockingBenchSeminar/run3/checkpoints/checkpoint_4_11500.pt
2026-06-30 14:11:06 | INFO | unicore.checkpoint_utils | copy ./checkpoint_4_11500.pt to /home/bdldt_team007/DLDockingBenchSeminar/run3/checkpoints/checkpoint_last.pt
2026-06-30 14:11:09 | INFO | unicore.checkpoint_utils | removing temp file ./checkpoint_4_11500.pt ...
2026-06-30 14:11:09 | INFO | unicore.checkpoint_utils | finished async ckp saving.
2026-06-30 14:12:50 | INFO | train_inner | epoch 004:   2763 / 2931 loss=4.32, train_loss=4.32, cross_distance_loss=0.64, distance_loss=0.319, coord_loss=3.089, RMSD=3.088, prmsd_loss=2.722, ups=0.01, bsz=8, num_updates=11550, lr=1.9338e-05, gnorm=19.38, clip=100, loss_scale=2, train_wall=108.08, gb_free=32.8, wall=162121
2026-06-30 14:14:22 | INFO | train_inner | epoch 004:   2813 / 2931 loss=4.074, train_loss=4.074, cross_distance_loss=0.613, distance_loss=0.243, coord_loss=2.942, RMSD=2.941, prmsd_loss=2.76, ups=0.54, bsz=8, num_updates=11600, lr=1.92835e-05, gnorm=23.923, clip=100, loss_scale=2, train_wall=92.22, gb_free=33, wall=162213
2026-06-30 14:16:13 | INFO | train_inner | epoch 004:   2863 / 2931 loss=4.441, train_loss=4.441, cross_distance_loss=0.634, distance_loss=0.357, coord_loss=3.18, RMSD=3.18, prmsd_loss=2.701, ups=0.45, bsz=8, num_updates=11650, lr=1.92291e-05, gnorm=20.918, clip=100, loss_scale=2, train_wall=110.57, gb_free=34.2, wall=162324
2026-06-30 14:17:54 | INFO | train_inner | epoch 004:   2913 / 2931 loss=4.285, train_loss=4.285, cross_distance_loss=0.636, distance_loss=0.298, coord_loss=3.077, RMSD=3.076, prmsd_loss=2.741, ups=0.49, bsz=8, num_updates=11700, lr=1.91747e-05, gnorm=19.721, clip=100, loss_scale=2, train_wall=101.53, gb_free=33.5, wall=162425
2026-06-30 14:18:29 | INFO | unicore_cli.train | begin validation on "valid" subset
2026-06-30 14:18:29 | INFO | unicore.tasks.unicore_task | get EpochBatchIterator for epoch 1
2026-06-30 15:32:10 | INFO | valid | epoch 004 | valid on 'valid' subset | loss 4.001 | valid_loss 4.001 | cross_distance_loss 0.626 | distance_loss 0.211 | coord_loss 2.893 | RMSD 2.892 | prmsd_loss 2.696 | bsz 26010 | num_updates 11718 | best_loss 4.001
2026-06-30 15:32:10 | INFO | unicore.checkpoint_utils | Preparing to save checkpoint for epoch 4 @ 11718 updates
2026-06-30 15:32:10 | INFO | unicore.trainer | Saving checkpoint to ./checkpoint4.pt
2026-06-30 15:32:14 | INFO | unicore.trainer | Finished saving checkpoint to ./checkpoint4.pt
2026-06-30 15:32:14 | INFO | unicore.checkpoint_utils | Saved checkpoint ./checkpoint4.pt (epoch 4 @ 11718 updates, score 4.001) (writing took 4.491923378780484 seconds)
2026-06-30 15:32:14 | INFO | unicore_cli.train | end of epoch 4 (average epoch stats below)
2026-06-30 15:32:14 | INFO | unicore.checkpoint_utils | copy ./checkpoint4.pt to /home/bdldt_team007/DLDockingBenchSeminar/run3/checkpoints/checkpoint4.pt
2026-06-30 15:32:14 | INFO | train | epoch 004 | loss 4.475 | train_loss 4.475 | cross_distance_loss 0.653 | distance_loss 0.314 | coord_loss 3.231 | RMSD 3.23 | prmsd_loss 2.77 | ups 0.08 | bsz 8 | num_updates 11718 | lr 1.91551e-05 | gnorm 15.469 | clip 100 | loss_scale 2 | train_wall 6149.6 | gb_free 33.4 | wall 166885
2026-06-30 15:32:14 | INFO | unicore.tasks.unicore_task | get EpochBatchIterator for epoch 5
2026-06-30 15:32:14 | INFO | unicore.trainer | begin training epoch 5
2026-06-30 15:32:14 | INFO | unicore_cli.train | Start iterating over samples
2026-06-30 15:32:19 | INFO | unicore.checkpoint_utils | copy ./checkpoint4.pt to /home/bdldt_team007/DLDockingBenchSeminar/run3/checkpoints/checkpoint_best.pt
2026-06-30 15:32:22 | INFO | unicore.checkpoint_utils | copy ./checkpoint4.pt to /home/bdldt_team007/DLDockingBenchSeminar/run3/checkpoints/checkpoint_last.pt
2026-06-30 15:32:24 | INFO | unicore.checkpoint_utils | removing temp file ./checkpoint4.pt ...
2026-06-30 15:32:25 | INFO | unicore.checkpoint_utils | finished async ckp saving.
2026-06-30 15:33:33 | INFO | train_inner | epoch 005:     32 / 2931 loss=4.213, train_loss=4.213, cross_distance_loss=0.628, distance_loss=0.282, coord_loss=3.03, RMSD=3.03, prmsd_loss=2.724, ups=0.01, bsz=8, num_updates=11750, lr=1.91202e-05, gnorm=16.128, clip=100, loss_scale=2, train_wall=112.7, gb_free=32.5, wall=166964
2026-06-30 15:35:23 | INFO | train_inner | epoch 005:     82 / 2931 loss=4.094, train_loss=4.094, cross_distance_loss=0.621, distance_loss=0.273, coord_loss=2.931, RMSD=2.93, prmsd_loss=2.679, ups=0.45, bsz=8, num_updates=11800, lr=1.90658e-05, gnorm=15.839, clip=100, loss_scale=2, train_wall=110.35, gb_free=34, wall=167074
2026-06-30 15:37:17 | INFO | train_inner | epoch 005:    132 / 2931 loss=4.16, train_loss=4.16, cross_distance_loss=0.615, distance_loss=0.285, coord_loss=2.987, RMSD=2.986, prmsd_loss=2.738, ups=0.44, bsz=8, num_updates=11850, lr=1.90113e-05, gnorm=12.548, clip=100, loss_scale=2, train_wall=113.93, gb_free=32.8, wall=167188
2026-06-30 15:39:05 | INFO | train_inner | epoch 005:    182 / 2931 loss=4.074, train_loss=4.074, cross_distance_loss=0.609, distance_loss=0.284, coord_loss=2.913, RMSD=2.913, prmsd_loss=2.689, ups=0.46, bsz=8, num_updates=11900, lr=1.89569e-05, gnorm=15.299, clip=100, loss_scale=2, train_wall=107.85, gb_free=31.4, wall=167296
2026-06-30 15:40:49 | INFO | train_inner | epoch 005:    232 / 2931 loss=4.323, train_loss=4.323, cross_distance_loss=0.63, distance_loss=0.313, coord_loss=3.107, RMSD=3.107, prmsd_loss=2.73, ups=0.48, bsz=8, num_updates=11950, lr=1.89024e-05, gnorm=12.406, clip=100, loss_scale=2, train_wall=103.35, gb_free=32.1, wall=167400
2026-06-30 15:42:37 | INFO | train_inner | epoch 005:    282 / 2931 loss=4.264, train_loss=4.264, cross_distance_loss=0.62, distance_loss=0.298, coord_loss=3.072, RMSD=3.072, prmsd_loss=2.733, ups=0.46, bsz=8, num_updates=12000, lr=1.8848e-05, gnorm=10.101, clip=100, loss_scale=2, train_wall=108.28, gb_free=32.8, wall=167508
2026-06-30 15:42:37 | INFO | unicore_cli.train | begin validation on "valid" subset
2026-06-30 15:42:37 | INFO | unicore.tasks.unicore_task | get EpochBatchIterator for epoch 1
2026-06-30 17:02:28 | INFO | valid | epoch 005 | valid on 'valid' subset | loss 4.008 | valid_loss 4.008 | cross_distance_loss 0.613 | distance_loss 0.212 | coord_loss 2.917 | RMSD 2.916 | prmsd_loss 2.653 | bsz 26010 | num_updates 12000 | best_loss 4.001
2026-06-30 17:02:28 | INFO | unicore.checkpoint_utils | Preparing to save checkpoint for epoch 5 @ 12000 updates
2026-06-30 17:02:28 | INFO | unicore.trainer | Saving checkpoint to ./checkpoint_5_12000.pt
2026-06-30 17:02:32 | INFO | unicore.trainer | Finished saving checkpoint to ./checkpoint_5_12000.pt
2026-06-30 17:02:33 | INFO | unicore.checkpoint_utils | Saved checkpoint ./checkpoint_5_12000.pt (epoch 5 @ 12000 updates, score 4.008) (writing took 4.835043346509337 seconds)
2026-06-30 17:02:33 | INFO | unicore.checkpoint_utils | copy ./checkpoint_5_12000.pt to /home/bdldt_team007/DLDockingBenchSeminar/run3/checkpoints/checkpoint_5_12000.pt
2026-06-30 17:02:38 | INFO | unicore.checkpoint_utils | copy ./checkpoint_5_12000.pt to /home/bdldt_team007/DLDockingBenchSeminar/run3/checkpoints/checkpoint_last.pt
2026-06-30 17:02:40 | INFO | unicore.checkpoint_utils | removing temp file ./checkpoint_5_12000.pt ...
2026-06-30 17:02:41 | INFO | unicore.checkpoint_utils | finished async ckp saving.
2026-06-30 17:04:19 | INFO | train_inner | epoch 005:    332 / 2931 loss=4.333, train_loss=4.333, cross_distance_loss=0.613, distance_loss=0.329, coord_loss=3.125, RMSD=3.124, prmsd_loss=2.657, ups=0.01, bsz=8, num_updates=12050, lr=1.87936e-05, gnorm=20.736, clip=100, loss_scale=2, train_wall=106.49, gb_free=33.6, wall=172410
2026-06-30 17:06:06 | INFO | train_inner | epoch 005:    382 / 2931 loss=4.233, train_loss=4.233, cross_distance_loss=0.627, distance_loss=0.297, coord_loss=3.035, RMSD=3.035, prmsd_loss=2.746, ups=0.47, bsz=8, num_updates=12100, lr=1.87391e-05, gnorm=13.416, clip=100, loss_scale=2, train_wall=107.01, gb_free=33.1, wall=172517
2026-06-30 17:07:49 | INFO | train_inner | epoch 005:    432 / 2931 loss=3.999, train_loss=3.999, cross_distance_loss=0.599, distance_loss=0.273, coord_loss=2.858, RMSD=2.857, prmsd_loss=2.697, ups=0.49, bsz=8, num_updates=12150, lr=1.86847e-05, gnorm=13.902, clip=100, loss_scale=2, train_wall=102.5, gb_free=31.1, wall=172620
2026-06-30 17:09:30 | INFO | train_inner | epoch 005:    482 / 2931 loss=4.167, train_loss=4.167, cross_distance_loss=0.608, distance_loss=0.303, coord_loss=2.987, RMSD=2.987, prmsd_loss=2.699, ups=0.5, bsz=8, num_updates=12200, lr=1.86302e-05, gnorm=17.307, clip=100, loss_scale=2, train_wall=100.8, gb_free=32.1, wall=172721
2026-06-30 17:11:16 | INFO | train_inner | epoch 005:    532 / 2931 loss=3.91, train_loss=3.91, cross_distance_loss=0.612, distance_loss=0.277, coord_loss=2.751, RMSD=2.75, prmsd_loss=2.694, ups=0.47, bsz=8, num_updates=12250, lr=1.85758e-05, gnorm=13.512, clip=100, loss_scale=2, train_wall=105.8, gb_free=33.4, wall=172827
2026-06-30 17:13:13 | INFO | train_inner | epoch 005:    582 / 2931 loss=4.184, train_loss=4.184, cross_distance_loss=0.613, distance_loss=0.301, coord_loss=3, RMSD=2.999, prmsd_loss=2.706, ups=0.43, bsz=8, num_updates=12300, lr=1.85213e-05, gnorm=17.794, clip=100, loss_scale=2, train_wall=117.05, gb_free=32.8, wall=172944
2026-06-30 17:14:54 | INFO | train_inner | epoch 005:    632 / 2931 loss=4.017, train_loss=4.017, cross_distance_loss=0.609, distance_loss=0.282, coord_loss=2.857, RMSD=2.856, prmsd_loss=2.689, ups=0.5, bsz=8, num_updates=12350, lr=1.84669e-05, gnorm=12.293, clip=100, loss_scale=2, train_wall=100.81, gb_free=33.6, wall=173045
2026-06-30 17:16:37 | INFO | train_inner | epoch 005:    682 / 2931 loss=4.121, train_loss=4.121, cross_distance_loss=0.608, distance_loss=0.282, coord_loss=2.964, RMSD=2.963, prmsd_loss=2.67, ups=0.49, bsz=8, num_updates=12400, lr=1.84125e-05, gnorm=20.037, clip=100, loss_scale=2, train_wall=102.5, gb_free=33.4, wall=173148
2026-06-30 17:18:16 | INFO | train_inner | epoch 005:    732 / 2931 loss=4.06, train_loss=4.06, cross_distance_loss=0.613, distance_loss=0.279, coord_loss=2.896, RMSD=2.896, prmsd_loss=2.709, ups=0.5, bsz=8, num_updates=12450, lr=1.8358e-05, gnorm=14.479, clip=100, loss_scale=2, train_wall=99.12, gb_free=33.1, wall=173247
2026-06-30 17:19:51 | INFO | train_inner | epoch 005:    782 / 2931 loss=4.161, train_loss=4.161, cross_distance_loss=0.618, distance_loss=0.288, coord_loss=2.984, RMSD=2.983, prmsd_loss=2.705, ups=0.53, bsz=8, num_updates=12500, lr=1.83036e-05, gnorm=15.288, clip=100, loss_scale=2, train_wall=94.94, gb_free=32.1, wall=173342
2026-06-30 17:19:51 | INFO | unicore_cli.train | begin validation on "valid" subset
2026-06-30 17:19:51 | INFO | unicore.tasks.unicore_task | get EpochBatchIterator for epoch 1
2026-06-30 18:37:25 | INFO | valid | epoch 005 | valid on 'valid' subset | loss 3.941 | valid_loss 3.941 | cross_distance_loss 0.597 | distance_loss 0.219 | coord_loss 2.865 | RMSD 2.865 | prmsd_loss 2.603 | bsz 26010 | num_updates 12500 | best_loss 3.941
2026-06-30 18:37:25 | INFO | unicore.checkpoint_utils | Preparing to save checkpoint for epoch 5 @ 12500 updates
2026-06-30 18:37:25 | INFO | unicore.trainer | Saving checkpoint to ./checkpoint_5_12500.pt
2026-06-30 18:37:29 | INFO | unicore.trainer | Finished saving checkpoint to ./checkpoint_5_12500.pt
2026-06-30 18:37:29 | INFO | unicore.checkpoint_utils | Saved checkpoint ./checkpoint_5_12500.pt (epoch 5 @ 12500 updates, score 3.941) (writing took 4.641838761046529 seconds)
2026-06-30 18:37:29 | INFO | unicore.checkpoint_utils | copy ./checkpoint_5_12500.pt to /home/bdldt_team007/DLDockingBenchSeminar/run3/checkpoints/checkpoint_5_12500.pt
2026-06-30 18:37:34 | INFO | unicore.checkpoint_utils | copy ./checkpoint_5_12500.pt to /home/bdldt_team007/DLDockingBenchSeminar/run3/checkpoints/checkpoint_best.pt
2026-06-30 18:37:37 | INFO | unicore.checkpoint_utils | copy ./checkpoint_5_12500.pt to /home/bdldt_team007/DLDockingBenchSeminar/run3/checkpoints/checkpoint_last.pt
2026-06-30 18:37:40 | INFO | unicore.checkpoint_utils | removing temp file ./checkpoint_5_12500.pt ...
2026-06-30 18:37:40 | INFO | unicore.checkpoint_utils | finished async ckp saving.
2026-06-30 18:39:16 | INFO | train_inner | epoch 005:    832 / 2931 loss=4.174, train_loss=4.174, cross_distance_loss=0.607, distance_loss=0.299, coord_loss=2.997, RMSD=2.996, prmsd_loss=2.708, ups=0.01, bsz=8, num_updates=12550, lr=1.82491e-05, gnorm=14.044, clip=100, loss_scale=2, train_wall=106.56, gb_free=34, wall=178107
2026-06-30 18:40:56 | INFO | train_inner | epoch 005:    882 / 2931 loss=4.2, train_loss=4.2, cross_distance_loss=0.617, distance_loss=0.292, coord_loss=3.023, RMSD=3.022, prmsd_loss=2.677, ups=0.5, bsz=8, num_updates=12600, lr=1.81947e-05, gnorm=15.096, clip=100, loss_scale=2, train_wall=99.54, gb_free=33.1, wall=178207
2026-06-30 18:42:34 | INFO | train_inner | epoch 005:    932 / 2931 loss=4, train_loss=4, cross_distance_loss=0.597, distance_loss=0.25, coord_loss=2.883, RMSD=2.883, prmsd_loss=2.7, ups=0.51, bsz=8, num_updates=12650, lr=1.81402e-05, gnorm=18.522, clip=100, loss_scale=2, train_wall=98.4, gb_free=29.1, wall=178305
2026-06-30 18:44:12 | INFO | train_inner | epoch 005:    982 / 2931 loss=4.058, train_loss=4.058, cross_distance_loss=0.612, distance_loss=0.3, coord_loss=2.882, RMSD=2.882, prmsd_loss=2.644, ups=0.51, bsz=8, num_updates=12700, lr=1.80858e-05, gnorm=15.038, clip=100, loss_scale=2, train_wall=97.79, gb_free=33.4, wall=178403
2026-06-30 18:46:02 | INFO | train_inner | epoch 005:   1032 / 2931 loss=4.006, train_loss=4.006, cross_distance_loss=0.607, distance_loss=0.294, coord_loss=2.838, RMSD=2.837, prmsd_loss=2.669, ups=0.45, bsz=8, num_updates=12750, lr=1.80314e-05, gnorm=14.402, clip=100, loss_scale=2, train_wall=110.31, gb_free=32.1, wall=178514
2026-06-30 18:47:55 | INFO | train_inner | epoch 005:   1082 / 2931 loss=4.243, train_loss=4.243, cross_distance_loss=0.616, distance_loss=0.33, coord_loss=3.026, RMSD=3.025, prmsd_loss=2.704, ups=0.45, bsz=8, num_updates=12800, lr=1.79769e-05, gnorm=19.356, clip=100, loss_scale=2, train_wall=111.98, gb_free=33.1, wall=178626
2026-06-30 18:49:57 | INFO | train_inner | epoch 005:   1132 / 2931 loss=4.389, train_loss=4.389, cross_distance_loss=0.637, distance_loss=0.35, coord_loss=3.134, RMSD=3.133, prmsd_loss=2.685, ups=0.41, bsz=8, num_updates=12850, lr=1.79225e-05, gnorm=13.141, clip=100, loss_scale=2, train_wall=122.02, gb_free=33.7, wall=178748
2026-06-30 18:51:39 | INFO | train_inner | epoch 005:   1182 / 2931 loss=4.237, train_loss=4.237, cross_distance_loss=0.613, distance_loss=0.309, coord_loss=3.047, RMSD=3.046, prmsd_loss=2.681, ups=0.49, bsz=8, num_updates=12900, lr=1.7868e-05, gnorm=18.369, clip=100, loss_scale=2, train_wall=101.9, gb_free=31.8, wall=178850
2026-06-30 18:53:21 | INFO | train_inner | epoch 005:   1232 / 2931 loss=4.013, train_loss=4.013, cross_distance_loss=0.6, distance_loss=0.298, coord_loss=2.848, RMSD=2.847, prmsd_loss=2.672, ups=0.49, bsz=8, num_updates=12950, lr=1.78136e-05, gnorm=12.483, clip=100, loss_scale=2, train_wall=101.91, gb_free=32.7, wall=178952
2026-06-30 18:55:17 | INFO | train_inner | epoch 005:   1282 / 2931 loss=4.115, train_loss=4.115, cross_distance_loss=0.617, distance_loss=0.273, coord_loss=2.956, RMSD=2.955, prmsd_loss=2.69, ups=0.43, bsz=8, num_updates=13000, lr=1.77591e-05, gnorm=14.077, clip=100, loss_scale=2, train_wall=115.83, gb_free=34.2, wall=179068
2026-06-30 18:55:17 | INFO | unicore_cli.train | begin validation on "valid" subset
2026-06-30 18:55:17 | INFO | unicore.tasks.unicore_task | get EpochBatchIterator for epoch 1
2026-06-30 20:05:51 | INFO | valid | epoch 005 | valid on 'valid' subset | loss 3.944 | valid_loss 3.944 | cross_distance_loss 0.595 | distance_loss 0.206 | coord_loss 2.878 | RMSD 2.877 | prmsd_loss 2.639 | bsz 26010 | num_updates 13000 | best_loss 3.941
2026-06-30 20:05:51 | INFO | unicore.checkpoint_utils | Preparing to save checkpoint for epoch 5 @ 13000 updates
2026-06-30 20:05:51 | INFO | unicore.trainer | Saving checkpoint to ./checkpoint_5_13000.pt
2026-06-30 20:05:56 | INFO | unicore.trainer | Finished saving checkpoint to ./checkpoint_5_13000.pt
2026-06-30 20:05:56 | INFO | unicore.checkpoint_utils | Saved checkpoint ./checkpoint_5_13000.pt (epoch 5 @ 13000 updates, score 3.944) (writing took 4.7242710031569 seconds)
2026-06-30 20:05:56 | INFO | unicore.checkpoint_utils | copy ./checkpoint_5_13000.pt to /home/bdldt_team007/DLDockingBenchSeminar/run3/checkpoints/checkpoint_5_13000.pt
2026-06-30 20:06:00 | INFO | unicore.checkpoint_utils | copy ./checkpoint_5_13000.pt to /home/bdldt_team007/DLDockingBenchSeminar/run3/checkpoints/checkpoint_last.pt
2026-06-30 20:06:03 | INFO | unicore.checkpoint_utils | removing temp file ./checkpoint_5_13000.pt ...
2026-06-30 20:06:03 | INFO | unicore.checkpoint_utils | finished async ckp saving.
2026-06-30 20:07:31 | INFO | train_inner | epoch 005:   1332 / 2931 loss=4.04, train_loss=4.04, cross_distance_loss=0.597, distance_loss=0.258, coord_loss=2.914, RMSD=2.913, prmsd_loss=2.71, ups=0.01, bsz=8, num_updates=13050, lr=1.77047e-05, gnorm=18.638, clip=100, loss_scale=2, train_wall=95.55, gb_free=33.6, wall=183402
2026-06-30 20:09:18 | INFO | train_inner | epoch 005:   1382 / 2931 loss=4.052, train_loss=4.052, cross_distance_loss=0.596, distance_loss=0.302, coord_loss=2.889, RMSD=2.889, prmsd_loss=2.652, ups=0.47, bsz=8, num_updates=13100, lr=1.76503e-05, gnorm=13.206, clip=100, loss_scale=2, train_wall=106.06, gb_free=31.8, wall=183509
2026-06-30 20:10:59 | INFO | train_inner | epoch 005:   1432 / 2931 loss=3.92, train_loss=3.92, cross_distance_loss=0.592, distance_loss=0.269, coord_loss=2.795, RMSD=2.795, prmsd_loss=2.637, ups=0.49, bsz=8, num_updates=13150, lr=1.75958e-05, gnorm=11.657, clip=100, loss_scale=2, train_wall=100.96, gb_free=28.7, wall=183610
2026-06-30 20:12:35 | INFO | train_inner | epoch 005:   1482 / 2931 loss=4.284, train_loss=4.284, cross_distance_loss=0.621, distance_loss=0.333, coord_loss=3.065, RMSD=3.064, prmsd_loss=2.653, ups=0.52, bsz=8, num_updates=13200, lr=1.75414e-05, gnorm=28.516, clip=100, loss_scale=2, train_wall=96.72, gb_free=32.2, wall=183707
2026-06-30 20:14:13 | INFO | train_inner | epoch 005:   1532 / 2931 loss=3.922, train_loss=3.922, cross_distance_loss=0.583, distance_loss=0.296, coord_loss=2.777, RMSD=2.776, prmsd_loss=2.655, ups=0.51, bsz=8, num_updates=13250, lr=1.74869e-05, gnorm=13.36, clip=100, loss_scale=2, train_wall=97.78, gb_free=34.5, wall=183804
2026-06-30 20:15:45 | INFO | train_inner | epoch 005:   1582 / 2931 loss=4.114, train_loss=4.114, cross_distance_loss=0.601, distance_loss=0.289, coord_loss=2.956, RMSD=2.955, prmsd_loss=2.69, ups=0.54, bsz=8, num_updates=13300, lr=1.74325e-05, gnorm=15.943, clip=100, loss_scale=2, train_wall=91.65, gb_free=26.8, wall=183896
2026-06-30 20:17:20 | INFO | train_inner | epoch 005:   1632 / 2931 loss=4.022, train_loss=4.022, cross_distance_loss=0.601, distance_loss=0.295, coord_loss=2.857, RMSD=2.857, prmsd_loss=2.688, ups=0.53, bsz=8, num_updates=13350, lr=1.7378e-05, gnorm=13.344, clip=100, loss_scale=2, train_wall=94.89, gb_free=32.5, wall=183991
2026-06-30 20:19:08 | INFO | train_inner | epoch 005:   1682 / 2931 loss=3.972, train_loss=3.972, cross_distance_loss=0.584, distance_loss=0.284, coord_loss=2.84, RMSD=2.839, prmsd_loss=2.643, ups=0.46, bsz=8, num_updates=13400, lr=1.73236e-05, gnorm=10.486, clip=100, loss_scale=2, train_wall=107.42, gb_free=32.8, wall=184099
2026-06-30 20:20:45 | INFO | train_inner | epoch 005:   1732 / 2931 loss=4.122, train_loss=4.122, cross_distance_loss=0.602, distance_loss=0.269, coord_loss=2.984, RMSD=2.984, prmsd_loss=2.667, ups=0.51, bsz=8, num_updates=13450, lr=1.72692e-05, gnorm=15.046, clip=100, loss_scale=2, train_wall=97.54, gb_free=28.7, wall=184196
2026-06-30 20:22:34 | INFO | train_inner | epoch 005:   1782 / 2931 loss=4.09, train_loss=4.09, cross_distance_loss=0.62, distance_loss=0.313, coord_loss=2.89, RMSD=2.889, prmsd_loss=2.675, ups=0.46, bsz=8, num_updates=13500, lr=1.72147e-05, gnorm=16.922, clip=100, loss_scale=2, train_wall=109.07, gb_free=30.4, wall=184306
2026-06-30 20:22:34 | INFO | unicore_cli.train | begin validation on "valid" subset
2026-06-30 20:22:34 | INFO | unicore.tasks.unicore_task | get EpochBatchIterator for epoch 1
2026-06-30 21:43:52 | INFO | valid | epoch 005 | valid on 'valid' subset | loss 3.828 | valid_loss 3.828 | cross_distance_loss 0.593 | distance_loss 0.206 | coord_loss 2.772 | RMSD 2.771 | prmsd_loss 2.576 | bsz 26010 | num_updates 13500 | best_loss 3.828
2026-06-30 21:43:53 | INFO | unicore.checkpoint_utils | Preparing to save checkpoint for epoch 5 @ 13500 updates
2026-06-30 21:43:53 | INFO | unicore.trainer | Saving checkpoint to ./checkpoint_5_13500.pt
2026-06-30 21:43:57 | INFO | unicore.trainer | Finished saving checkpoint to ./checkpoint_5_13500.pt
2026-06-30 21:43:57 | INFO | unicore.checkpoint_utils | Saved checkpoint ./checkpoint_5_13500.pt (epoch 5 @ 13500 updates, score 3.828) (writing took 4.457355573773384 seconds)
2026-06-30 21:43:57 | INFO | unicore.checkpoint_utils | copy ./checkpoint_5_13500.pt to /home/bdldt_team007/DLDockingBenchSeminar/run3/checkpoints/checkpoint_5_13500.pt
2026-06-30 21:44:01 | INFO | unicore.checkpoint_utils | copy ./checkpoint_5_13500.pt to /home/bdldt_team007/DLDockingBenchSeminar/run3/checkpoints/checkpoint_best.pt
2026-06-30 21:44:04 | INFO | unicore.checkpoint_utils | copy ./checkpoint_5_13500.pt to /home/bdldt_team007/DLDockingBenchSeminar/run3/checkpoints/checkpoint_last.pt
2026-06-30 21:44:07 | INFO | unicore.checkpoint_utils | removing temp file ./checkpoint_5_13500.pt ...
2026-06-30 21:44:07 | INFO | unicore.checkpoint_utils | finished async ckp saving.
2026-06-30 21:45:43 | INFO | train_inner | epoch 005:   1832 / 2931 loss=3.936, train_loss=3.936, cross_distance_loss=0.582, distance_loss=0.258, coord_loss=2.827, RMSD=2.826, prmsd_loss=2.703, ups=0.01, bsz=8, num_updates=13550, lr=1.71603e-05, gnorm=14.574, clip=100, loss_scale=2, train_wall=105.5, gb_free=31.5, wall=189294
2026-06-30 21:47:29 | INFO | train_inner | epoch 005:   1882 / 2931 loss=3.929, train_loss=3.929, cross_distance_loss=0.595, distance_loss=0.271, coord_loss=2.795, RMSD=2.794, prmsd_loss=2.687, ups=0.47, bsz=8, num_updates=13600, lr=1.71058e-05, gnorm=14.136, clip=100, loss_scale=2, train_wall=106.11, gb_free=32.5, wall=189400
2026-06-30 21:49:08 | INFO | train_inner | epoch 005:   1932 / 2931 loss=4.222, train_loss=4.222, cross_distance_loss=0.625, distance_loss=0.304, coord_loss=3.023, RMSD=3.022, prmsd_loss=2.706, ups=0.5, bsz=8, num_updates=13650, lr=1.70514e-05, gnorm=15.086, clip=100, loss_scale=2, train_wall=99.4, gb_free=32.7, wall=189499
2026-06-30 21:50:57 | INFO | train_inner | epoch 005:   1982 / 2931 loss=4.032, train_loss=4.032, cross_distance_loss=0.614, distance_loss=0.31, coord_loss=2.838, RMSD=2.838, prmsd_loss=2.704, ups=0.46, bsz=8, num_updates=13700, lr=1.6997e-05, gnorm=13.219, clip=100, loss_scale=2, train_wall=108.93, gb_free=33.3, wall=189608
2026-06-30 21:52:28 | INFO | train_inner | epoch 005:   2032 / 2931 loss=3.842, train_loss=3.842, cross_distance_loss=0.587, distance_loss=0.28, coord_loss=2.705, RMSD=2.705, prmsd_loss=2.69, ups=0.55, bsz=8, num_updates=13750, lr=1.69425e-05, gnorm=13.252, clip=100, loss_scale=2, train_wall=90.84, gb_free=32.7, wall=189699
2026-06-30 21:54:24 | INFO | train_inner | epoch 005:   2082 / 2931 loss=4.269, train_loss=4.269, cross_distance_loss=0.612, distance_loss=0.3, coord_loss=3.091, RMSD=3.09, prmsd_loss=2.66, ups=0.43, bsz=8, num_updates=13800, lr=1.68881e-05, gnorm=21.219, clip=100, loss_scale=2, train_wall=115.89, gb_free=33.1, wall=189815
2026-06-30 21:55:59 | INFO | train_inner | epoch 005:   2132 / 2931 loss=3.814, train_loss=3.814, cross_distance_loss=0.588, distance_loss=0.244, coord_loss=2.715, RMSD=2.714, prmsd_loss=2.672, ups=0.53, bsz=8, num_updates=13850, lr=1.68336e-05, gnorm=12.997, clip=100, loss_scale=2, train_wall=94.34, gb_free=33.1, wall=189910
2026-06-30 21:57:35 | INFO | train_inner | epoch 005:   2182 / 2931 loss=3.991, train_loss=3.991, cross_distance_loss=0.592, distance_loss=0.303, coord_loss=2.831, RMSD=2.83, prmsd_loss=2.647, ups=0.52, bsz=8, num_updates=13900, lr=1.67792e-05, gnorm=13.188, clip=100, loss_scale=2, train_wall=96.54, gb_free=32.5, wall=190006
2026-06-30 21:59:16 | INFO | train_inner | epoch 005:   2232 / 2931 loss=3.944, train_loss=3.944, cross_distance_loss=0.586, distance_loss=0.274, coord_loss=2.82, RMSD=2.819, prmsd_loss=2.651, ups=0.49, bsz=8, num_updates=13950, lr=1.67247e-05, gnorm=22.279, clip=100, loss_scale=2, train_wall=100.98, gb_free=32.7, wall=190108
2026-06-30 22:00:53 | INFO | train_inner | epoch 005:   2282 / 2931 loss=3.99, train_loss=3.99, cross_distance_loss=0.592, distance_loss=0.294, coord_loss=2.837, RMSD=2.836, prmsd_loss=2.667, ups=0.52, bsz=8, num_updates=14000, lr=1.66703e-05, gnorm=14.357, clip=100, loss_scale=2, train_wall=96.75, gb_free=30.3, wall=190204
2026-06-30 22:00:53 | INFO | unicore_cli.train | begin validation on "valid" subset
2026-06-30 22:00:53 | INFO | unicore.tasks.unicore_task | get EpochBatchIterator for epoch 1
2026-06-30 23:11:46 | INFO | valid | epoch 005 | valid on 'valid' subset | loss 3.762 | valid_loss 3.762 | cross_distance_loss 0.583 | distance_loss 0.207 | coord_loss 2.705 | RMSD 2.705 | prmsd_loss 2.675 | bsz 26010 | num_updates 14000 | best_loss 3.762
2026-06-30 23:11:46 | INFO | unicore.checkpoint_utils | Preparing to save checkpoint for epoch 5 @ 14000 updates
2026-06-30 23:11:46 | INFO | unicore.trainer | Saving checkpoint to ./checkpoint_5_14000.pt
2026-06-30 23:11:51 | INFO | unicore.trainer | Finished saving checkpoint to ./checkpoint_5_14000.pt
2026-06-30 23:11:51 | INFO | unicore.checkpoint_utils | Saved checkpoint ./checkpoint_5_14000.pt (epoch 5 @ 14000 updates, score 3.762) (writing took 4.570445954799652 seconds)
2026-06-30 23:11:51 | INFO | unicore.checkpoint_utils | copy ./checkpoint_5_14000.pt to /home/bdldt_team007/DLDockingBenchSeminar/run3/checkpoints/checkpoint_5_14000.pt
2026-06-30 23:11:56 | INFO | unicore.checkpoint_utils | copy ./checkpoint_5_14000.pt to /home/bdldt_team007/DLDockingBenchSeminar/run3/checkpoints/checkpoint_best.pt
2026-06-30 23:11:58 | INFO | unicore.checkpoint_utils | copy ./checkpoint_5_14000.pt to /home/bdldt_team007/DLDockingBenchSeminar/run3/checkpoints/checkpoint_last.pt
2026-06-30 23:12:01 | INFO | unicore.checkpoint_utils | removing temp file ./checkpoint_5_14000.pt ...
2026-06-30 23:12:01 | INFO | unicore.checkpoint_utils | finished async ckp saving.
2026-06-30 23:13:43 | INFO | train_inner | epoch 005:   2332 / 2931 loss=4.11, train_loss=4.11, cross_distance_loss=0.599, distance_loss=0.313, coord_loss=2.932, RMSD=2.931, prmsd_loss=2.661, ups=0.01, bsz=8, num_updates=14050, lr=1.66159e-05, gnorm=13.218, clip=100, loss_scale=2, train_wall=111.8, gb_free=33.1, wall=194574
2026-06-30 23:15:16 | INFO | train_inner | epoch 005:   2382 / 2931 loss=4.03, train_loss=4.03, cross_distance_loss=0.594, distance_loss=0.29, coord_loss=2.878, RMSD=2.877, prmsd_loss=2.678, ups=0.54, bsz=8, num_updates=14100, lr=1.65614e-05, gnorm=11.751, clip=100, loss_scale=2, train_wall=93.05, gb_free=29.1, wall=194667
2026-06-30 23:16:56 | INFO | train_inner | epoch 005:   2432 / 2931 loss=4.21, train_loss=4.21, cross_distance_loss=0.616, distance_loss=0.298, coord_loss=3.03, RMSD=3.029, prmsd_loss=2.663, ups=0.5, bsz=8, num_updates=14150, lr=1.6507e-05, gnorm=18.027, clip=100, loss_scale=2, train_wall=100.14, gb_free=32.7, wall=194767
2026-06-30 23:18:31 | INFO | train_inner | epoch 005:   2482 / 2931 loss=3.916, train_loss=3.916, cross_distance_loss=0.588, distance_loss=0.273, coord_loss=2.789, RMSD=2.788, prmsd_loss=2.658, ups=0.53, bsz=8, num_updates=14200, lr=1.64525e-05, gnorm=14.01, clip=100, loss_scale=2, train_wall=95.01, gb_free=32.8, wall=194862
2026-06-30 23:20:07 | INFO | train_inner | epoch 005:   2532 / 2931 loss=4.05, train_loss=4.05, cross_distance_loss=0.596, distance_loss=0.287, coord_loss=2.9, RMSD=2.9, prmsd_loss=2.664, ups=0.52, bsz=8, num_updates=14250, lr=1.63981e-05, gnorm=13.504, clip=100, loss_scale=2, train_wall=95.98, gb_free=32.8, wall=194958
2026-06-30 23:21:46 | INFO | train_inner | epoch 005:   2582 / 2931 loss=4.022, train_loss=4.022, cross_distance_loss=0.59, distance_loss=0.275, coord_loss=2.891, RMSD=2.89, prmsd_loss=2.662, ups=0.51, bsz=8, num_updates=14300, lr=1.63436e-05, gnorm=11.023, clip=100, loss_scale=2, train_wall=98.83, gb_free=31.4, wall=195057
2026-06-30 23:23:31 | INFO | train_inner | epoch 005:   2632 / 2931 loss=3.849, train_loss=3.849, cross_distance_loss=0.576, distance_loss=0.255, coord_loss=2.748, RMSD=2.748, prmsd_loss=2.694, ups=0.48, bsz=8, num_updates=14350, lr=1.62892e-05, gnorm=12.061, clip=100, loss_scale=2, train_wall=104.5, gb_free=32.8, wall=195162
2026-06-30 23:25:10 | INFO | train_inner | epoch 005:   2682 / 2931 loss=3.872, train_loss=3.872, cross_distance_loss=0.586, distance_loss=0.261, coord_loss=2.758, RMSD=2.758, prmsd_loss=2.671, ups=0.5, bsz=8, num_updates=14400, lr=1.62348e-05, gnorm=15.58, clip=100, loss_scale=2, train_wall=99.23, gb_free=33, wall=195261
2026-06-30 23:26:51 | INFO | train_inner | epoch 005:   2732 / 2931 loss=4.113, train_loss=4.113, cross_distance_loss=0.6, distance_loss=0.294, coord_loss=2.949, RMSD=2.948, prmsd_loss=2.698, ups=0.49, bsz=8, num_updates=14450, lr=1.61803e-05, gnorm=16.237, clip=100, loss_scale=2, train_wall=101.14, gb_free=33.9, wall=195363
2026-06-30 23:28:32 | INFO | train_inner | epoch 005:   2782 / 2931 loss=3.825, train_loss=3.825, cross_distance_loss=0.578, distance_loss=0.276, coord_loss=2.71, RMSD=2.71, prmsd_loss=2.609, ups=0.5, bsz=8, num_updates=14500, lr=1.61259e-05, gnorm=18.521, clip=100, loss_scale=2, train_wall=100.01, gb_free=31, wall=195463
2026-06-30 23:28:32 | INFO | unicore_cli.train | begin validation on "valid" subset
2026-06-30 23:28:32 | INFO | unicore.tasks.unicore_task | get EpochBatchIterator for epoch 1
2026-07-01 00:41:06 | INFO | valid | epoch 005 | valid on 'valid' subset | loss 3.712 | valid_loss 3.712 | cross_distance_loss 0.578 | distance_loss 0.204 | coord_loss 2.672 | RMSD 2.671 | prmsd_loss 2.58 | bsz 26010 | num_updates 14500 | best_loss 3.712
2026-07-01 00:41:06 | INFO | unicore.checkpoint_utils | Preparing to save checkpoint for epoch 5 @ 14500 updates
2026-07-01 00:41:06 | INFO | unicore.trainer | Saving checkpoint to ./checkpoint_5_14500.pt
2026-07-01 00:41:10 | INFO | unicore.trainer | Finished saving checkpoint to ./checkpoint_5_14500.pt
2026-07-01 00:41:10 | INFO | unicore.checkpoint_utils | Saved checkpoint ./checkpoint_5_14500.pt (epoch 5 @ 14500 updates, score 3.712) (writing took 4.659991720691323 seconds)
2026-07-01 00:41:10 | INFO | unicore.checkpoint_utils | copy ./checkpoint_5_14500.pt to /home/bdldt_team007/DLDockingBenchSeminar/run3/checkpoints/checkpoint_5_14500.pt
2026-07-01 00:41:15 | INFO | unicore.checkpoint_utils | copy ./checkpoint_5_14500.pt to /home/bdldt_team007/DLDockingBenchSeminar/run3/checkpoints/checkpoint_best.pt
2026-07-01 00:41:18 | INFO | unicore.checkpoint_utils | copy ./checkpoint_5_14500.pt to /home/bdldt_team007/DLDockingBenchSeminar/run3/checkpoints/checkpoint_last.pt
2026-07-01 00:41:20 | INFO | unicore.checkpoint_utils | removing temp file ./checkpoint_5_14500.pt ...
2026-07-01 00:41:21 | INFO | unicore.checkpoint_utils | finished async ckp saving.
2026-07-01 00:42:49 | INFO | train_inner | epoch 005:   2832 / 2931 loss=3.722, train_loss=3.722, cross_distance_loss=0.587, distance_loss=0.26, coord_loss=2.61, RMSD=2.61, prmsd_loss=2.648, ups=0.01, bsz=8, num_updates=14550, lr=1.60714e-05, gnorm=14.869, clip=100, loss_scale=2, train_wall=98.56, gb_free=33.4, wall=199920
2026-07-01 00:44:49 | INFO | train_inner | epoch 005:   2882 / 2931 loss=3.996, train_loss=3.996, cross_distance_loss=0.617, distance_loss=0.314, coord_loss=2.8, RMSD=2.799, prmsd_loss=2.653, ups=0.42, bsz=8, num_updates=14600, lr=1.6017e-05, gnorm=20.247, clip=100, loss_scale=2, train_wall=119.88, gb_free=32.8, wall=200040
2026-07-01 00:46:26 | INFO | unicore_cli.train | begin validation on "valid" subset
2026-07-01 00:46:26 | INFO | unicore.tasks.unicore_task | get EpochBatchIterator for epoch 1
2026-07-01 02:03:19 | INFO | valid | epoch 005 | valid on 'valid' subset | loss 3.759 | valid_loss 3.759 | cross_distance_loss 0.574 | distance_loss 0.205 | coord_loss 2.722 | RMSD 2.721 | prmsd_loss 2.583 | bsz 26010 | num_updates 14649 | best_loss 3.712
2026-07-01 02:03:19 | INFO | unicore.checkpoint_utils | Preparing to save checkpoint for epoch 5 @ 14649 updates
2026-07-01 02:03:19 | INFO | unicore.trainer | Saving checkpoint to ./checkpoint5.pt
2026-07-01 02:03:23 | INFO | unicore.trainer | Finished saving checkpoint to ./checkpoint5.pt
2026-07-01 02:03:23 | INFO | unicore.checkpoint_utils | Saved checkpoint ./checkpoint5.pt (epoch 5 @ 14649 updates, score 3.759) (writing took 4.559608044102788 seconds)
2026-07-01 02:03:23 | INFO | unicore_cli.train | end of epoch 5 (average epoch stats below)
2026-07-01 02:03:23 | INFO | unicore.checkpoint_utils | copy ./checkpoint5.pt to /home/bdldt_team007/DLDockingBenchSeminar/run3/checkpoints/checkpoint5.pt
2026-07-01 02:03:23 | INFO | train | epoch 005 | loss 4.064 | train_loss 4.064 | cross_distance_loss 0.604 | distance_loss 0.29 | coord_loss 2.902 | RMSD 2.901 | prmsd_loss 2.68 | ups 0.08 | bsz 8 | num_updates 14649 | lr 1.59636e-05 | gnorm 15.23 | clip 100 | loss_scale 2 | train_wall 6052.91 | gb_free 32.7 | wall 204754
2026-07-01 02:03:23 | INFO | unicore.tasks.unicore_task | get EpochBatchIterator for epoch 6
2026-07-01 02:03:23 | INFO | unicore.trainer | begin training epoch 6
2026-07-01 02:03:23 | INFO | unicore_cli.train | Start iterating over samples
2026-07-01 02:03:26 | INFO | train_inner | epoch 006:      1 / 2931 loss=3.798, train_loss=3.798, cross_distance_loss=0.584, distance_loss=0.307, coord_loss=2.643, RMSD=2.642, prmsd_loss=2.636, ups=0.01, bsz=8, num_updates=14650, lr=1.59625e-05, gnorm=11.9, clip=100, loss_scale=2, train_wall=98.87, gb_free=31, wall=204757
2026-07-01 02:03:28 | INFO | unicore.checkpoint_utils | copy ./checkpoint5.pt to /home/bdldt_team007/DLDockingBenchSeminar/run3/checkpoints/checkpoint_last.pt
2026-07-01 02:03:31 | INFO | unicore.checkpoint_utils | removing temp file ./checkpoint5.pt ...
2026-07-01 02:03:31 | INFO | unicore.checkpoint_utils | finished async ckp saving.
2026-07-01 02:05:17 | INFO | train_inner | epoch 006:     51 / 2931 loss=3.809, train_loss=3.809, cross_distance_loss=0.584, distance_loss=0.303, coord_loss=2.659, RMSD=2.658, prmsd_loss=2.632, ups=0.45, bsz=8, num_updates=14700, lr=1.59081e-05, gnorm=14.764, clip=100, loss_scale=2, train_wall=111.03, gb_free=33.4, wall=204868
2026-07-01 02:06:56 | INFO | train_inner | epoch 006:    101 / 2931 loss=3.825, train_loss=3.825, cross_distance_loss=0.567, distance_loss=0.286, coord_loss=2.715, RMSD=2.714, prmsd_loss=2.58, ups=0.51, bsz=8, num_updates=14750, lr=1.58537e-05, gnorm=16.853, clip=100, loss_scale=2, train_wall=98.73, gb_free=33.9, wall=204967
2026-07-01 02:08:45 | INFO | train_inner | epoch 006:    151 / 2931 loss=3.78, train_loss=3.78, cross_distance_loss=0.563, distance_loss=0.269, coord_loss=2.685, RMSD=2.684, prmsd_loss=2.631, ups=0.46, bsz=8, num_updates=14800, lr=1.57992e-05, gnorm=13.228, clip=100, loss_scale=2, train_wall=108.56, gb_free=33.4, wall=205076
2026-07-01 02:10:33 | INFO | train_inner | epoch 006:    201 / 2931 loss=3.998, train_loss=3.998, cross_distance_loss=0.586, distance_loss=0.305, coord_loss=2.845, RMSD=2.845, prmsd_loss=2.622, ups=0.46, bsz=8, num_updates=14850, lr=1.57448e-05, gnorm=15.389, clip=100, loss_scale=2, train_wall=108.37, gb_free=31.5, wall=205184
2026-07-01 02:12:14 | INFO | train_inner | epoch 006:    251 / 2931 loss=3.816, train_loss=3.816, cross_distance_loss=0.599, distance_loss=0.316, coord_loss=2.635, RMSD=2.634, prmsd_loss=2.666, ups=0.5, bsz=8, num_updates=14900, lr=1.56903e-05, gnorm=11.878, clip=100, loss_scale=2, train_wall=100.46, gb_free=31.8, wall=205285
2026-07-01 02:13:55 | INFO | train_inner | epoch 006:    301 / 2931 loss=3.928, train_loss=3.928, cross_distance_loss=0.591, distance_loss=0.325, coord_loss=2.752, RMSD=2.752, prmsd_loss=2.599, ups=0.49, bsz=8, num_updates=14950, lr=1.56359e-05, gnorm=13.769, clip=100, loss_scale=2, train_wall=101.02, gb_free=31.1, wall=205386
2026-07-01 02:15:41 | INFO | train_inner | epoch 006:    351 / 2931 loss=3.866, train_loss=3.866, cross_distance_loss=0.597, distance_loss=0.282, coord_loss=2.718, RMSD=2.718, prmsd_loss=2.675, ups=0.47, bsz=8, num_updates=15000, lr=1.55814e-05, gnorm=11.324, clip=100, loss_scale=2, train_wall=105.79, gb_free=34, wall=205492
2026-07-01 02:15:41 | INFO | unicore_cli.train | begin validation on "valid" subset
2026-07-01 02:15:41 | INFO | unicore.tasks.unicore_task | get EpochBatchIterator for epoch 1
2026-07-01 03:35:28 | INFO | valid | epoch 006 | valid on 'valid' subset | loss 3.655 | valid_loss 3.655 | cross_distance_loss 0.589 | distance_loss 0.217 | coord_loss 2.584 | RMSD 2.584 | prmsd_loss 2.643 | bsz 26010 | num_updates 15000 | best_loss 3.655
2026-07-01 03:35:28 | INFO | unicore.checkpoint_utils | Preparing to save checkpoint for epoch 6 @ 15000 updates
2026-07-01 03:35:28 | INFO | unicore.trainer | Saving checkpoint to ./checkpoint_6_15000.pt
2026-07-01 03:35:32 | INFO | unicore.trainer | Finished saving checkpoint to ./checkpoint_6_15000.pt
2026-07-01 03:35:33 | INFO | unicore.checkpoint_utils | Saved checkpoint ./checkpoint_6_15000.pt (epoch 6 @ 15000 updates, score 3.655) (writing took 4.886642452329397 seconds)
2026-07-01 03:35:33 | INFO | unicore.checkpoint_utils | copy ./checkpoint_6_15000.pt to /home/bdldt_team007/DLDockingBenchSeminar/run3/checkpoints/checkpoint_6_15000.pt
2026-07-01 03:35:37 | INFO | unicore.checkpoint_utils | copy ./checkpoint_6_15000.pt to /home/bdldt_team007/DLDockingBenchSeminar/run3/checkpoints/checkpoint_best.pt
2026-07-01 03:35:40 | INFO | unicore.checkpoint_utils | copy ./checkpoint_6_15000.pt to /home/bdldt_team007/DLDockingBenchSeminar/run3/checkpoints/checkpoint_last.pt
2026-07-01 03:35:43 | INFO | unicore.checkpoint_utils | removing temp file ./checkpoint_6_15000.pt ...
2026-07-01 03:35:43 | INFO | unicore.checkpoint_utils | finished async ckp saving.
2026-07-01 03:37:16 | INFO | train_inner | epoch 006:    401 / 2931 loss=3.723, train_loss=3.723, cross_distance_loss=0.571, distance_loss=0.27, coord_loss=2.62, RMSD=2.619, prmsd_loss=2.623, ups=0.01, bsz=8, num_updates=15050, lr=1.5527e-05, gnorm=15.335, clip=100, loss_scale=2, train_wall=103.39, gb_free=33.6, wall=210387
2026-07-01 03:38:54 | INFO | train_inner | epoch 006:    451 / 2931 loss=3.699, train_loss=3.699, cross_distance_loss=0.561, distance_loss=0.26, coord_loss=2.618, RMSD=2.617, prmsd_loss=2.603, ups=0.51, bsz=8, num_updates=15100, lr=1.54726e-05, gnorm=13.741, clip=100, loss_scale=2, train_wall=97.48, gb_free=33.6, wall=210485
2026-07-01 03:40:34 | INFO | train_inner | epoch 006:    501 / 2931 loss=3.489, train_loss=3.489, cross_distance_loss=0.547, distance_loss=0.251, coord_loss=2.437, RMSD=2.436, prmsd_loss=2.544, ups=0.5, bsz=8, num_updates=15150, lr=1.54181e-05, gnorm=12.839, clip=100, loss_scale=2, train_wall=100.37, gb_free=32.8, wall=210585
2026-07-01 03:42:21 | INFO | train_inner | epoch 006:    551 / 2931 loss=3.706, train_loss=3.706, cross_distance_loss=0.571, distance_loss=0.259, coord_loss=2.617, RMSD=2.616, prmsd_loss=2.591, ups=0.47, bsz=8, num_updates=15200, lr=1.53637e-05, gnorm=13.91, clip=100, loss_scale=2, train_wall=106.27, gb_free=32.1, wall=210692
2026-07-01 03:43:55 | INFO | train_inner | epoch 006:    601 / 2931 loss=3.681, train_loss=3.681, cross_distance_loss=0.554, distance_loss=0.264, coord_loss=2.603, RMSD=2.602, prmsd_loss=2.6, ups=0.53, bsz=8, num_updates=15250, lr=1.53092e-05, gnorm=20.166, clip=100, loss_scale=2, train_wall=94.01, gb_free=28.2, wall=210786
2026-07-01 03:45:26 | INFO | train_inner | epoch 006:    651 / 2931 loss=3.676, train_loss=3.676, cross_distance_loss=0.568, distance_loss=0.232, coord_loss=2.617, RMSD=2.616, prmsd_loss=2.601, ups=0.54, bsz=8, num_updates=15300, lr=1.52548e-05, gnorm=13.784, clip=100, loss_scale=2, train_wall=91.64, gb_free=33.6, wall=210877
2026-07-01 03:47:08 | INFO | train_inner | epoch 006:    701 / 2931 loss=3.708, train_loss=3.708, cross_distance_loss=0.567, distance_loss=0.258, coord_loss=2.625, RMSD=2.625, prmsd_loss=2.58, ups=0.49, bsz=8, num_updates=15350, lr=1.52003e-05, gnorm=12.945, clip=100, loss_scale=2, train_wall=101.01, gb_free=33.6, wall=210979
2026-07-01 03:48:40 | INFO | train_inner | epoch 006:    751 / 2931 loss=3.704, train_loss=3.704, cross_distance_loss=0.559, distance_loss=0.266, coord_loss=2.624, RMSD=2.623, prmsd_loss=2.555, ups=0.54, bsz=8, num_updates=15400, lr=1.51459e-05, gnorm=14.904, clip=100, loss_scale=2, train_wall=92.74, gb_free=28.2, wall=211071
2026-07-01 03:50:22 | INFO | train_inner | epoch 006:    801 / 2931 loss=3.727, train_loss=3.727, cross_distance_loss=0.57, distance_loss=0.278, coord_loss=2.615, RMSD=2.614, prmsd_loss=2.632, ups=0.49, bsz=8, num_updates=15450, lr=1.50915e-05, gnorm=17.196, clip=100, loss_scale=2, train_wall=101.12, gb_free=31.4, wall=211173
2026-07-01 03:51:54 | INFO | train_inner | epoch 006:    851 / 2931 loss=3.821, train_loss=3.821, cross_distance_loss=0.569, distance_loss=0.289, coord_loss=2.705, RMSD=2.704, prmsd_loss=2.576, ups=0.54, bsz=8, num_updates=15500, lr=1.5037e-05, gnorm=15.157, clip=100, loss_scale=2, train_wall=92.75, gb_free=32.7, wall=211265
2026-07-01 03:51:54 | INFO | unicore_cli.train | begin validation on "valid" subset
2026-07-01 03:51:54 | INFO | unicore.tasks.unicore_task | get EpochBatchIterator for epoch 1
2026-07-01 05:00:36 | INFO | valid | epoch 006 | valid on 'valid' subset | loss 3.553 | valid_loss 3.553 | cross_distance_loss 0.566 | distance_loss 0.2 | coord_loss 2.533 | RMSD 2.532 | prmsd_loss 2.546 | bsz 26010 | num_updates 15500 | best_loss 3.553
2026-07-01 05:00:36 | INFO | unicore.checkpoint_utils | Preparing to save checkpoint for epoch 6 @ 15500 updates
2026-07-01 05:00:36 | INFO | unicore.trainer | Saving checkpoint to ./checkpoint_6_15500.pt
2026-07-01 05:00:40 | INFO | unicore.trainer | Finished saving checkpoint to ./checkpoint_6_15500.pt
2026-07-01 05:00:40 | INFO | unicore.checkpoint_utils | Saved checkpoint ./checkpoint_6_15500.pt (epoch 6 @ 15500 updates, score 3.553) (writing took 4.4579738676548 seconds)
2026-07-01 05:00:40 | INFO | unicore.checkpoint_utils | copy ./checkpoint_6_15500.pt to /home/bdldt_team007/DLDockingBenchSeminar/run3/checkpoints/checkpoint_6_15500.pt
2026-07-01 05:00:45 | INFO | unicore.checkpoint_utils | copy ./checkpoint_6_15500.pt to /home/bdldt_team007/DLDockingBenchSeminar/run3/checkpoints/checkpoint_best.pt
2026-07-01 05:00:47 | INFO | unicore.checkpoint_utils | copy ./checkpoint_6_15500.pt to /home/bdldt_team007/DLDockingBenchSeminar/run3/checkpoints/checkpoint_last.pt
2026-07-01 05:00:50 | INFO | unicore.checkpoint_utils | removing temp file ./checkpoint_6_15500.pt ...
2026-07-01 05:00:51 | INFO | unicore.checkpoint_utils | finished async ckp saving.
2026-07-01 05:02:18 | INFO | train_inner | epoch 006:    901 / 2931 loss=3.578, train_loss=3.578, cross_distance_loss=0.546, distance_loss=0.256, coord_loss=2.517, RMSD=2.517, prmsd_loss=2.585, ups=0.01, bsz=8, num_updates=15550, lr=1.49826e-05, gnorm=12.878, clip=100, loss_scale=2, train_wall=98.15, gb_free=33.3, wall=215489
2026-07-01 05:04:05 | INFO | train_inner | epoch 006:    951 / 2931 loss=3.703, train_loss=3.703, cross_distance_loss=0.57, distance_loss=0.29, coord_loss=2.58, RMSD=2.579, prmsd_loss=2.632, ups=0.47, bsz=8, num_updates=15600, lr=1.49281e-05, gnorm=15.622, clip=100, loss_scale=2, train_wall=106.75, gb_free=32.1, wall=215596
2026-07-01 05:05:49 | INFO | train_inner | epoch 006:   1001 / 2931 loss=3.704, train_loss=3.704, cross_distance_loss=0.572, distance_loss=0.274, coord_loss=2.598, RMSD=2.597, prmsd_loss=2.596, ups=0.48, bsz=8, num_updates=15650, lr=1.48737e-05, gnorm=20.412, clip=100, loss_scale=2, train_wall=103.89, gb_free=31.4, wall=215700
2026-07-01 05:07:30 | INFO | train_inner | epoch 006:   1051 / 2931 loss=3.672, train_loss=3.672, cross_distance_loss=0.572, distance_loss=0.257, coord_loss=2.581, RMSD=2.581, prmsd_loss=2.631, ups=0.5, bsz=8, num_updates=15700, lr=1.48193e-05, gnorm=19.836, clip=100, loss_scale=2, train_wall=100.82, gb_free=31.4, wall=215801
2026-07-01 05:09:06 | INFO | train_inner | epoch 006:   1101 / 2931 loss=3.643, train_loss=3.643, cross_distance_loss=0.568, distance_loss=0.262, coord_loss=2.553, RMSD=2.552, prmsd_loss=2.602, ups=0.52, bsz=8, num_updates=15750, lr=1.47648e-05, gnorm=14.425, clip=100, loss_scale=2, train_wall=96.28, gb_free=31.4, wall=215898
2026-07-01 05:10:54 | INFO | train_inner | epoch 006:   1151 / 2931 loss=3.713, train_loss=3.713, cross_distance_loss=0.577, distance_loss=0.264, coord_loss=2.612, RMSD=2.611, prmsd_loss=2.597, ups=0.46, bsz=8, num_updates=15800, lr=1.47104e-05, gnorm=11.548, clip=100, loss_scale=2, train_wall=107.6, gb_free=31.8, wall=216005
2026-07-01 05:12:32 | INFO | train_inner | epoch 006:   1201 / 2931 loss=3.682, train_loss=3.682, cross_distance_loss=0.56, distance_loss=0.293, coord_loss=2.572, RMSD=2.571, prmsd_loss=2.571, ups=0.51, bsz=8, num_updates=15850, lr=1.46559e-05, gnorm=13.904, clip=100, loss_scale=2, train_wall=97.42, gb_free=31.8, wall=216103
2026-07-01 05:14:23 | INFO | train_inner | epoch 006:   1251 / 2931 loss=3.811, train_loss=3.811, cross_distance_loss=0.554, distance_loss=0.32, coord_loss=2.683, RMSD=2.682, prmsd_loss=2.538, ups=0.45, bsz=8, num_updates=15900, lr=1.46015e-05, gnorm=21.921, clip=100, loss_scale=2, train_wall=111.42, gb_free=31.8, wall=216214
2026-07-01 05:16:01 | INFO | train_inner | epoch 006:   1301 / 2931 loss=3.646, train_loss=3.646, cross_distance_loss=0.565, distance_loss=0.237, coord_loss=2.582, RMSD=2.581, prmsd_loss=2.62, ups=0.51, bsz=8, num_updates=15950, lr=1.4547e-05, gnorm=15.558, clip=100, loss_scale=2, train_wall=97.93, gb_free=32.2, wall=216312
2026-07-01 05:17:44 | INFO | train_inner | epoch 006:   1351 / 2931 loss=3.855, train_loss=3.855, cross_distance_loss=0.575, distance_loss=0.269, coord_loss=2.748, RMSD=2.748, prmsd_loss=2.63, ups=0.49, bsz=8, num_updates=16000, lr=1.44926e-05, gnorm=14.026, clip=100, loss_scale=2, train_wall=102.63, gb_free=33.1, wall=216415
2026-07-01 05:17:44 | INFO | unicore_cli.train | begin validation on "valid" subset
2026-07-01 05:17:44 | INFO | unicore.tasks.unicore_task | get EpochBatchIterator for epoch 1
2026-07-01 06:30:00 | INFO | valid | epoch 006 | valid on 'valid' subset | loss 3.529 | valid_loss 3.529 | cross_distance_loss 0.562 | distance_loss 0.196 | coord_loss 2.519 | RMSD 2.519 | prmsd_loss 2.517 | bsz 26010 | num_updates 16000 | best_loss 3.529
2026-07-01 06:30:00 | INFO | unicore.checkpoint_utils | Preparing to save checkpoint for epoch 6 @ 16000 updates
2026-07-01 06:30:00 | INFO | unicore.trainer | Saving checkpoint to ./checkpoint_6_16000.pt
2026-07-01 06:30:04 | INFO | unicore.trainer | Finished saving checkpoint to ./checkpoint_6_16000.pt
2026-07-01 06:30:04 | INFO | unicore.checkpoint_utils | Saved checkpoint ./checkpoint_6_16000.pt (epoch 6 @ 16000 updates, score 3.529) (writing took 4.685531720519066 seconds)
2026-07-01 06:30:04 | INFO | unicore.checkpoint_utils | copy ./checkpoint_6_16000.pt to /home/bdldt_team007/DLDockingBenchSeminar/run3/checkpoints/checkpoint_6_16000.pt
2026-07-01 06:30:09 | INFO | unicore.checkpoint_utils | copy ./checkpoint_6_16000.pt to /home/bdldt_team007/DLDockingBenchSeminar/run3/checkpoints/checkpoint_best.pt
2026-07-01 06:30:12 | INFO | unicore.checkpoint_utils | copy ./checkpoint_6_16000.pt to /home/bdldt_team007/DLDockingBenchSeminar/run3/checkpoints/checkpoint_last.pt
2026-07-01 06:30:14 | INFO | unicore.checkpoint_utils | removing temp file ./checkpoint_6_16000.pt ...
2026-07-01 06:30:15 | INFO | unicore.checkpoint_utils | finished async ckp saving.
2026-07-01 06:31:33 | INFO | train_inner | epoch 006:   1401 / 2931 loss=3.668, train_loss=3.668, cross_distance_loss=0.554, distance_loss=0.253, coord_loss=2.602, RMSD=2.601, prmsd_loss=2.581, ups=0.01, bsz=8, num_updates=16050, lr=1.44382e-05, gnorm=14.165, clip=100, loss_scale=2, train_wall=88.88, gb_free=33.9, wall=220844
2026-07-01 06:33:17 | INFO | train_inner | epoch 006:   1451 / 2931 loss=3.639, train_loss=3.639, cross_distance_loss=0.555, distance_loss=0.268, coord_loss=2.557, RMSD=2.556, prmsd_loss=2.594, ups=0.48, bsz=8, num_updates=16100, lr=1.43837e-05, gnorm=10.989, clip=100, loss_scale=2, train_wall=103.15, gb_free=33.3, wall=220948
2026-07-01 06:35:02 | INFO | train_inner | epoch 006:   1501 / 2931 loss=3.864, train_loss=3.864, cross_distance_loss=0.586, distance_loss=0.298, coord_loss=2.722, RMSD=2.721, prmsd_loss=2.588, ups=0.47, bsz=8, num_updates=16150, lr=1.43293e-05, gnorm=18.122, clip=100, loss_scale=2, train_wall=105.29, gb_free=30.3, wall=221053
2026-07-01 06:36:47 | INFO | train_inner | epoch 006:   1551 / 2931 loss=3.526, train_loss=3.526, cross_distance_loss=0.553, distance_loss=0.272, coord_loss=2.444, RMSD=2.443, prmsd_loss=2.566, ups=0.48, bsz=8, num_updates=16200, lr=1.42748e-05, gnorm=28.225, clip=100, loss_scale=2, train_wall=104.54, gb_free=33.9, wall=221158
2026-07-01 06:38:35 | INFO | train_inner | epoch 006:   1601 / 2931 loss=3.683, train_loss=3.683, cross_distance_loss=0.56, distance_loss=0.274, coord_loss=2.591, RMSD=2.59, prmsd_loss=2.58, ups=0.46, bsz=8, num_updates=16250, lr=1.42204e-05, gnorm=14.593, clip=100, loss_scale=2, train_wall=107.84, gb_free=32.8, wall=221266
2026-07-01 06:40:11 | INFO | train_inner | epoch 006:   1651 / 2931 loss=3.712, train_loss=3.712, cross_distance_loss=0.554, distance_loss=0.277, coord_loss=2.619, RMSD=2.618, prmsd_loss=2.616, ups=0.52, bsz=8, num_updates=16300, lr=1.41659e-05, gnorm=17.249, clip=100, loss_scale=2, train_wall=96.15, gb_free=33.1, wall=221362
2026-07-01 06:41:43 | INFO | train_inner | epoch 006:   1701 / 2931 loss=3.526, train_loss=3.526, cross_distance_loss=0.55, distance_loss=0.236, coord_loss=2.486, RMSD=2.485, prmsd_loss=2.547, ups=0.54, bsz=8, num_updates=16350, lr=1.41115e-05, gnorm=11.759, clip=100, loss_scale=2, train_wall=92.3, gb_free=33.6, wall=221454
2026-07-01 06:43:30 | INFO | train_inner | epoch 006:   1751 / 2931 loss=3.754, train_loss=3.754, cross_distance_loss=0.572, distance_loss=0.263, coord_loss=2.662, RMSD=2.661, prmsd_loss=2.564, ups=0.47, bsz=8, num_updates=16400, lr=1.40571e-05, gnorm=19.03, clip=100, loss_scale=2, train_wall=106.34, gb_free=32.8, wall=221561
2026-07-01 06:45:08 | INFO | train_inner | epoch 006:   1801 / 2931 loss=3.653, train_loss=3.653, cross_distance_loss=0.559, distance_loss=0.259, coord_loss=2.576, RMSD=2.576, prmsd_loss=2.583, ups=0.51, bsz=8, num_updates=16450, lr=1.40026e-05, gnorm=15.692, clip=100, loss_scale=2, train_wall=97.81, gb_free=33.4, wall=221659
2026-07-01 06:46:54 | INFO | train_inner | epoch 006:   1851 / 2931 loss=3.695, train_loss=3.695, cross_distance_loss=0.563, distance_loss=0.309, coord_loss=2.566, RMSD=2.565, prmsd_loss=2.564, ups=0.47, bsz=8, num_updates=16500, lr=1.39482e-05, gnorm=15.617, clip=100, loss_scale=4, train_wall=106.11, gb_free=33.3, wall=221765
2026-07-01 06:46:54 | INFO | unicore_cli.train | begin validation on "valid" subset
2026-07-01 06:46:54 | INFO | unicore.tasks.unicore_task | get EpochBatchIterator for epoch 1
2026-07-01 07:58:38 | INFO | valid | epoch 006 | valid on 'valid' subset | loss 3.441 | valid_loss 3.441 | cross_distance_loss 0.559 | distance_loss 0.195 | coord_loss 2.436 | RMSD 2.435 | prmsd_loss 2.504 | bsz 26010 | num_updates 16500 | best_loss 3.441
2026-07-01 07:58:38 | INFO | unicore.checkpoint_utils | Preparing to save checkpoint for epoch 6 @ 16500 updates
2026-07-01 07:58:38 | INFO | unicore.trainer | Saving checkpoint to ./checkpoint_6_16500.pt
2026-07-01 07:58:43 | INFO | unicore.trainer | Finished saving checkpoint to ./checkpoint_6_16500.pt
2026-07-01 07:58:43 | INFO | unicore.checkpoint_utils | Saved checkpoint ./checkpoint_6_16500.pt (epoch 6 @ 16500 updates, score 3.441) (writing took 4.571821328252554 seconds)
2026-07-01 07:58:43 | INFO | unicore.checkpoint_utils | copy ./checkpoint_6_16500.pt to /home/bdldt_team007/DLDockingBenchSeminar/run3/checkpoints/checkpoint_6_16500.pt
2026-07-01 07:58:48 | INFO | unicore.checkpoint_utils | copy ./checkpoint_6_16500.pt to /home/bdldt_team007/DLDockingBenchSeminar/run3/checkpoints/checkpoint_best.pt
2026-07-01 07:58:51 | INFO | unicore.checkpoint_utils | copy ./checkpoint_6_16500.pt to /home/bdldt_team007/DLDockingBenchSeminar/run3/checkpoints/checkpoint_last.pt
2026-07-01 07:58:53 | INFO | unicore.checkpoint_utils | removing temp file ./checkpoint_6_16500.pt ...
2026-07-01 07:58:54 | INFO | unicore.checkpoint_utils | finished async ckp saving.
2026-07-01 08:00:26 | INFO | train_inner | epoch 006:   1901 / 2931 loss=3.903, train_loss=3.903, cross_distance_loss=0.564, distance_loss=0.317, coord_loss=2.765, RMSD=2.764, prmsd_loss=2.576, ups=0.01, bsz=8, num_updates=16550, lr=1.38937e-05, gnorm=14.529, clip=100, loss_scale=4, train_wall=103.52, gb_free=32.8, wall=226177
2026-07-01 08:02:14 | INFO | train_inner | epoch 006:   1951 / 2931 loss=3.704, train_loss=3.704, cross_distance_loss=0.552, distance_loss=0.279, coord_loss=2.616, RMSD=2.613, prmsd_loss=2.572, ups=0.47, bsz=8, num_updates=16600, lr=1.38393e-05, gnorm=19.003, clip=100, loss_scale=4, train_wall=107.09, gb_free=32.2, wall=226285
2026-07-01 08:03:45 | INFO | train_inner | epoch 006:   2001 / 2931 loss=3.591, train_loss=3.591, cross_distance_loss=0.551, distance_loss=0.241, coord_loss=2.535, RMSD=2.534, prmsd_loss=2.637, ups=0.55, bsz=8, num_updates=16650, lr=1.37848e-05, gnorm=14.928, clip=100, loss_scale=4, train_wall=91.16, gb_free=33.1, wall=226376
2026-07-01 08:05:12 | INFO | train_inner | epoch 006:   2051 / 2931 loss=3.518, train_loss=3.518, cross_distance_loss=0.543, distance_loss=0.225, coord_loss=2.491, RMSD=2.49, prmsd_loss=2.586, ups=0.57, bsz=8, num_updates=16700, lr=1.37304e-05, gnorm=25.843, clip=100, loss_scale=4, train_wall=87.19, gb_free=29.4, wall=226463
2026-07-01 08:06:59 | INFO | train_inner | epoch 006:   2101 / 2931 loss=3.903, train_loss=3.903, cross_distance_loss=0.563, distance_loss=0.307, coord_loss=2.777, RMSD=2.773, prmsd_loss=2.565, ups=0.47, bsz=8, num_updates=16750, lr=1.3676e-05, gnorm=15.684, clip=100, loss_scale=4, train_wall=106.47, gb_free=32.1, wall=226570
2026-07-01 08:08:35 | INFO | train_inner | epoch 006:   2151 / 2931 loss=3.577, train_loss=3.577, cross_distance_loss=0.558, distance_loss=0.248, coord_loss=2.514, RMSD=2.513, prmsd_loss=2.569, ups=0.52, bsz=8, num_updates=16800, lr=1.36215e-05, gnorm=14.023, clip=100, loss_scale=4, train_wall=96.53, gb_free=33.9, wall=226666
2026-07-01 08:10:21 | INFO | train_inner | epoch 006:   2201 / 2931 loss=3.529, train_loss=3.529, cross_distance_loss=0.554, distance_loss=0.267, coord_loss=2.45, RMSD=2.449, prmsd_loss=2.582, ups=0.47, bsz=8, num_updates=16850, lr=1.35671e-05, gnorm=17.439, clip=100, loss_scale=4, train_wall=105.78, gb_free=29.4, wall=226772
2026-07-01 08:12:02 | INFO | train_inner | epoch 006:   2251 / 2931 loss=3.688, train_loss=3.688, cross_distance_loss=0.577, distance_loss=0.275, coord_loss=2.582, RMSD=2.58, prmsd_loss=2.547, ups=0.5, bsz=8, num_updates=16900, lr=1.35126e-05, gnorm=13.989, clip=100, loss_scale=4, train_wall=100.48, gb_free=34.7, wall=226873
2026-07-01 08:13:49 | INFO | train_inner | epoch 006:   2301 / 2931 loss=3.553, train_loss=3.553, cross_distance_loss=0.549, distance_loss=0.281, coord_loss=2.471, RMSD=2.47, prmsd_loss=2.531, ups=0.47, bsz=8, num_updates=16950, lr=1.34582e-05, gnorm=19.964, clip=100, loss_scale=4, train_wall=106.87, gb_free=33.4, wall=226980
2026-07-01 08:15:32 | INFO | train_inner | epoch 006:   2351 / 2931 loss=3.733, train_loss=3.733, cross_distance_loss=0.559, distance_loss=0.298, coord_loss=2.616, RMSD=2.615, prmsd_loss=2.595, ups=0.48, bsz=8, num_updates=17000, lr=1.34037e-05, gnorm=15.075, clip=100, loss_scale=4, train_wall=103.55, gb_free=31.8, wall=227084
2026-07-01 08:15:32 | INFO | unicore_cli.train | begin validation on "valid" subset
2026-07-01 08:15:32 | INFO | unicore.tasks.unicore_task | get EpochBatchIterator for epoch 1
2026-07-01 09:29:40 | INFO | valid | epoch 006 | valid on 'valid' subset | loss 3.451 | valid_loss 3.451 | cross_distance_loss 0.552 | distance_loss 0.196 | coord_loss 2.455 | RMSD 2.454 | prmsd_loss 2.484 | bsz 26010 | num_updates 17000 | best_loss 3.441
2026-07-01 09:29:40 | INFO | unicore.checkpoint_utils | Preparing to save checkpoint for epoch 6 @ 17000 updates
2026-07-01 09:29:40 | INFO | unicore.trainer | Saving checkpoint to ./checkpoint_6_17000.pt
2026-07-01 09:29:45 | INFO | unicore.trainer | Finished saving checkpoint to ./checkpoint_6_17000.pt
2026-07-01 09:29:45 | INFO | unicore.checkpoint_utils | Saved checkpoint ./checkpoint_6_17000.pt (epoch 6 @ 17000 updates, score 3.451) (writing took 4.694306964054704 seconds)
2026-07-01 09:29:45 | INFO | unicore.checkpoint_utils | copy ./checkpoint_6_17000.pt to /home/bdldt_team007/DLDockingBenchSeminar/run3/checkpoints/checkpoint_6_17000.pt
2026-07-01 09:29:50 | INFO | unicore.checkpoint_utils | copy ./checkpoint_6_17000.pt to /home/bdldt_team007/DLDockingBenchSeminar/run3/checkpoints/checkpoint_last.pt
2026-07-01 09:29:52 | INFO | unicore.checkpoint_utils | removing temp file ./checkpoint_6_17000.pt ...
2026-07-01 09:29:53 | INFO | unicore.checkpoint_utils | finished async ckp saving.
2026-07-01 09:31:23 | INFO | train_inner | epoch 006:   2401 / 2931 loss=3.609, train_loss=3.609, cross_distance_loss=0.547, distance_loss=0.259, coord_loss=2.547, RMSD=2.546, prmsd_loss=2.56, ups=0.01, bsz=8, num_updates=17050, lr=1.33493e-05, gnorm=13.547, clip=100, loss_scale=4, train_wall=97.83, gb_free=26.5, wall=231634
2026-07-01 09:32:53 | INFO | train_inner | epoch 006:   2451 / 2931 loss=3.497, train_loss=3.497, cross_distance_loss=0.547, distance_loss=0.25, coord_loss=2.447, RMSD=2.446, prmsd_loss=2.533, ups=0.55, bsz=8, num_updates=17100, lr=1.32949e-05, gnorm=11.328, clip=100, loss_scale=4, train_wall=90.59, gb_free=32.1, wall=231725
2026-07-01 09:34:28 | INFO | train_inner | epoch 006:   2501 / 2931 loss=3.631, train_loss=3.631, cross_distance_loss=0.553, distance_loss=0.283, coord_loss=2.541, RMSD=2.539, prmsd_loss=2.546, ups=0.53, bsz=8, num_updates=17150, lr=1.32404e-05, gnorm=17.22, clip=100, loss_scale=4, train_wall=94.77, gb_free=33.6, wall=231819
2026-07-01 09:36:10 | INFO | train_inner | epoch 006:   2551 / 2931 loss=3.537, train_loss=3.537, cross_distance_loss=0.549, distance_loss=0.247, coord_loss=2.485, RMSD=2.482, prmsd_loss=2.562, ups=0.49, bsz=8, num_updates=17200, lr=1.3186e-05, gnorm=13.568, clip=100, loss_scale=4, train_wall=101.56, gb_free=30.2, wall=231921
2026-07-01 09:37:37 | INFO | train_inner | epoch 006:   2601 / 2931 loss=3.434, train_loss=3.434, cross_distance_loss=0.539, distance_loss=0.232, coord_loss=2.413, RMSD=2.413, prmsd_loss=2.499, ups=0.58, bsz=8, num_updates=17250, lr=1.31315e-05, gnorm=13.128, clip=100, loss_scale=4, train_wall=86.52, gb_free=33.1, wall=232008
2026-07-01 09:39:19 | INFO | train_inner | epoch 006:   2651 / 2931 loss=3.655, train_loss=3.655, cross_distance_loss=0.56, distance_loss=0.267, coord_loss=2.569, RMSD=2.568, prmsd_loss=2.6, ups=0.49, bsz=8, num_updates=17300, lr=1.30771e-05, gnorm=11.493, clip=100, loss_scale=4, train_wall=102.54, gb_free=32.1, wall=232110
2026-07-01 09:40:57 | INFO | train_inner | epoch 006:   2701 / 2931 loss=3.664, train_loss=3.664, cross_distance_loss=0.555, distance_loss=0.274, coord_loss=2.58, RMSD=2.579, prmsd_loss=2.546, ups=0.51, bsz=8, num_updates=17350, lr=1.30226e-05, gnorm=12.555, clip=100, loss_scale=4, train_wall=97.7, gb_free=31.4, wall=232208
2026-07-01 09:42:38 | INFO | train_inner | epoch 006:   2751 / 2931 loss=3.656, train_loss=3.656, cross_distance_loss=0.548, distance_loss=0.271, coord_loss=2.58, RMSD=2.578, prmsd_loss=2.567, ups=0.5, bsz=8, num_updates=17400, lr=1.29682e-05, gnorm=16.964, clip=100, loss_scale=4, train_wall=100.58, gb_free=32.1, wall=232309
2026-07-01 09:44:16 | INFO | train_inner | epoch 006:   2801 / 2931 loss=3.71, train_loss=3.71, cross_distance_loss=0.568, distance_loss=0.255, coord_loss=2.628, RMSD=2.628, prmsd_loss=2.585, ups=0.51, bsz=8, num_updates=17450, lr=1.29138e-05, gnorm=18.168, clip=100, loss_scale=4, train_wall=97.69, gb_free=31.4, wall=232407
2026-07-01 09:45:42 | INFO | train_inner | epoch 006:   2851 / 2931 loss=3.458, train_loss=3.458, cross_distance_loss=0.537, distance_loss=0.256, coord_loss=2.409, RMSD=2.405, prmsd_loss=2.568, ups=0.58, bsz=8, num_updates=17500, lr=1.28593e-05, gnorm=14.531, clip=100, loss_scale=4, train_wall=86.56, gb_free=32.2, wall=232493
2026-07-01 09:45:42 | INFO | unicore_cli.train | begin validation on "valid" subset
2026-07-01 09:45:42 | INFO | unicore.tasks.unicore_task | get EpochBatchIterator for epoch 1
2026-07-01 10:56:23 | INFO | valid | epoch 006 | valid on 'valid' subset | loss 6.806 | valid_loss 6.806 | cross_distance_loss 0.544 | distance_loss 0.189 | coord_loss 5.825 | RMSD 5.778 | prmsd_loss 2.483 | bsz 26010 | num_updates 17500 | best_loss 3.441
2026-07-01 10:56:23 | INFO | unicore.checkpoint_utils | Preparing to save checkpoint for epoch 6 @ 17500 updates
2026-07-01 10:56:23 | INFO | unicore.trainer | Saving checkpoint to ./checkpoint_6_17500.pt
2026-07-01 10:56:27 | INFO | unicore.trainer | Finished saving checkpoint to ./checkpoint_6_17500.pt
2026-07-01 10:56:27 | INFO | unicore.checkpoint_utils | Saved checkpoint ./checkpoint_6_17500.pt (epoch 6 @ 17500 updates, score 6.806) (writing took 4.508972276002169 seconds)
2026-07-01 10:56:27 | INFO | unicore.checkpoint_utils | copy ./checkpoint_6_17500.pt to /home/bdldt_team007/DLDockingBenchSeminar/run3/checkpoints/checkpoint_6_17500.pt
2026-07-01 10:56:32 | INFO | unicore.checkpoint_utils | copy ./checkpoint_6_17500.pt to /home/bdldt_team007/DLDockingBenchSeminar/run3/checkpoints/checkpoint_last.pt
2026-07-01 10:56:35 | INFO | unicore.checkpoint_utils | removing temp file ./checkpoint_6_17500.pt ...
2026-07-01 10:56:35 | INFO | unicore.checkpoint_utils | finished async ckp saving.
2026-07-01 10:58:07 | INFO | train_inner | epoch 006:   2901 / 2931 loss=3.573, train_loss=3.573, cross_distance_loss=0.544, distance_loss=0.31, coord_loss=2.466, RMSD=2.465, prmsd_loss=2.525, ups=0.01, bsz=8, num_updates=17550, lr=1.28049e-05, gnorm=16.411, clip=100, loss_scale=4, train_wall=99.87, gb_free=32.1, wall=236838
2026-07-01 10:59:13 | INFO | unicore_cli.train | begin validation on "valid" subset
2026-07-01 10:59:13 | INFO | unicore.tasks.unicore_task | get EpochBatchIterator for epoch 1
2026-07-01 12:14:56 | INFO | valid | epoch 006 | valid on 'valid' subset | loss 3.434 | valid_loss 3.434 | cross_distance_loss 0.551 | distance_loss 0.19 | coord_loss 2.442 | RMSD 2.441 | prmsd_loss 2.508 | bsz 26010 | num_updates 17580 | best_loss 3.434
2026-07-01 12:14:56 | INFO | unicore.checkpoint_utils | Preparing to save checkpoint for epoch 6 @ 17580 updates
2026-07-01 12:14:56 | INFO | unicore.trainer | Saving checkpoint to ./checkpoint6.pt
2026-07-01 12:15:01 | INFO | unicore.trainer | Finished saving checkpoint to ./checkpoint6.pt
2026-07-01 12:15:01 | INFO | unicore.checkpoint_utils | Saved checkpoint ./checkpoint6.pt (epoch 6 @ 17580 updates, score 3.434) (writing took 4.4058523159474134 seconds)
2026-07-01 12:15:01 | INFO | unicore_cli.train | end of epoch 6 (average epoch stats below)
2026-07-01 12:15:01 | INFO | unicore.checkpoint_utils | copy ./checkpoint6.pt to /home/bdldt_team007/DLDockingBenchSeminar/run3/checkpoints/checkpoint6.pt
2026-07-01 12:15:01 | INFO | train | epoch 006 | loss 3.688 | train_loss 3.688 | cross_distance_loss 0.562 | distance_loss 0.272 | coord_loss 2.595 | RMSD 2.594 | prmsd_loss 2.586 | ups 0.08 | bsz 8 | num_updates 17580 | lr 1.27722e-05 | gnorm 15.597 | clip 100 | loss_scale 4 | train_wall 5878.9 | gb_free 31.1 | wall 241452
2026-07-01 12:15:01 | INFO | unicore.tasks.unicore_task | get EpochBatchIterator for epoch 7
2026-07-01 12:15:01 | INFO | unicore.trainer | begin training epoch 7
2026-07-01 12:15:01 | INFO | unicore_cli.train | Start iterating over samples
2026-07-01 12:15:05 | INFO | unicore.checkpoint_utils | copy ./checkpoint6.pt to /home/bdldt_team007/DLDockingBenchSeminar/run3/checkpoints/checkpoint_best.pt
2026-07-01 12:15:45 | INFO | train_inner | epoch 007:     20 / 2931 loss=3.886, train_loss=3.886, cross_distance_loss=0.573, distance_loss=0.275, coord_loss=2.776, RMSD=2.776, prmsd_loss=2.615, ups=0.01, bsz=8, num_updates=17600, lr=1.27504e-05, gnorm=22.784, clip=100, loss_scale=4, train_wall=109.94, gb_free=33.9, wall=241496
2026-07-01 12:16:15 | INFO | unicore.checkpoint_utils | copy ./checkpoint6.pt to /home/bdldt_team007/DLDockingBenchSeminar/run3/checkpoints/checkpoint_last.pt
2026-07-01 12:16:18 | INFO | unicore.checkpoint_utils | removing temp file ./checkpoint6.pt ...
2026-07-01 12:16:19 | INFO | unicore.checkpoint_utils | finished async ckp saving.
2026-07-01 12:17:26 | INFO | train_inner | epoch 007:     70 / 2931 loss=3.725, train_loss=3.725, cross_distance_loss=0.557, distance_loss=0.293, coord_loss=2.617, RMSD=2.609, prmsd_loss=2.594, ups=0.5, bsz=8, num_updates=17650, lr=1.2696e-05, gnorm=34.546, clip=100, loss_scale=4, train_wall=100.84, gb_free=34.2, wall=241597
2026-07-01 12:19:01 | INFO | train_inner | epoch 007:    120 / 2931 loss=3.344, train_loss=3.344, cross_distance_loss=0.525, distance_loss=0.238, coord_loss=2.334, RMSD=2.333, prmsd_loss=2.477, ups=0.53, bsz=8, num_updates=17700, lr=1.26416e-05, gnorm=10.595, clip=100, loss_scale=4, train_wall=95.13, gb_free=32.1, wall=241693
2026-07-01 12:20:42 | INFO | train_inner | epoch 007:    170 / 2931 loss=3.461, train_loss=3.461, cross_distance_loss=0.52, distance_loss=0.239, coord_loss=2.45, RMSD=2.45, prmsd_loss=2.516, ups=0.5, bsz=8, num_updates=17750, lr=1.25871e-05, gnorm=12.802, clip=100, loss_scale=4, train_wall=100.84, gb_free=32.5, wall=241793
2026-07-01 12:22:27 | INFO | train_inner | epoch 007:    220 / 2931 loss=3.468, train_loss=3.468, cross_distance_loss=0.533, distance_loss=0.277, coord_loss=2.402, RMSD=2.402, prmsd_loss=2.556, ups=0.48, bsz=8, num_updates=17800, lr=1.25327e-05, gnorm=21.811, clip=100, loss_scale=4, train_wall=104.38, gb_free=33.4, wall=241898
2026-07-01 12:24:09 | INFO | train_inner | epoch 007:    270 / 2931 loss=3.53, train_loss=3.53, cross_distance_loss=0.543, distance_loss=0.267, coord_loss=2.468, RMSD=2.467, prmsd_loss=2.52, ups=0.49, bsz=8, num_updates=17850, lr=1.24782e-05, gnorm=13.174, clip=100, loss_scale=4, train_wall=102.08, gb_free=33.6, wall=242000
2026-07-01 12:25:52 | INFO | train_inner | epoch 007:    320 / 2931 loss=3.451, train_loss=3.451, cross_distance_loss=0.542, distance_loss=0.263, coord_loss=2.398, RMSD=2.397, prmsd_loss=2.479, ups=0.49, bsz=8, num_updates=17900, lr=1.24238e-05, gnorm=13.673, clip=100, loss_scale=4, train_wall=102.93, gb_free=31, wall=242103
2026-07-01 12:27:36 | INFO | train_inner | epoch 007:    370 / 2931 loss=3.424, train_loss=3.424, cross_distance_loss=0.537, distance_loss=0.252, coord_loss=2.385, RMSD=2.385, prmsd_loss=2.493, ups=0.48, bsz=8, num_updates=17950, lr=1.23693e-05, gnorm=11.265, clip=100, loss_scale=4, train_wall=103.73, gb_free=31.7, wall=242207
2026-07-01 12:29:19 | INFO | train_inner | epoch 007:    420 / 2931 loss=3.46, train_loss=3.46, cross_distance_loss=0.526, distance_loss=0.229, coord_loss=2.452, RMSD=2.451, prmsd_loss=2.529, ups=0.48, bsz=8, num_updates=18000, lr=1.23149e-05, gnorm=11.174, clip=100, loss_scale=4, train_wall=103.12, gb_free=33.7, wall=242310
2026-07-01 12:29:19 | INFO | unicore_cli.train | begin validation on "valid" subset
2026-07-01 12:29:19 | INFO | unicore.tasks.unicore_task | get EpochBatchIterator for epoch 1
2026-07-01 13:38:35 | INFO | valid | epoch 007 | valid on 'valid' subset | loss 3.353 | valid_loss 3.353 | cross_distance_loss 0.566 | distance_loss 0.187 | coord_loss 2.344 | RMSD 2.343 | prmsd_loss 2.56 | bsz 26010 | num_updates 18000 | best_loss 3.353
2026-07-01 13:38:35 | INFO | unicore.checkpoint_utils | Preparing to save checkpoint for epoch 7 @ 18000 updates
2026-07-01 13:38:35 | INFO | unicore.trainer | Saving checkpoint to ./checkpoint_7_18000.pt
2026-07-01 13:38:40 | INFO | unicore.trainer | Finished saving checkpoint to ./checkpoint_7_18000.pt
2026-07-01 13:38:40 | INFO | unicore.checkpoint_utils | Saved checkpoint ./checkpoint_7_18000.pt (epoch 7 @ 18000 updates, score 3.353) (writing took 4.6333963945508 seconds)
2026-07-01 13:38:40 | INFO | unicore.checkpoint_utils | copy ./checkpoint_7_18000.pt to /home/bdldt_team007/DLDockingBenchSeminar/run3/checkpoints/checkpoint_7_18000.pt
2026-07-01 13:38:44 | INFO | unicore.checkpoint_utils | copy ./checkpoint_7_18000.pt to /home/bdldt_team007/DLDockingBenchSeminar/run3/checkpoints/checkpoint_best.pt
2026-07-01 13:38:47 | INFO | unicore.checkpoint_utils | copy ./checkpoint_7_18000.pt to /home/bdldt_team007/DLDockingBenchSeminar/run3/checkpoints/checkpoint_last.pt
2026-07-01 13:38:50 | INFO | unicore.checkpoint_utils | removing temp file ./checkpoint_7_18000.pt ...
2026-07-01 13:38:50 | INFO | unicore.checkpoint_utils | finished async ckp saving.
2026-07-01 13:40:22 | INFO | train_inner | epoch 007:    470 / 2931 loss=3.222, train_loss=3.222, cross_distance_loss=0.511, distance_loss=0.236, coord_loss=2.229, RMSD=2.228, prmsd_loss=2.466, ups=0.01, bsz=8, num_updates=18050, lr=1.22605e-05, gnorm=12.065, clip=100, loss_scale=4, train_wall=101.87, gb_free=32.1, wall=246573
2026-07-01 13:42:02 | INFO | train_inner | epoch 007:    520 / 2931 loss=3.492, train_loss=3.492, cross_distance_loss=0.539, distance_loss=0.244, coord_loss=2.454, RMSD=2.453, prmsd_loss=2.554, ups=0.5, bsz=8, num_updates=18100, lr=1.2206e-05, gnorm=15.246, clip=100, loss_scale=4, train_wall=100.13, gb_free=31.4, wall=246673
2026-07-01 13:43:40 | INFO | train_inner | epoch 007:    570 / 2931 loss=3.513, train_loss=3.513, cross_distance_loss=0.533, distance_loss=0.285, coord_loss=2.448, RMSD=2.448, prmsd_loss=2.458, ups=0.51, bsz=8, num_updates=18150, lr=1.21516e-05, gnorm=18.77, clip=100, loss_scale=4, train_wall=98.01, gb_free=32.1, wall=246771
2026-07-01 13:45:14 | INFO | train_inner | epoch 007:    620 / 2931 loss=3.659, train_loss=3.659, cross_distance_loss=0.555, distance_loss=0.3, coord_loss=2.552, RMSD=2.552, prmsd_loss=2.519, ups=0.53, bsz=8, num_updates=18200, lr=1.20971e-05, gnorm=23.555, clip=100, loss_scale=4, train_wall=93.54, gb_free=32.4, wall=246865
2026-07-01 13:46:46 | INFO | train_inner | epoch 007:    670 / 2931 loss=3.267, train_loss=3.267, cross_distance_loss=0.519, distance_loss=0.218, coord_loss=2.278, RMSD=2.277, prmsd_loss=2.52, ups=0.54, bsz=8, num_updates=18250, lr=1.20427e-05, gnorm=10.926, clip=100, loss_scale=4, train_wall=92.13, gb_free=33.7, wall=246957
2026-07-01 13:48:21 | INFO | train_inner | epoch 007:    720 / 2931 loss=3.594, train_loss=3.594, cross_distance_loss=0.539, distance_loss=0.281, coord_loss=2.521, RMSD=2.52, prmsd_loss=2.526, ups=0.53, bsz=8, num_updates=18300, lr=1.19882e-05, gnorm=15.566, clip=100, loss_scale=4, train_wall=94.96, gb_free=33.1, wall=247052
2026-07-01 13:49:57 | INFO | train_inner | epoch 007:    770 / 2931 loss=3.516, train_loss=3.516, cross_distance_loss=0.541, distance_loss=0.292, coord_loss=2.429, RMSD=2.429, prmsd_loss=2.535, ups=0.52, bsz=8, num_updates=18350, lr=1.19338e-05, gnorm=15.843, clip=100, loss_scale=4, train_wall=95.93, gb_free=32.5, wall=247148
2026-07-01 13:51:31 | INFO | train_inner | epoch 007:    820 / 2931 loss=3.253, train_loss=3.253, cross_distance_loss=0.527, distance_loss=0.226, coord_loss=2.252, RMSD=2.251, prmsd_loss=2.488, ups=0.53, bsz=8, num_updates=18400, lr=1.18794e-05, gnorm=13.927, clip=100, loss_scale=4, train_wall=93.58, gb_free=32.1, wall=247242
2026-07-01 13:53:04 | INFO | train_inner | epoch 007:    870 / 2931 loss=3.505, train_loss=3.505, cross_distance_loss=0.536, distance_loss=0.252, coord_loss=2.464, RMSD=2.464, prmsd_loss=2.529, ups=0.54, bsz=8, num_updates=18450, lr=1.18249e-05, gnorm=16.498, clip=100, loss_scale=4, train_wall=93, gb_free=32.7, wall=247335
2026-07-01 13:54:59 | INFO | train_inner | epoch 007:    920 / 2931 loss=3.576, train_loss=3.576, cross_distance_loss=0.547, distance_loss=0.298, coord_loss=2.481, RMSD=2.481, prmsd_loss=2.505, ups=0.44, bsz=8, num_updates=18500, lr=1.17705e-05, gnorm=10.972, clip=100, loss_scale=4, train_wall=114.8, gb_free=32.8, wall=247450
2026-07-01 13:54:59 | INFO | unicore_cli.train | begin validation on "valid" subset
2026-07-01 13:54:59 | INFO | unicore.tasks.unicore_task | get EpochBatchIterator for epoch 1
2026-07-01 15:05:24 | INFO | valid | epoch 007 | valid on 'valid' subset | loss 3.339 | valid_loss 3.339 | cross_distance_loss 0.546 | distance_loss 0.191 | coord_loss 2.35 | RMSD 2.349 | prmsd_loss 2.519 | bsz 26010 | num_updates 18500 | best_loss 3.339
2026-07-01 15:05:24 | INFO | unicore.checkpoint_utils | Preparing to save checkpoint for epoch 7 @ 18500 updates
2026-07-01 15:05:24 | INFO | unicore.trainer | Saving checkpoint to ./checkpoint_7_18500.pt
2026-07-01 15:05:28 | INFO | unicore.trainer | Finished saving checkpoint to ./checkpoint_7_18500.pt
2026-07-01 15:05:28 | INFO | unicore.checkpoint_utils | Saved checkpoint ./checkpoint_7_18500.pt (epoch 7 @ 18500 updates, score 3.339) (writing took 4.7261781971901655 seconds)
2026-07-01 15:05:28 | INFO | unicore.checkpoint_utils | copy ./checkpoint_7_18500.pt to /home/bdldt_team007/DLDockingBenchSeminar/run3/checkpoints/checkpoint_7_18500.pt
2026-07-01 15:05:33 | INFO | unicore.checkpoint_utils | copy ./checkpoint_7_18500.pt to /home/bdldt_team007/DLDockingBenchSeminar/run3/checkpoints/checkpoint_best.pt
2026-07-01 15:05:36 | INFO | unicore.checkpoint_utils | copy ./checkpoint_7_18500.pt to /home/bdldt_team007/DLDockingBenchSeminar/run3/checkpoints/checkpoint_last.pt
2026-07-01 15:05:38 | INFO | unicore.checkpoint_utils | removing temp file ./checkpoint_7_18500.pt ...
2026-07-01 15:05:39 | INFO | unicore.checkpoint_utils | finished async ckp saving.
2026-07-01 15:07:04 | INFO | train_inner | epoch 007:    970 / 2931 loss=3.444, train_loss=3.444, cross_distance_loss=0.532, distance_loss=0.266, coord_loss=2.394, RMSD=2.394, prmsd_loss=2.52, ups=0.01, bsz=8, num_updates=18550, lr=1.1716e-05, gnorm=12.164, clip=100, loss_scale=4, train_wall=95.82, gb_free=32.1, wall=251775
2026-07-01 15:08:49 | INFO | train_inner | epoch 007:   1020 / 2931 loss=3.446, train_loss=3.446, cross_distance_loss=0.526, distance_loss=0.235, coord_loss=2.435, RMSD=2.435, prmsd_loss=2.495, ups=0.48, bsz=8, num_updates=18600, lr=1.16616e-05, gnorm=16.763, clip=100, loss_scale=4, train_wall=104.52, gb_free=32.8, wall=251880
2026-07-01 15:10:26 | INFO | train_inner | epoch 007:   1070 / 2931 loss=3.298, train_loss=3.298, cross_distance_loss=0.531, distance_loss=0.244, coord_loss=2.274, RMSD=2.274, prmsd_loss=2.483, ups=0.52, bsz=8, num_updates=18650, lr=1.16071e-05, gnorm=10.798, clip=100, loss_scale=4, train_wall=96.79, gb_free=32.7, wall=251977
2026-07-01 15:12:02 | INFO | train_inner | epoch 007:   1120 / 2931 loss=3.578, train_loss=3.578, cross_distance_loss=0.55, distance_loss=0.277, coord_loss=2.497, RMSD=2.497, prmsd_loss=2.531, ups=0.52, bsz=8, num_updates=18700, lr=1.15527e-05, gnorm=11.829, clip=100, loss_scale=4, train_wall=96.54, gb_free=28.2, wall=252073
2026-07-01 15:13:43 | INFO | train_inner | epoch 007:   1170 / 2931 loss=3.207, train_loss=3.207, cross_distance_loss=0.521, distance_loss=0.217, coord_loss=2.221, RMSD=2.221, prmsd_loss=2.48, ups=0.5, bsz=8, num_updates=18750, lr=1.14983e-05, gnorm=10.943, clip=100, loss_scale=4, train_wall=100.86, gb_free=31.4, wall=252174
2026-07-01 15:15:22 | INFO | train_inner | epoch 007:   1220 / 2931 loss=3.273, train_loss=3.273, cross_distance_loss=0.518, distance_loss=0.219, coord_loss=2.291, RMSD=2.29, prmsd_loss=2.46, ups=0.51, bsz=8, num_updates=18800, lr=1.14438e-05, gnorm=21.808, clip=100, loss_scale=4, train_wall=98.35, gb_free=31.8, wall=252273
2026-07-01 15:17:00 | INFO | train_inner | epoch 007:   1270 / 2931 loss=3.73, train_loss=3.73, cross_distance_loss=0.569, distance_loss=0.339, coord_loss=2.568, RMSD=2.567, prmsd_loss=2.535, ups=0.51, bsz=8, num_updates=18850, lr=1.13894e-05, gnorm=18.828, clip=100, loss_scale=4, train_wall=97.79, gb_free=32.4, wall=252371
2026-07-01 15:18:36 | INFO | train_inner | epoch 007:   1320 / 2931 loss=3.128, train_loss=3.128, cross_distance_loss=0.509, distance_loss=0.247, coord_loss=2.13, RMSD=2.129, prmsd_loss=2.421, ups=0.52, bsz=8, num_updates=18900, lr=1.13349e-05, gnorm=11.249, clip=100, loss_scale=4, train_wall=96, gb_free=30.6, wall=252467
2026-07-01 15:20:14 | INFO | train_inner | epoch 007:   1370 / 2931 loss=3.461, train_loss=3.461, cross_distance_loss=0.523, distance_loss=0.283, coord_loss=2.409, RMSD=2.408, prmsd_loss=2.462, ups=0.51, bsz=8, num_updates=18950, lr=1.12805e-05, gnorm=12.304, clip=100, loss_scale=4, train_wall=98.4, gb_free=32.5, wall=252565
2026-07-01 15:21:56 | INFO | train_inner | epoch 007:   1420 / 2931 loss=3.254, train_loss=3.254, cross_distance_loss=0.528, distance_loss=0.243, coord_loss=2.233, RMSD=2.232, prmsd_loss=2.499, ups=0.49, bsz=8, num_updates=19000, lr=1.1226e-05, gnorm=14.517, clip=100, loss_scale=4, train_wall=101.43, gb_free=30.6, wall=252667
2026-07-01 15:21:56 | INFO | unicore_cli.train | begin validation on "valid" subset
2026-07-01 15:21:56 | INFO | unicore.tasks.unicore_task | get EpochBatchIterator for epoch 1
2026-07-01 16:33:43 | INFO | valid | epoch 007 | valid on 'valid' subset | loss 3.294 | valid_loss 3.294 | cross_distance_loss 0.549 | distance_loss 0.187 | coord_loss 2.306 | RMSD 2.306 | prmsd_loss 2.519 | bsz 26010 | num_updates 19000 | best_loss 3.294
2026-07-01 16:33:43 | INFO | unicore.checkpoint_utils | Preparing to save checkpoint for epoch 7 @ 19000 updates
2026-07-01 16:33:43 | INFO | unicore.trainer | Saving checkpoint to ./checkpoint_7_19000.pt
2026-07-01 16:33:48 | INFO | unicore.trainer | Finished saving checkpoint to ./checkpoint_7_19000.pt
2026-07-01 16:33:48 | INFO | unicore.checkpoint_utils | Saved checkpoint ./checkpoint_7_19000.pt (epoch 7 @ 19000 updates, score 3.294) (writing took 4.540089813992381 seconds)
2026-07-01 16:33:48 | INFO | unicore.checkpoint_utils | copy ./checkpoint_7_19000.pt to /home/bdldt_team007/DLDockingBenchSeminar/run3/checkpoints/checkpoint_7_19000.pt
2026-07-01 16:33:53 | INFO | unicore.checkpoint_utils | copy ./checkpoint_7_19000.pt to /home/bdldt_team007/DLDockingBenchSeminar/run3/checkpoints/checkpoint_best.pt
2026-07-01 16:33:55 | INFO | unicore.checkpoint_utils | copy ./checkpoint_7_19000.pt to /home/bdldt_team007/DLDockingBenchSeminar/run3/checkpoints/checkpoint_last.pt
2026-07-01 16:33:58 | INFO | unicore.checkpoint_utils | removing temp file ./checkpoint_7_19000.pt ...
2026-07-01 16:33:58 | INFO | unicore.checkpoint_utils | finished async ckp saving.
2026-07-01 16:35:44 | INFO | train_inner | epoch 007:   1470 / 2931 loss=3.433, train_loss=3.433, cross_distance_loss=0.55, distance_loss=0.292, coord_loss=2.338, RMSD=2.338, prmsd_loss=2.53, ups=0.01, bsz=8, num_updates=19050, lr=1.11716e-05, gnorm=11.643, clip=100, loss_scale=4, train_wall=115.66, gb_free=33.4, wall=257095
2026-07-01 16:37:29 | INFO | train_inner | epoch 007:   1520 / 2931 loss=3.293, train_loss=3.293, cross_distance_loss=0.536, distance_loss=0.27, coord_loss=2.236, RMSD=2.236, prmsd_loss=2.513, ups=0.47, bsz=8, num_updates=19100, lr=1.11172e-05, gnorm=10.353, clip=100, loss_scale=4, train_wall=105.47, gb_free=34.2, wall=257200
2026-07-01 16:39:05 | INFO | train_inner | epoch 007:   1570 / 2931 loss=3.33, train_loss=3.33, cross_distance_loss=0.527, distance_loss=0.25, coord_loss=2.301, RMSD=2.3, prmsd_loss=2.516, ups=0.52, bsz=8, num_updates=19150, lr=1.10627e-05, gnorm=13.249, clip=100, loss_scale=4, train_wall=95.94, gb_free=31.1, wall=257296
2026-07-01 16:40:40 | INFO | train_inner | epoch 007:   1620 / 2931 loss=3.198, train_loss=3.198, cross_distance_loss=0.508, distance_loss=0.237, coord_loss=2.207, RMSD=2.206, prmsd_loss=2.453, ups=0.53, bsz=8, num_updates=19200, lr=1.10083e-05, gnorm=14.602, clip=100, loss_scale=4, train_wall=94.45, gb_free=33.7, wall=257391
2026-07-01 16:42:24 | INFO | train_inner | epoch 007:   1670 / 2931 loss=3.278, train_loss=3.278, cross_distance_loss=0.52, distance_loss=0.272, coord_loss=2.241, RMSD=2.241, prmsd_loss=2.443, ups=0.48, bsz=8, num_updates=19250, lr=1.09538e-05, gnorm=16.855, clip=100, loss_scale=4, train_wall=104.23, gb_free=32.8, wall=257495
2026-07-01 16:43:59 | INFO | train_inner | epoch 007:   1720 / 2931 loss=3.402, train_loss=3.402, cross_distance_loss=0.523, distance_loss=0.243, coord_loss=2.386, RMSD=2.38, prmsd_loss=2.507, ups=0.53, bsz=8, num_updates=19300, lr=1.08994e-05, gnorm=11.714, clip=100, loss_scale=4, train_wall=95.04, gb_free=33.3, wall=257590
2026-07-01 16:45:34 | INFO | train_inner | epoch 007:   1770 / 2931 loss=3.234, train_loss=3.234, cross_distance_loss=0.508, distance_loss=0.256, coord_loss=2.229, RMSD=2.228, prmsd_loss=2.415, ups=0.53, bsz=8, num_updates=19350, lr=1.08449e-05, gnorm=12.154, clip=100, loss_scale=4, train_wall=94.21, gb_free=33.1, wall=257685
2026-07-01 16:47:12 | INFO | train_inner | epoch 007:   1820 / 2931 loss=3.276, train_loss=3.276, cross_distance_loss=0.516, distance_loss=0.226, coord_loss=2.289, RMSD=2.288, prmsd_loss=2.455, ups=0.51, bsz=8, num_updates=19400, lr=1.07905e-05, gnorm=12.518, clip=100, loss_scale=4, train_wall=98.41, gb_free=31.8, wall=257783
2026-07-01 16:48:56 | INFO | train_inner | epoch 007:   1870 / 2931 loss=3.369, train_loss=3.369, cross_distance_loss=0.527, distance_loss=0.272, coord_loss=2.325, RMSD=2.324, prmsd_loss=2.459, ups=0.48, bsz=8, num_updates=19450, lr=1.07361e-05, gnorm=16.825, clip=100, loss_scale=4, train_wall=103.24, gb_free=29.9, wall=257887
2026-07-01 16:50:38 | INFO | train_inner | epoch 007:   1920 / 2931 loss=3.272, train_loss=3.272, cross_distance_loss=0.518, distance_loss=0.237, coord_loss=2.269, RMSD=2.268, prmsd_loss=2.481, ups=0.49, bsz=8, num_updates=19500, lr=1.06816e-05, gnorm=29.286, clip=100, loss_scale=4, train_wall=102.54, gb_free=32.7, wall=257989
2026-07-01 16:50:38 | INFO | unicore_cli.train | begin validation on "valid" subset
2026-07-01 16:50:38 | INFO | unicore.tasks.unicore_task | get EpochBatchIterator for epoch 1
2026-07-01 18:04:49 | INFO | valid | epoch 007 | valid on 'valid' subset | loss 3.23 | valid_loss 3.23 | cross_distance_loss 0.532 | distance_loss 0.189 | coord_loss 2.266 | RMSD 2.265 | prmsd_loss 2.434 | bsz 26010 | num_updates 19500 | best_loss 3.23
2026-07-01 18:04:49 | INFO | unicore.checkpoint_utils | Preparing to save checkpoint for epoch 7 @ 19500 updates
2026-07-01 18:04:49 | INFO | unicore.trainer | Saving checkpoint to ./checkpoint_7_19500.pt
2026-07-01 18:04:54 | INFO | unicore.trainer | Finished saving checkpoint to ./checkpoint_7_19500.pt
2026-07-01 18:04:54 | INFO | unicore.checkpoint_utils | Saved checkpoint ./checkpoint_7_19500.pt (epoch 7 @ 19500 updates, score 3.23) (writing took 4.924483956769109 seconds)
2026-07-01 18:04:54 | INFO | unicore.checkpoint_utils | copy ./checkpoint_7_19500.pt to /home/bdldt_team007/DLDockingBenchSeminar/run3/checkpoints/checkpoint_7_19500.pt
2026-07-01 18:04:59 | INFO | unicore.checkpoint_utils | copy ./checkpoint_7_19500.pt to /home/bdldt_team007/DLDockingBenchSeminar/run3/checkpoints/checkpoint_best.pt
2026-07-01 18:05:02 | INFO | unicore.checkpoint_utils | copy ./checkpoint_7_19500.pt to /home/bdldt_team007/DLDockingBenchSeminar/run3/checkpoints/checkpoint_last.pt
2026-07-01 18:05:05 | INFO | unicore.checkpoint_utils | removing temp file ./checkpoint_7_19500.pt ...
2026-07-01 18:05:05 | INFO | unicore.checkpoint_utils | finished async ckp saving.
2026-07-01 18:06:25 | INFO | train_inner | epoch 007:   1970 / 2931 loss=3.224, train_loss=3.224, cross_distance_loss=0.513, distance_loss=0.236, coord_loss=2.229, RMSD=2.229, prmsd_loss=2.452, ups=0.01, bsz=8, num_updates=19550, lr=1.06272e-05, gnorm=22.882, clip=100, loss_scale=4, train_wall=90.63, gb_free=31.7, wall=262536
2026-07-01 18:08:11 | INFO | train_inner | epoch 007:   2020 / 2931 loss=3.221, train_loss=3.221, cross_distance_loss=0.529, distance_loss=0.243, coord_loss=2.203, RMSD=2.203, prmsd_loss=2.454, ups=0.47, bsz=8, num_updates=19600, lr=1.05727e-05, gnorm=13.559, clip=100, loss_scale=4, train_wall=105.54, gb_free=28.2, wall=262642
2026-07-01 18:09:47 | INFO | train_inner | epoch 007:   2070 / 2931 loss=3.266, train_loss=3.266, cross_distance_loss=0.524, distance_loss=0.27, coord_loss=2.227, RMSD=2.226, prmsd_loss=2.447, ups=0.52, bsz=8, num_updates=19650, lr=1.05183e-05, gnorm=14.107, clip=100, loss_scale=4, train_wall=96.56, gb_free=32.5, wall=262738
2026-07-01 18:11:31 | INFO | train_inner | epoch 007:   2120 / 2931 loss=3.355, train_loss=3.355, cross_distance_loss=0.516, distance_loss=0.255, coord_loss=2.339, RMSD=2.338, prmsd_loss=2.45, ups=0.48, bsz=8, num_updates=19700, lr=1.04639e-05, gnorm=19.329, clip=100, loss_scale=4, train_wall=103.42, gb_free=32.4, wall=262842
2026-07-01 18:13:11 | INFO | train_inner | epoch 007:   2170 / 2931 loss=3.193, train_loss=3.193, cross_distance_loss=0.515, distance_loss=0.227, coord_loss=2.206, RMSD=2.206, prmsd_loss=2.457, ups=0.5, bsz=8, num_updates=19750, lr=1.04094e-05, gnorm=11.642, clip=100, loss_scale=4, train_wall=100.18, gb_free=32.8, wall=262942
2026-07-01 18:14:48 | INFO | train_inner | epoch 007:   2220 / 2931 loss=3.311, train_loss=3.311, cross_distance_loss=0.528, distance_loss=0.255, coord_loss=2.286, RMSD=2.286, prmsd_loss=2.421, ups=0.52, bsz=8, num_updates=19800, lr=1.0355e-05, gnorm=15.871, clip=100, loss_scale=4, train_wall=96.75, gb_free=33.6, wall=263039
2026-07-01 18:16:24 | INFO | train_inner | epoch 007:   2270 / 2931 loss=3.291, train_loss=3.291, cross_distance_loss=0.528, distance_loss=0.264, coord_loss=2.253, RMSD=2.252, prmsd_loss=2.467, ups=0.52, bsz=8, num_updates=19850, lr=1.03005e-05, gnorm=14.501, clip=100, loss_scale=4, train_wall=96.08, gb_free=32.1, wall=263135
2026-07-01 18:18:00 | INFO | train_inner | epoch 007:   2320 / 2931 loss=3.278, train_loss=3.278, cross_distance_loss=0.519, distance_loss=0.227, coord_loss=2.286, RMSD=2.286, prmsd_loss=2.455, ups=0.52, bsz=8, num_updates=19900, lr=1.02461e-05, gnorm=11.092, clip=100, loss_scale=4, train_wall=95.65, gb_free=33.6, wall=263231
2026-07-01 18:19:45 | INFO | train_inner | epoch 007:   2370 / 2931 loss=3.166, train_loss=3.166, cross_distance_loss=0.518, distance_loss=0.222, coord_loss=2.183, RMSD=2.183, prmsd_loss=2.428, ups=0.47, bsz=8, num_updates=19950, lr=1.01916e-05, gnorm=12.33, clip=100, loss_scale=4, train_wall=105.28, gb_free=31.8, wall=263336
2026-07-01 18:21:27 | INFO | train_inner | epoch 007:   2420 / 2931 loss=3.165, train_loss=3.165, cross_distance_loss=0.516, distance_loss=0.252, coord_loss=2.155, RMSD=2.155, prmsd_loss=2.411, ups=0.49, bsz=8, num_updates=20000, lr=1.01372e-05, gnorm=11.01, clip=100, loss_scale=4, train_wall=101.59, gb_free=33.4, wall=263438
2026-07-01 18:21:27 | INFO | unicore_cli.train | begin validation on "valid" subset
2026-07-01 18:21:27 | INFO | unicore.tasks.unicore_task | get EpochBatchIterator for epoch 1
2026-07-01 19:37:37 | INFO | valid | epoch 007 | valid on 'valid' subset | loss 3.219 | valid_loss 3.219 | cross_distance_loss 0.528 | distance_loss 0.184 | coord_loss 2.266 | RMSD 2.265 | prmsd_loss 2.409 | bsz 26010 | num_updates 20000 | best_loss 3.219
2026-07-01 19:37:37 | INFO | unicore.checkpoint_utils | Preparing to save checkpoint for epoch 7 @ 20000 updates
2026-07-01 19:37:37 | INFO | unicore.trainer | Saving checkpoint to ./checkpoint_7_20000.pt
2026-07-01 19:37:42 | INFO | unicore.trainer | Finished saving checkpoint to ./checkpoint_7_20000.pt
2026-07-01 19:37:42 | INFO | unicore.checkpoint_utils | Saved checkpoint ./checkpoint_7_20000.pt (epoch 7 @ 20000 updates, score 3.219) (writing took 4.750953847542405 seconds)
2026-07-01 19:37:42 | INFO | unicore.checkpoint_utils | copy ./checkpoint_7_20000.pt to /home/bdldt_team007/DLDockingBenchSeminar/run3/checkpoints/checkpoint_7_20000.pt
2026-07-01 19:37:47 | INFO | unicore.checkpoint_utils | copy ./checkpoint_7_20000.pt to /home/bdldt_team007/DLDockingBenchSeminar/run3/checkpoints/checkpoint_best.pt
2026-07-01 19:37:49 | INFO | unicore.checkpoint_utils | copy ./checkpoint_7_20000.pt to /home/bdldt_team007/DLDockingBenchSeminar/run3/checkpoints/checkpoint_last.pt
2026-07-01 19:37:52 | INFO | unicore.checkpoint_utils | removing temp file ./checkpoint_7_20000.pt ...
2026-07-01 19:37:52 | INFO | unicore.checkpoint_utils | finished async ckp saving.
2026-07-01 19:39:10 | INFO | train_inner | epoch 007:   2470 / 2931 loss=3.241, train_loss=3.241, cross_distance_loss=0.516, distance_loss=0.233, coord_loss=2.247, RMSD=2.247, prmsd_loss=2.453, ups=0.01, bsz=8, num_updates=20050, lr=1.00828e-05, gnorm=9.38, clip=100, loss_scale=4, train_wall=87.91, gb_free=33.4, wall=268101
2026-07-01 19:40:46 | INFO | train_inner | epoch 007:   2520 / 2931 loss=3.369, train_loss=3.369, cross_distance_loss=0.523, distance_loss=0.265, coord_loss=2.339, RMSD=2.338, prmsd_loss=2.432, ups=0.52, bsz=8, num_updates=20100, lr=1.00283e-05, gnorm=14.618, clip=100, loss_scale=4, train_wall=95.66, gb_free=31.1, wall=268197
2026-07-01 19:42:16 | INFO | train_inner | epoch 007:   2570 / 2931 loss=3.161, train_loss=3.161, cross_distance_loss=0.516, distance_loss=0.23, coord_loss=2.172, RMSD=2.171, prmsd_loss=2.438, ups=0.55, bsz=8, num_updates=20150, lr=9.97387e-06, gnorm=9.923, clip=100, loss_scale=4, train_wall=90.49, gb_free=32.5, wall=268288
2026-07-01 19:43:47 | INFO | train_inner | epoch 007:   2620 / 2931 loss=3.297, train_loss=3.297, cross_distance_loss=0.524, distance_loss=0.26, coord_loss=2.273, RMSD=2.272, prmsd_loss=2.403, ups=0.55, bsz=8, num_updates=20200, lr=9.91943e-06, gnorm=18.556, clip=100, loss_scale=4, train_wall=90.58, gb_free=32.1, wall=268378
2026-07-01 19:45:28 | INFO | train_inner | epoch 007:   2670 / 2931 loss=3.468, train_loss=3.468, cross_distance_loss=0.535, distance_loss=0.275, coord_loss=2.413, RMSD=2.412, prmsd_loss=2.462, ups=0.49, bsz=8, num_updates=20250, lr=9.86498e-06, gnorm=15.937, clip=100, loss_scale=4, train_wall=101.18, gb_free=34, wall=268479
2026-07-01 19:47:22 | INFO | train_inner | epoch 007:   2720 / 2931 loss=3.586, train_loss=3.586, cross_distance_loss=0.548, distance_loss=0.261, coord_loss=2.523, RMSD=2.523, prmsd_loss=2.536, ups=0.44, bsz=8, num_updates=20300, lr=9.81054e-06, gnorm=14.362, clip=100, loss_scale=4, train_wall=113.09, gb_free=32.7, wall=268593
2026-07-01 19:48:54 | INFO | train_inner | epoch 007:   2770 / 2931 loss=3.187, train_loss=3.187, cross_distance_loss=0.506, distance_loss=0.229, coord_loss=2.207, RMSD=2.206, prmsd_loss=2.444, ups=0.54, bsz=8, num_updates=20350, lr=9.7561e-06, gnorm=14.353, clip=100, loss_scale=4, train_wall=92.15, gb_free=31.4, wall=268685
2026-07-01 19:50:30 | INFO | train_inner | epoch 007:   2820 / 2931 loss=3.283, train_loss=3.283, cross_distance_loss=0.523, distance_loss=0.244, coord_loss=2.271, RMSD=2.271, prmsd_loss=2.454, ups=0.52, bsz=8, num_updates=20400, lr=9.70166e-06, gnorm=28.521, clip=100, loss_scale=4, train_wall=95.6, gb_free=32.7, wall=268781
2026-07-01 19:52:03 | INFO | train_inner | epoch 007:   2870 / 2931 loss=3.145, train_loss=3.145, cross_distance_loss=0.507, distance_loss=0.231, coord_loss=2.164, RMSD=2.162, prmsd_loss=2.439, ups=0.53, bsz=8, num_updates=20450, lr=9.64721e-06, gnorm=16.83, clip=100, loss_scale=4, train_wall=93.49, gb_free=32.8, wall=268874
2026-07-01 19:53:47 | INFO | train_inner | epoch 007:   2920 / 2931 loss=3.31, train_loss=3.31, cross_distance_loss=0.526, distance_loss=0.264, coord_loss=2.275, RMSD=2.275, prmsd_loss=2.451, ups=0.48, bsz=8, num_updates=20500, lr=9.59277e-06, gnorm=17.755, clip=100, loss_scale=4, train_wall=103.88, gb_free=31.4, wall=268978
2026-07-01 19:53:47 | INFO | unicore_cli.train | begin validation on "valid" subset
2026-07-01 19:53:47 | INFO | unicore.tasks.unicore_task | get EpochBatchIterator for epoch 1
